{
  "browser-setup": 4.050688,
  "browser-tear_down": 0.294141,
  "probes-creation": 0.000128,
  "probes-setup": 0.000105,
  "probes-start": 7e-05,
  "run": 132.372471,
  "runner-cooldown": 2.002052
}