{
  "Angular2-TypeScript-TodoMVC/Adding100Items/Async": 37.962777169689154,
  "Angular2-TypeScript-TodoMVC/Adding100Items/Sync": 59.969217970755956,
  "Angular2-TypeScript-TodoMVC/Adding100Items/total": 97.96221210833427,
  "Angular2-TypeScript-TodoMVC/CompletingAllItems/Async": 18.785645029321483,
  "Angular2-TypeScript-TodoMVC/CompletingAllItems/Sync": 10.237226446494077,
  "Angular2-TypeScript-TodoMVC/CompletingAllItems/total": 29.115276599836463,
  "Angular2-TypeScript-TodoMVC/DeletingItems/Async": 3.7232230236048447,
  "Angular2-TypeScript-TodoMVC/DeletingItems/Sync": 18.398471429829375,
  "Angular2-TypeScript-TodoMVC/DeletingItems/total": 22.126737841146802,
  "Angular2-TypeScript-TodoMVC/total": 149.39251898445525,
  "AngularJS-TodoMVC/Adding100Items/Async": 51.16914783295478,
  "AngularJS-TodoMVC/Adding100Items/Sync": 272.05037130189027,
  "AngularJS-TodoMVC/Adding100Items/total": 323.3689285573548,
  "AngularJS-TodoMVC/CompletingAllItems/Async": 36.16495751689774,
  "AngularJS-TodoMVC/CompletingAllItems/Sync": 85.09924781418172,
  "AngularJS-TodoMVC/CompletingAllItems/total": 121.83596803996889,
  "AngularJS-TodoMVC/DeletingAllItems/Async": 18.137802296697675,
  "AngularJS-TodoMVC/DeletingAllItems/Sync": 244.48184292451586,
  "AngularJS-TodoMVC/DeletingAllItems/total": 263.1150712281,
  "AngularJS-TodoMVC/total": 709.2993837456927,
  "BackboneJS-TodoMVC/Adding100Items/Async": 45.52824511370635,
  "BackboneJS-TodoMVC/Adding100Items/Sync": 99.35939539148609,
  "BackboneJS-TodoMVC/Adding100Items/total": 145.21394646781357,
  "BackboneJS-TodoMVC/CompletingAllItems/Async": 34.184290137671546,
  "BackboneJS-TodoMVC/CompletingAllItems/Sync": 56.492795710075285,
  "BackboneJS-TodoMVC/CompletingAllItems/total": 90.77201796597396,
  "BackboneJS-TodoMVC/DeletingAllItems/Async": 5.169580067578328,
  "BackboneJS-TodoMVC/DeletingAllItems/Sync": 30.911204305691452,
  "BackboneJS-TodoMVC/DeletingAllItems/total": 36.12871168716289,
  "BackboneJS-TodoMVC/total": 272.2571840561107,
  "Elm-TodoMVC/Adding100Items/Async": 54.40539826006082,
  "Elm-TodoMVC/Adding100Items/Sync": 197.83157598163763,
  "Elm-TodoMVC/Adding100Items/total": 260.62510517001647,
  "Elm-TodoMVC/CompletingAllItems/Async": 40.50874135386446,
  "Elm-TodoMVC/CompletingAllItems/Sync": 134.1926241362159,
  "Elm-TodoMVC/CompletingAllItems/total": 174.77802892869482,
  "Elm-TodoMVC/DeletingItems/Async": 10.876944102609807,
  "Elm-TodoMVC/DeletingItems/Sync": 257.13277611645947,
  "Elm-TodoMVC/DeletingItems/total": 269.0273217211366,
  "Elm-TodoMVC/total": 776.2026318817835,
  "EmberJS-Debug-TodoMVC/Adding100Items/Async": 44.84206993674258,
  "EmberJS-Debug-TodoMVC/Adding100Items/Sync": 588.181146945526,
  "EmberJS-Debug-TodoMVC/Adding100Items/total": 633.0900239584568,
  "EmberJS-Debug-TodoMVC/CompletingAllItems/Async": 32.38409712752169,
  "EmberJS-Debug-TodoMVC/CompletingAllItems/Sync": 358.65453763499454,
  "EmberJS-Debug-TodoMVC/CompletingAllItems/total": 391.04643799925145,
  "EmberJS-Debug-TodoMVC/DeletingItems/Async": 4.977005627410841,
  "EmberJS-Debug-TodoMVC/DeletingItems/Sync": 381.310146757983,
  "EmberJS-Debug-TodoMVC/DeletingItems/total": 386.34368535119563,
  "EmberJS-Debug-TodoMVC/total": 1410.8024464020966,
  "EmberJS-TodoMVC/Adding100Items/Async": 42.60894497379345,
  "EmberJS-TodoMVC/Adding100Items/Sync": 225.8945006580221,
  "EmberJS-TodoMVC/Adding100Items/total": 268.5678709419839,
  "EmberJS-TodoMVC/CompletingAllItems/Async": 36.90003384236775,
  "EmberJS-TodoMVC/CompletingAllItems/Sync": 124.93733404593996,
  "EmberJS-TodoMVC/CompletingAllItems/total": 162.06040302007636,
  "EmberJS-TodoMVC/DeletingItems/Async": 5.089507065602705,
  "EmberJS-TodoMVC/DeletingItems/Sync": 86.72090580487951,
  "EmberJS-TodoMVC/DeletingItems/total": 92.22097665816149,
  "EmberJS-TodoMVC/total": 523.6290063449485,
  "Flight-TodoMVC/Adding100Items/Async": 40.90105837423596,
  "Flight-TodoMVC/Adding100Items/Sync": 113.99956748090655,
  "Flight-TodoMVC/Adding100Items/total": 155.04914144744782,
  "Flight-TodoMVC/CompletingAllItems/Async": 32.90869079573821,
  "Flight-TodoMVC/CompletingAllItems/Sync": 122.08577820605004,
  "Flight-TodoMVC/CompletingAllItems/total": 155.0716206894303,
  "Flight-TodoMVC/DeletingItems/Async": 4.879055423148406,
  "Flight-TodoMVC/DeletingItems/Sync": 105.77000377487666,
  "Flight-TodoMVC/DeletingItems/total": 110.95017002459448,
  "Flight-TodoMVC/total": 421.14234311744013,
  "Inferno-TodoMVC/Adding100Items/Async": 44.79512176030418,
  "Inferno-TodoMVC/Adding100Items/Sync": 55.28482654114132,
  "Inferno-TodoMVC/Adding100Items/total": 100.25562242812629,
  "Inferno-TodoMVC/CompletingAllItems/Async": 9.675192914352232,
  "Inferno-TodoMVC/CompletingAllItems/Sync": 118.78745660186208,
  "Inferno-TodoMVC/CompletingAllItems/total": 128.72627837157657,
  "Inferno-TodoMVC/DeletingItems/Async": 4.285069914413772,
  "Inferno-TodoMVC/DeletingItems/Sync": 242.6032850008444,
  "Inferno-TodoMVC/DeletingItems/total": 246.98543737328245,
  "Inferno-TodoMVC/total": 476.21051626173573,
  "Preact-TodoMVC/Adding100Items/Async": 56.022874565617066,
  "Preact-TodoMVC/Adding100Items/Sync": 9.111579386838367,
  "Preact-TodoMVC/Adding100Items/total": 65.18116797002334,
  "Preact-TodoMVC/CompletingAllItems/Async": 31.73676941623722,
  "Preact-TodoMVC/CompletingAllItems/Sync": 3.8797293559565427,
  "Preact-TodoMVC/CompletingAllItems/total": 35.67681037637443,
  "Preact-TodoMVC/DeletingItems/Async": 7.518374927348101,
  "Preact-TodoMVC/DeletingItems/Sync": 2.183731484559952,
  "Preact-TodoMVC/DeletingItems/total": 9.717348048252337,
  "Preact-TodoMVC/total": 111.34352633083948,
  "React-Redux-TodoMVC/Adding100Items/Async": 42.72428160097796,
  "React-Redux-TodoMVC/Adding100Items/Sync": 197.0751915044415,
  "React-Redux-TodoMVC/Adding100Items/total": 239.92233550366805,
  "React-Redux-TodoMVC/CompletingAllItems/Async": 32.395166223327415,
  "React-Redux-TodoMVC/CompletingAllItems/Sync": 175.5106898332364,
  "React-Redux-TodoMVC/CompletingAllItems/total": 207.99974532741723,
  "React-Redux-TodoMVC/DeletingItems/Async": 4.330025497060991,
  "React-Redux-TodoMVC/DeletingItems/Sync": 115.1746888800984,
  "React-Redux-TodoMVC/DeletingItems/total": 119.56786882764234,
  "React-Redux-TodoMVC/total": 567.6979552805386,
  "React-TodoMVC/Adding100Items/Async": 44.91650168313051,
  "React-TodoMVC/Adding100Items/Sync": 144.3901464173461,
  "React-TodoMVC/Adding100Items/total": 189.42803921908305,
  "React-TodoMVC/CompletingAllItems/Async": 33.429154534289005,
  "React-TodoMVC/CompletingAllItems/Sync": 86.00623152970793,
  "React-TodoMVC/CompletingAllItems/total": 119.52078191847214,
  "React-TodoMVC/DeletingAllItems/Async": 4.3556594915419975,
  "React-TodoMVC/DeletingAllItems/Sync": 56.307815952714556,
  "React-TodoMVC/DeletingAllItems/total": 60.754153769556815,
  "React-TodoMVC/total": 369.79823328057154,
  "Vanilla-ES2015-Babel-Webpack-TodoMVC/Adding100Items/Async": 40.53894268135348,
  "Vanilla-ES2015-Babel-Webpack-TodoMVC/Adding100Items/Sync": 338.4894628568802,
  "Vanilla-ES2015-Babel-Webpack-TodoMVC/Adding100Items/total": 379.10946935528995,
  "Vanilla-ES2015-Babel-Webpack-TodoMVC/CompletingAllItems/Async": 32.14690659177761,
  "Vanilla-ES2015-Babel-Webpack-TodoMVC/CompletingAllItems/Sync": 79.68422220164983,
  "Vanilla-ES2015-Babel-Webpack-TodoMVC/CompletingAllItems/total": 111.92835669124727,
  "Vanilla-ES2015-Babel-Webpack-TodoMVC/DeletingItems/Async": 4.2480132456009985,
  "Vanilla-ES2015-Babel-Webpack-TodoMVC/DeletingItems/Sync": 52.09597941807559,
  "Vanilla-ES2015-Babel-Webpack-TodoMVC/DeletingItems/total": 56.35294964282553,
  "Vanilla-ES2015-Babel-Webpack-TodoMVC/total": 547.5261350845996,
  "Vanilla-ES2015-TodoMVC/Adding100Items/Async": 38.39256907280725,
  "Vanilla-ES2015-TodoMVC/Adding100Items/Sync": 347.74980597347746,
  "Vanilla-ES2015-TodoMVC/Adding100Items/total": 386.16626912421464,
  "Vanilla-ES2015-TodoMVC/CompletingAllItems/Async": 32.014778588059805,