{
  "browser-setup": 3.871449,
  "browser-tear_down": 0.27877,
  "probes-creation": 0.000122,
  "probes-setup": 0.0001,
  "probes-start": 5.6e-05,
  "run": 131.195111,
  "runner-cooldown": 2.00205
}