{
  "Angular2-TypeScript-TodoMVC/Adding100Items/Async": 36.99743298676878,
  "Angular2-TypeScript-TodoMVC/Adding100Items/Sync": 54.11526390523208,
  "Angular2-TypeScript-TodoMVC/Adding100Items/total": 91.15544111591822,
  "Angular2-TypeScript-TodoMVC/CompletingAllItems/Async": 14.19682845999304,
  "Angular2-TypeScript-TodoMVC/CompletingAllItems/Sync": 9.893513774381747,
  "Angular2-TypeScript-TodoMVC/CompletingAllItems/total": 24.091617783912017,
  "Angular2-TypeScript-TodoMVC/DeletingItems/Async": 3.8683732794480714,
  "Angular2-TypeScript-TodoMVC/DeletingItems/Sync": 18.401614623667193,
  "Angular2-TypeScript-TodoMVC/DeletingItems/total": 22.373688349062217,
  "Angular2-TypeScript-TodoMVC/total": 137.73206173653068,
  "AngularJS-TodoMVC/Adding100Items/Async": 52.56908016074334,
  "AngularJS-TodoMVC/Adding100Items/Sync": 258.768648170964,
  "AngularJS-TodoMVC/Adding100Items/total": 313.08480269082276,
  "AngularJS-TodoMVC/CompletingAllItems/Async": 31.17954346923817,
  "AngularJS-TodoMVC/CompletingAllItems/Sync": 68.21213109191935,
  "AngularJS-TodoMVC/CompletingAllItems/total": 99.430582549972,
  "AngularJS-TodoMVC/DeletingAllItems/Async": 16.1070551113307,
  "AngularJS-TodoMVC/DeletingAllItems/Sync": 250.34219878687978,
  "AngularJS-TodoMVC/DeletingAllItems/total": 266.65778201616996,
  "AngularJS-TodoMVC/total": 682.8988403636176,
  "BackboneJS-TodoMVC/Adding100Items/Async": 43.43860397629882,
  "BackboneJS-TodoMVC/Adding100Items/Sync": 72.9064391556965,
  "BackboneJS-TodoMVC/Adding100Items/total": 116.47419133147476,
  "BackboneJS-TodoMVC/CompletingAllItems/Async": 32.868432207751326,
  "BackboneJS-TodoMVC/CompletingAllItems/Sync": 47.10800142034735,
  "BackboneJS-TodoMVC/CompletingAllItems/total": 80.03631025504578,
  "BackboneJS-TodoMVC/DeletingAllItems/Async": 4.587374887449394,
  "BackboneJS-TodoMVC/DeletingAllItems/Sync": 30.278398331700142,
  "BackboneJS-TodoMVC/DeletingAllItems/total": 34.91075678215437,
  "BackboneJS-TodoMVC/total": 231.47165065610267,
  "Elm-TodoMVC/Adding100Items/Async": 52.993472105117455,
  "Elm-TodoMVC/Adding100Items/Sync": 130.8233145070853,
  "Elm-TodoMVC/Adding100Items/total": 184.46673365141376,
  "Elm-TodoMVC/CompletingAllItems/Async": 34.986058381614946,
  "Elm-TodoMVC/CompletingAllItems/Sync": 145.53178447678107,
  "Elm-TodoMVC/CompletingAllItems/total": 182.67958456576937,
  "Elm-TodoMVC/DeletingItems/Async": 11.152070153985617,
  "Elm-TodoMVC/DeletingItems/Sync": 158.76282129713385,
  "Elm-TodoMVC/DeletingItems/total": 170.7563314996572,
  "Elm-TodoMVC/total": 561.1366900710801,
  "EmberJS-Debug-TodoMVC/Adding100Items/Async": 47.310847727304605,
  "EmberJS-Debug-TodoMVC/Adding100Items/Sync": 594.8329836027414,
  "EmberJS-Debug-TodoMVC/Adding100Items/total": 642.2869693705717,
  "EmberJS-Debug-TodoMVC/CompletingAllItems/Async": 30.8711240540317,
  "EmberJS-Debug-TodoMVC/CompletingAllItems/Sync": 356.7483843846751,
  "EmberJS-Debug-TodoMVC/CompletingAllItems/total": 387.655645865493,
  "EmberJS-Debug-TodoMVC/DeletingItems/Async": 8.319290225825236,
  "EmberJS-Debug-TodoMVC/DeletingItems/Sync": 402.0482163465835,
  "EmberJS-Debug-TodoMVC/DeletingItems/total": 412.1117515481599,
  "EmberJS-Debug-TodoMVC/total": 1449.9797310716665,
  "EmberJS-TodoMVC/Adding100Items/Async": 42.89302489155245,
  "EmberJS-TodoMVC/Adding100Items/Sync": 203.24753140423536,
  "EmberJS-TodoMVC/Adding100Items/total": 246.5178576622936,
  "EmberJS-TodoMVC/CompletingAllItems/Async": 34.64170292369969,
  "EmberJS-TodoMVC/CompletingAllItems/Sync": 118.2233472881656,
  "EmberJS-TodoMVC/CompletingAllItems/total": 153.5538694101547,
  "EmberJS-TodoMVC/DeletingItems/Async": 4.278430865362025,
  "EmberJS-TodoMVC/DeletingItems/Sync": 79.0634825844971,
  "EmberJS-TodoMVC/DeletingItems/total": 83.4901336951071,
  "EmberJS-TodoMVC/total": 484.25349010414044,
  "Flight-TodoMVC/Adding100Items/Async": 38.85613715481342,
  "Flight-TodoMVC/Adding100Items/Sync": 98.32737562832038,
  "Flight-TodoMVC/Adding100Items/total": 137.19648756820794,
  "Flight-TodoMVC/CompletingAllItems/Async": 28.57650182810737,
  "Flight-TodoMVC/CompletingAllItems/Sync": 108.01301878130491,
  "Flight-TodoMVC/CompletingAllItems/total": 136.6267063411102,
  "Flight-TodoMVC/DeletingItems/Async": 3.872289967461518,
  "Flight-TodoMVC/DeletingItems/Sync": 89.97954892131439,
  "Flight-TodoMVC/DeletingItems/total": 93.88221977151431,
  "Flight-TodoMVC/total": 367.77513736634245,
  "Inferno-TodoMVC/Adding100Items/Async": 44.655593633983834,
  "Inferno-TodoMVC/Adding100Items/Sync": 47.916441674822764,
  "Inferno-TodoMVC/Adding100Items/total": 92.6895536603691,
  "Inferno-TodoMVC/CompletingAllItems/Async": 8.424540327706335,
  "Inferno-TodoMVC/CompletingAllItems/Sync": 106.89135875236562,
  "Inferno-TodoMVC/CompletingAllItems/total": 115.64064667816525,
  "Inferno-TodoMVC/DeletingItems/Async": 3.5116340307963174,
  "Inferno-TodoMVC/DeletingItems/Sync": 239.99136322659285,
  "Inferno-TodoMVC/DeletingItems/total": 243.51270893210574,
  "Inferno-TodoMVC/total": 452.1505329043757,
  "Preact-TodoMVC/Adding100Items/Async": 43.6084350078569,
  "Preact-TodoMVC/Adding100Items/Sync": 6.125166888307983,
  "Preact-TodoMVC/Adding100Items/total": 49.74124067511859,
  "Preact-TodoMVC/CompletingAllItems/Async": 29.268163839947896,
  "Preact-TodoMVC/CompletingAllItems/Sync": 3.8250675690157143,
  "Preact-TodoMVC/CompletingAllItems/total": 33.16127731005907,
  "Preact-TodoMVC/DeletingItems/Async": 7.5776550309469455,
  "Preact-TodoMVC/DeletingItems/Sync": 2.0160652457462476,
  "Preact-TodoMVC/DeletingItems/total": 9.602657402561947,
  "Preact-TodoMVC/total": 92.91891454373493,
  "React-Redux-TodoMVC/Adding100Items/Async": 43.60870121117316,
  "React-Redux-TodoMVC/Adding100Items/Sync": 183.64972861481687,
  "React-Redux-TodoMVC/Adding100Items/total": 227.5374246992678,
  "React-Redux-TodoMVC/CompletingAllItems/Async": 30.340611205275632,
  "React-Redux-TodoMVC/CompletingAllItems/Sync": 184.10579191691028,
  "React-Redux-TodoMVC/CompletingAllItems/total": 214.72016385571004,
  "React-Redux-TodoMVC/DeletingItems/Async": 5.984359225031427,
  "React-Redux-TodoMVC/DeletingItems/Sync": 135.47508868722605,
  "React-Redux-TodoMVC/DeletingItems/total": 141.9192768450853,
  "React-Redux-TodoMVC/total": 593.1235519212871,
  "React-TodoMVC/Adding100Items/Async": 43.281550542005974,
  "React-TodoMVC/Adding100Items/Sync": 138.03563479108186,
  "React-TodoMVC/Adding100Items/total": 181.43180599543348,
  "React-TodoMVC/CompletingAllItems/Async": 30.374406265688926,
  "React-TodoMVC/CompletingAllItems/Sync": 92.81120419955852,
  "React-TodoMVC/CompletingAllItems/total": 123.8131807735703,
  "React-TodoMVC/DeletingAllItems/Async": 5.802971796897699,
  "React-TodoMVC/DeletingAllItems/Sync": 62.239098431874034,
  "React-TodoMVC/DeletingAllItems/total": 69.15443836155275,
  "React-TodoMVC/total": 381.8744025080194,
  "Vanilla-ES2015-Babel-Webpack-TodoMVC/Adding100Items/Async": 37.56220791912551,
  "Vanilla-ES2015-Babel-Webpack-TodoMVC/Adding100Items/Sync": 334.9789377082604,
  "Vanilla-ES2015-Babel-Webpack-TodoMVC/Adding100Items/total": 372.6023420302603,
  "Vanilla-ES2015-Babel-Webpack-TodoMVC/CompletingAllItems/Async": 28.4174398910017,
  "Vanilla-ES2015-Babel-Webpack-TodoMVC/CompletingAllItems/Sync": 72.01296733026581,
  "Vanilla-ES2015-Babel-Webpack-TodoMVC/CompletingAllItems/total": 100.4381788921848,
  "Vanilla-ES2015-Babel-Webpack-TodoMVC/DeletingItems/Async": 4.53644792577904,
  "Vanilla-ES2015-Babel-Webpack-TodoMVC/DeletingItems/Sync": 51.99284551673163,
  "Vanilla-ES2015-Babel-Webpack-TodoMVC/DeletingItems/total": 56.693589295833725,
  "Vanilla-ES2015-Babel-Webpack-TodoMVC/total": 534.7244507702995,
  "Vanilla-ES2015-TodoMVC/Adding100Items/Async": 36.058995540433145,
  "Vanilla-ES2015-TodoMVC/Adding100Items/Sync": 335.25825730153576,
  "Vanilla-ES2015-TodoMVC/Adding100Items/total": 371.3180438936259,
  "Vanilla-ES2015-TodoMVC/CompletingAllItems/Async": 29.554745853075573,