{
  "browser-setup": 3.308613,
  "browser-tear_down": 0.261225,
  "probes-creation": 0.000199,
  "probes-setup": 0.000167,
  "probes-start": 8.1e-05,
  "run": 108.767969,
  "runner-cooldown": 2.002073
}