{
  "Angular2-TypeScript-TodoMVC/Adding100Items/Async": 30.757519052994756,
  "Angular2-TypeScript-TodoMVC/Adding100Items/Sync": 42.442789791258306,
  "Angular2-TypeScript-TodoMVC/Adding100Items/total": 73.24290743518887,
  "Angular2-TypeScript-TodoMVC/CompletingAllItems/Async": 12.90660143661371,
  "Angular2-TypeScript-TodoMVC/CompletingAllItems/Sync": 8.435485050921006,
  "Angular2-TypeScript-TodoMVC/CompletingAllItems/total": 21.343331876094464,
  "Angular2-TypeScript-TodoMVC/DeletingItems/Async": 2.6531376731245415,
  "Angular2-TypeScript-TodoMVC/DeletingItems/Sync": 16.198107258212048,
  "Angular2-TypeScript-TodoMVC/DeletingItems/total": 18.857503607752236,
  "Angular2-TypeScript-TodoMVC/total": 113.45719591572238,
  "AngularJS-TodoMVC/Adding100Items/Async": 41.053805082558824,
  "AngularJS-TodoMVC/Adding100Items/Sync": 159.87663720663082,
  "AngularJS-TodoMVC/Adding100Items/total": 201.03291375937184,
  "AngularJS-TodoMVC/CompletingAllItems/Async": 23.820681672107,
  "AngularJS-TodoMVC/CompletingAllItems/Sync": 53.52321580967605,
  "AngularJS-TodoMVC/CompletingAllItems/total": 77.44379288134643,
  "AngularJS-TodoMVC/DeletingAllItems/Async": 14.395140261747754,
  "AngularJS-TodoMVC/DeletingAllItems/Sync": 174.6261421038165,
  "AngularJS-TodoMVC/DeletingAllItems/total": 189.08500366374284,
  "AngularJS-TodoMVC/total": 469.64055179696413,
  "BackboneJS-TodoMVC/Adding100Items/Async": 36.64624691742482,
  "BackboneJS-TodoMVC/Adding100Items/Sync": 56.169172268949566,
  "BackboneJS-TodoMVC/Adding100Items/total": 92.8332824061362,
  "BackboneJS-TodoMVC/CompletingAllItems/Async": 27.57873185479059,
  "BackboneJS-TodoMVC/CompletingAllItems/Sync": 37.746418745277516,
  "BackboneJS-TodoMVC/CompletingAllItems/total": 65.32751352824043,
  "BackboneJS-TodoMVC/DeletingAllItems/Async": 3.446144143207636,
  "BackboneJS-TodoMVC/DeletingAllItems/Sync": 25.721253608461414,
  "BackboneJS-TodoMVC/DeletingAllItems/total": 29.193904658315564,
  "BackboneJS-TodoMVC/total": 187.38085002372785,
  "Elm-TodoMVC/Adding100Items/Async": 46.96950229965403,
  "Elm-TodoMVC/Adding100Items/Sync": 110.96405557931345,
  "Elm-TodoMVC/Adding100Items/total": 159.4538349221626,
  "Elm-TodoMVC/CompletingAllItems/Async": 31.74748269081843,
  "Elm-TodoMVC/CompletingAllItems/Sync": 97.92968705296549,
  "Elm-TodoMVC/CompletingAllItems/total": 130.5567856363692,
  "Elm-TodoMVC/DeletingItems/Async": 10.805690158375434,
  "Elm-TodoMVC/DeletingItems/Sync": 102.33705069428278,
  "Elm-TodoMVC/DeletingItems/total": 113.86387249075175,
  "Elm-TodoMVC/total": 416.3636852895889,
  "EmberJS-Debug-TodoMVC/Adding100Items/Async": 42.40060274393509,
  "EmberJS-Debug-TodoMVC/Adding100Items/Sync": 434.05914265027485,
  "EmberJS-Debug-TodoMVC/Adding100Items/total": 476.50933830174006,
  "EmberJS-Debug-TodoMVC/CompletingAllItems/Async": 26.31908626129875,
  "EmberJS-Debug-TodoMVC/CompletingAllItems/Sync": 288.580146101494,
  "EmberJS-Debug-TodoMVC/CompletingAllItems/total": 314.9540299742285,
  "EmberJS-Debug-TodoMVC/DeletingItems/Async": 6.525769398291888,
  "EmberJS-Debug-TodoMVC/DeletingItems/Sync": 311.99748063732096,
  "EmberJS-Debug-TodoMVC/DeletingItems/total": 319.67972438856765,
  "EmberJS-Debug-TodoMVC/total": 1115.2994397690297,
  "EmberJS-TodoMVC/Adding100Items/Async": 33.36787075952961,
  "EmberJS-TodoMVC/Adding100Items/Sync": 140.5451790887198,
  "EmberJS-TodoMVC/Adding100Items/total": 173.96668311893973,
  "EmberJS-TodoMVC/CompletingAllItems/Async": 25.603333462821954,
  "EmberJS-TodoMVC/CompletingAllItems/Sync": 93.66078712684251,
  "EmberJS-TodoMVC/CompletingAllItems/total": 119.2838798611093,
  "EmberJS-TodoMVC/DeletingItems/Async": 3.834616814261044,
  "EmberJS-TodoMVC/DeletingItems/Sync": 63.367296982891084,
  "EmberJS-TodoMVC/DeletingItems/total": 68.12385553859424,
  "EmberJS-TodoMVC/total": 361.6581007060357,
  "Flight-TodoMVC/Adding100Items/Async": 32.41813691985685,
  "Flight-TodoMVC/Adding100Items/Sync": 78.51338990057607,
  "Flight-TodoMVC/Adding100Items/total": 110.93797011844376,
  "Flight-TodoMVC/CompletingAllItems/Async": 24.973018871338038,
  "Flight-TodoMVC/CompletingAllItems/Sync": 86.54035598112998,
  "Flight-TodoMVC/CompletingAllItems/total": 111.51848335648926,
  "Flight-TodoMVC/DeletingItems/Async": 3.263847766361767,
  "Flight-TodoMVC/DeletingItems/Sync": 69.62574238409773,
  "Flight-TodoMVC/DeletingItems/total": 73.41314417380048,
  "Flight-TodoMVC/total": 295.9307618107957,
  "Inferno-TodoMVC/Adding100Items/Async": 37.42281327509978,
  "Inferno-TodoMVC/Adding100Items/Sync": 43.48103710288741,
  "Inferno-TodoMVC/Adding100Items/total": 81.02838487813621,
  "Inferno-TodoMVC/CompletingAllItems/Async": 6.79857594965995,
  "Inferno-TodoMVC/CompletingAllItems/Sync": 91.28078356187737,
  "Inferno-TodoMVC/CompletingAllItems/total": 98.11766476961655,
  "Inferno-TodoMVC/DeletingItems/Async": 3.197478061006125,
  "Inferno-TodoMVC/DeletingItems/Sync": 206.72886202114265,
  "Inferno-TodoMVC/DeletingItems/total": 210.1121046669358,
  "Inferno-TodoMVC/total": 391.42975063080695,
  "Preact-TodoMVC/Adding100Items/Async": 36.64555937032811,
  "Preact-TodoMVC/Adding100Items/Sync": 5.011943343341311,
  "Preact-TodoMVC/Adding100Items/total": 41.66428067760734,
  "Preact-TodoMVC/CompletingAllItems/Async": 17.00985096427894,
  "Preact-TodoMVC/CompletingAllItems/Sync": 2.98020440278989,
  "Preact-TodoMVC/CompletingAllItems/total": 20.03340645130731,
  "Preact-TodoMVC/DeletingItems/Async": 4.341462072557725,
  "Preact-TodoMVC/DeletingItems/Sync": 1.6641360681674604,
  "Preact-TodoMVC/DeletingItems/total": 6.022357109812361,
  "Preact-TodoMVC/total": 67.87083038885034,
  "React-Redux-TodoMVC/Adding100Items/Async": 34.30923723987927,
  "React-Redux-TodoMVC/Adding100Items/Sync": 136.33986174514803,
  "React-Redux-TodoMVC/Adding100Items/total": 170.80738726242893,
  "React-Redux-TodoMVC/CompletingAllItems/Async": 25.832969484652047,
  "React-Redux-TodoMVC/CompletingAllItems/Sync": 134.32978906255275,
  "React-Redux-TodoMVC/CompletingAllItems/total": 160.22431722985297,
  "React-Redux-TodoMVC/DeletingItems/Async": 4.6978556424993,
  "React-Redux-TodoMVC/DeletingItems/Sync": 87.31657560549958,
  "React-Redux-TodoMVC/DeletingItems/total": 93.27337020401467,
  "React-Redux-TodoMVC/total": 424.6867725740918,
  "React-TodoMVC/Adding100Items/Async": 34.1907429599262,
  "React-TodoMVC/Adding100Items/Sync": 105.27563885048018,
  "React-TodoMVC/Adding100Items/total": 139.4974294174563,
  "React-TodoMVC/CompletingAllItems/Async": 28.625606393333562,
  "React-TodoMVC/CompletingAllItems/Sync": 78.61860076814474,
  "React-TodoMVC/CompletingAllItems/total": 108.03292167856027,
  "React-TodoMVC/DeletingAllItems/Async": 3.7395182458897636,
  "React-TodoMVC/DeletingAllItems/Sync": 52.68459870609845,
  "React-TodoMVC/DeletingAllItems/total": 56.730425172311,
  "React-TodoMVC/total": 312.45409954825965,
  "Vanilla-ES2015-Babel-Webpack-TodoMVC/Adding100Items/Async": 35.659904466120736,
  "Vanilla-ES2015-Babel-Webpack-TodoMVC/Adding100Items/Sync": 307.746832186622,
  "Vanilla-ES2015-Babel-Webpack-TodoMVC/Adding100Items/total": 343.4093914242922,
  "Vanilla-ES2015-Babel-Webpack-TodoMVC/CompletingAllItems/Async": 24.861342723517907,
  "Vanilla-ES2015-Babel-Webpack-TodoMVC/CompletingAllItems/Sync": 65.22125846330307,
  "Vanilla-ES2015-Babel-Webpack-TodoMVC/CompletingAllItems/total": 90.13123151327369,
  "Vanilla-ES2015-Babel-Webpack-TodoMVC/DeletingItems/Async": 3.1788602687747787,
  "Vanilla-ES2015-Babel-Webpack-TodoMVC/DeletingItems/Sync": 40.662195998149926,
  "Vanilla-ES2015-Babel-Webpack-TodoMVC/DeletingItems/total": 44.11322227699031,
  "Vanilla-ES2015-Babel-Webpack-TodoMVC/total": 477.81597446617064,
  "Vanilla-ES2015-TodoMVC/Adding100Items/Async": 33.888824605700734,
  "Vanilla-ES2015-TodoMVC/Adding100Items/Sync": 307.2535109675611,
  "Vanilla-ES2015-TodoMVC/Adding100Items/total": 341.1616695742133,
  "Vanilla-ES2015-TodoMVC/CompletingAllItems/Async": 26.209604830642434,