{
  "browser-setup": 3.889914,
  "browser-tear_down": 0.185647,
  "probes-creation": 0.000121,
  "probes-setup": 9.8e-05,
  "probes-start": 5.2e-05,
  "run": 132.46766,
  "runner-cooldown": 2.002049
}