{
  "Angular2-TypeScript-TodoMVC/Adding100Items/Async": 38.65824568053433,
  "Angular2-TypeScript-TodoMVC/Adding100Items/Sync": 54.109480946266586,
  "Angular2-TypeScript-TodoMVC/Adding100Items/total": 92.83890309264429,
  "Angular2-TypeScript-TodoMVC/CompletingAllItems/Async": 17.888427084669672,
  "Angular2-TypeScript-TodoMVC/CompletingAllItems/Sync": 9.92082509097083,
  "Angular2-TypeScript-TodoMVC/CompletingAllItems/total": 28.14304530528761,
  "Angular2-TypeScript-TodoMVC/DeletingItems/Async": 4.586844424983529,
  "Angular2-TypeScript-TodoMVC/DeletingItems/Sync": 18.378030174597647,
  "Angular2-TypeScript-TodoMVC/DeletingItems/total": 23.422012268313175,
  "Angular2-TypeScript-TodoMVC/total": 145.05646637738178,
  "AngularJS-TodoMVC/Adding100Items/Async": 51.98121966474284,
  "AngularJS-TodoMVC/Adding100Items/Sync": 242.05345981950515,
  "AngularJS-TodoMVC/Adding100Items/total": 295.0301199929423,
  "AngularJS-TodoMVC/CompletingAllItems/Async": 35.05323745584667,
  "AngularJS-TodoMVC/CompletingAllItems/Sync": 71.99140369084463,
  "AngularJS-TodoMVC/CompletingAllItems/total": 107.99858314530745,
  "AngularJS-TodoMVC/DeletingAllItems/Async": 16.5251214009504,
  "AngularJS-TodoMVC/DeletingAllItems/Sync": 254.4437045468082,
  "AngularJS-TodoMVC/DeletingAllItems/total": 271.08135611409045,
  "AngularJS-TodoMVC/total": 680.0687789420679,
  "BackboneJS-TodoMVC/Adding100Items/Async": 43.660986583533024,
  "BackboneJS-TodoMVC/Adding100Items/Sync": 69.65967820974234,
  "BackboneJS-TodoMVC/Adding100Items/total": 113.33971340409279,
  "BackboneJS-TodoMVC/CompletingAllItems/Async": 32.84854949909732,
  "BackboneJS-TodoMVC/CompletingAllItems/Sync": 45.75288530911529,
  "BackboneJS-TodoMVC/CompletingAllItems/total": 78.60235965291608,
  "BackboneJS-TodoMVC/DeletingAllItems/Async": 4.900082000220555,
  "BackboneJS-TodoMVC/DeletingAllItems/Sync": 29.487408883983473,
  "BackboneJS-TodoMVC/DeletingAllItems/total": 34.40006404719792,
  "BackboneJS-TodoMVC/total": 226.36393630667826,
  "Elm-TodoMVC/Adding100Items/Async": 52.669129024833516,
  "Elm-TodoMVC/Adding100Items/Sync": 124.56838217446004,
  "Elm-TodoMVC/Adding100Items/total": 178.36658884732265,
  "Elm-TodoMVC/CompletingAllItems/Async": 37.16292939369892,
  "Elm-TodoMVC/CompletingAllItems/Sync": 141.06813552307486,
  "Elm-TodoMVC/CompletingAllItems/total": 179.85067686025818,
  "Elm-TodoMVC/DeletingItems/Async": 11.65241416267485,
  "Elm-TodoMVC/DeletingItems/Sync": 140.18832525520418,
  "Elm-TodoMVC/DeletingItems/total": 152.20056490686272,
  "Elm-TodoMVC/total": 518.3107645897257,
  "EmberJS-Debug-TodoMVC/Adding100Items/Async": 48.446960450045204,
  "EmberJS-Debug-TodoMVC/Adding100Items/Sync": 635.9485902361947,
  "EmberJS-Debug-TodoMVC/Adding100Items/total": 685.038436250506,
  "EmberJS-Debug-TodoMVC/CompletingAllItems/Async": 32.11694407346803,
  "EmberJS-Debug-TodoMVC/CompletingAllItems/Sync": 355.01988177890917,
  "EmberJS-Debug-TodoMVC/CompletingAllItems/total": 387.35458633433694,
  "EmberJS-Debug-TodoMVC/DeletingItems/Async": 8.153870246874945,
  "EmberJS-Debug-TodoMVC/DeletingItems/Sync": 368.48014988837656,
  "EmberJS-Debug-TodoMVC/DeletingItems/total": 380.48544042692134,
  "EmberJS-Debug-TodoMVC/total": 1463.6248447365635,
  "EmberJS-TodoMVC/Adding100Items/Async": 44.80620401873516,
  "EmberJS-TodoMVC/Adding100Items/Sync": 226.24853668477905,
  "EmberJS-TodoMVC/Adding100Items/total": 271.34060589989025,
  "EmberJS-TodoMVC/CompletingAllItems/Async": 33.90726712850674,
  "EmberJS-TodoMVC/CompletingAllItems/Sync": 119.36647549945518,
  "EmberJS-TodoMVC/CompletingAllItems/total": 153.60093977230642,
  "EmberJS-TodoMVC/DeletingItems/Async": 6.723835285913072,
  "EmberJS-TodoMVC/DeletingItems/Sync": 80.12883861321438,
  "EmberJS-TodoMVC/DeletingItems/total": 88.89015954838673,
  "EmberJS-TodoMVC/total": 516.3114968413028,
  "Flight-TodoMVC/Adding100Items/Async": 38.95747696337289,
  "Flight-TodoMVC/Adding100Items/Sync": 96.5698114185726,
  "Flight-TodoMVC/Adding100Items/total": 135.5402646464191,
  "Flight-TodoMVC/CompletingAllItems/Async": 28.757638035178154,
  "Flight-TodoMVC/CompletingAllItems/Sync": 104.52990725187742,
  "Flight-TodoMVC/CompletingAllItems/total": 133.29194716884646,
  "Flight-TodoMVC/DeletingItems/Async": 3.7570552029420443,
  "Flight-TodoMVC/DeletingItems/Sync": 87.66145277842237,
  "Flight-TodoMVC/DeletingItems/total": 91.4226587318369,
  "Flight-TodoMVC/total": 360.26684571067045,
  "Inferno-TodoMVC/Adding100Items/Async": 44.26053296513019,
  "Inferno-TodoMVC/Adding100Items/Sync": 49.9245476465606,
  "Inferno-TodoMVC/Adding100Items/total": 94.39502216322374,
  "Inferno-TodoMVC/CompletingAllItems/Async": 8.361773385211798,
  "Inferno-TodoMVC/CompletingAllItems/Sync": 105.53535893581171,
  "Inferno-TodoMVC/CompletingAllItems/total": 114.22285144713572,
  "Inferno-TodoMVC/DeletingItems/Async": 4.939331280117137,
  "Inferno-TodoMVC/DeletingItems/Sync": 312.5944682928123,
  "Inferno-TodoMVC/DeletingItems/total": 317.5673003486633,
  "Inferno-TodoMVC/total": 534.6388015440026,
  "Preact-TodoMVC/Adding100Items/Async": 43.080597869349354,
  "Preact-TodoMVC/Adding100Items/Sync": 6.203386979932646,
  "Preact-TodoMVC/Adding100Items/total": 49.28665264287058,
  "Preact-TodoMVC/CompletingAllItems/Async": 30.94706990349554,
  "Preact-TodoMVC/CompletingAllItems/Sync": 3.8408082289998515,
  "Preact-TodoMVC/CompletingAllItems/total": 34.7947796794934,
  "Preact-TodoMVC/DeletingItems/Async": 7.738810744405725,
  "Preact-TodoMVC/DeletingItems/Sync": 1.9893391993921363,
  "Preact-TodoMVC/DeletingItems/total": 9.736119982764754,
  "Preact-TodoMVC/total": 93.82199824687672,
  "React-Redux-TodoMVC/Adding100Items/Async": 45.08843795407755,
  "React-Redux-TodoMVC/Adding100Items/Sync": 204.40932512377827,
  "React-Redux-TodoMVC/Adding100Items/total": 251.0371651803564,
  "React-Redux-TodoMVC/CompletingAllItems/Async": 29.92964252013156,
  "React-Redux-TodoMVC/CompletingAllItems/Sync": 171.20374773245052,
  "React-Redux-TodoMVC/CompletingAllItems/total": 201.18300035716484,
  "React-Redux-TodoMVC/DeletingItems/Async": 5.237049037739894,
  "React-Redux-TodoMVC/DeletingItems/Sync": 108.41227477035339,
  "React-Redux-TodoMVC/DeletingItems/total": 114.14574736911739,
  "React-Redux-TodoMVC/total": 571.288728883311,
  "React-TodoMVC/Adding100Items/Async": 45.6269175486036,
  "React-TodoMVC/Adding100Items/Sync": 152.610921654686,
  "React-TodoMVC/Adding100Items/total": 198.87648863290212,
  "React-TodoMVC/CompletingAllItems/Async": 30.776734340014062,
  "React-TodoMVC/CompletingAllItems/Sync": 84.69007792221487,
  "React-TodoMVC/CompletingAllItems/total": 115.5221749792344,
  "React-TodoMVC/DeletingAllItems/Async": 5.007941816824653,
  "React-TodoMVC/DeletingAllItems/Sync": 65.9613381934643,
  "React-TodoMVC/DeletingAllItems/total": 71.71057456832473,
  "React-TodoMVC/total": 398.4213554923551,
  "Vanilla-ES2015-Babel-Webpack-TodoMVC/Adding100Items/Async": 38.28379419816454,
  "Vanilla-ES2015-Babel-Webpack-TodoMVC/Adding100Items/Sync": 331.2154495756448,
  "Vanilla-ES2015-Babel-Webpack-TodoMVC/Adding100Items/total": 369.55268492812974,
  "Vanilla-ES2015-Babel-Webpack-TodoMVC/CompletingAllItems/Async": 28.91797717031271,
  "Vanilla-ES2015-Babel-Webpack-TodoMVC/CompletingAllItems/Sync": 71.98765094331569,
  "Vanilla-ES2015-Babel-Webpack-TodoMVC/CompletingAllItems/total": 100.91296622958511,
  "Vanilla-ES2015-Babel-Webpack-TodoMVC/DeletingItems/Async": 3.808577471046933,
  "Vanilla-ES2015-Babel-Webpack-TodoMVC/DeletingItems/Sync": 45.526857526801486,
  "Vanilla-ES2015-Babel-Webpack-TodoMVC/DeletingItems/total": 49.33659395467229,
  "Vanilla-ES2015-Babel-Webpack-TodoMVC/total": 519.8183847148854,
  "Vanilla-ES2015-TodoMVC/Adding100Items/Async": 37.44703654883314,
  "Vanilla-ES2015-TodoMVC/Adding100Items/Sync": 354.4101776069285,
  "Vanilla-ES2015-TodoMVC/Adding100Items/total": 392.00471393899653,
  "Vanilla-ES2015-TodoMVC/CompletingAllItems/Async": 30.380475224202886,