{
  "browser-setup": 3.293525,
  "browser-tear_down": 0.294759,
  "probes-creation": 0.000199,
  "probes-setup": 0.000169,
  "probes-start": 7.8e-05,
  "run": 107.728796,
  "runner-cooldown": 2.002074
}