{
  "Angular2-TypeScript-TodoMVC/Adding100Items/Async": 32.21071430484115,
  "Angular2-TypeScript-TodoMVC/Adding100Items/Sync": 42.14940207311226,
  "Angular2-TypeScript-TodoMVC/Adding100Items/total": 74.43538410390443,
  "Angular2-TypeScript-TodoMVC/CompletingAllItems/Async": 13.126361959062855,
  "Angular2-TypeScript-TodoMVC/CompletingAllItems/Sync": 8.784281893724916,
  "Angular2-TypeScript-TodoMVC/CompletingAllItems/total": 21.91653849221234,
  "Angular2-TypeScript-TodoMVC/DeletingItems/Async": 2.9145975010645597,
  "Angular2-TypeScript-TodoMVC/DeletingItems/Sync": 16.477956909677825,
  "Angular2-TypeScript-TodoMVC/DeletingItems/total": 19.395807444512023,
  "Angular2-TypeScript-TodoMVC/total": 115.78018020211182,
  "AngularJS-TodoMVC/Adding100Items/Async": 41.546198533815975,
  "AngularJS-TodoMVC/Adding100Items/Sync": 155.15263563129685,
  "AngularJS-TodoMVC/Adding100Items/total": 196.70600307766023,
  "AngularJS-TodoMVC/CompletingAllItems/Async": 25.315810862254743,
  "AngularJS-TodoMVC/CompletingAllItems/Sync": 54.33467708355217,
  "AngularJS-TodoMVC/CompletingAllItems/total": 79.81422438913978,
  "AngularJS-TodoMVC/DeletingAllItems/Async": 15.099446722531914,
  "AngularJS-TodoMVC/DeletingAllItems/Sync": 158.8474310106765,
  "AngularJS-TodoMVC/DeletingAllItems/total": 174.0261225004152,
  "AngularJS-TodoMVC/total": 450.6572388608552,
  "BackboneJS-TodoMVC/Adding100Items/Async": 40.379513962299455,
  "BackboneJS-TodoMVC/Adding100Items/Sync": 55.430652618485595,
  "BackboneJS-TodoMVC/Adding100Items/total": 95.91511192749437,
  "BackboneJS-TodoMVC/CompletingAllItems/Async": 31.080160419426402,
  "BackboneJS-TodoMVC/CompletingAllItems/Sync": 37.99435623059845,
  "BackboneJS-TodoMVC/CompletingAllItems/total": 69.20316067113352,
  "BackboneJS-TodoMVC/DeletingAllItems/Async": 3.8148428639566734,
  "BackboneJS-TodoMVC/DeletingAllItems/Sync": 25.973874202830178,
  "BackboneJS-TodoMVC/DeletingAllItems/total": 29.993495709404215,
  "BackboneJS-TodoMVC/total": 195.19738634443763,
  "Elm-TodoMVC/Adding100Items/Async": 47.72106396142314,
  "Elm-TodoMVC/Adding100Items/Sync": 84.78223042763628,
  "Elm-TodoMVC/Adding100Items/total": 132.57751726230134,
  "Elm-TodoMVC/CompletingAllItems/Async": 29.990231054610707,
  "Elm-TodoMVC/CompletingAllItems/Sync": 82.8305271336376,
  "Elm-TodoMVC/CompletingAllItems/total": 112.83609032103215,
  "Elm-TodoMVC/DeletingItems/Async": 8.561713748655155,
  "Elm-TodoMVC/DeletingItems/Sync": 101.88344422724062,
  "Elm-TodoMVC/DeletingItems/total": 110.50169995323954,
  "Elm-TodoMVC/total": 355.9302416269838,
  "EmberJS-Debug-TodoMVC/Adding100Items/Async": 47.120148911869414,
  "EmberJS-Debug-TodoMVC/Adding100Items/Sync": 666.6832729909669,
  "EmberJS-Debug-TodoMVC/Adding100Items/total": 715.6702734717287,
  "EmberJS-Debug-TodoMVC/CompletingAllItems/Async": 32.82928012784937,
  "EmberJS-Debug-TodoMVC/CompletingAllItems/Sync": 287.58196261998387,
  "EmberJS-Debug-TodoMVC/CompletingAllItems/total": 320.5589464561173,
  "EmberJS-Debug-TodoMVC/DeletingItems/Async": 10.377422436044702,
  "EmberJS-Debug-TodoMVC/DeletingItems/Sync": 280.44622923316865,
  "EmberJS-Debug-TodoMVC/DeletingItems/total": 293.16087717192937,
  "EmberJS-Debug-TodoMVC/total": 1336.2238670842137,
  "EmberJS-TodoMVC/Adding100Items/Async": 35.35099942324511,
  "EmberJS-TodoMVC/Adding100Items/Sync": 151.4109677346949,
  "EmberJS-TodoMVC/Adding100Items/total": 186.8496893350232,
  "EmberJS-TodoMVC/CompletingAllItems/Async": 29.32754752458799,
  "EmberJS-TodoMVC/CompletingAllItems/Sync": 106.20443176601438,
  "EmberJS-TodoMVC/CompletingAllItems/total": 135.77232580463757,
  "EmberJS-TodoMVC/DeletingItems/Async": 3.560156232880116,
  "EmberJS-TodoMVC/DeletingItems/Sync": 72.28385665243913,
  "EmberJS-TodoMVC/DeletingItems/total": 75.86618284744941,
  "EmberJS-TodoMVC/total": 399.76535388870457,
  "Flight-TodoMVC/Adding100Items/Async": 33.58174687619568,
  "Flight-TodoMVC/Adding100Items/Sync": 79.32388626438062,
  "Flight-TodoMVC/Adding100Items/total": 112.91949643930654,
  "Flight-TodoMVC/CompletingAllItems/Async": 25.3033281095868,
  "Flight-TodoMVC/CompletingAllItems/Sync": 85.9073628269028,
  "Flight-TodoMVC/CompletingAllItems/total": 111.21493112267923,
  "Flight-TodoMVC/DeletingItems/Async": 4.24594424075696,
  "Flight-TodoMVC/DeletingItems/Sync": 70.55390475408534,
  "Flight-TodoMVC/DeletingItems/total": 76.44506187142217,
  "Flight-TodoMVC/total": 300.84580927112927,
  "Inferno-TodoMVC/Adding100Items/Async": 39.92679198936229,
  "Inferno-TodoMVC/Adding100Items/Sync": 43.056522642014606,
  "Inferno-TodoMVC/Adding100Items/total": 83.12034010646742,
  "Inferno-TodoMVC/CompletingAllItems/Async": 6.831443049021661,
  "Inferno-TodoMVC/CompletingAllItems/Sync": 85.10656205566707,
  "Inferno-TodoMVC/CompletingAllItems/total": 92.10601881050724,
  "Inferno-TodoMVC/DeletingItems/Async": 3.131668250352295,
  "Inferno-TodoMVC/DeletingItems/Sync": 204.4509520114242,
  "Inferno-TodoMVC/DeletingItems/total": 207.60068472105732,
  "Inferno-TodoMVC/total": 382.9097840135626,
  "Preact-TodoMVC/Adding100Items/Async": 37.51331905383097,
  "Preact-TodoMVC/Adding100Items/Sync": 5.11364908670208,
  "Preact-TodoMVC/Adding100Items/total": 42.63178240712854,
  "Preact-TodoMVC/CompletingAllItems/Async": 16.34582758412039,
  "Preact-TodoMVC/CompletingAllItems/Sync": 3.1479756708124014,
  "Preact-TodoMVC/CompletingAllItems/total": 19.501079141099993,
  "Preact-TodoMVC/DeletingItems/Async": 4.449686098518581,
  "Preact-TodoMVC/DeletingItems/Sync": 1.774105528632709,
  "Preact-TodoMVC/DeletingItems/total": 6.242018175311212,
  "Preact-TodoMVC/total": 68.40079509530507,
  "React-Redux-TodoMVC/Adding100Items/Async": 34.02924906726277,
  "React-Redux-TodoMVC/Adding100Items/Sync": 136.59287991437094,
  "React-Redux-TodoMVC/Adding100Items/total": 170.77297318326657,
  "React-Redux-TodoMVC/CompletingAllItems/Async": 27.789259715467253,
  "React-Redux-TodoMVC/CompletingAllItems/Sync": 149.09029308366527,
  "React-Redux-TodoMVC/CompletingAllItems/total": 177.2962272789057,
  "React-Redux-TodoMVC/DeletingItems/Async": 4.384094860636733,
  "React-Redux-TodoMVC/DeletingItems/Sync": 102.68742649256504,
  "React-Redux-TodoMVC/DeletingItems/total": 107.7789486862679,
  "React-Redux-TodoMVC/total": 457.75011216920745,
  "React-TodoMVC/Adding100Items/Async": 35.242614834072576,
  "React-TodoMVC/Adding100Items/Sync": 110.75009152525014,
  "React-TodoMVC/Adding100Items/total": 146.27581985499515,
  "React-TodoMVC/CompletingAllItems/Async": 27.76872886019006,
  "React-TodoMVC/CompletingAllItems/Sync": 63.906394295223144,
  "React-TodoMVC/CompletingAllItems/total": 91.69709521872804,
  "React-TodoMVC/DeletingAllItems/Async": 3.04184948887154,
  "React-TodoMVC/DeletingAllItems/Sync": 48.420402562069704,
  "React-TodoMVC/DeletingAllItems/total": 51.4840333684019,
  "React-TodoMVC/total": 289.94899436320105,
  "Vanilla-ES2015-Babel-Webpack-TodoMVC/Adding100Items/Async": 35.42229709612803,
  "Vanilla-ES2015-Babel-Webpack-TodoMVC/Adding100Items/Sync": 299.72560731373346,
  "Vanilla-ES2015-Babel-Webpack-TodoMVC/Adding100Items/total": 335.20665224763275,
  "Vanilla-ES2015-Babel-Webpack-TodoMVC/CompletingAllItems/Async": 26.93159893020951,
  "Vanilla-ES2015-Babel-Webpack-TodoMVC/CompletingAllItems/Sync": 64.31945387688953,
  "Vanilla-ES2015-Babel-Webpack-TodoMVC/CompletingAllItems/total": 91.28453308717518,
  "Vanilla-ES2015-Babel-Webpack-TodoMVC/DeletingItems/Async": 4.385910225924876,
  "Vanilla-ES2015-Babel-Webpack-TodoMVC/DeletingItems/Sync": 40.81091850541513,
  "Vanilla-ES2015-Babel-Webpack-TodoMVC/DeletingItems/total": 47.246610672280525,
  "Vanilla-ES2015-Babel-Webpack-TodoMVC/total": 474.75344098950217,
  "Vanilla-ES2015-TodoMVC/Adding100Items/Async": 35.13635395125189,
  "Vanilla-ES2015-TodoMVC/Adding100Items/Sync": 311.6734218709925,
  "Vanilla-ES2015-TodoMVC/Adding100Items/total": 346.91361961153507,
  "Vanilla-ES2015-TodoMVC/CompletingAllItems/Async": 27.062486672926124,