{
  "browser-setup": 3.283024,
  "browser-tear_down": 0.273936,
  "probes-creation": 0.000213,
  "probes-setup": 0.00017,
  "probes-start": 8.6e-05,
  "run": 110.367945,
  "runner-cooldown": 2.002069
}