{
  "Angular2-TypeScript-TodoMVC/Adding100Items/Async": 32.06453541061722,
  "Angular2-TypeScript-TodoMVC/Adding100Items/Sync": 42.05433323426463,
  "Angular2-TypeScript-TodoMVC/Adding100Items/total": 74.1573716257688,
  "Angular2-TypeScript-TodoMVC/CompletingAllItems/Async": 12.736093652096047,
  "Angular2-TypeScript-TodoMVC/CompletingAllItems/Sync": 8.612731871374447,
  "Angular2-TypeScript-TodoMVC/CompletingAllItems/total": 21.350237122946268,
  "Angular2-TypeScript-TodoMVC/DeletingItems/Async": 2.7226467365482447,
  "Angular2-TypeScript-TodoMVC/DeletingItems/Sync": 16.598801296425393,
  "Angular2-TypeScript-TodoMVC/DeletingItems/total": 19.328356472355537,
  "Angular2-TypeScript-TodoMVC/total": 114.84678809699123,
  "AngularJS-TodoMVC/Adding100Items/Async": 41.07707076869478,
  "AngularJS-TodoMVC/Adding100Items/Sync": 160.01635831582897,
  "AngularJS-TodoMVC/Adding100Items/total": 201.1654629763837,
  "AngularJS-TodoMVC/CompletingAllItems/Async": 25.410600747533838,
  "AngularJS-TodoMVC/CompletingAllItems/Sync": 54.97268333846532,
  "AngularJS-TodoMVC/CompletingAllItems/total": 80.43704022035863,
  "AngularJS-TodoMVC/DeletingAllItems/Async": 15.71690231960432,
  "AngularJS-TodoMVC/DeletingAllItems/Sync": 157.4706461237824,
  "AngularJS-TodoMVC/DeletingAllItems/total": 173.29376202290734,
  "AngularJS-TodoMVC/total": 455.114348324135,
  "BackboneJS-TodoMVC/Adding100Items/Async": 42.13097272799456,
  "BackboneJS-TodoMVC/Adding100Items/Sync": 55.143181015718156,
  "BackboneJS-TodoMVC/Adding100Items/total": 97.4246113915251,
  "BackboneJS-TodoMVC/CompletingAllItems/Async": 33.64873581513017,
  "BackboneJS-TodoMVC/CompletingAllItems/Sync": 37.58592109566784,
  "BackboneJS-TodoMVC/CompletingAllItems/total": 72.39695864664724,
  "BackboneJS-TodoMVC/DeletingAllItems/Async": 5.168825143488698,
  "BackboneJS-TodoMVC/DeletingAllItems/Sync": 25.80183200511028,
  "BackboneJS-TodoMVC/DeletingAllItems/total": 31.395234776871792,
  "BackboneJS-TodoMVC/total": 202.23973703868313,
  "Elm-TodoMVC/Adding100Items/Async": 48.31278596568124,
  "Elm-TodoMVC/Adding100Items/Sync": 87.4908968867833,
  "Elm-TodoMVC/Adding100Items/total": 135.85609556961307,
  "Elm-TodoMVC/CompletingAllItems/Async": 29.89088872355272,
  "Elm-TodoMVC/CompletingAllItems/Sync": 82.38532942616995,
  "Elm-TodoMVC/CompletingAllItems/total": 112.29578826290206,
  "Elm-TodoMVC/DeletingItems/Async": 9.380433466127952,
  "Elm-TodoMVC/DeletingItems/Sync": 102.2888887497324,
  "Elm-TodoMVC/DeletingItems/total": 111.77311992511264,
  "Elm-TodoMVC/total": 359.95259115292714,
  "EmberJS-Debug-TodoMVC/Adding100Items/Async": 45.87645369918071,
  "EmberJS-Debug-TodoMVC/Adding100Items/Sync": 738.8861255009243,
  "EmberJS-Debug-TodoMVC/Adding100Items/total": 785.3067246820536,
  "EmberJS-Debug-TodoMVC/CompletingAllItems/Async": 34.2187921804226,
  "EmberJS-Debug-TodoMVC/CompletingAllItems/Sync": 291.09556090766586,
  "EmberJS-Debug-TodoMVC/CompletingAllItems/total": 325.6399295270177,
  "EmberJS-Debug-TodoMVC/DeletingItems/Async": 9.663697820608727,
  "EmberJS-Debug-TodoMVC/DeletingItems/Sync": 280.49415782440354,
  "EmberJS-Debug-TodoMVC/DeletingItems/total": 290.7338367191771,
  "EmberJS-Debug-TodoMVC/total": 1407.4806062575447,
  "EmberJS-TodoMVC/Adding100Items/Async": 33.934385448147175,
  "EmberJS-TodoMVC/Adding100Items/Sync": 153.5489549649329,
  "EmberJS-TodoMVC/Adding100Items/total": 187.6534183531085,
  "EmberJS-TodoMVC/CompletingAllItems/Async": 28.733310580155102,
  "EmberJS-TodoMVC/CompletingAllItems/Sync": 102.62727967259372,
  "EmberJS-TodoMVC/CompletingAllItems/total": 131.51944544482438,
  "EmberJS-TodoMVC/DeletingItems/Async": 3.7058271214625087,
  "EmberJS-TodoMVC/DeletingItems/Sync": 72.08435723535645,
  "EmberJS-TodoMVC/DeletingItems/total": 75.83332558886038,
  "EmberJS-TodoMVC/total": 395.7080428991146,
  "Flight-TodoMVC/Adding100Items/Async": 33.47712658889138,
  "Flight-TodoMVC/Adding100Items/Sync": 77.9410017987376,
  "Flight-TodoMVC/Adding100Items/total": 111.43530724667687,
  "Flight-TodoMVC/CompletingAllItems/Async": 25.30617176944447,
  "Flight-TodoMVC/CompletingAllItems/Sync": 84.73073817493471,
  "Flight-TodoMVC/CompletingAllItems/total": 110.04351493970383,
  "Flight-TodoMVC/DeletingItems/Async": 4.239693991963968,
  "Flight-TodoMVC/DeletingItems/Sync": 70.16581977591589,
  "Flight-TodoMVC/DeletingItems/total": 74.92014909182744,
  "Flight-TodoMVC/total": 296.45070438481144,
  "Inferno-TodoMVC/Adding100Items/Async": 38.917001405228305,
  "Inferno-TodoMVC/Adding100Items/Sync": 43.94790007302715,
  "Inferno-TodoMVC/Adding100Items/total": 82.99764602483363,
  "Inferno-TodoMVC/CompletingAllItems/Async": 6.275932365241403,
  "Inferno-TodoMVC/CompletingAllItems/Sync": 84.15181935150109,
  "Inferno-TodoMVC/CompletingAllItems/total": 90.43170836467779,
  "Inferno-TodoMVC/DeletingItems/Async": 3.447878981578733,
  "Inferno-TodoMVC/DeletingItems/Sync": 206.64803658684858,
  "Inferno-TodoMVC/DeletingItems/total": 210.14377640798787,
  "Inferno-TodoMVC/total": 383.6638843628424,
  "Preact-TodoMVC/Adding100Items/Async": 38.63113726525665,
  "Preact-TodoMVC/Adding100Items/Sync": 4.9617198565283775,
  "Preact-TodoMVC/Adding100Items/total": 43.59942596641924,
  "Preact-TodoMVC/CompletingAllItems/Async": 16.342349098995047,
  "Preact-TodoMVC/CompletingAllItems/Sync": 3.2111988831920484,
  "Preact-TodoMVC/CompletingAllItems/total": 19.562758701082753,
  "Preact-TodoMVC/DeletingItems/Async": 4.426380946982399,
  "Preact-TodoMVC/DeletingItems/Sync": 1.7033032072640022,
  "Preact-TodoMVC/DeletingItems/total": 6.135264722709208,
  "Preact-TodoMVC/total": 69.32969965344557,
  "React-Redux-TodoMVC/Adding100Items/Async": 33.67095795891241,
  "React-Redux-TodoMVC/Adding100Items/Sync": 136.8715094573397,
  "React-Redux-TodoMVC/Adding100Items/total": 170.69220919420715,
  "React-Redux-TodoMVC/CompletingAllItems/Async": 28.47826929662284,
  "React-Redux-TodoMVC/CompletingAllItems/Sync": 144.20006523298815,
  "React-Redux-TodoMVC/CompletingAllItems/total": 173.09312228738415,
  "React-Redux-TodoMVC/DeletingItems/Async": 3.6901030296849973,
  "React-Redux-TodoMVC/DeletingItems/Sync": 105.52783316142124,
  "React-Redux-TodoMVC/DeletingItems/total": 109.34551480861656,
  "React-Redux-TodoMVC/total": 455.06133839102847,
  "React-TodoMVC/Adding100Items/Async": 35.665642566355835,
  "React-TodoMVC/Adding100Items/Sync": 109.60605813614549,
  "React-TodoMVC/Adding100Items/total": 145.4378340553809,
  "React-TodoMVC/CompletingAllItems/Async": 27.876569667044286,
  "React-TodoMVC/CompletingAllItems/Sync": 63.69908072283414,
  "React-TodoMVC/CompletingAllItems/total": 91.59005820348145,
  "React-TodoMVC/DeletingAllItems/Async": 2.996413977678992,
  "React-TodoMVC/DeletingAllItems/Sync": 48.17709066484767,
  "React-TodoMVC/DeletingAllItems/total": 51.20351520974316,
  "React-TodoMVC/total": 288.62239641315045,
  "Vanilla-ES2015-Babel-Webpack-TodoMVC/Adding100Items/Async": 35.70721455374237,
  "Vanilla-ES2015-Babel-Webpack-TodoMVC/Adding100Items/Sync": 295.3025478942408,
  "Vanilla-ES2015-Babel-Webpack-TodoMVC/Adding100Items/total": 331.0444638531781,
  "Vanilla-ES2015-Babel-Webpack-TodoMVC/CompletingAllItems/Async": 26.90810727808892,
  "Vanilla-ES2015-Babel-Webpack-TodoMVC/CompletingAllItems/Sync": 63.69237970049878,
  "Vanilla-ES2015-Babel-Webpack-TodoMVC/CompletingAllItems/total": 90.63810481809233,
  "Vanilla-ES2015-Babel-Webpack-TodoMVC/DeletingItems/Async": 3.313962210862644,
  "Vanilla-ES2015-Babel-Webpack-TodoMVC/DeletingItems/Sync": 40.43235239763458,
  "Vanilla-ES2015-Babel-Webpack-TodoMVC/DeletingItems/total": 43.78765083693898,
  "Vanilla-ES2015-Babel-Webpack-TodoMVC/total": 465.4986057841463,
  "Vanilla-ES2015-TodoMVC/Adding100Items/Async": 34.890859354370036,
  "Vanilla-ES2015-TodoMVC/Adding100Items/Sync": 300.98234900232984,
  "Vanilla-ES2015-TodoMVC/Adding100Items/total": 335.9350830153363,
  "Vanilla-ES2015-TodoMVC/CompletingAllItems/Async": 26.940408784445772,