{
  "browser-setup": 3.319593,
  "browser-tear_down": 0.279714,
  "probes-creation": 0.00019,
  "probes-setup": 0.000162,
  "probes-start": 8.3e-05,
  "run": 109.716314,
  "runner-cooldown": 2.002054
}