{
  "Angular2-TypeScript-TodoMVC/Adding100Items/Async": 32.38701870933539,
  "Angular2-TypeScript-TodoMVC/Adding100Items/Sync": 46.90685457641958,
  "Angular2-TypeScript-TodoMVC/Adding100Items/total": 79.8391395595787,
  "Angular2-TypeScript-TodoMVC/CompletingAllItems/Async": 13.718695084530472,
  "Angular2-TypeScript-TodoMVC/CompletingAllItems/Sync": 8.67023987994796,
  "Angular2-TypeScript-TodoMVC/CompletingAllItems/total": 22.441784108071378,
  "Angular2-TypeScript-TodoMVC/DeletingItems/Async": 2.590574645559999,
  "Angular2-TypeScript-TodoMVC/DeletingItems/Sync": 16.339517765855696,
  "Angular2-TypeScript-TodoMVC/DeletingItems/total": 18.934762617167035,
  "Angular2-TypeScript-TodoMVC/total": 121.72349092919917,
  "AngularJS-TodoMVC/Adding100Items/Async": 40.96940854876434,
  "AngularJS-TodoMVC/Adding100Items/Sync": 152.08167133192535,
  "AngularJS-TodoMVC/Adding100Items/total": 193.0617222051378,
  "AngularJS-TodoMVC/CompletingAllItems/Async": 25.288801854177297,
  "AngularJS-TodoMVC/CompletingAllItems/Sync": 53.553920973713794,
  "AngularJS-TodoMVC/CompletingAllItems/total": 78.90226563500904,
  "AngularJS-TodoMVC/DeletingAllItems/Async": 15.59175732381596,
  "AngularJS-TodoMVC/DeletingAllItems/Sync": 174.9375994386819,
  "AngularJS-TodoMVC/DeletingAllItems/total": 190.59061797959302,
  "AngularJS-TodoMVC/total": 465.06988777605164,
  "BackboneJS-TodoMVC/Adding100Items/Async": 36.75409259539508,
  "BackboneJS-TodoMVC/Adding100Items/Sync": 55.59404194173938,
  "BackboneJS-TodoMVC/Adding100Items/total": 92.35939687741714,
  "BackboneJS-TodoMVC/CompletingAllItems/Async": 27.858530792073413,
  "BackboneJS-TodoMVC/CompletingAllItems/Sync": 38.04620916640192,
  "BackboneJS-TodoMVC/CompletingAllItems/total": 65.90565653176745,
  "BackboneJS-TodoMVC/DeletingAllItems/Async": 3.146027477225122,
  "BackboneJS-TodoMVC/DeletingAllItems/Sync": 25.763745004787662,
  "BackboneJS-TodoMVC/DeletingAllItems/total": 28.923514746157863,
  "BackboneJS-TodoMVC/total": 187.2080423329442,
  "Elm-TodoMVC/Adding100Items/Async": 46.77820283835748,
  "Elm-TodoMVC/Adding100Items/Sync": 92.69899395516428,
  "Elm-TodoMVC/Adding100Items/total": 140.32147859091893,
  "Elm-TodoMVC/CompletingAllItems/Async": 31.148859357751864,
  "Elm-TodoMVC/CompletingAllItems/Sync": 100.43106653816182,
  "Elm-TodoMVC/CompletingAllItems/total": 132.54229488433396,
  "Elm-TodoMVC/DeletingItems/Async": 9.706424760604058,
  "Elm-TodoMVC/DeletingItems/Sync": 109.36314293347247,
  "Elm-TodoMVC/DeletingItems/total": 119.46722290927138,
  "Elm-TodoMVC/total": 403.7301081073535,
  "EmberJS-Debug-TodoMVC/Adding100Items/Async": 40.96185268717664,
  "EmberJS-Debug-TodoMVC/Adding100Items/Sync": 416.0193118049608,
  "EmberJS-Debug-TodoMVC/Adding100Items/total": 457.139724087184,
  "EmberJS-Debug-TodoMVC/CompletingAllItems/Async": 26.68659910860801,
  "EmberJS-Debug-TodoMVC/CompletingAllItems/Sync": 282.0893100539887,
  "EmberJS-Debug-TodoMVC/CompletingAllItems/total": 308.8798740737164,
  "EmberJS-Debug-TodoMVC/DeletingItems/Async": 6.7553836107785274,
  "EmberJS-Debug-TodoMVC/DeletingItems/Sync": 295.9390903651627,
  "EmberJS-Debug-TodoMVC/DeletingItems/total": 305.24617897356893,
  "EmberJS-Debug-TodoMVC/total": 1077.316553001726,
  "EmberJS-TodoMVC/Adding100Items/Async": 34.931636179561146,
  "EmberJS-TodoMVC/Adding100Items/Sync": 147.75089860822075,
  "EmberJS-TodoMVC/Adding100Items/total": 182.86461883426222,
  "EmberJS-TodoMVC/CompletingAllItems/Async": 26.114163438121913,
  "EmberJS-TodoMVC/CompletingAllItems/Sync": 93.67640093113253,
  "EmberJS-TodoMVC/CompletingAllItems/total": 119.79466316662999,
  "EmberJS-TodoMVC/DeletingItems/Async": 4.224949035861893,
  "EmberJS-TodoMVC/DeletingItems/Sync": 63.02166966308882,
  "EmberJS-TodoMVC/DeletingItems/total": 68.65821171679902,
  "EmberJS-TodoMVC/total": 372.03340511041523,
  "Flight-TodoMVC/Adding100Items/Async": 32.7377897615955,
  "Flight-TodoMVC/Adding100Items/Sync": 78.53815366819065,
  "Flight-TodoMVC/Adding100Items/total": 111.28217247162152,
  "Flight-TodoMVC/CompletingAllItems/Async": 24.87872625136705,
  "Flight-TodoMVC/CompletingAllItems/Sync": 86.10862001322879,
  "Flight-TodoMVC/CompletingAllItems/total": 110.99153381832281,
  "Flight-TodoMVC/DeletingItems/Async": 2.7994575676696507,
  "Flight-TodoMVC/DeletingItems/Sync": 69.39836771399962,
  "Flight-TodoMVC/DeletingItems/total": 72.20819987245432,
  "Flight-TodoMVC/total": 294.4862507732781,
  "Inferno-TodoMVC/Adding100Items/Async": 38.01729797766042,
  "Inferno-TodoMVC/Adding100Items/Sync": 42.76229747500638,
  "Inferno-TodoMVC/Adding100Items/total": 80.93324621141646,
  "Inferno-TodoMVC/CompletingAllItems/Async": 6.2054524484887,
  "Inferno-TodoMVC/CompletingAllItems/Sync": 86.6000058952449,
  "Inferno-TodoMVC/CompletingAllItems/total": 92.81376389294903,
  "Inferno-TodoMVC/DeletingItems/Async": 2.9790986199682394,
  "Inferno-TodoMVC/DeletingItems/Sync": 206.83828827203038,
  "Inferno-TodoMVC/DeletingItems/total": 209.82616560547885,
  "Inferno-TodoMVC/total": 383.6265513415577,
  "Preact-TodoMVC/Adding100Items/Async": 36.83650594432845,
  "Preact-TodoMVC/Adding100Items/Sync": 4.878862960586127,
  "Preact-TodoMVC/Adding100Items/total": 41.72369671473932,
  "Preact-TodoMVC/CompletingAllItems/Async": 16.16827258373351,
  "Preact-TodoMVC/CompletingAllItems/Sync": 3.0216454518298095,
  "Preact-TodoMVC/CompletingAllItems/total": 19.20236258000327,
  "Preact-TodoMVC/DeletingItems/Async": 4.212555980190111,
  "Preact-TodoMVC/DeletingItems/Sync": 1.6178221016667054,
  "Preact-TodoMVC/DeletingItems/total": 5.836197999328984,
  "Preact-TodoMVC/total": 66.77295137311697,
  "React-Redux-TodoMVC/Adding100Items/Async": 34.26088615746624,
  "React-Redux-TodoMVC/Adding100Items/Sync": 131.92202471358019,
  "React-Redux-TodoMVC/Adding100Items/total": 166.20828716342024,
  "React-Redux-TodoMVC/CompletingAllItems/Async": 26.95005518762812,
  "React-Redux-TodoMVC/CompletingAllItems/Sync": 150.54439609061043,
  "React-Redux-TodoMVC/CompletingAllItems/total": 177.84884627361356,
  "React-Redux-TodoMVC/DeletingItems/Async": 4.81576450592259,
  "React-Redux-TodoMVC/DeletingItems/Sync": 90.43560351045099,
  "React-Redux-TodoMVC/DeletingItems/total": 95.7846058648786,
  "React-Redux-TodoMVC/total": 442.6293365660398,
  "React-TodoMVC/Adding100Items/Async": 34.70247842324093,
  "React-TodoMVC/Adding100Items/Sync": 105.09195956971553,
  "React-TodoMVC/Adding100Items/total": 139.82007614273357,
  "React-TodoMVC/CompletingAllItems/Async": 27.119216733663276,
  "React-TodoMVC/CompletingAllItems/Sync": 79.14513851120381,
  "React-TodoMVC/CompletingAllItems/total": 107.4748222416636,
  "React-TodoMVC/DeletingAllItems/Async": 3.3963650818983937,
  "React-TodoMVC/DeletingAllItems/Sync": 45.97792619709286,
  "React-TodoMVC/DeletingAllItems/total": 49.73255113524401,
  "React-TodoMVC/total": 302.4705097746588,
  "Vanilla-ES2015-Babel-Webpack-TodoMVC/Adding100Items/Async": 35.50855519244619,
  "Vanilla-ES2015-Babel-Webpack-TodoMVC/Adding100Items/Sync": 306.48256087128544,
  "Vanilla-ES2015-Babel-Webpack-TodoMVC/Adding100Items/total": 342.04446656329714,
  "Vanilla-ES2015-Babel-Webpack-TodoMVC/CompletingAllItems/Async": 25.043917436362374,
  "Vanilla-ES2015-Babel-Webpack-TodoMVC/CompletingAllItems/Sync": 63.2350354365064,
  "Vanilla-ES2015-Babel-Webpack-TodoMVC/CompletingAllItems/total": 88.29670388966186,
  "Vanilla-ES2015-Babel-Webpack-TodoMVC/DeletingItems/Async": 3.176100364779261,
  "Vanilla-ES2015-Babel-Webpack-TodoMVC/DeletingItems/Sync": 40.003308818300454,
  "Vanilla-ES2015-Babel-Webpack-TodoMVC/DeletingItems/total": 43.49571839896918,
  "Vanilla-ES2015-Babel-Webpack-TodoMVC/total": 474.07866860974326,
  "Vanilla-ES2015-TodoMVC/Adding100Items/Async": 33.777468776550705,
  "Vanilla-ES2015-TodoMVC/Adding100Items/Sync": 300.47280484013874,
  "Vanilla-ES2015-TodoMVC/Adding100Items/total": 334.2756414740463,
  "Vanilla-ES2015-TodoMVC/CompletingAllItems/Async": 26.239097276963804,