{
  "Angular2-TypeScript-TodoMVC/Adding100Items/Async": 32.07339225204721,
  "Angular2-TypeScript-TodoMVC/Adding100Items/Sync": 42.38072705261648,
  "Angular2-TypeScript-TodoMVC/Adding100Items/total": 74.49246568241205,
  "Angular2-TypeScript-TodoMVC/CompletingAllItems/Async": 12.696270412708422,
  "Angular2-TypeScript-TodoMVC/CompletingAllItems/Sync": 8.538451988064594,
  "Angular2-TypeScript-TodoMVC/CompletingAllItems/total": 21.234922758636632,
  "Angular2-TypeScript-TodoMVC/DeletingItems/Async": 2.8253468492500557,
  "Angular2-TypeScript-TodoMVC/DeletingItems/Sync": 16.489653254062873,
  "Angular2-TypeScript-TodoMVC/DeletingItems/total": 19.335929793868797,
  "Angular2-TypeScript-TodoMVC/total": 115.08460403160426,
  "AngularJS-TodoMVC/Adding100Items/Async": 41.80627280960025,
  "AngularJS-TodoMVC/Adding100Items/Sync": 157.36987392466756,
  "AngularJS-TodoMVC/Adding100Items/total": 199.1832559574619,
  "AngularJS-TodoMVC/CompletingAllItems/Async": 25.86297732669708,
  "AngularJS-TodoMVC/CompletingAllItems/Sync": 55.51158821389723,
  "AngularJS-TodoMVC/CompletingAllItems/total": 81.40197116427899,
  "AngularJS-TodoMVC/DeletingAllItems/Async": 15.883282451151178,
  "AngularJS-TodoMVC/DeletingAllItems/Sync": 157.6895577790007,
  "AngularJS-TodoMVC/DeletingAllItems/total": 173.68470188084405,
  "AngularJS-TodoMVC/total": 454.36757093656627,
  "BackboneJS-TodoMVC/Adding100Items/Async": 42.4064250062964,
  "BackboneJS-TodoMVC/Adding100Items/Sync": 54.90690799796763,
  "BackboneJS-TodoMVC/Adding100Items/total": 97.54677953683513,
  "BackboneJS-TodoMVC/CompletingAllItems/Async": 33.92233211801255,
  "BackboneJS-TodoMVC/CompletingAllItems/Sync": 37.27138841617211,
  "BackboneJS-TodoMVC/CompletingAllItems/total": 72.2579136744201,
  "BackboneJS-TodoMVC/DeletingAllItems/Async": 5.792753461908362,
  "BackboneJS-TodoMVC/DeletingAllItems/Sync": 25.772132440202714,
  "BackboneJS-TodoMVC/DeletingAllItems/total": 32.36843836513036,
  "BackboneJS-TodoMVC/total": 203.0226993450009,
  "Elm-TodoMVC/Adding100Items/Async": 47.661843818685604,
  "Elm-TodoMVC/Adding100Items/Sync": 88.3057151560895,
  "Elm-TodoMVC/Adding100Items/total": 136.02359169977683,
  "Elm-TodoMVC/CompletingAllItems/Async": 29.809420402521518,
  "Elm-TodoMVC/CompletingAllItems/Sync": 83.31113816969933,
  "Elm-TodoMVC/CompletingAllItems/total": 113.15948919914248,
  "Elm-TodoMVC/DeletingItems/Async": 9.326890776959665,
  "Elm-TodoMVC/DeletingItems/Sync": 102.36711238734465,
  "Elm-TodoMVC/DeletingItems/total": 111.78889086166586,
  "Elm-TodoMVC/total": 361.06612999133876,
  "EmberJS-Debug-TodoMVC/Adding100Items/Async": 45.62199767981836,
  "EmberJS-Debug-TodoMVC/Adding100Items/Sync": 742.2881762659865,
  "EmberJS-Debug-TodoMVC/Adding100Items/total": 788.6479044957837,
  "EmberJS-Debug-TodoMVC/CompletingAllItems/Async": 33.09977325638785,
  "EmberJS-Debug-TodoMVC/CompletingAllItems/Sync": 294.00768864640145,
  "EmberJS-Debug-TodoMVC/CompletingAllItems/total": 327.30108815459874,
  "EmberJS-Debug-TodoMVC/DeletingItems/Async": 9.872043791496605,
  "EmberJS-Debug-TodoMVC/DeletingItems/Sync": 285.16075251201283,
  "EmberJS-Debug-TodoMVC/DeletingItems/total": 295.7439252852418,
  "EmberJS-Debug-TodoMVC/total": 1420.32659283756,
  "EmberJS-TodoMVC/Adding100Items/Async": 34.09116165010286,
  "EmberJS-TodoMVC/Adding100Items/Sync": 150.81564094880173,
  "EmberJS-TodoMVC/Adding100Items/total": 185.07104692721455,
  "EmberJS-TodoMVC/CompletingAllItems/Async": 29.04503634701472,
  "EmberJS-TodoMVC/CompletingAllItems/Sync": 105.93401376648673,
  "EmberJS-TodoMVC/CompletingAllItems/total": 135.18817719538117,
  "EmberJS-TodoMVC/DeletingItems/Async": 3.789499177603746,
  "EmberJS-TodoMVC/DeletingItems/Sync": 73.25213831547205,
  "EmberJS-TodoMVC/DeletingItems/total": 77.08571790546506,
  "EmberJS-TodoMVC/total": 398.2557604207936,
  "Flight-TodoMVC/Adding100Items/Async": 33.370273285431374,
  "Flight-TodoMVC/Adding100Items/Sync": 77.47248694444338,
  "Flight-TodoMVC/Adding100Items/total": 110.85860989188755,
  "Flight-TodoMVC/CompletingAllItems/Async": 25.000315754019606,
  "Flight-TodoMVC/CompletingAllItems/Sync": 85.11738046908025,
  "Flight-TodoMVC/CompletingAllItems/total": 110.12906008886462,
  "Flight-TodoMVC/DeletingItems/Async": 3.6500327348758095,
  "Flight-TodoMVC/DeletingItems/Sync": 69.96473831344882,
  "Flight-TodoMVC/DeletingItems/total": 73.68635244321193,
  "Flight-TodoMVC/total": 294.69273846366207,
  "Inferno-TodoMVC/Adding100Items/Async": 38.266391511834314,
  "Inferno-TodoMVC/Adding100Items/Sync": 43.96852980424523,
  "Inferno-TodoMVC/Adding100Items/total": 82.30721549247386,
  "Inferno-TodoMVC/CompletingAllItems/Async": 6.353126509716227,
  "Inferno-TodoMVC/CompletingAllItems/Sync": 84.62472307502466,
  "Inferno-TodoMVC/CompletingAllItems/total": 90.98628639712022,
  "Inferno-TodoMVC/DeletingItems/Async": 3.334805889757934,
  "Inferno-TodoMVC/DeletingItems/Sync": 205.24446867398905,
  "Inferno-TodoMVC/DeletingItems/total": 208.62591225476504,
  "Inferno-TodoMVC/total": 382.0171046264672,
  "Preact-TodoMVC/Adding100Items/Async": 38.95614860243354,
  "Preact-TodoMVC/Adding100Items/Sync": 5.325322475443936,
  "Preact-TodoMVC/Adding100Items/total": 44.28978120182074,
  "Preact-TodoMVC/CompletingAllItems/Async": 16.916700741889294,
  "Preact-TodoMVC/CompletingAllItems/Sync": 3.2946459954117797,
  "Preact-TodoMVC/CompletingAllItems/total": 20.22570736121687,
  "Preact-TodoMVC/DeletingItems/Async": 5.315447065378229,
  "Preact-TodoMVC/DeletingItems/Sync": 1.9578194098629742,
  "Preact-TodoMVC/DeletingItems/total": 7.3236419902427095,
  "Preact-TodoMVC/total": 71.9330178711283,
  "React-Redux-TodoMVC/Adding100Items/Async": 36.75434901264366,
  "React-Redux-TodoMVC/Adding100Items/Sync": 136.65986140638293,
  "React-Redux-TodoMVC/Adding100Items/total": 175.04361056538258,
  "React-Redux-TodoMVC/CompletingAllItems/Async": 27.56556505864799,
  "React-Redux-TodoMVC/CompletingAllItems/Sync": 145.81471898520488,
  "React-Redux-TodoMVC/CompletingAllItems/total": 173.7618624667184,
  "React-Redux-TodoMVC/DeletingItems/Async": 3.8240244590757864,
  "React-Redux-TodoMVC/DeletingItems/Sync": 108.44238635296453,
  "React-Redux-TodoMVC/DeletingItems/total": 112.48583848591916,
  "React-Redux-TodoMVC/total": 464.55231944645925,
  "React-TodoMVC/Adding100Items/Async": 34.85745516735608,
  "React-TodoMVC/Adding100Items/Sync": 108.39925405763348,
  "React-TodoMVC/Adding100Items/total": 143.46422316737397,
  "React-TodoMVC/CompletingAllItems/Async": 28.767721503120512,
  "React-TodoMVC/CompletingAllItems/Sync": 64.92793463371771,
  "React-TodoMVC/CompletingAllItems/total": 93.7545305344491,
  "React-TodoMVC/DeletingAllItems/Async": 3.0645948631211124,
  "React-TodoMVC/DeletingAllItems/Sync": 49.33339694446609,
  "React-TodoMVC/DeletingAllItems/total": 52.44490316883996,
  "React-TodoMVC/total": 290.3371429920639,
  "Vanilla-ES2015-Babel-Webpack-TodoMVC/Adding100Items/Async": 35.14177086433748,
  "Vanilla-ES2015-Babel-Webpack-TodoMVC/Adding100Items/Sync": 295.41776510024334,
  "Vanilla-ES2015-Babel-Webpack-TodoMVC/Adding100Items/total": 330.59501891449816,
  "Vanilla-ES2015-Babel-Webpack-TodoMVC/CompletingAllItems/Async": 25.22722616164951,
  "Vanilla-ES2015-Babel-Webpack-TodoMVC/CompletingAllItems/Sync": 63.783378485677474,
  "Vanilla-ES2015-Babel-Webpack-TodoMVC/CompletingAllItems/total": 89.08707455535496,
  "Vanilla-ES2015-Babel-Webpack-TodoMVC/DeletingItems/Async": 3.4909858714844946,
  "Vanilla-ES2015-Babel-Webpack-TodoMVC/DeletingItems/Sync": 40.14316711098578,
  "Vanilla-ES2015-Babel-Webpack-TodoMVC/DeletingItems/total": 43.718034559717196,
  "Vanilla-ES2015-Babel-Webpack-TodoMVC/total": 463.4688228120073,
  "Vanilla-ES2015-TodoMVC/Adding100Items/Async": 34.608797530749364,
  "Vanilla-ES2015-TodoMVC/Adding100Items/Sync": 300.7054503439868,
  "Vanilla-ES2015-TodoMVC/Adding100Items/total": 335.37343550902483,
  "Vanilla-ES2015-TodoMVC/CompletingAllItems/Async": 26.141221452275268,