{
  "browser-setup": 3.299684,
  "browser-tear_down": 0.308075,
  "probes-creation": 0.0002,
  "probes-setup": 0.000168,
  "probes-start": 8e-05,
  "run": 109.834961,
  "runner-cooldown": 2.002068
}