{
  "Angular2-TypeScript-TodoMVC/Adding100Items/Async": 31.82783368003116,
  "Angular2-TypeScript-TodoMVC/Adding100Items/Sync": 42.10119968376859,
  "Angular2-TypeScript-TodoMVC/Adding100Items/total": 73.96858150759401,
  "Angular2-TypeScript-TodoMVC/CompletingAllItems/Async": 12.547221729973332,
  "Angular2-TypeScript-TodoMVC/CompletingAllItems/Sync": 8.503027564019455,
  "Angular2-TypeScript-TodoMVC/CompletingAllItems/total": 21.052130241925788,
  "Angular2-TypeScript-TodoMVC/DeletingItems/Async": 2.8689166625685623,
  "Angular2-TypeScript-TodoMVC/DeletingItems/Sync": 16.33264735706403,
  "Angular2-TypeScript-TodoMVC/DeletingItems/total": 19.211602842975314,
  "Angular2-TypeScript-TodoMVC/total": 114.25552168411708,
  "AngularJS-TodoMVC/Adding100Items/Async": 41.34118611139254,
  "AngularJS-TodoMVC/Adding100Items/Sync": 155.56567942627947,
  "AngularJS-TodoMVC/Adding100Items/total": 196.92051593508253,
  "AngularJS-TodoMVC/CompletingAllItems/Async": 25.24703630451945,
  "AngularJS-TodoMVC/CompletingAllItems/Sync": 55.11952495773896,
  "AngularJS-TodoMVC/CompletingAllItems/total": 80.43553404010731,
  "AngularJS-TodoMVC/DeletingAllItems/Async": 15.818041903690425,
  "AngularJS-TodoMVC/DeletingAllItems/Sync": 159.95552612158457,
  "AngularJS-TodoMVC/DeletingAllItems/total": 175.8724176610382,
  "AngularJS-TodoMVC/total": 453.3034366033231,
  "BackboneJS-TodoMVC/Adding100Items/Async": 42.64493804700944,
  "BackboneJS-TodoMVC/Adding100Items/Sync": 54.75262759379373,
  "BackboneJS-TodoMVC/Adding100Items/total": 97.64532311512825,
  "BackboneJS-TodoMVC/CompletingAllItems/Async": 30.680910424603358,
  "BackboneJS-TodoMVC/CompletingAllItems/Sync": 37.03311009417779,
  "BackboneJS-TodoMVC/CompletingAllItems/total": 67.81228169537508,
  "BackboneJS-TodoMVC/DeletingAllItems/Async": 5.4774217451711635,
  "BackboneJS-TodoMVC/DeletingAllItems/Sync": 25.608350025639215,
  "BackboneJS-TodoMVC/DeletingAllItems/total": 31.786156033642445,
  "BackboneJS-TodoMVC/total": 197.43331956904524,
  "Elm-TodoMVC/Adding100Items/Async": 47.52645882868957,
  "Elm-TodoMVC/Adding100Items/Sync": 86.83123350140491,
  "Elm-TodoMVC/Adding100Items/total": 134.55006551217218,
  "Elm-TodoMVC/CompletingAllItems/Async": 29.79194971999014,
  "Elm-TodoMVC/CompletingAllItems/Sync": 82.5832700381484,
  "Elm-TodoMVC/CompletingAllItems/total": 112.40234944527643,
  "Elm-TodoMVC/DeletingItems/Async": 9.078984207053157,
  "Elm-TodoMVC/DeletingItems/Sync": 99.54086452020306,
  "Elm-TodoMVC/DeletingItems/total": 108.70873059848846,
  "Elm-TodoMVC/total": 355.69786894580926,
  "EmberJS-Debug-TodoMVC/Adding100Items/Async": 45.19379040208124,
  "EmberJS-Debug-TodoMVC/Adding100Items/Sync": 723.6334740969759,
  "EmberJS-Debug-TodoMVC/Adding100Items/total": 769.4655550105615,
  "EmberJS-Debug-TodoMVC/CompletingAllItems/Async": 35.01476420610155,
  "EmberJS-Debug-TodoMVC/CompletingAllItems/Sync": 300.34821042041693,
  "EmberJS-Debug-TodoMVC/CompletingAllItems/total": 335.72275084281864,
  "EmberJS-Debug-TodoMVC/DeletingItems/Async": 11.371844754974479,
  "EmberJS-Debug-TodoMVC/DeletingItems/Sync": 284.51602825125406,
  "EmberJS-Debug-TodoMVC/DeletingItems/total": 298.5822904971189,
  "EmberJS-Debug-TodoMVC/total": 1410.3127815775883,
  "EmberJS-TodoMVC/Adding100Items/Async": 36.757182839121356,
  "EmberJS-TodoMVC/Adding100Items/Sync": 151.53579129467724,
  "EmberJS-TodoMVC/Adding100Items/total": 189.7995040395984,
  "EmberJS-TodoMVC/CompletingAllItems/Async": 28.145198204069082,
  "EmberJS-TodoMVC/CompletingAllItems/Sync": 111.93431961261116,
  "EmberJS-TodoMVC/CompletingAllItems/total": 140.59710927998592,
  "EmberJS-TodoMVC/DeletingItems/Async": 3.6118896064579205,
  "EmberJS-TodoMVC/DeletingItems/Sync": 74.46436760659077,
  "EmberJS-TodoMVC/DeletingItems/total": 78.1282256025446,
  "EmberJS-TodoMVC/total": 410.48686278266484,
  "Flight-TodoMVC/Adding100Items/Async": 32.98977722448301,
  "Flight-TodoMVC/Adding100Items/Sync": 77.54199535271017,
  "Flight-TodoMVC/Adding100Items/total": 110.54711241064997,
  "Flight-TodoMVC/CompletingAllItems/Async": 24.468239413716137,
  "Flight-TodoMVC/CompletingAllItems/Sync": 84.69364768411704,
  "Flight-TodoMVC/CompletingAllItems/total": 109.16396696152835,
  "Flight-TodoMVC/DeletingItems/Async": 3.3194091091483817,
  "Flight-TodoMVC/DeletingItems/Sync": 69.43229335120058,
  "Flight-TodoMVC/DeletingItems/total": 72.78965881928468,
  "Flight-TodoMVC/total": 292.51256594185156,
  "Inferno-TodoMVC/Adding100Items/Async": 38.41246660853535,
  "Inferno-TodoMVC/Adding100Items/Sync": 42.81408541110807,
  "Inferno-TodoMVC/Adding100Items/total": 81.31133498474131,
  "Inferno-TodoMVC/CompletingAllItems/Async": 6.40759655159991,
  "Inferno-TodoMVC/CompletingAllItems/Sync": 85.18724803106417,
  "Inferno-TodoMVC/CompletingAllItems/total": 91.59736378095987,
  "Inferno-TodoMVC/DeletingItems/Async": 3.312776659313245,
  "Inferno-TodoMVC/DeletingItems/Sync": 200.81710952756023,
  "Inferno-TodoMVC/DeletingItems/total": 204.16737755163032,
  "Inferno-TodoMVC/total": 377.1099055156362,
  "Preact-TodoMVC/Adding100Items/Async": 37.65406977263263,
  "Preact-TodoMVC/Adding100Items/Sync": 4.865644390263863,
  "Preact-TodoMVC/Adding100Items/total": 42.5234266986349,
  "Preact-TodoMVC/CompletingAllItems/Async": 16.789567163475688,
  "Preact-TodoMVC/CompletingAllItems/Sync": 2.878849363742872,
  "Preact-TodoMVC/CompletingAllItems/total": 19.67847360590801,
  "Preact-TodoMVC/DeletingItems/Async": 4.350176248891192,
  "Preact-TodoMVC/DeletingItems/Sync": 1.623704511547551,
  "Preact-TodoMVC/DeletingItems/total": 5.9751504966136935,
  "Preact-TodoMVC/total": 68.33950109723555,
  "React-Redux-TodoMVC/Adding100Items/Async": 33.23499076327035,
  "React-Redux-TodoMVC/Adding100Items/Sync": 136.3650872268863,
  "React-Redux-TodoMVC/Adding100Items/total": 169.75466821435194,
  "React-Redux-TodoMVC/CompletingAllItems/Async": 27.16217556662088,
  "React-Redux-TodoMVC/CompletingAllItems/Sync": 143.4015695614212,
  "React-Redux-TodoMVC/CompletingAllItems/total": 170.84284096734592,
  "React-Redux-TodoMVC/DeletingItems/Async": 3.86908179500227,
  "React-Redux-TodoMVC/DeletingItems/Sync": 96.295905649099,
  "React-Redux-TodoMVC/DeletingItems/total": 100.28091313402803,
  "React-Redux-TodoMVC/total": 441.83229263831333,
  "React-TodoMVC/Adding100Items/Async": 34.61074626455045,
  "React-TodoMVC/Adding100Items/Sync": 105.8693691628728,
  "React-TodoMVC/Adding100Items/total": 140.50080940390455,
  "React-TodoMVC/CompletingAllItems/Async": 27.47615239537045,
  "React-TodoMVC/CompletingAllItems/Sync": 63.11349479862405,
  "React-TodoMVC/CompletingAllItems/total": 90.597961896456,
  "React-TodoMVC/DeletingAllItems/Async": 2.947524676404148,
  "React-TodoMVC/DeletingAllItems/Sync": 46.935084054840964,
  "React-TodoMVC/DeletingAllItems/total": 49.91931357274816,
  "React-TodoMVC/total": 281.35454935189443,
  "Vanilla-ES2015-Babel-Webpack-TodoMVC/Adding100Items/Async": 34.8354699216693,
  "Vanilla-ES2015-Babel-Webpack-TodoMVC/Adding100Items/Sync": 294.9361736058733,
  "Vanilla-ES2015-Babel-Webpack-TodoMVC/Adding100Items/total": 329.8154941393204,
  "Vanilla-ES2015-Babel-Webpack-TodoMVC/CompletingAllItems/Async": 26.55478248687664,
  "Vanilla-ES2015-Babel-Webpack-TodoMVC/CompletingAllItems/Sync": 63.8372832080766,
  "Vanilla-ES2015-Babel-Webpack-TodoMVC/CompletingAllItems/total": 90.40498112447155,
  "Vanilla-ES2015-Babel-Webpack-TodoMVC/DeletingItems/Async": 4.487763408545676,
  "Vanilla-ES2015-Babel-Webpack-TodoMVC/DeletingItems/Sync": 39.9434377316548,
  "Vanilla-ES2015-Babel-Webpack-TodoMVC/DeletingItems/total": 46.6935708211323,
  "Vanilla-ES2015-Babel-Webpack-TodoMVC/total": 468.0535023323292,
  "Vanilla-ES2015-TodoMVC/Adding100Items/Async": 34.31870724366051,
  "Vanilla-ES2015-TodoMVC/Adding100Items/Sync": 308.82912802939643,
  "Vanilla-ES2015-TodoMVC/Adding100Items/total": 343.2945525365091,
  "Vanilla-ES2015-TodoMVC/CompletingAllItems/Async": 26.54253707524258,