{
  "browser-setup": 3.892375,
  "browser-tear_down": 0.278482,
  "probes-creation": 0.00012,
  "probes-setup": 9.8e-05,
  "probes-start": 5.3e-05,
  "run": 126.315905,
  "runner-cooldown": 2.002058
}