{
  "Angular2-TypeScript-TodoMVC/Adding100Items/Async": 38.46719196889756,
  "Angular2-TypeScript-TodoMVC/Adding100Items/Sync": 54.630977014220285,
  "Angular2-TypeScript-TodoMVC/Adding100Items/total": 93.20752467891324,
  "Angular2-TypeScript-TodoMVC/CompletingAllItems/Async": 15.106215986533831,
  "Angular2-TypeScript-TodoMVC/CompletingAllItems/Sync": 9.994131982463456,
  "Angular2-TypeScript-TodoMVC/CompletingAllItems/total": 25.182870889994604,
  "Angular2-TypeScript-TodoMVC/DeletingItems/Async": 3.922613110796425,
  "Angular2-TypeScript-TodoMVC/DeletingItems/Sync": 17.582443272127158,
  "Angular2-TypeScript-TodoMVC/DeletingItems/total": 21.58978732016993,
  "Angular2-TypeScript-TodoMVC/total": 140.11810627045546,
  "AngularJS-TodoMVC/Adding100Items/Async": 50.417523514394354,
  "AngularJS-TodoMVC/Adding100Items/Sync": 234.3408007950705,
  "AngularJS-TodoMVC/Adding100Items/total": 285.0194089343671,
  "AngularJS-TodoMVC/CompletingAllItems/Async": 36.357070079153324,
  "AngularJS-TodoMVC/CompletingAllItems/Sync": 76.97615285213732,
  "AngularJS-TodoMVC/CompletingAllItems/total": 114.98673752324744,
  "AngularJS-TodoMVC/DeletingAllItems/Async": 15.060262264864987,
  "AngularJS-TodoMVC/DeletingAllItems/Sync": 234.23306709582474,
  "AngularJS-TodoMVC/DeletingAllItems/total": 249.3605568030983,
  "AngularJS-TodoMVC/total": 652.9823030483134,
  "BackboneJS-TodoMVC/Adding100Items/Async": 43.58869438169456,
  "BackboneJS-TodoMVC/Adding100Items/Sync": 70.8519550458708,
  "BackboneJS-TodoMVC/Adding100Items/total": 114.46541275360602,
  "BackboneJS-TodoMVC/CompletingAllItems/Async": 33.06862315552845,
  "BackboneJS-TodoMVC/CompletingAllItems/Sync": 45.86029437965289,
  "BackboneJS-TodoMVC/CompletingAllItems/total": 78.93596373426462,
  "BackboneJS-TodoMVC/DeletingAllItems/Async": 4.660253081416047,
  "BackboneJS-TodoMVC/DeletingAllItems/Sync": 29.29409755923176,
  "BackboneJS-TodoMVC/DeletingAllItems/total": 33.96672098439485,
  "BackboneJS-TodoMVC/total": 227.3964059737841,
  "Elm-TodoMVC/Adding100Items/Async": 52.987265429328836,
  "Elm-TodoMVC/Adding100Items/Sync": 136.46956643103854,
  "Elm-TodoMVC/Adding100Items/total": 190.71697802623322,
  "Elm-TodoMVC/CompletingAllItems/Async": 34.72433821447444,
  "Elm-TodoMVC/CompletingAllItems/Sync": 114.0882077014629,
  "Elm-TodoMVC/CompletingAllItems/total": 148.89043991206003,
  "Elm-TodoMVC/DeletingItems/Async": 9.624266526147059,
  "Elm-TodoMVC/DeletingItems/Sync": 139.22339640366852,
  "Elm-TodoMVC/DeletingItems/total": 149.07870318751796,
  "Elm-TodoMVC/total": 492.39746640031694,
  "EmberJS-Debug-TodoMVC/Adding100Items/Async": 46.977446219726104,
  "EmberJS-Debug-TodoMVC/Adding100Items/Sync": 586.2159028103007,
  "EmberJS-Debug-TodoMVC/Adding100Items/total": 633.4272316121106,
  "EmberJS-Debug-TodoMVC/CompletingAllItems/Async": 32.59922346906482,
  "EmberJS-Debug-TodoMVC/CompletingAllItems/Sync": 361.8165720626934,
  "EmberJS-Debug-TodoMVC/CompletingAllItems/total": 394.802380348966,
  "EmberJS-Debug-TodoMVC/DeletingItems/Async": 7.545014483955261,
  "EmberJS-Debug-TodoMVC/DeletingItems/Sync": 394.05427410980406,
  "EmberJS-Debug-TodoMVC/DeletingItems/total": 402.2749866171647,
  "EmberJS-Debug-TodoMVC/total": 1444.1892160727402,
  "EmberJS-TodoMVC/Adding100Items/Async": 44.861283089264354,
  "EmberJS-TodoMVC/Adding100Items/Sync": 200.1142051428488,
  "EmberJS-TodoMVC/Adding100Items/total": 245.21643733320127,
  "EmberJS-TodoMVC/CompletingAllItems/Async": 36.847776830306636,
  "EmberJS-TodoMVC/CompletingAllItems/Sync": 128.38781885455398,
  "EmberJS-TodoMVC/CompletingAllItems/total": 165.80505403466515,
  "EmberJS-TodoMVC/DeletingItems/Async": 5.09026388112563,
  "EmberJS-TodoMVC/DeletingItems/Sync": 87.34468899686229,
  "EmberJS-TodoMVC/DeletingItems/total": 92.72404327067082,
  "EmberJS-TodoMVC/total": 508.2740919146284,
  "Flight-TodoMVC/Adding100Items/Async": 38.94888994565469,
  "Flight-TodoMVC/Adding100Items/Sync": 97.12844775446509,
  "Flight-TodoMVC/Adding100Items/total": 136.0900143804805,
  "Flight-TodoMVC/CompletingAllItems/Async": 28.738633579432346,
  "Flight-TodoMVC/CompletingAllItems/Sync": 104.50391070684111,
  "Flight-TodoMVC/CompletingAllItems/total": 133.25032843590716,
  "Flight-TodoMVC/DeletingItems/Async": 3.669175402059939,
  "Flight-TodoMVC/DeletingItems/Sync": 87.37265620781396,
  "Flight-TodoMVC/DeletingItems/total": 91.04400537886927,
  "Flight-TodoMVC/total": 360.39255459437845,
  "Inferno-TodoMVC/Adding100Items/Async": 45.327645513022695,
  "Inferno-TodoMVC/Adding100Items/Sync": 48.90933081448228,
  "Inferno-TodoMVC/Adding100Items/total": 94.52189330639368,
  "Inferno-TodoMVC/CompletingAllItems/Async": 10.860237340367112,
  "Inferno-TodoMVC/CompletingAllItems/Sync": 118.13263942707083,
  "Inferno-TodoMVC/CompletingAllItems/total": 129.47850227311258,
  "Inferno-TodoMVC/DeletingItems/Async": 3.8453592276168322,
  "Inferno-TodoMVC/DeletingItems/Sync": 239.498447841659,
  "Inferno-TodoMVC/DeletingItems/total": 243.5222195621487,
  "Inferno-TodoMVC/total": 470.57644262939544,
  "Preact-TodoMVC/Adding100Items/Async": 42.91893066219227,
  "Preact-TodoMVC/Adding100Items/Sync": 6.213710736064801,
  "Preact-TodoMVC/Adding100Items/total": 49.1359940704915,
  "Preact-TodoMVC/CompletingAllItems/Async": 30.6963446687092,
  "Preact-TodoMVC/CompletingAllItems/Sync": 3.800303688314678,
  "Preact-TodoMVC/CompletingAllItems/total": 34.50343931656235,
  "Preact-TodoMVC/DeletingItems/Async": 7.677913760630357,
  "Preact-TodoMVC/DeletingItems/Sync": 1.984675314450398,
  "Preact-TodoMVC/DeletingItems/total": 9.667124592848163,
  "Preact-TodoMVC/total": 93.30860753658301,
  "React-Redux-TodoMVC/Adding100Items/Async": 45.57229790818896,
  "React-Redux-TodoMVC/Adding100Items/Sync": 197.6779089729239,
  "React-Redux-TodoMVC/Adding100Items/total": 244.58799733562296,
  "React-Redux-TodoMVC/CompletingAllItems/Async": 32.06837078785183,
  "React-Redux-TodoMVC/CompletingAllItems/Sync": 195.4458697685294,
  "React-Redux-TodoMVC/CompletingAllItems/total": 227.93896979571753,
  "React-Redux-TodoMVC/DeletingItems/Async": 6.438819711139022,
  "React-Redux-TodoMVC/DeletingItems/Sync": 112.34206461119169,
  "React-Redux-TodoMVC/DeletingItems/total": 119.47982884013463,
  "React-Redux-TodoMVC/total": 599.2779797957503,
  "React-TodoMVC/Adding100Items/Async": 43.44708700319223,
  "React-TodoMVC/Adding100Items/Sync": 151.01769100413307,
  "React-TodoMVC/Adding100Items/total": 195.3579892245028,
  "React-TodoMVC/CompletingAllItems/Async": 33.53347779729825,
  "React-TodoMVC/CompletingAllItems/Sync": 96.66048739998386,
  "React-TodoMVC/CompletingAllItems/total": 131.13322996296696,
  "React-TodoMVC/DeletingAllItems/Async": 5.296603911908096,
  "React-TodoMVC/DeletingAllItems/Sync": 55.774229775012145,
  "React-TodoMVC/DeletingAllItems/total": 61.72588449386861,
  "React-TodoMVC/total": 392.9125745992061,
  "Vanilla-ES2015-Babel-Webpack-TodoMVC/Adding100Items/Async": 37.37968859295111,
  "Vanilla-ES2015-Babel-Webpack-TodoMVC/Adding100Items/Sync": 329.13490840481825,
  "Vanilla-ES2015-Babel-Webpack-TodoMVC/Adding100Items/total": 366.5626702131995,
  "Vanilla-ES2015-Babel-Webpack-TodoMVC/CompletingAllItems/Async": 29.75323746269465,
  "Vanilla-ES2015-Babel-Webpack-TodoMVC/CompletingAllItems/Sync": 72.181121097292,
  "Vanilla-ES2015-Babel-Webpack-TodoMVC/CompletingAllItems/total": 101.94280286202658,
  "Vanilla-ES2015-Babel-Webpack-TodoMVC/DeletingItems/Async": 3.7795242709847683,
  "Vanilla-ES2015-Babel-Webpack-TodoMVC/DeletingItems/Sync": 45.70328112340417,
  "Vanilla-ES2015-Babel-Webpack-TodoMVC/DeletingItems/total": 49.48340601771092,
  "Vanilla-ES2015-Babel-Webpack-TodoMVC/total": 518.0006611401872,
  "Vanilla-ES2015-TodoMVC/Adding100Items/Async": 37.75434650368259,
  "Vanilla-ES2015-TodoMVC/Adding100Items/Sync": 336.6248005862558,
  "Vanilla-ES2015-TodoMVC/Adding100Items/total": 374.49923106350974,
  "Vanilla-ES2015-TodoMVC/CompletingAllItems/Async": 30.17611089437438,