{
  "browser-setup": 3.935783,
  "browser-tear_down": 0.194329,
  "probes-creation": 0.00012,
  "probes-setup": 9.8e-05,
  "probes-start": 5.5e-05,
  "run": 130.194144,
  "runner-cooldown": 2.001282
}