{
  "Angular2-TypeScript-TodoMVC/Adding100Items/Async": 36.87885586229781,
  "Angular2-TypeScript-TodoMVC/Adding100Items/Sync": 55.31510680533406,
  "Angular2-TypeScript-TodoMVC/Adding100Items/total": 92.27804585796626,
  "Angular2-TypeScript-TodoMVC/CompletingAllItems/Async": 14.226286165974372,
  "Angular2-TypeScript-TodoMVC/CompletingAllItems/Sync": 9.857477902335187,
  "Angular2-TypeScript-TodoMVC/CompletingAllItems/total": 24.084896367847996,
  "Angular2-TypeScript-TodoMVC/DeletingItems/Async": 4.136759694002773,
  "Angular2-TypeScript-TodoMVC/DeletingItems/Sync": 17.524906501224432,
  "Angular2-TypeScript-TodoMVC/DeletingItems/total": 21.970311065935427,
  "Angular2-TypeScript-TodoMVC/total": 138.49981353943465,
  "AngularJS-TodoMVC/Adding100Items/Async": 54.584845953640496,
  "AngularJS-TodoMVC/Adding100Items/Sync": 230.64416764627097,
  "AngularJS-TodoMVC/Adding100Items/total": 285.9058243597858,
  "AngularJS-TodoMVC/CompletingAllItems/Async": 30.265944123471805,
  "AngularJS-TodoMVC/CompletingAllItems/Sync": 71.04490535378002,
  "AngularJS-TodoMVC/CompletingAllItems/total": 101.37600561081733,
  "AngularJS-TodoMVC/DeletingAllItems/Async": 15.127690640516954,
  "AngularJS-TodoMVC/DeletingAllItems/Sync": 258.21681989739477,
  "AngularJS-TodoMVC/DeletingAllItems/total": 273.3721271685916,
  "AngularJS-TodoMVC/total": 663.3171519640018,
  "BackboneJS-TodoMVC/Adding100Items/Async": 43.411373983732496,
  "BackboneJS-TodoMVC/Adding100Items/Sync": 70.3806963035752,
  "BackboneJS-TodoMVC/Adding100Items/total": 113.80809984860194,
  "BackboneJS-TodoMVC/CompletingAllItems/Async": 32.978649349681575,
  "BackboneJS-TodoMVC/CompletingAllItems/Sync": 45.64474336076247,
  "BackboneJS-TodoMVC/CompletingAllItems/total": 78.62543013520363,
  "BackboneJS-TodoMVC/DeletingAllItems/Async": 4.831357217812483,
  "BackboneJS-TodoMVC/DeletingAllItems/Sync": 29.0796805982928,
  "BackboneJS-TodoMVC/DeletingAllItems/total": 33.9530510117136,
  "BackboneJS-TodoMVC/total": 226.41681945322384,
  "Elm-TodoMVC/Adding100Items/Async": 49.68948990551219,
  "Elm-TodoMVC/Adding100Items/Sync": 118.565578697647,
  "Elm-TodoMVC/Adding100Items/total": 168.3710859808363,
  "Elm-TodoMVC/CompletingAllItems/Async": 35.131330805110835,
  "Elm-TodoMVC/CompletingAllItems/Sync": 152.37017787061635,
  "Elm-TodoMVC/CompletingAllItems/total": 188.87685985085398,
  "Elm-TodoMVC/DeletingItems/Async": 10.936955865655568,
  "Elm-TodoMVC/DeletingItems/Sync": 152.13029287641032,
  "Elm-TodoMVC/DeletingItems/total": 163.56569396289967,
  "Elm-TodoMVC/total": 534.5227047596917,
  "EmberJS-Debug-TodoMVC/Adding100Items/Async": 48.1155733324991,
  "EmberJS-Debug-TodoMVC/Adding100Items/Sync": 623.6719818344282,
  "EmberJS-Debug-TodoMVC/Adding100Items/total": 672.1677247727232,
  "EmberJS-Debug-TodoMVC/CompletingAllItems/Async": 29.935281299591985,
  "EmberJS-Debug-TodoMVC/CompletingAllItems/Sync": 341.1290601675099,
  "EmberJS-Debug-TodoMVC/CompletingAllItems/total": 371.1081289219768,
  "EmberJS-Debug-TodoMVC/DeletingItems/Async": 10.077439856252171,
  "EmberJS-Debug-TodoMVC/DeletingItems/Sync": 428.4946687816861,
  "EmberJS-Debug-TodoMVC/DeletingItems/total": 439.5999363298033,
  "EmberJS-Debug-TodoMVC/total": 1498.0563861185883,
  "EmberJS-TodoMVC/Adding100Items/Async": 42.28516465640506,
  "EmberJS-TodoMVC/Adding100Items/Sync": 208.70585487984053,
  "EmberJS-TodoMVC/Adding100Items/total": 251.25054227974206,
  "EmberJS-TodoMVC/CompletingAllItems/Async": 32.90595125128965,
  "EmberJS-TodoMVC/CompletingAllItems/Sync": 116.47520233838692,
  "EmberJS-TodoMVC/CompletingAllItems/total": 149.5837516027578,
  "EmberJS-TodoMVC/DeletingItems/Async": 4.341323817304447,
  "EmberJS-TodoMVC/DeletingItems/Sync": 75.30391212404965,
  "EmberJS-TodoMVC/DeletingItems/total": 80.22237433672511,
  "EmberJS-TodoMVC/total": 481.8021842260591,
  "Flight-TodoMVC/Adding100Items/Async": 38.858633057953995,
  "Flight-TodoMVC/Adding100Items/Sync": 97.86078043458855,
  "Flight-TodoMVC/Adding100Items/total": 136.7330999476913,
  "Flight-TodoMVC/CompletingAllItems/Async": 28.686563489237702,
  "Flight-TodoMVC/CompletingAllItems/Sync": 106.15467323259881,
  "Flight-TodoMVC/CompletingAllItems/total": 134.8523999488118,
  "Flight-TodoMVC/DeletingItems/Async": 3.9187306266075854,
  "Flight-TodoMVC/DeletingItems/Sync": 88.13663909158132,
  "Flight-TodoMVC/DeletingItems/total": 92.10978548199868,
  "Flight-TodoMVC/total": 363.71297363923276,
  "Inferno-TodoMVC/Adding100Items/Async": 43.76423802276752,
  "Inferno-TodoMVC/Adding100Items/Sync": 49.256184944911,
  "Inferno-TodoMVC/Adding100Items/total": 93.15815391119344,
  "Inferno-TodoMVC/CompletingAllItems/Async": 9.804725986754038,
  "Inferno-TodoMVC/CompletingAllItems/Sync": 111.28543899523466,
  "Inferno-TodoMVC/CompletingAllItems/total": 121.56032605368517,
  "Inferno-TodoMVC/DeletingItems/Async": 3.507038531304319,
  "Inferno-TodoMVC/DeletingItems/Sync": 243.09901365824672,
  "Inferno-TodoMVC/DeletingItems/total": 246.60742464785756,
  "Inferno-TodoMVC/total": 461.54784082727764,
  "Preact-TodoMVC/Adding100Items/Async": 43.12986776788286,
  "Preact-TodoMVC/Adding100Items/Sync": 6.343516493765925,
  "Preact-TodoMVC/Adding100Items/total": 49.475657566128,
  "Preact-TodoMVC/CompletingAllItems/Async": 31.107677735378807,
  "Preact-TodoMVC/CompletingAllItems/Sync": 3.8830261920600093,
  "Preact-TodoMVC/CompletingAllItems/total": 34.99535781364362,
  "Preact-TodoMVC/DeletingItems/Async": 7.518578124131345,
  "Preact-TodoMVC/DeletingItems/Sync": 2.08880005233122,
  "Preact-TodoMVC/DeletingItems/total": 9.615477145523528,
  "Preact-TodoMVC/total": 94.09130786079737,
  "React-Redux-TodoMVC/Adding100Items/Async": 42.78532128205481,
  "React-Redux-TodoMVC/Adding100Items/Sync": 198.68986630519603,
  "React-Redux-TodoMVC/Adding100Items/total": 241.94637996195613,
  "React-Redux-TodoMVC/CompletingAllItems/Async": 29.94798276305764,
  "React-Redux-TodoMVC/CompletingAllItems/Sync": 182.955279860957,
  "React-Redux-TodoMVC/CompletingAllItems/total": 213.19527592245817,
  "React-Redux-TodoMVC/DeletingItems/Async": 4.936245796347813,
  "React-Redux-TodoMVC/DeletingItems/Sync": 109.74331657102192,
  "React-Redux-TodoMVC/DeletingItems/total": 115.13616867882094,
  "React-Redux-TodoMVC/total": 573.6100232033418,
  "React-TodoMVC/Adding100Items/Async": 42.34219554520415,
  "React-TodoMVC/Adding100Items/Sync": 148.48273550630424,
  "React-TodoMVC/Adding100Items/total": 191.67423206919383,
  "React-TodoMVC/CompletingAllItems/Async": 30.722982333893285,
  "React-TodoMVC/CompletingAllItems/Sync": 88.45578248316137,
  "React-TodoMVC/CompletingAllItems/total": 119.26903530448249,
  "React-TodoMVC/DeletingAllItems/Async": 4.554175685508599,
  "React-TodoMVC/DeletingAllItems/Sync": 55.83035633557039,
  "React-TodoMVC/DeletingAllItems/total": 61.11431838691689,
  "React-TodoMVC/total": 373.13173990719037,
  "Vanilla-ES2015-Babel-Webpack-TodoMVC/Adding100Items/Async": 39.08048111211178,
  "Vanilla-ES2015-Babel-Webpack-TodoMVC/Adding100Items/Sync": 326.2183321373572,
  "Vanilla-ES2015-Babel-Webpack-TodoMVC/Adding100Items/total": 365.39091852032504,
  "Vanilla-ES2015-Babel-Webpack-TodoMVC/CompletingAllItems/Async": 29.629180101589245,
  "Vanilla-ES2015-Babel-Webpack-TodoMVC/CompletingAllItems/Sync": 74.03198973309429,
  "Vanilla-ES2015-Babel-Webpack-TodoMVC/CompletingAllItems/total": 103.67572021683782,
  "Vanilla-ES2015-Babel-Webpack-TodoMVC/DeletingItems/Async": 4.208538477011715,
  "Vanilla-ES2015-Babel-Webpack-TodoMVC/DeletingItems/Sync": 46.83604563551723,
  "Vanilla-ES2015-Babel-Webpack-TodoMVC/DeletingItems/total": 51.238344606829905,
  "Vanilla-ES2015-Babel-Webpack-TodoMVC/total": 520.4360273425061,
  "Vanilla-ES2015-TodoMVC/Adding100Items/Async": 36.71182289158276,
  "Vanilla-ES2015-TodoMVC/Adding100Items/Sync": 335.321203818742,
  "Vanilla-ES2015-TodoMVC/Adding100Items/total": 372.05047215282315,
  "Vanilla-ES2015-TodoMVC/CompletingAllItems/Async": 30.509688046805213,