{
  "browser-setup": 3.316562,
  "browser-tear_down": 0.290909,
  "probes-creation": 0.000196,
  "probes-setup": 0.00017,
  "probes-start": 7.7e-05,
  "run": 109.545217,
  "runner-cooldown": 2.002069
}