{
  "Angular2-TypeScript-TodoMVC/Adding100Items/Async": 33.96775776279567,
  "Angular2-TypeScript-TodoMVC/Adding100Items/Sync": 41.639667794957724,
  "Angular2-TypeScript-TodoMVC/Adding100Items/total": 76.03569451184006,
  "Angular2-TypeScript-TodoMVC/CompletingAllItems/Async": 13.633345953926675,
  "Angular2-TypeScript-TodoMVC/CompletingAllItems/Sync": 8.604159864415289,
  "Angular2-TypeScript-TodoMVC/CompletingAllItems/total": 22.314627240311285,
  "Angular2-TypeScript-TodoMVC/DeletingItems/Async": 3.365105980934961,
  "Angular2-TypeScript-TodoMVC/DeletingItems/Sync": 15.990691915076791,
  "Angular2-TypeScript-TodoMVC/DeletingItems/total": 20.164492983968163,
  "Angular2-TypeScript-TodoMVC/total": 119.3572773224883,
  "AngularJS-TodoMVC/Adding100Items/Async": 40.60236192198407,
  "AngularJS-TodoMVC/Adding100Items/Sync": 152.84814322746345,
  "AngularJS-TodoMVC/Adding100Items/total": 193.4874989598453,
  "AngularJS-TodoMVC/CompletingAllItems/Async": 24.543148972348316,
  "AngularJS-TodoMVC/CompletingAllItems/Sync": 54.3978817183974,
  "AngularJS-TodoMVC/CompletingAllItems/total": 79.04996933959106,
  "AngularJS-TodoMVC/DeletingAllItems/Async": 14.347416018870133,
  "AngularJS-TodoMVC/DeletingAllItems/Sync": 171.73078535120106,
  "AngularJS-TodoMVC/DeletingAllItems/total": 186.15025438368815,
  "AngularJS-TodoMVC/total": 461.8066575765381,
  "BackboneJS-TodoMVC/Adding100Items/Async": 36.90938996828621,
  "BackboneJS-TodoMVC/Adding100Items/Sync": 62.58227830157744,
  "BackboneJS-TodoMVC/Adding100Items/total": 100.96587800729715,
  "BackboneJS-TodoMVC/CompletingAllItems/Async": 28.360148328746355,
  "BackboneJS-TodoMVC/CompletingAllItems/Sync": 37.4284427916862,
  "BackboneJS-TodoMVC/CompletingAllItems/total": 65.83198177920778,
  "BackboneJS-TodoMVC/DeletingAllItems/Async": 4.011882829470738,
  "BackboneJS-TodoMVC/DeletingAllItems/Sync": 25.87018717949276,
  "BackboneJS-TodoMVC/DeletingAllItems/total": 30.000285405605343,
  "BackboneJS-TodoMVC/total": 198.56462829658307,
  "Elm-TodoMVC/Adding100Items/Async": 46.19937527293247,
  "Elm-TodoMVC/Adding100Items/Sync": 95.84772893250097,
  "Elm-TodoMVC/Adding100Items/total": 143.29188615903865,
  "Elm-TodoMVC/CompletingAllItems/Async": 30.685226126935202,
  "Elm-TodoMVC/CompletingAllItems/Sync": 103.99186980448174,
  "Elm-TodoMVC/CompletingAllItems/total": 136.094126996786,
  "Elm-TodoMVC/DeletingItems/Async": 10.536154095664832,
  "Elm-TodoMVC/DeletingItems/Sync": 110.86938052269399,
  "Elm-TodoMVC/DeletingItems/total": 122.87911309339856,
  "Elm-TodoMVC/total": 419.1254096383808,
  "EmberJS-Debug-TodoMVC/Adding100Items/Async": 39.25979397947688,
  "EmberJS-Debug-TodoMVC/Adding100Items/Sync": 415.5595962919413,
  "EmberJS-Debug-TodoMVC/Adding100Items/total": 455.01796649943725,
  "EmberJS-Debug-TodoMVC/CompletingAllItems/Async": 27.301147762647137,
  "EmberJS-Debug-TodoMVC/CompletingAllItems/Sync": 285.15481127357094,
  "EmberJS-Debug-TodoMVC/CompletingAllItems/total": 312.84005807941367,
  "EmberJS-Debug-TodoMVC/DeletingItems/Async": 5.501304652125492,
  "EmberJS-Debug-TodoMVC/DeletingItems/Sync": 293.1764795263799,
  "EmberJS-Debug-TodoMVC/DeletingItems/total": 299.47322492624716,
  "EmberJS-Debug-TodoMVC/total": 1077.1372197820135,
  "EmberJS-TodoMVC/Adding100Items/Async": 33.97366637886299,
  "EmberJS-TodoMVC/Adding100Items/Sync": 141.76168696561393,
  "EmberJS-TodoMVC/Adding100Items/total": 175.79537191120326,
  "EmberJS-TodoMVC/CompletingAllItems/Async": 26.073164567948535,
  "EmberJS-TodoMVC/CompletingAllItems/Sync": 93.12768625585522,
  "EmberJS-TodoMVC/CompletingAllItems/total": 119.21288302072358,
  "EmberJS-TodoMVC/DeletingItems/Async": 3.399769924602374,
  "EmberJS-TodoMVC/DeletingItems/Sync": 62.268551357053724,
  "EmberJS-TodoMVC/DeletingItems/total": 65.92911477043451,
  "EmberJS-TodoMVC/total": 361.01069416586125,
  "Flight-TodoMVC/Adding100Items/Async": 32.456555135103955,
  "Flight-TodoMVC/Adding100Items/Sync": 78.28452532194815,
  "Flight-TodoMVC/Adding100Items/total": 110.75120230527544,
  "Flight-TodoMVC/CompletingAllItems/Async": 24.477206404398757,
  "Flight-TodoMVC/CompletingAllItems/Sync": 85.6637688187964,
  "Flight-TodoMVC/CompletingAllItems/total": 110.14547775218863,
  "Flight-TodoMVC/DeletingItems/Async": 2.8175590720853654,
  "Flight-TodoMVC/DeletingItems/Sync": 69.48710636425562,
  "Flight-TodoMVC/DeletingItems/total": 72.30708195521065,
  "Flight-TodoMVC/total": 293.20970366137226,
  "Inferno-TodoMVC/Adding100Items/Async": 37.974828580189104,
  "Inferno-TodoMVC/Adding100Items/Sync": 43.71280498165508,
  "Inferno-TodoMVC/Adding100Items/total": 81.83430455559416,
  "Inferno-TodoMVC/CompletingAllItems/Async": 6.257093500207463,
  "Inferno-TodoMVC/CompletingAllItems/Sync": 85.5030300879993,
  "Inferno-TodoMVC/CompletingAllItems/total": 91.76689007832461,
  "Inferno-TodoMVC/DeletingItems/Async": 3.180281778409602,
  "Inferno-TodoMVC/DeletingItems/Sync": 206.1414278939399,
  "Inferno-TodoMVC/DeletingItems/total": 209.36262992329398,
  "Inferno-TodoMVC/total": 383.50479645278807,
  "Preact-TodoMVC/Adding100Items/Async": 36.385738474009,
  "Preact-TodoMVC/Adding100Items/Sync": 4.898222991155527,
  "Preact-TodoMVC/Adding100Items/total": 41.29226712207331,
  "Preact-TodoMVC/CompletingAllItems/Async": 15.876286078757333,
  "Preact-TodoMVC/CompletingAllItems/Sync": 2.9409354331869304,
  "Preact-TodoMVC/CompletingAllItems/total": 18.822881928145666,
  "Preact-TodoMVC/DeletingItems/Async": 4.152387311669251,
  "Preact-TodoMVC/DeletingItems/Sync": 1.522623379382587,
  "Preact-TodoMVC/DeletingItems/total": 5.6767978657233975,
  "Preact-TodoMVC/total": 65.83010963505342,
  "React-Redux-TodoMVC/Adding100Items/Async": 33.4683063542396,
  "React-Redux-TodoMVC/Adding100Items/Sync": 129.25023385099445,
  "React-Redux-TodoMVC/Adding100Items/total": 162.7824450277199,
  "React-Redux-TodoMVC/CompletingAllItems/Async": 24.82705309587216,
  "React-Redux-TodoMVC/CompletingAllItems/Sync": 131.05820167223024,
  "React-Redux-TodoMVC/CompletingAllItems/total": 155.92776696061037,
  "React-Redux-TodoMVC/DeletingItems/Async": 3.880009942828085,
  "React-Redux-TodoMVC/DeletingItems/Sync": 99.01323085181151,
  "React-Redux-TodoMVC/DeletingItems/total": 103.21706909666837,
  "React-Redux-TodoMVC/total": 428.739050045584,
  "React-TodoMVC/Adding100Items/Async": 34.36992526682417,
  "React-TodoMVC/Adding100Items/Sync": 105.60662187929023,
  "React-TodoMVC/Adding100Items/total": 140.00074948065904,
  "React-TodoMVC/CompletingAllItems/Async": 29.908294289164335,
  "React-TodoMVC/CompletingAllItems/Sync": 73.11602963044048,
  "React-TodoMVC/CompletingAllItems/total": 104.46496640849807,
  "React-TodoMVC/DeletingAllItems/Async": 4.310398042427729,
  "React-TodoMVC/DeletingAllItems/Sync": 46.467197339828495,
  "React-TodoMVC/DeletingAllItems/total": 52.059631379069145,
  "React-TodoMVC/total": 299.73882254409136,
  "Vanilla-ES2015-Babel-Webpack-TodoMVC/Adding100Items/Async": 34.256993413079215,
  "Vanilla-ES2015-Babel-Webpack-TodoMVC/Adding100Items/Sync": 290.7909315076765,
  "Vanilla-ES2015-Babel-Webpack-TodoMVC/Adding100Items/total": 325.1103311966534,
  "Vanilla-ES2015-Babel-Webpack-TodoMVC/CompletingAllItems/Async": 27.231840427631106,
  "Vanilla-ES2015-Babel-Webpack-TodoMVC/CompletingAllItems/Sync": 73.8115478938349,
  "Vanilla-ES2015-Babel-Webpack-TodoMVC/CompletingAllItems/total": 101.83061704670783,
  "Vanilla-ES2015-Babel-Webpack-TodoMVC/DeletingItems/Async": 3.27204830724115,
  "Vanilla-ES2015-Babel-Webpack-TodoMVC/DeletingItems/Sync": 40.17701828257795,
  "Vanilla-ES2015-Babel-Webpack-TodoMVC/DeletingItems/total": 43.89446257457561,
  "Vanilla-ES2015-Babel-Webpack-TodoMVC/total": 477.67174449102885,
  "Vanilla-ES2015-TodoMVC/Adding100Items/Async": 33.94771244320656,
  "Vanilla-ES2015-TodoMVC/Adding100Items/Sync": 312.56356161829154,
  "Vanilla-ES2015-TodoMVC/Adding100Items/total": 346.69787320681354,
  "Vanilla-ES2015-TodoMVC/CompletingAllItems/Async": 27.823380861070177,