{
  "browser-setup": 3.27772,
  "browser-tear_down": 0.289785,
  "probes-creation": 0.000168,
  "probes-setup": 0.000142,
  "probes-start": 7.8e-05,
  "run": 111.359645,
  "runner-cooldown": 2.002053
}