{
  "Angular2-TypeScript-TodoMVC/Adding100Items/Async": 30.917695664370186,
  "Angular2-TypeScript-TodoMVC/Adding100Items/Sync": 41.99894360057849,
  "Angular2-TypeScript-TodoMVC/Adding100Items/total": 72.94610554199896,
  "Angular2-TypeScript-TodoMVC/CompletingAllItems/Async": 12.863467399627703,
  "Angular2-TypeScript-TodoMVC/CompletingAllItems/Sync": 8.51307233593029,
  "Angular2-TypeScript-TodoMVC/CompletingAllItems/total": 21.377743543968005,
  "Angular2-TypeScript-TodoMVC/DeletingItems/Async": 2.4815128384492486,
  "Angular2-TypeScript-TodoMVC/DeletingItems/Sync": 16.321629924916767,
  "Angular2-TypeScript-TodoMVC/DeletingItems/total": 18.805232745818543,
  "Angular2-TypeScript-TodoMVC/total": 113.14318269198908,
  "AngularJS-TodoMVC/Adding100Items/Async": 40.174842015591906,
  "AngularJS-TodoMVC/Adding100Items/Sync": 150.45245241392388,
  "AngularJS-TodoMVC/Adding100Items/total": 190.63598300859604,
  "AngularJS-TodoMVC/CompletingAllItems/Async": 25.129578846475596,
  "AngularJS-TodoMVC/CompletingAllItems/Sync": 53.61565102266839,
  "AngularJS-TodoMVC/CompletingAllItems/total": 78.81019414686305,
  "AngularJS-TodoMVC/DeletingAllItems/Async": 14.71183498253934,
  "AngularJS-TodoMVC/DeletingAllItems/Sync": 167.12359316039806,
  "AngularJS-TodoMVC/DeletingAllItems/total": 181.89475665248077,
  "AngularJS-TodoMVC/total": 452.55407569503916,
  "BackboneJS-TodoMVC/Adding100Items/Async": 36.22440512553442,
  "BackboneJS-TodoMVC/Adding100Items/Sync": 54.533648972820636,
  "BackboneJS-TodoMVC/Adding100Items/total": 90.76635237481192,
  "BackboneJS-TodoMVC/CompletingAllItems/Async": 27.4658144312756,
  "BackboneJS-TodoMVC/CompletingAllItems/Sync": 37.59538585383093,
  "BackboneJS-TodoMVC/CompletingAllItems/total": 65.06335316413426,
  "BackboneJS-TodoMVC/DeletingAllItems/Async": 3.35713352243821,
  "BackboneJS-TodoMVC/DeletingAllItems/Sync": 25.576038695940248,
  "BackboneJS-TodoMVC/DeletingAllItems/total": 28.945635758732816,
  "BackboneJS-TodoMVC/total": 184.80414776590374,
  "Elm-TodoMVC/Adding100Items/Async": 47.221809466554326,
  "Elm-TodoMVC/Adding100Items/Sync": 90.13322935507598,
  "Elm-TodoMVC/Adding100Items/total": 137.39642946751968,
  "Elm-TodoMVC/CompletingAllItems/Async": 31.192025223347706,
  "Elm-TodoMVC/CompletingAllItems/Sync": 92.38081937426526,
  "Elm-TodoMVC/CompletingAllItems/total": 124.25737991788259,
  "Elm-TodoMVC/DeletingItems/Async": 8.450017583956301,
  "Elm-TodoMVC/DeletingItems/Sync": 106.77999991210137,
  "Elm-TodoMVC/DeletingItems/total": 115.35763824033417,
  "Elm-TodoMVC/total": 383.3989988718625,
  "EmberJS-Debug-TodoMVC/Adding100Items/Async": 38.74203388345664,
  "EmberJS-Debug-TodoMVC/Adding100Items/Sync": 404.6503071351914,
  "EmberJS-Debug-TodoMVC/Adding100Items/total": 443.4180389274012,
  "EmberJS-Debug-TodoMVC/CompletingAllItems/Async": 25.58397832792432,
  "EmberJS-Debug-TodoMVC/CompletingAllItems/Sync": 276.41866317460796,
  "EmberJS-Debug-TodoMVC/CompletingAllItems/total": 302.0345760762033,
  "EmberJS-Debug-TodoMVC/DeletingItems/Async": 5.901892330879053,
  "EmberJS-Debug-TodoMVC/DeletingItems/Sync": 295.43842676075445,
  "EmberJS-Debug-TodoMVC/DeletingItems/total": 303.24088627968445,
  "EmberJS-Debug-TodoMVC/total": 1053.8876135217604,
  "EmberJS-TodoMVC/Adding100Items/Async": 35.34916881823954,
  "EmberJS-TodoMVC/Adding100Items/Sync": 156.29573105988408,
  "EmberJS-TodoMVC/Adding100Items/total": 191.9564025338557,
  "EmberJS-TodoMVC/CompletingAllItems/Async": 27.05988856184985,
  "EmberJS-TodoMVC/CompletingAllItems/Sync": 104.24762234832151,
  "EmberJS-TodoMVC/CompletingAllItems/total": 131.70845167196978,
  "EmberJS-TodoMVC/DeletingItems/Async": 5.172847010768308,
  "EmberJS-TodoMVC/DeletingItems/Sync": 64.65521226718687,
  "EmberJS-TodoMVC/DeletingItems/total": 71.08266525913696,
  "EmberJS-TodoMVC/total": 398.6503319860422,
  "Flight-TodoMVC/Adding100Items/Async": 32.33330523011122,
  "Flight-TodoMVC/Adding100Items/Sync": 78.70658278298876,
  "Flight-TodoMVC/Adding100Items/total": 111.05239771562182,
  "Flight-TodoMVC/CompletingAllItems/Async": 24.651262712895043,
  "Flight-TodoMVC/CompletingAllItems/Sync": 84.87606067256147,
  "Flight-TodoMVC/CompletingAllItems/total": 109.54114396725413,
  "Flight-TodoMVC/DeletingItems/Async": 3.208898475162018,
  "Flight-TodoMVC/DeletingItems/Sync": 69.87708493213471,
  "Flight-TodoMVC/DeletingItems/total": 73.66021377113866,
  "Flight-TodoMVC/total": 294.34779242241257,
  "Inferno-TodoMVC/Adding100Items/Async": 37.9143498802482,
  "Inferno-TodoMVC/Adding100Items/Sync": 43.919234574016656,
  "Inferno-TodoMVC/Adding100Items/total": 81.97010919433056,
  "Inferno-TodoMVC/CompletingAllItems/Async": 6.562327326380979,
  "Inferno-TodoMVC/CompletingAllItems/Sync": 85.61098586237163,
  "Inferno-TodoMVC/CompletingAllItems/total": 92.28482443992377,
  "Inferno-TodoMVC/DeletingItems/Async": 2.9380533122976993,
  "Inferno-TodoMVC/DeletingItems/Sync": 218.3472887794527,
  "Inferno-TodoMVC/DeletingItems/total": 221.29969124382478,
  "Inferno-TodoMVC/total": 396.7140928119566,
  "Preact-TodoMVC/Adding100Items/Async": 37.38277651733678,
  "Preact-TodoMVC/Adding100Items/Sync": 5.0255960826921715,
  "Preact-TodoMVC/Adding100Items/total": 42.420077582129,
  "Preact-TodoMVC/CompletingAllItems/Async": 16.233187719039904,
  "Preact-TodoMVC/CompletingAllItems/Sync": 3.1595780802357614,
  "Preact-TodoMVC/CompletingAllItems/total": 19.409023739472723,
  "Preact-TodoMVC/DeletingItems/Async": 4.45925142650041,
  "Preact-TodoMVC/DeletingItems/Sync": 1.7508854761120938,
  "Preact-TodoMVC/DeletingItems/total": 6.21995007207758,
  "Preact-TodoMVC/total": 68.12306350977998,
  "React-Redux-TodoMVC/Adding100Items/Async": 34.37037189077845,
  "React-Redux-TodoMVC/Adding100Items/Sync": 132.19575440234777,
  "React-Redux-TodoMVC/Adding100Items/total": 166.57871958457412,
  "React-Redux-TodoMVC/CompletingAllItems/Async": 25.172991315595755,
  "React-Redux-TodoMVC/CompletingAllItems/Sync": 132.39998808286276,
  "React-Redux-TodoMVC/CompletingAllItems/total": 157.59619275230796,
  "React-Redux-TodoMVC/DeletingItems/Async": 3.433890707738439,
  "React-Redux-TodoMVC/DeletingItems/Sync": 87.14753451629066,
  "React-Redux-TodoMVC/DeletingItems/total": 90.75009537336992,
  "React-Redux-TodoMVC/total": 415.0551075618784,
  "React-TodoMVC/Adding100Items/Async": 35.41000648781495,
  "React-TodoMVC/Adding100Items/Sync": 113.6198050218525,
  "React-TodoMVC/Adding100Items/total": 149.40530964883666,
  "React-TodoMVC/CompletingAllItems/Async": 27.718963680830072,
  "React-TodoMVC/CompletingAllItems/Sync": 79.33601516238302,
  "React-TodoMVC/CompletingAllItems/total": 108.27658530539352,
  "React-TodoMVC/DeletingAllItems/Async": 3.8545387167266103,
  "React-TodoMVC/DeletingAllItems/Sync": 46.68626303782651,
  "React-TodoMVC/DeletingAllItems/total": 51.0731410636075,
  "React-TodoMVC/total": 315.32428868082184,
  "Vanilla-ES2015-Babel-Webpack-TodoMVC/Adding100Items/Async": 34.51702440467164,
  "Vanilla-ES2015-Babel-Webpack-TodoMVC/Adding100Items/Sync": 296.5943715871876,
  "Vanilla-ES2015-Babel-Webpack-TodoMVC/Adding100Items/total": 331.1127940938259,
  "Vanilla-ES2015-Babel-Webpack-TodoMVC/CompletingAllItems/Async": 26.34347417709704,
  "Vanilla-ES2015-Babel-Webpack-TodoMVC/CompletingAllItems/Sync": 62.44002690578686,
  "Vanilla-ES2015-Babel-Webpack-TodoMVC/CompletingAllItems/total": 88.79326294250285,
  "Vanilla-ES2015-Babel-Webpack-TodoMVC/DeletingItems/Async": 2.8330524871879135,
  "Vanilla-ES2015-Babel-Webpack-TodoMVC/DeletingItems/Sync": 39.756068912993356,
  "Vanilla-ES2015-Babel-Webpack-TodoMVC/DeletingItems/total": 42.592330602719336,
  "Vanilla-ES2015-Babel-Webpack-TodoMVC/total": 462.5197410675136,
  "Vanilla-ES2015-TodoMVC/Adding100Items/Async": 33.86746892230583,
  "Vanilla-ES2015-TodoMVC/Adding100Items/Sync": 308.1446140703106,
  "Vanilla-ES2015-TodoMVC/Adding100Items/total": 342.05820462616674,
  "Vanilla-ES2015-TodoMVC/CompletingAllItems/Async": 26.243032195583588,