{
  "browser-setup": 3.291696,
  "browser-tear_down": 0.259531,
  "probes-creation": 0.000232,
  "probes-setup": 0.00016,
  "probes-start": 0.0001,
  "run": 111.516595,
  "runner-cooldown": 2.002062
}