{
  "Angular2-TypeScript-TodoMVC/Adding100Items/Async": 32.2322381260526,
  "Angular2-TypeScript-TodoMVC/Adding100Items/Sync": 42.52753050386843,
  "Angular2-TypeScript-TodoMVC/Adding100Items/total": 74.80880361529711,
  "Angular2-TypeScript-TodoMVC/CompletingAllItems/Async": 13.730680301286387,
  "Angular2-TypeScript-TodoMVC/CompletingAllItems/Sync": 8.571130030459,
  "Angular2-TypeScript-TodoMVC/CompletingAllItems/total": 22.3537617463272,
  "Angular2-TypeScript-TodoMVC/DeletingItems/Async": 2.6693090568019153,
  "Angular2-TypeScript-TodoMVC/DeletingItems/Sync": 16.241908525502286,
  "Angular2-TypeScript-TodoMVC/DeletingItems/total": 18.919093532136877,
  "Angular2-TypeScript-TodoMVC/total": 116.25039532070677,
  "AngularJS-TodoMVC/Adding100Items/Async": 41.68200251879653,
  "AngularJS-TodoMVC/Adding100Items/Sync": 156.42214080396033,
  "AngularJS-TodoMVC/Adding100Items/total": 198.11283035170038,
  "AngularJS-TodoMVC/CompletingAllItems/Async": 26.9365707585251,
  "AngularJS-TodoMVC/CompletingAllItems/Sync": 55.19974618787837,
  "AngularJS-TodoMVC/CompletingAllItems/total": 82.96171513505858,
  "AngularJS-TodoMVC/DeletingAllItems/Async": 15.881057442429757,
  "AngularJS-TodoMVC/DeletingAllItems/Sync": 158.36913621056078,
  "AngularJS-TodoMVC/DeletingAllItems/total": 174.34146287037058,
  "AngularJS-TodoMVC/total": 455.9051352209282,
  "BackboneJS-TodoMVC/Adding100Items/Async": 41.52034928302364,
  "BackboneJS-TodoMVC/Adding100Items/Sync": 55.49489280864685,
  "BackboneJS-TodoMVC/Adding100Items/total": 97.16633062079806,
  "BackboneJS-TodoMVC/CompletingAllItems/Async": 34.09128528473729,
  "BackboneJS-TodoMVC/CompletingAllItems/Sync": 37.63074339628398,
  "BackboneJS-TodoMVC/CompletingAllItems/total": 72.68871052681124,
  "BackboneJS-TodoMVC/DeletingAllItems/Async": 4.4005210298754855,
  "BackboneJS-TodoMVC/DeletingAllItems/Sync": 26.14916512767001,
  "BackboneJS-TodoMVC/DeletingAllItems/total": 30.957398664412565,
  "BackboneJS-TodoMVC/total": 201.3874765398864,
  "Elm-TodoMVC/Adding100Items/Async": 48.85383953042777,
  "Elm-TodoMVC/Adding100Items/Sync": 86.83570086771834,
  "Elm-TodoMVC/Adding100Items/total": 135.74604486212365,
  "Elm-TodoMVC/CompletingAllItems/Async": 30.338563513090346,
  "Elm-TodoMVC/CompletingAllItems/Sync": 82.93512840352912,
  "Elm-TodoMVC/CompletingAllItems/total": 113.29807219539819,
  "Elm-TodoMVC/DeletingItems/Async": 9.327712541555199,
  "Elm-TodoMVC/DeletingItems/Sync": 105.5094306408153,
  "Elm-TodoMVC/DeletingItems/total": 114.94974903144508,
  "Elm-TodoMVC/total": 364.3630455894527,
  "EmberJS-Debug-TodoMVC/Adding100Items/Async": 46.159076542850315,
  "EmberJS-Debug-TodoMVC/Adding100Items/Sync": 728.4350726048665,
  "EmberJS-Debug-TodoMVC/Adding100Items/total": 775.3384486791092,
  "EmberJS-Debug-TodoMVC/CompletingAllItems/Async": 33.60787834102276,
  "EmberJS-Debug-TodoMVC/CompletingAllItems/Sync": 292.84739049519004,
  "EmberJS-Debug-TodoMVC/CompletingAllItems/total": 326.6837994442889,
  "EmberJS-Debug-TodoMVC/DeletingItems/Async": 9.101632885744898,
  "EmberJS-Debug-TodoMVC/DeletingItems/Sync": 279.6305732675488,
  "EmberJS-Debug-TodoMVC/DeletingItems/total": 289.20258693593746,
  "EmberJS-Debug-TodoMVC/total": 1398.4946829540938,
  "EmberJS-TodoMVC/Adding100Items/Async": 34.20604655244855,
  "EmberJS-TodoMVC/Adding100Items/Sync": 152.0178380515542,
  "EmberJS-TodoMVC/Adding100Items/total": 186.33739290739538,
  "EmberJS-TodoMVC/CompletingAllItems/Async": 29.96022498135897,
  "EmberJS-TodoMVC/CompletingAllItems/Sync": 109.02678907746649,
  "EmberJS-TodoMVC/CompletingAllItems/total": 139.21694762403763,
  "EmberJS-TodoMVC/DeletingItems/Async": 3.577188430552487,
  "EmberJS-TodoMVC/DeletingItems/Sync": 72.81593348332981,
  "EmberJS-TodoMVC/DeletingItems/total": 76.43348664828848,
  "EmberJS-TodoMVC/total": 403.1112267502831,
  "Flight-TodoMVC/Adding100Items/Async": 33.8379664382077,
  "Flight-TodoMVC/Adding100Items/Sync": 78.86313300443572,
  "Flight-TodoMVC/Adding100Items/total": 112.71541991188653,
  "Flight-TodoMVC/CompletingAllItems/Async": 26.09359193109819,
  "Flight-TodoMVC/CompletingAllItems/Sync": 86.1495501421495,
  "Flight-TodoMVC/CompletingAllItems/total": 112.3508652128249,
  "Flight-TodoMVC/DeletingItems/Async": 3.4414347248426282,
  "Flight-TodoMVC/DeletingItems/Sync": 69.91842364572669,
  "Flight-TodoMVC/DeletingItems/total": 73.42351212605574,
  "Flight-TodoMVC/total": 298.5156942691136,
  "Inferno-TodoMVC/Adding100Items/Async": 39.25785249679623,
  "Inferno-TodoMVC/Adding100Items/Sync": 42.39830065981127,
  "Inferno-TodoMVC/Adding100Items/total": 81.73547319036373,
  "Inferno-TodoMVC/CompletingAllItems/Async": 6.503700762916479,
  "Inferno-TodoMVC/CompletingAllItems/Sync": 85.55264674420167,
  "Inferno-TodoMVC/CompletingAllItems/total": 92.06235294520856,
  "Inferno-TodoMVC/DeletingItems/Async": 3.393084409719913,
  "Inferno-TodoMVC/DeletingItems/Sync": 205.21844458586088,
  "Inferno-TodoMVC/DeletingItems/total": 208.66082845424444,
  "Inferno-TodoMVC/total": 382.4911759576043,
  "Preact-TodoMVC/Adding100Items/Async": 37.811912714851914,
  "Preact-TodoMVC/Adding100Items/Sync": 5.042020861253854,
  "Preact-TodoMVC/Adding100Items/total": 42.85721923692922,
  "Preact-TodoMVC/CompletingAllItems/Async": 16.357031502195877,
  "Preact-TodoMVC/CompletingAllItems/Sync": 3.181021967484436,
  "Preact-TodoMVC/CompletingAllItems/total": 19.552538551839746,
  "Preact-TodoMVC/DeletingItems/Async": 4.73901794726779,
  "Preact-TodoMVC/DeletingItems/Sync": 1.701636193278651,
  "Preact-TodoMVC/DeletingItems/total": 6.458116109386122,
  "Preact-TodoMVC/total": 68.95144941064393,
  "React-Redux-TodoMVC/Adding100Items/Async": 33.89425804284161,
  "React-Redux-TodoMVC/Adding100Items/Sync": 137.7762035600636,
  "React-Redux-TodoMVC/Adding100Items/total": 171.8218043062576,
  "React-Redux-TodoMVC/CompletingAllItems/Async": 28.13072172635679,
  "React-Redux-TodoMVC/CompletingAllItems/Sync": 146.66675491164233,
  "React-Redux-TodoMVC/CompletingAllItems/total": 175.14730920495333,
  "React-Redux-TodoMVC/DeletingItems/Async": 4.353578298917985,
  "React-Redux-TodoMVC/DeletingItems/Sync": 107.96149959023957,
  "React-Redux-TodoMVC/DeletingItems/total": 112.51365297729599,
  "React-Redux-TodoMVC/total": 462.0297439014029,
  "React-TodoMVC/Adding100Items/Async": 35.55885949860194,
  "React-TodoMVC/Adding100Items/Sync": 110.04421600978431,
  "React-TodoMVC/Adding100Items/total": 145.77749546289027,
  "React-TodoMVC/CompletingAllItems/Async": 27.91953040752135,
  "React-TodoMVC/CompletingAllItems/Sync": 63.867414931816846,
  "React-TodoMVC/CompletingAllItems/total": 91.81014103193952,
  "React-TodoMVC/DeletingAllItems/Async": 3.002599404861912,
  "React-TodoMVC/DeletingAllItems/Sync": 48.076883430344665,
  "React-TodoMVC/DeletingAllItems/total": 51.13214889407826,
  "React-TodoMVC/total": 289.17103226139164,
  "Vanilla-ES2015-Babel-Webpack-TodoMVC/Adding100Items/Async": 35.776381351487345,
  "Vanilla-ES2015-Babel-Webpack-TodoMVC/Adding100Items/Sync": 301.34144888350863,
  "Vanilla-ES2015-Babel-Webpack-TodoMVC/Adding100Items/total": 337.15232891175316,
  "Vanilla-ES2015-Babel-Webpack-TodoMVC/CompletingAllItems/Async": 26.608551161010002,
  "Vanilla-ES2015-Babel-Webpack-TodoMVC/CompletingAllItems/Sync": 64.23625300056605,
  "Vanilla-ES2015-Babel-Webpack-TodoMVC/CompletingAllItems/total": 90.87805407605445,
  "Vanilla-ES2015-Babel-Webpack-TodoMVC/DeletingItems/Async": 4.125627591777593,
  "Vanilla-ES2015-Babel-Webpack-TodoMVC/DeletingItems/Sync": 40.652647406894474,
  "Vanilla-ES2015-Babel-Webpack-TodoMVC/DeletingItems/total": 46.75489721676823,
  "Vanilla-ES2015-Babel-Webpack-TodoMVC/total": 475.68432972511744,
  "Vanilla-ES2015-TodoMVC/Adding100Items/Async": 35.1393472044023,
  "Vanilla-ES2015-TodoMVC/Adding100Items/Sync": 306.8174848766037,
  "Vanilla-ES2015-TodoMVC/Adding100Items/total": 342.0097782579177,
  "Vanilla-ES2015-TodoMVC/CompletingAllItems/Async": 27.423200255041433,