{
  "Angular2-TypeScript-TodoMVC/Adding100Items/Async": 37.85323674488913,
  "Angular2-TypeScript-TodoMVC/Adding100Items/Sync": 59.59637852205993,
  "Angular2-TypeScript-TodoMVC/Adding100Items/total": 97.49466973929397,
  "Angular2-TypeScript-TodoMVC/CompletingAllItems/Async": 17.724781425530782,
  "Angular2-TypeScript-TodoMVC/CompletingAllItems/Sync": 10.1347671931109,
  "Angular2-TypeScript-TodoMVC/CompletingAllItems/total": 27.877895897002603,
  "Angular2-TypeScript-TodoMVC/DeletingItems/Async": 3.7726861641068234,
  "Angular2-TypeScript-TodoMVC/DeletingItems/Sync": 18.298656829541624,
  "Angular2-TypeScript-TodoMVC/DeletingItems/total": 22.077859624324038,
  "Angular2-TypeScript-TodoMVC/total": 147.48788908584888,
  "AngularJS-TodoMVC/Adding100Items/Async": 57.8063028195364,
  "AngularJS-TodoMVC/Adding100Items/Sync": 272.4809502688666,
  "AngularJS-TodoMVC/Adding100Items/total": 331.6040558694676,
  "AngularJS-TodoMVC/CompletingAllItems/Async": 36.461741502308875,
  "AngularJS-TodoMVC/CompletingAllItems/Sync": 81.74770769057183,
  "AngularJS-TodoMVC/CompletingAllItems/total": 118.7107914461806,
  "AngularJS-TodoMVC/DeletingAllItems/Async": 17.37037528711075,
  "AngularJS-TodoMVC/DeletingAllItems/Sync": 251.70300878203074,
  "AngularJS-TodoMVC/DeletingAllItems/total": 269.3190090049052,
  "AngularJS-TodoMVC/total": 720.4808314961136,
  "BackboneJS-TodoMVC/Adding100Items/Async": 45.42855475388066,
  "BackboneJS-TodoMVC/Adding100Items/Sync": 97.82049390504271,
  "BackboneJS-TodoMVC/Adding100Items/total": 143.57486844844155,
  "BackboneJS-TodoMVC/CompletingAllItems/Async": 34.006378279190024,
  "BackboneJS-TodoMVC/CompletingAllItems/Sync": 55.48866341421279,
  "BackboneJS-TodoMVC/CompletingAllItems/total": 89.58149064367748,
  "BackboneJS-TodoMVC/DeletingAllItems/Async": 5.066061187859473,
  "BackboneJS-TodoMVC/DeletingAllItems/Sync": 30.801578779503455,
  "BackboneJS-TodoMVC/DeletingAllItems/total": 35.925650640019576,
  "BackboneJS-TodoMVC/total": 269.224331583538,
  "Elm-TodoMVC/Adding100Items/Async": 54.311856346464,
  "Elm-TodoMVC/Adding100Items/Sync": 197.48815407251024,
  "Elm-TodoMVC/Adding100Items/total": 259.5607485547899,
  "Elm-TodoMVC/CompletingAllItems/Async": 42.05194010865291,
  "Elm-TodoMVC/CompletingAllItems/Sync": 136.3690530456511,
  "Elm-TodoMVC/CompletingAllItems/total": 178.59227271893698,
  "Elm-TodoMVC/DeletingItems/Async": 10.713081542114251,
  "Elm-TodoMVC/DeletingItems/Sync": 255.84110092884342,
  "Elm-TodoMVC/DeletingItems/total": 267.34046151701517,
  "Elm-TodoMVC/total": 773.9997568314017,
  "EmberJS-Debug-TodoMVC/Adding100Items/Async": 46.53021361992171,
  "EmberJS-Debug-TodoMVC/Adding100Items/Sync": 599.6209925662683,
  "EmberJS-Debug-TodoMVC/Adding100Items/total": 646.237235999725,
  "EmberJS-Debug-TodoMVC/CompletingAllItems/Async": 32.16643972732082,
  "EmberJS-Debug-TodoMVC/CompletingAllItems/Sync": 358.5055220789762,
  "EmberJS-Debug-TodoMVC/CompletingAllItems/total": 390.68994432882687,
  "EmberJS-Debug-TodoMVC/DeletingItems/Async": 5.142277876906039,
  "EmberJS-Debug-TodoMVC/DeletingItems/Sync": 386.3250312616001,
  "EmberJS-Debug-TodoMVC/DeletingItems/total": 391.54663010882143,
  "EmberJS-Debug-TodoMVC/total": 1429.0783045476999,
  "EmberJS-TodoMVC/Adding100Items/Async": 42.33393133890012,
  "EmberJS-TodoMVC/Adding100Items/Sync": 228.4453375775016,
  "EmberJS-TodoMVC/Adding100Items/total": 270.90469488092015,
  "EmberJS-TodoMVC/CompletingAllItems/Async": 35.207130759899776,
  "EmberJS-TodoMVC/CompletingAllItems/Sync": 123.13774926481238,
  "EmberJS-TodoMVC/CompletingAllItems/total": 158.3897533163156,
  "EmberJS-TodoMVC/DeletingItems/Async": 5.760161855853431,
  "EmberJS-TodoMVC/DeletingItems/Sync": 81.80871123140915,
  "EmberJS-TodoMVC/DeletingItems/total": 87.9502455630083,
  "EmberJS-TodoMVC/total": 517.578226698088,
  "Flight-TodoMVC/Adding100Items/Async": 40.78282086575239,
  "Flight-TodoMVC/Adding100Items/Sync": 111.60348684842614,
  "Flight-TodoMVC/Adding100Items/total": 152.525665864397,
  "Flight-TodoMVC/CompletingAllItems/Async": 32.66369617349947,
  "Flight-TodoMVC/CompletingAllItems/Sync": 119.65733636917993,
  "Flight-TodoMVC/CompletingAllItems/total": 152.39684210498024,
  "Flight-TodoMVC/DeletingItems/Async": 4.887938950755141,
  "Flight-TodoMVC/DeletingItems/Sync": 104.57880592484953,
  "Flight-TodoMVC/DeletingItems/total": 109.87698415130079,
  "Flight-TodoMVC/total": 414.8958673222975,
  "Inferno-TodoMVC/Adding100Items/Async": 44.03915593624771,
  "Inferno-TodoMVC/Adding100Items/Sync": 61.31903058613665,
  "Inferno-TodoMVC/Adding100Items/total": 106.17721437613892,
  "Inferno-TodoMVC/CompletingAllItems/Async": 9.808227813293328,
  "Inferno-TodoMVC/CompletingAllItems/Sync": 116.62310305730325,
  "Inferno-TodoMVC/CompletingAllItems/total": 126.99208060458581,
  "Inferno-TodoMVC/DeletingItems/Async": 4.182868536424804,
  "Inferno-TodoMVC/DeletingItems/Sync": 240.07656392963204,
  "Inferno-TodoMVC/DeletingItems/total": 244.3187966267943,
  "Inferno-TodoMVC/total": 477.928398015072,
  "Preact-TodoMVC/Adding100Items/Async": 56.84694959189876,
  "Preact-TodoMVC/Adding100Items/Sync": 9.216650411065261,
  "Preact-TodoMVC/Adding100Items/total": 66.12475401945558,
  "Preact-TodoMVC/CompletingAllItems/Async": 26.257906121967807,
  "Preact-TodoMVC/CompletingAllItems/Sync": 3.8743378757719107,
  "Preact-TodoMVC/CompletingAllItems/total": 30.218312305085995,
  "Preact-TodoMVC/DeletingItems/Async": 7.166511766075326,
  "Preact-TodoMVC/DeletingItems/Sync": 2.0826294948423425,
  "Preact-TodoMVC/DeletingItems/total": 9.273184550356513,
  "Preact-TodoMVC/total": 106.6771070762877,
  "React-Redux-TodoMVC/Adding100Items/Async": 43.58010211478777,
  "React-Redux-TodoMVC/Adding100Items/Sync": 187.5530096917334,
  "React-Redux-TodoMVC/Adding100Items/total": 231.23107918390627,
  "React-Redux-TodoMVC/CompletingAllItems/Async": 32.25131553272817,
  "React-Redux-TodoMVC/CompletingAllItems/Sync": 169.71729375492228,
  "React-Redux-TodoMVC/CompletingAllItems/total": 202.0662620618989,
  "React-Redux-TodoMVC/DeletingItems/Async": 4.428771939072491,
  "React-Redux-TodoMVC/DeletingItems/Sync": 114.03757561872077,
  "React-Redux-TodoMVC/DeletingItems/total": 118.54690124291882,
  "React-Redux-TodoMVC/total": 551.9574600463557,
  "React-TodoMVC/Adding100Items/Async": 43.234874596641966,
  "React-TodoMVC/Adding100Items/Sync": 145.2672954770222,
  "React-TodoMVC/Adding100Items/total": 188.59612534587978,
  "React-TodoMVC/CompletingAllItems/Async": 34.90050980681336,
  "React-TodoMVC/CompletingAllItems/Sync": 84.73761636064705,
  "React-TodoMVC/CompletingAllItems/total": 119.84078433859708,
  "React-TodoMVC/DeletingAllItems/Async": 4.067658257361434,
  "React-TodoMVC/DeletingAllItems/Sync": 55.75744429938531,
  "React-TodoMVC/DeletingAllItems/total": 59.871196331029516,
  "React-TodoMVC/total": 368.47935026294965,
  "Vanilla-ES2015-Babel-Webpack-TodoMVC/Adding100Items/Async": 38.92915137471072,
  "Vanilla-ES2015-Babel-Webpack-TodoMVC/Adding100Items/Sync": 336.2384223247795,
  "Vanilla-ES2015-Babel-Webpack-TodoMVC/Adding100Items/total": 375.21431268895935,
  "Vanilla-ES2015-Babel-Webpack-TodoMVC/CompletingAllItems/Async": 31.293210360790393,
  "Vanilla-ES2015-Babel-Webpack-TodoMVC/CompletingAllItems/Sync": 77.75424788483708,
  "Vanilla-ES2015-Babel-Webpack-TodoMVC/CompletingAllItems/total": 109.05760291569868,
  "Vanilla-ES2015-Babel-Webpack-TodoMVC/DeletingItems/Async": 4.177888072205967,
  "Vanilla-ES2015-Babel-Webpack-TodoMVC/DeletingItems/Sync": 50.82079283136306,
  "Vanilla-ES2015-Babel-Webpack-TodoMVC/DeletingItems/total": 55.01236718381066,
  "Vanilla-ES2015-Babel-Webpack-TodoMVC/total": 539.3837601050581,
  "Vanilla-ES2015-TodoMVC/Adding100Items/Async": 37.66732747267185,
  "Vanilla-ES2015-TodoMVC/Adding100Items/Sync": 345.59985098376865,
  "Vanilla-ES2015-TodoMVC/Adding100Items/total": 383.2680930704365,
  "Vanilla-ES2015-TodoMVC/CompletingAllItems/Async": 31.559988724701306,