{
  "browser-setup": 3.987331,
  "browser-tear_down": 0.296999,
  "probes-creation": 0.000133,
  "probes-setup": 0.000106,
  "probes-start": 5.4e-05,
  "run": 126.496124,
  "runner-cooldown": 2.002053
}