{
  "Angular2-TypeScript-TodoMVC/Adding100Items/Async": 36.8590445161496,
  "Angular2-TypeScript-TodoMVC/Adding100Items/Sync": 54.047191153929795,
  "Angular2-TypeScript-TodoMVC/Adding100Items/total": 90.9371001583033,
  "Angular2-TypeScript-TodoMVC/CompletingAllItems/Async": 13.967475856587994,
  "Angular2-TypeScript-TodoMVC/CompletingAllItems/Sync": 9.89343934736552,
  "Angular2-TypeScript-TodoMVC/CompletingAllItems/total": 23.863120799371785,
  "Angular2-TypeScript-TodoMVC/DeletingItems/Async": 4.09151316294297,
  "Angular2-TypeScript-TodoMVC/DeletingItems/Sync": 17.555373533086662,
  "Angular2-TypeScript-TodoMVC/DeletingItems/total": 21.923600902617626,
  "Angular2-TypeScript-TodoMVC/total": 136.8260783932335,
  "AngularJS-TodoMVC/Adding100Items/Async": 51.753091332616066,
  "AngularJS-TodoMVC/Adding100Items/Sync": 230.45078848715943,
  "AngularJS-TodoMVC/Adding100Items/total": 282.3612125022999,
  "AngularJS-TodoMVC/CompletingAllItems/Async": 33.065986516068456,
  "AngularJS-TodoMVC/CompletingAllItems/Sync": 74.96445086477094,
  "AngularJS-TodoMVC/CompletingAllItems/total": 108.50825605132758,
  "AngularJS-TodoMVC/DeletingAllItems/Async": 15.367965016306169,
  "AngularJS-TodoMVC/DeletingAllItems/Sync": 251.65871015600098,
  "AngularJS-TodoMVC/DeletingAllItems/total": 267.0857209553387,
  "AngularJS-TodoMVC/total": 663.0023579530651,
  "BackboneJS-TodoMVC/Adding100Items/Async": 43.166421795259076,
  "BackboneJS-TodoMVC/Adding100Items/Sync": 69.9455300517303,
  "BackboneJS-TodoMVC/Adding100Items/total": 113.12524019664033,
  "BackboneJS-TodoMVC/CompletingAllItems/Async": 32.778165761626795,
  "BackboneJS-TodoMVC/CompletingAllItems/Sync": 46.085102184623885,
  "BackboneJS-TodoMVC/CompletingAllItems/total": 78.86431896208663,
  "BackboneJS-TodoMVC/DeletingAllItems/Async": 4.763113720204457,
  "BackboneJS-TodoMVC/DeletingAllItems/Sync": 29.301611040300212,
  "BackboneJS-TodoMVC/DeletingAllItems/total": 34.08268623982121,
  "BackboneJS-TodoMVC/total": 226.09978927806085,
  "Elm-TodoMVC/Adding100Items/Async": 50.69371512550621,
  "Elm-TodoMVC/Adding100Items/Sync": 138.50847500651085,
  "Elm-TodoMVC/Adding100Items/total": 190.31584118899093,
  "Elm-TodoMVC/CompletingAllItems/Async": 34.24674966416827,
  "Elm-TodoMVC/CompletingAllItems/Sync": 137.95312437420597,
  "Elm-TodoMVC/CompletingAllItems/total": 172.73090452810226,
  "Elm-TodoMVC/DeletingItems/Async": 9.851083172324698,
  "Elm-TodoMVC/DeletingItems/Sync": 145.1181837574692,
  "Elm-TodoMVC/DeletingItems/total": 155.32301554192475,
  "Elm-TodoMVC/total": 525.4027392913415,
  "EmberJS-Debug-TodoMVC/Adding100Items/Async": 49.929795958195946,
  "EmberJS-Debug-TodoMVC/Adding100Items/Sync": 610.6510325615496,
  "EmberJS-Debug-TodoMVC/Adding100Items/total": 660.6525051885932,
  "EmberJS-Debug-TodoMVC/CompletingAllItems/Async": 32.0635947460383,
  "EmberJS-Debug-TodoMVC/CompletingAllItems/Sync": 349.94115003480084,
  "EmberJS-Debug-TodoMVC/CompletingAllItems/total": 382.23481599811333,
  "EmberJS-Debug-TodoMVC/DeletingItems/Async": 9.606921449883167,
  "EmberJS-Debug-TodoMVC/DeletingItems/Sync": 386.41420578804906,
  "EmberJS-Debug-TodoMVC/DeletingItems/total": 397.0881844728672,
  "EmberJS-Debug-TodoMVC/total": 1445.56776868877,
  "EmberJS-TodoMVC/Adding100Items/Async": 43.00101540202122,
  "EmberJS-TodoMVC/Adding100Items/Sync": 202.01493184920082,
  "EmberJS-TodoMVC/Adding100Items/total": 245.15419510634044,
  "EmberJS-TodoMVC/CompletingAllItems/Async": 32.35138119748505,
  "EmberJS-TodoMVC/CompletingAllItems/Sync": 115.42805597554104,
  "EmberJS-TodoMVC/CompletingAllItems/total": 147.9523288008944,
  "EmberJS-TodoMVC/DeletingItems/Async": 3.9112102955273116,
  "EmberJS-TodoMVC/DeletingItems/Sync": 76.55888103293319,
  "EmberJS-TodoMVC/DeletingItems/total": 80.47566401843332,
  "EmberJS-TodoMVC/total": 473.9243316848813,
  "Flight-TodoMVC/Adding100Items/Async": 38.708956175646335,
  "Flight-TodoMVC/Adding100Items/Sync": 96.81959825120035,
  "Flight-TodoMVC/Adding100Items/total": 135.5372816914629,
  "Flight-TodoMVC/CompletingAllItems/Async": 28.50857993363358,
  "Flight-TodoMVC/CompletingAllItems/Sync": 104.1288930546882,
  "Flight-TodoMVC/CompletingAllItems/total": 132.64039897333774,
  "Flight-TodoMVC/DeletingItems/Async": 3.6983768595881754,
  "Flight-TodoMVC/DeletingItems/Sync": 87.53205757466283,
  "Flight-TodoMVC/DeletingItems/total": 91.23256837893246,
  "Flight-TodoMVC/total": 359.41928504720215,
  "Inferno-TodoMVC/Adding100Items/Async": 44.60186258124551,
  "Inferno-TodoMVC/Adding100Items/Sync": 48.680243963279146,
  "Inferno-TodoMVC/Adding100Items/total": 93.48904894459812,
  "Inferno-TodoMVC/CompletingAllItems/Async": 9.590866054845668,
  "Inferno-TodoMVC/CompletingAllItems/Sync": 108.59751113778222,
  "Inferno-TodoMVC/CompletingAllItems/total": 118.67412399694501,
  "Inferno-TodoMVC/DeletingItems/Async": 3.4743631596549127,
  "Inferno-TodoMVC/DeletingItems/Sync": 239.2384332898705,
  "Inferno-TodoMVC/DeletingItems/total": 242.71845873844293,
  "Inferno-TodoMVC/total": 455.2320378580435,
  "Preact-TodoMVC/Adding100Items/Async": 42.907360578751,
  "Preact-TodoMVC/Adding100Items/Sync": 6.453244524243413,
  "Preact-TodoMVC/Adding100Items/total": 49.36285412468843,
  "Preact-TodoMVC/CompletingAllItems/Async": 30.627118732814573,
  "Preact-TodoMVC/CompletingAllItems/Sync": 3.9936127205356864,
  "Preact-TodoMVC/CompletingAllItems/total": 34.62545245933218,
  "Preact-TodoMVC/DeletingItems/Async": 7.598011854853552,
  "Preact-TodoMVC/DeletingItems/Sync": 2.0722625207225365,
  "Preact-TodoMVC/DeletingItems/total": 9.675140293811456,
  "Preact-TodoMVC/total": 93.66825911629844,
  "React-Redux-TodoMVC/Adding100Items/Async": 42.01587405295214,
  "React-Redux-TodoMVC/Adding100Items/Sync": 177.89504852644055,
  "React-Redux-TodoMVC/Adding100Items/total": 220.022989918873,
  "React-Redux-TodoMVC/CompletingAllItems/Async": 29.487807547636194,
  "React-Redux-TodoMVC/CompletingAllItems/Sync": 192.17826178589846,
  "React-Redux-TodoMVC/CompletingAllItems/total": 222.112129811836,
  "React-Redux-TodoMVC/DeletingItems/Async": 4.9749589645601295,
  "React-Redux-TodoMVC/DeletingItems/Sync": 112.15386934675816,
  "React-Redux-TodoMVC/DeletingItems/total": 117.61202205651419,
  "React-Redux-TodoMVC/total": 563.0785823031729,
  "React-TodoMVC/Adding100Items/Async": 43.255730370434314,
  "React-TodoMVC/Adding100Items/Sync": 134.92124896183478,
  "React-TodoMVC/Adding100Items/total": 178.2351386634729,
  "React-TodoMVC/CompletingAllItems/Async": 30.674963654040184,
  "React-TodoMVC/CompletingAllItems/Sync": 91.54085586516497,
  "React-TodoMVC/CompletingAllItems/total": 122.89480468907803,
  "React-TodoMVC/DeletingAllItems/Async": 4.310561711022903,
  "React-TodoMVC/DeletingAllItems/Sync": 54.85127617036703,
  "React-TodoMVC/DeletingAllItems/total": 59.527464797135366,
  "React-TodoMVC/total": 363.6544357805829,
  "Vanilla-ES2015-Babel-Webpack-TodoMVC/Adding100Items/Async": 37.95565660951978,
  "Vanilla-ES2015-Babel-Webpack-TodoMVC/Adding100Items/Sync": 340.25286951832817,
  "Vanilla-ES2015-Babel-Webpack-TodoMVC/Adding100Items/total": 378.27896744997895,
  "Vanilla-ES2015-Babel-Webpack-TodoMVC/CompletingAllItems/Async": 28.750664452357743,
  "Vanilla-ES2015-Babel-Webpack-TodoMVC/CompletingAllItems/Sync": 71.54457859275702,
  "Vanilla-ES2015-Babel-Webpack-TodoMVC/CompletingAllItems/total": 100.33379810452516,
  "Vanilla-ES2015-Babel-Webpack-TodoMVC/DeletingItems/Async": 4.172579091809247,
  "Vanilla-ES2015-Babel-Webpack-TodoMVC/DeletingItems/Sync": 45.39137426694106,
  "Vanilla-ES2015-Babel-Webpack-TodoMVC/DeletingItems/total": 49.70386872352194,
  "Vanilla-ES2015-Babel-Webpack-TodoMVC/total": 528.4404750939592,
  "Vanilla-ES2015-TodoMVC/Adding100Items/Async": 39.21927943440227,
  "Vanilla-ES2015-TodoMVC/Adding100Items/Sync": 355.0098423434048,
  "Vanilla-ES2015-TodoMVC/Adding100Items/total": 394.4462747730168,
  "Vanilla-ES2015-TodoMVC/CompletingAllItems/Async": 30.21406373666563,