{
  "Angular2-TypeScript-TodoMVC/Adding100Items/Async": 37.168761896566764,
  "Angular2-TypeScript-TodoMVC/Adding100Items/Sync": 53.26030541508375,
  "Angular2-TypeScript-TodoMVC/Adding100Items/total": 90.46144554266742,
  "Angular2-TypeScript-TodoMVC/CompletingAllItems/Async": 14.157645158179559,
  "Angular2-TypeScript-TodoMVC/CompletingAllItems/Sync": 9.95427153091206,
  "Angular2-TypeScript-TodoMVC/CompletingAllItems/total": 24.11382941078988,
  "Angular2-TypeScript-TodoMVC/DeletingItems/Async": 3.729856432471662,
  "Angular2-TypeScript-TodoMVC/DeletingItems/Sync": 19.016004862996482,
  "Angular2-TypeScript-TodoMVC/DeletingItems/total": 22.771051687394976,
  "Angular2-TypeScript-TodoMVC/total": 137.58460241083202,
  "AngularJS-TodoMVC/Adding100Items/Async": 49.69492264150386,
  "AngularJS-TodoMVC/Adding100Items/Sync": 241.5231988586251,
  "AngularJS-TodoMVC/Adding100Items/total": 292.2312788821975,
  "AngularJS-TodoMVC/CompletingAllItems/Async": 32.25494253398636,
  "AngularJS-TodoMVC/CompletingAllItems/Sync": 66.85343135557028,
  "AngularJS-TodoMVC/CompletingAllItems/total": 99.61688476525285,
  "AngularJS-TodoMVC/DeletingAllItems/Async": 14.796466073789873,
  "AngularJS-TodoMVC/DeletingAllItems/Sync": 260.1259591663901,
  "AngularJS-TodoMVC/DeletingAllItems/total": 274.9536562946092,
  "AngularJS-TodoMVC/total": 671.0126352661192,
  "BackboneJS-TodoMVC/Adding100Items/Async": 43.78922659865999,
  "BackboneJS-TodoMVC/Adding100Items/Sync": 71.12321469350256,
  "BackboneJS-TodoMVC/Adding100Items/total": 114.96016364875285,
  "BackboneJS-TodoMVC/CompletingAllItems/Async": 33.028587954401466,
  "BackboneJS-TodoMVC/CompletingAllItems/Sync": 48.81307912558625,
  "BackboneJS-TodoMVC/CompletingAllItems/total": 82.00660300248298,
  "BackboneJS-TodoMVC/DeletingAllItems/Async": 5.50334245564103,
  "BackboneJS-TodoMVC/DeletingAllItems/Sync": 30.868438673030667,
  "BackboneJS-TodoMVC/DeletingAllItems/total": 36.71657895122042,
  "BackboneJS-TodoMVC/total": 234.0723505409392,
  "Elm-TodoMVC/Adding100Items/Async": 50.1597741370631,
  "Elm-TodoMVC/Adding100Items/Sync": 133.81192773356727,
  "Elm-TodoMVC/Adding100Items/total": 184.81338843960734,
  "Elm-TodoMVC/CompletingAllItems/Async": 35.08261146561589,
  "Elm-TodoMVC/CompletingAllItems/Sync": 147.28771243964763,
  "Elm-TodoMVC/CompletingAllItems/total": 183.65623205561803,
  "Elm-TodoMVC/DeletingItems/Async": 11.133943623210353,
  "Elm-TodoMVC/DeletingItems/Sync": 152.40454711221486,
  "Elm-TodoMVC/DeletingItems/total": 163.973946590022,
  "Elm-TodoMVC/total": 545.0744573364957,
  "EmberJS-Debug-TodoMVC/Adding100Items/Async": 47.957926720802135,
  "EmberJS-Debug-TodoMVC/Adding100Items/Sync": 573.4713516454636,
  "EmberJS-Debug-TodoMVC/Adding100Items/total": 621.4831878200005,
  "EmberJS-Debug-TodoMVC/CompletingAllItems/Async": 31.36784825885197,
  "EmberJS-Debug-TodoMVC/CompletingAllItems/Sync": 360.409433412268,
  "EmberJS-Debug-TodoMVC/CompletingAllItems/total": 391.83035671660144,
  "EmberJS-Debug-TodoMVC/DeletingItems/Async": 7.752905141878476,
  "EmberJS-Debug-TodoMVC/DeletingItems/Sync": 387.57636720279197,
  "EmberJS-Debug-TodoMVC/DeletingItems/total": 396.70875210971093,
  "EmberJS-Debug-TodoMVC/total": 1414.8647965777382,
  "EmberJS-TodoMVC/Adding100Items/Async": 44.77118817408157,
  "EmberJS-TodoMVC/Adding100Items/Sync": 223.48689493785236,
  "EmberJS-TodoMVC/Adding100Items/total": 268.8591797085742,
  "EmberJS-TodoMVC/CompletingAllItems/Async": 32.74541153159966,
  "EmberJS-TodoMVC/CompletingAllItems/Sync": 126.52622725493528,
  "EmberJS-TodoMVC/CompletingAllItems/total": 159.59815298238482,
  "EmberJS-TodoMVC/DeletingItems/Async": 4.867087592164904,
  "EmberJS-TodoMVC/DeletingItems/Sync": 80.43052487135311,
  "EmberJS-TodoMVC/DeletingItems/total": 85.61862490573841,
  "EmberJS-TodoMVC/total": 517.4702931822721,
  "Flight-TodoMVC/Adding100Items/Async": 38.77859622214639,
  "Flight-TodoMVC/Adding100Items/Sync": 98.22202679568738,
  "Flight-TodoMVC/Adding100Items/total": 137.01678786701424,
  "Flight-TodoMVC/CompletingAllItems/Async": 28.55866847052903,
  "Flight-TodoMVC/CompletingAllItems/Sync": 106.56199983603923,
  "Flight-TodoMVC/CompletingAllItems/total": 135.14387205463163,
  "Flight-TodoMVC/DeletingItems/Async": 3.6787186933100235,
  "Flight-TodoMVC/DeletingItems/Sync": 89.15551407480412,
  "Flight-TodoMVC/DeletingItems/total": 92.8396102964768,
  "Flight-TodoMVC/total": 365.05312390640796,
  "Inferno-TodoMVC/Adding100Items/Async": 45.826387234956044,
  "Inferno-TodoMVC/Adding100Items/Sync": 49.41364829807622,
  "Inferno-TodoMVC/Adding100Items/total": 95.49323307801531,
  "Inferno-TodoMVC/CompletingAllItems/Async": 10.483267290297288,
  "Inferno-TodoMVC/CompletingAllItems/Sync": 109.82249956487078,
  "Inferno-TodoMVC/CompletingAllItems/total": 120.86494902833809,
  "Inferno-TodoMVC/DeletingItems/Async": 3.4465502015462093,
  "Inferno-TodoMVC/DeletingItems/Sync": 243.3563413677796,
  "Inferno-TodoMVC/DeletingItems/total": 246.80663826675155,
  "Inferno-TodoMVC/total": 463.68102598996416,
  "Preact-TodoMVC/Adding100Items/Async": 42.94379474264986,
  "Preact-TodoMVC/Adding100Items/Sync": 6.434056396438218,
  "Preact-TodoMVC/Adding100Items/total": 49.37935435199006,
  "Preact-TodoMVC/CompletingAllItems/Async": 30.95709959863338,
  "Preact-TodoMVC/CompletingAllItems/Sync": 4.008365707057617,
  "Preact-TodoMVC/CompletingAllItems/total": 34.97331763753779,
  "Preact-TodoMVC/DeletingItems/Async": 7.588366444773412,
  "Preact-TodoMVC/DeletingItems/Sync": 2.083445215269329,
  "Preact-TodoMVC/DeletingItems/total": 9.676046203053062,
  "Preact-TodoMVC/total": 94.03440198790608,
  "React-Redux-TodoMVC/Adding100Items/Async": 43.07266425572398,
  "React-Redux-TodoMVC/Adding100Items/Sync": 178.48491669375326,
  "React-Redux-TodoMVC/Adding100Items/total": 221.6247115227579,
  "React-Redux-TodoMVC/CompletingAllItems/Async": 29.764081281468304,
  "React-Redux-TodoMVC/CompletingAllItems/Sync": 182.1677967112586,
  "React-Redux-TodoMVC/CompletingAllItems/total": 212.1998680213415,
  "React-Redux-TodoMVC/DeletingItems/Async": 4.841137839684139,
  "React-Redux-TodoMVC/DeletingItems/Sync": 111.2005046177403,
  "React-Redux-TodoMVC/DeletingItems/total": 116.4274597037352,
  "React-Redux-TodoMVC/total": 552.6499346190783,
  "React-TodoMVC/Adding100Items/Async": 44.58641426997651,
  "React-TodoMVC/Adding100Items/Sync": 162.9636791109872,
  "React-TodoMVC/Adding100Items/total": 208.6414714852296,
  "React-TodoMVC/CompletingAllItems/Async": 31.651413196238607,
  "React-TodoMVC/CompletingAllItems/Sync": 99.88868131048736,
  "React-TodoMVC/CompletingAllItems/total": 132.7349958402279,
  "React-TodoMVC/DeletingAllItems/Async": 4.909979978065951,
  "React-TodoMVC/DeletingAllItems/Sync": 55.69853109696355,
  "React-TodoMVC/DeletingAllItems/total": 61.4646068980932,
  "React-TodoMVC/total": 412.9516499374488,
  "Vanilla-ES2015-Babel-Webpack-TodoMVC/Adding100Items/Async": 36.84000252656383,
  "Vanilla-ES2015-Babel-Webpack-TodoMVC/Adding100Items/Sync": 329.75190645027993,
  "Vanilla-ES2015-Babel-Webpack-TodoMVC/Adding100Items/total": 366.617524449133,
  "Vanilla-ES2015-Babel-Webpack-TodoMVC/CompletingAllItems/Async": 28.180862097118183,
  "Vanilla-ES2015-Babel-Webpack-TodoMVC/CompletingAllItems/Sync": 70.62791384686878,
  "Vanilla-ES2015-Babel-Webpack-TodoMVC/CompletingAllItems/total": 98.82852899615024,
  "Vanilla-ES2015-Babel-Webpack-TodoMVC/DeletingItems/Async": 3.8557834763767445,
  "Vanilla-ES2015-Babel-Webpack-TodoMVC/DeletingItems/Sync": 44.88511166601371,
  "Vanilla-ES2015-Babel-Webpack-TodoMVC/DeletingItems/total": 48.74494493411914,
  "Vanilla-ES2015-Babel-Webpack-TodoMVC/total": 514.2027876487329,
  "Vanilla-ES2015-TodoMVC/Adding100Items/Async": 38.29738061908901,
  "Vanilla-ES2015-TodoMVC/Adding100Items/Sync": 356.493383249218,
  "Vanilla-ES2015-TodoMVC/Adding100Items/total": 394.8261351017613,
  "Vanilla-ES2015-TodoMVC/CompletingAllItems/Async": 30.530101021634504,