{
  "browser-setup": 3.912809,
  "browser-tear_down": 0.297399,
  "probes-creation": 0.000129,
  "probes-setup": 0.000102,
  "probes-start": 7.1e-05,
  "run": 132.406407,
  "runner-cooldown": 2.001248
}