{
  "Angular2-TypeScript-TodoMVC/Adding100Items/Async": 37.99979227781475,
  "Angular2-TypeScript-TodoMVC/Adding100Items/Sync": 59.124093220472865,
  "Angular2-TypeScript-TodoMVC/Adding100Items/total": 97.13873843284883,
  "Angular2-TypeScript-TodoMVC/CompletingAllItems/Async": 18.685582050138688,
  "Angular2-TypeScript-TodoMVC/CompletingAllItems/Sync": 9.983811874045477,
  "Angular2-TypeScript-TodoMVC/CompletingAllItems/total": 28.767351107787828,
  "Angular2-TypeScript-TodoMVC/DeletingItems/Async": 4.477110888322888,
  "Angular2-TypeScript-TodoMVC/DeletingItems/Sync": 19.052241027415363,
  "Angular2-TypeScript-TodoMVC/DeletingItems/total": 23.703796991411338,
  "Angular2-TypeScript-TodoMVC/total": 149.9198312513915,
  "AngularJS-TodoMVC/Adding100Items/Async": 52.730152490701805,
  "AngularJS-TodoMVC/Adding100Items/Sync": 275.93544105481396,
  "AngularJS-TodoMVC/Adding100Items/total": 328.81535657561494,
  "AngularJS-TodoMVC/CompletingAllItems/Async": 34.355264963713125,
  "AngularJS-TodoMVC/CompletingAllItems/Sync": 82.73828346522723,
  "AngularJS-TodoMVC/CompletingAllItems/total": 117.25177496795415,
  "AngularJS-TodoMVC/DeletingAllItems/Async": 17.0429700976123,
  "AngularJS-TodoMVC/DeletingAllItems/Sync": 244.47738163019895,
  "AngularJS-TodoMVC/DeletingAllItems/total": 261.75982536914466,
  "AngularJS-TodoMVC/total": 708.6565412914308,
  "BackboneJS-TodoMVC/Adding100Items/Async": 45.55787650663911,
  "BackboneJS-TodoMVC/Adding100Items/Sync": 97.61842765791737,
  "BackboneJS-TodoMVC/Adding100Items/total": 143.50607773784,
  "BackboneJS-TodoMVC/CompletingAllItems/Async": 34.103339232766935,
  "BackboneJS-TodoMVC/CompletingAllItems/Sync": 55.52829748806263,
  "BackboneJS-TodoMVC/CompletingAllItems/total": 89.7171742204993,
  "BackboneJS-TodoMVC/DeletingAllItems/Async": 5.05193252954567,
  "BackboneJS-TodoMVC/DeletingAllItems/Sync": 30.870264432657706,
  "BackboneJS-TodoMVC/DeletingAllItems/total": 35.9464251110582,
  "BackboneJS-TodoMVC/total": 269.30846444831167,
  "Elm-TodoMVC/Adding100Items/Async": 51.19835092054352,
  "Elm-TodoMVC/Adding100Items/Sync": 146.87877675381202,
  "Elm-TodoMVC/Adding100Items/total": 198.22887876307558,
  "Elm-TodoMVC/CompletingAllItems/Async": 39.53190359179305,
  "Elm-TodoMVC/CompletingAllItems/Sync": 171.25092088285814,
  "Elm-TodoMVC/CompletingAllItems/total": 218.2095300004038,
  "Elm-TodoMVC/DeletingItems/Async": 11.352111410640392,
  "Elm-TodoMVC/DeletingItems/Sync": 256.35418633494265,
  "Elm-TodoMVC/DeletingItems/total": 269.7481974952733,
  "Elm-TodoMVC/total": 770.1082915838941,
  "EmberJS-Debug-TodoMVC/Adding100Items/Async": 45.98004554001811,
  "EmberJS-Debug-TodoMVC/Adding100Items/Sync": 601.8875948370387,
  "EmberJS-Debug-TodoMVC/Adding100Items/total": 647.9522432428471,
  "EmberJS-Debug-TodoMVC/CompletingAllItems/Async": 32.92844341481218,
  "EmberJS-Debug-TodoMVC/CompletingAllItems/Sync": 364.02878842369734,
  "EmberJS-Debug-TodoMVC/CompletingAllItems/total": 397.0423319100037,
  "EmberJS-Debug-TodoMVC/DeletingItems/Async": 5.467490609923341,
  "EmberJS-Debug-TodoMVC/DeletingItems/Sync": 382.17425614948,
  "EmberJS-Debug-TodoMVC/DeletingItems/total": 388.04693188868066,
  "EmberJS-Debug-TodoMVC/total": 1433.5441232364005,
  "EmberJS-TodoMVC/Adding100Items/Async": 43.25513425138161,
  "EmberJS-TodoMVC/Adding100Items/Sync": 227.54625599076627,
  "EmberJS-TodoMVC/Adding100Items/total": 270.95699524739024,
  "EmberJS-TodoMVC/CompletingAllItems/Async": 37.39968838474289,
  "EmberJS-TodoMVC/CompletingAllItems/Sync": 122.72439522014633,
  "EmberJS-TodoMVC/CompletingAllItems/total": 160.49097901729132,
  "EmberJS-TodoMVC/DeletingItems/Async": 4.816753973600837,
  "EmberJS-TodoMVC/DeletingItems/Sync": 90.22376543696048,
  "EmberJS-TodoMVC/DeletingItems/total": 95.13484833948783,
  "EmberJS-TodoMVC/total": 527.7959908092572,
  "Flight-TodoMVC/Adding100Items/Async": 40.88393426821961,
  "Flight-TodoMVC/Adding100Items/Sync": 111.86726726350105,
  "Flight-TodoMVC/Adding100Items/total": 152.8704001975454,
  "Flight-TodoMVC/CompletingAllItems/Async": 32.85761008052119,
  "Flight-TodoMVC/CompletingAllItems/Sync": 120.57281452825517,
  "Flight-TodoMVC/CompletingAllItems/total": 153.47533926620352,
  "Flight-TodoMVC/DeletingItems/Async": 4.867622600675594,
  "Flight-TodoMVC/DeletingItems/Sync": 104.80800524973094,
  "Flight-TodoMVC/DeletingItems/total": 109.91744167913288,
  "Flight-TodoMVC/total": 416.3509737014367,
  "Inferno-TodoMVC/Adding100Items/Async": 45.97264900922722,
  "Inferno-TodoMVC/Adding100Items/Sync": 54.204285360263576,
  "Inferno-TodoMVC/Adding100Items/total": 100.35375731386016,
  "Inferno-TodoMVC/CompletingAllItems/Async": 9.921823189958971,
  "Inferno-TodoMVC/CompletingAllItems/Sync": 116.68689626099508,
  "Inferno-TodoMVC/CompletingAllItems/total": 127.08640916238586,
  "Inferno-TodoMVC/DeletingItems/Async": 4.237684340754965,
  "Inferno-TodoMVC/DeletingItems/Sync": 243.3771138027614,
  "Inferno-TodoMVC/DeletingItems/total": 247.71148392974325,
  "Inferno-TodoMVC/total": 475.50533962952125,
  "Preact-TodoMVC/Adding100Items/Async": 58.877402256871804,
  "Preact-TodoMVC/Adding100Items/Sync": 9.213690469621353,
  "Preact-TodoMVC/Adding100Items/total": 68.13137342953081,
  "Preact-TodoMVC/CompletingAllItems/Async": 27.264739957830745,
  "Preact-TodoMVC/CompletingAllItems/Sync": 3.845665107917046,
  "Preact-TodoMVC/CompletingAllItems/total": 31.255375529572913,
  "Preact-TodoMVC/DeletingItems/Async": 7.829737761590611,
  "Preact-TodoMVC/DeletingItems/Sync": 2.1968115348640267,
  "Preact-TodoMVC/DeletingItems/total": 10.02900079745353,
  "Preact-TodoMVC/total": 110.57372245308123,
  "React-Redux-TodoMVC/Adding100Items/Async": 42.59747554000425,
  "React-Redux-TodoMVC/Adding100Items/Sync": 197.81028354641793,
  "React-Redux-TodoMVC/Adding100Items/total": 240.72875789677437,
  "React-Redux-TodoMVC/CompletingAllItems/Async": 31.584908800909076,
  "React-Redux-TodoMVC/CompletingAllItems/Sync": 173.1634793063364,
  "React-Redux-TodoMVC/CompletingAllItems/total": 204.77381919614638,
  "React-Redux-TodoMVC/DeletingItems/Async": 4.45621637027477,
  "React-Redux-TodoMVC/DeletingItems/Sync": 113.5069782656988,
  "React-Redux-TodoMVC/DeletingItems/total": 118.04829186681255,
  "React-Redux-TodoMVC/total": 563.9572744630192,
  "React-TodoMVC/Adding100Items/Async": 44.29430005024826,
  "React-TodoMVC/Adding100Items/Sync": 148.15181818690277,
  "React-TodoMVC/Adding100Items/total": 192.69904335116266,
  "React-TodoMVC/CompletingAllItems/Async": 33.646309776944484,
  "React-TodoMVC/CompletingAllItems/Sync": 85.52290748068364,
  "React-TodoMVC/CompletingAllItems/total": 119.3722502237293,
  "React-TodoMVC/DeletingAllItems/Async": 4.221717932663972,
  "React-TodoMVC/DeletingAllItems/Sync": 55.97669057472838,
  "React-TodoMVC/DeletingAllItems/total": 60.24637868277889,
  "React-TodoMVC/total": 372.5144569387483,
  "Vanilla-ES2015-Babel-Webpack-TodoMVC/Adding100Items/Async": 39.00235769551866,
  "Vanilla-ES2015-Babel-Webpack-TodoMVC/Adding100Items/Sync": 339.04145311400913,
  "Vanilla-ES2015-Babel-Webpack-TodoMVC/Adding100Items/total": 378.0830087219379,
  "Vanilla-ES2015-Babel-Webpack-TodoMVC/CompletingAllItems/Async": 31.26346016140319,
  "Vanilla-ES2015-Babel-Webpack-TodoMVC/CompletingAllItems/Sync": 78.46939872482542,
  "Vanilla-ES2015-Babel-Webpack-TodoMVC/CompletingAllItems/total": 109.74303315748658,
  "Vanilla-ES2015-Babel-Webpack-TodoMVC/DeletingItems/Async": 4.442982013043281,
  "Vanilla-ES2015-Babel-Webpack-TodoMVC/DeletingItems/Sync": 51.34119362207964,
  "Vanilla-ES2015-Babel-Webpack-TodoMVC/DeletingItems/total": 55.815375733406306,
  "Vanilla-ES2015-Babel-Webpack-TodoMVC/total": 543.7847231632459,
  "Vanilla-ES2015-TodoMVC/Adding100Items/Async": 37.66953456538736,
  "Vanilla-ES2015-TodoMVC/Adding100Items/Sync": 348.7553603461118,
  "Vanilla-ES2015-TodoMVC/Adding100Items/total": 386.4255557396159,
  "Vanilla-ES2015-TodoMVC/CompletingAllItems/Async": 31.920881543389157,