{
  "browser-setup": 3.917007,
  "browser-tear_down": 0.279871,
  "probes-creation": 0.000127,
  "probes-setup": 0.000101,
  "probes-start": 5.4e-05,
  "run": 126.265439,
  "runner-cooldown": 2.00205
}