{
  "Angular2-TypeScript-TodoMVC/Adding100Items/Async": 37.38578511070346,
  "Angular2-TypeScript-TodoMVC/Adding100Items/Sync": 54.71215427678709,
  "Angular2-TypeScript-TodoMVC/Adding100Items/total": 92.14712135801791,
  "Angular2-TypeScript-TodoMVC/CompletingAllItems/Async": 14.057342009094398,
  "Angular2-TypeScript-TodoMVC/CompletingAllItems/Sync": 9.924534504578002,
  "Angular2-TypeScript-TodoMVC/CompletingAllItems/total": 23.983611370627173,
  "Angular2-TypeScript-TodoMVC/DeletingItems/Async": 4.041933203693776,
  "Angular2-TypeScript-TodoMVC/DeletingItems/Sync": 17.826635632149337,
  "Angular2-TypeScript-TodoMVC/DeletingItems/total": 22.16953498329548,
  "Angular2-TypeScript-TodoMVC/total": 138.40758900773872,
  "AngularJS-TodoMVC/Adding100Items/Async": 48.70830028202089,
  "AngularJS-TodoMVC/Adding100Items/Sync": 257.294234534893,
  "AngularJS-TodoMVC/Adding100Items/total": 306.3453891542361,
  "AngularJS-TodoMVC/CompletingAllItems/Async": 36.03524890109378,
  "AngularJS-TodoMVC/CompletingAllItems/Sync": 69.34244773867124,
  "AngularJS-TodoMVC/CompletingAllItems/total": 106.2172549175935,
  "AngularJS-TodoMVC/DeletingAllItems/Async": 15.62577359064728,
  "AngularJS-TodoMVC/DeletingAllItems/Sync": 255.66317704577622,
  "AngularJS-TodoMVC/DeletingAllItems/total": 271.3547278265171,
  "AngularJS-TodoMVC/total": 690.5927390286264,
  "BackboneJS-TodoMVC/Adding100Items/Async": 43.41815321374143,
  "BackboneJS-TodoMVC/Adding100Items/Sync": 70.5054655325499,
  "BackboneJS-TodoMVC/Adding100Items/total": 113.93985390854748,
  "BackboneJS-TodoMVC/CompletingAllItems/Async": 33.11883729658661,
  "BackboneJS-TodoMVC/CompletingAllItems/Sync": 46.46568057318334,
  "BackboneJS-TodoMVC/CompletingAllItems/total": 79.58548617381965,
  "BackboneJS-TodoMVC/DeletingAllItems/Async": 4.688932221250521,
  "BackboneJS-TodoMVC/DeletingAllItems/Sync": 29.60969162554664,
  "BackboneJS-TodoMVC/DeletingAllItems/total": 34.31103583146178,
  "BackboneJS-TodoMVC/total": 227.863236829416,
  "Elm-TodoMVC/Adding100Items/Async": 49.92620585860807,
  "Elm-TodoMVC/Adding100Items/Sync": 122.35862469108015,
  "Elm-TodoMVC/Adding100Items/total": 172.39666302087497,
  "Elm-TodoMVC/CompletingAllItems/Async": 34.75464965429271,
  "Elm-TodoMVC/CompletingAllItems/Sync": 147.69267338597595,
  "Elm-TodoMVC/CompletingAllItems/total": 183.66896937049003,
  "Elm-TodoMVC/DeletingItems/Async": 10.304636013514212,
  "Elm-TodoMVC/DeletingItems/Sync": 151.35354352884792,
  "Elm-TodoMVC/DeletingItems/total": 162.20580232050392,
  "Elm-TodoMVC/total": 527.168982946386,
  "EmberJS-Debug-TodoMVC/Adding100Items/Async": 48.568068326592034,
  "EmberJS-Debug-TodoMVC/Adding100Items/Sync": 609.3830341991727,
  "EmberJS-Debug-TodoMVC/Adding100Items/total": 658.0884992128706,
  "EmberJS-Debug-TodoMVC/CompletingAllItems/Async": 32.215943396634245,
  "EmberJS-Debug-TodoMVC/CompletingAllItems/Sync": 381.2469530723512,
  "EmberJS-Debug-TodoMVC/CompletingAllItems/total": 413.66297394660376,
  "EmberJS-Debug-TodoMVC/DeletingItems/Async": 10.213389127510407,
  "EmberJS-Debug-TodoMVC/DeletingItems/Sync": 387.523755884092,
  "EmberJS-Debug-TodoMVC/DeletingItems/total": 398.97641286783437,
  "EmberJS-Debug-TodoMVC/total": 1482.1381886772915,
  "EmberJS-TodoMVC/Adding100Items/Async": 44.490864813022284,
  "EmberJS-TodoMVC/Adding100Items/Sync": 198.38693927968487,
  "EmberJS-TodoMVC/Adding100Items/total": 243.25183445009586,
  "EmberJS-TodoMVC/CompletingAllItems/Async": 32.79262572678447,
  "EmberJS-TodoMVC/CompletingAllItems/Sync": 118.03409358756875,
  "EmberJS-TodoMVC/CompletingAllItems/total": 151.20130366779642,
  "EmberJS-TodoMVC/DeletingItems/Async": 4.034282348861165,
  "EmberJS-TodoMVC/DeletingItems/Sync": 83.27481386776532,
  "EmberJS-TodoMVC/DeletingItems/total": 87.36831947226226,
  "EmberJS-TodoMVC/total": 482.8539493560219,
  "Flight-TodoMVC/Adding100Items/Async": 38.798437933892906,
  "Flight-TodoMVC/Adding100Items/Sync": 98.63337847559376,
  "Flight-TodoMVC/Adding100Items/total": 137.44285280865904,
  "Flight-TodoMVC/CompletingAllItems/Async": 28.518325300225577,
  "Flight-TodoMVC/CompletingAllItems/Sync": 107.44374863268564,
  "Flight-TodoMVC/CompletingAllItems/total": 135.97837876045998,
  "Flight-TodoMVC/DeletingItems/Async": 3.689052227701399,
  "Flight-TodoMVC/DeletingItems/Sync": 89.25110163953377,
  "Flight-TodoMVC/DeletingItems/total": 92.94314817316348,
  "Flight-TodoMVC/total": 366.4046811173434,
  "Inferno-TodoMVC/Adding100Items/Async": 45.45724434091568,
  "Inferno-TodoMVC/Adding100Items/Sync": 50.918464765677165,
  "Inferno-TodoMVC/Adding100Items/total": 96.70633238325233,
  "Inferno-TodoMVC/CompletingAllItems/Async": 11.177424460915942,
  "Inferno-TodoMVC/CompletingAllItems/Sync": 106.73874365772787,
  "Inferno-TodoMVC/CompletingAllItems/total": 118.41854495813217,
  "Inferno-TodoMVC/DeletingItems/Async": 4.141722020822035,
  "Inferno-TodoMVC/DeletingItems/Sync": 241.15857198157113,
  "Inferno-TodoMVC/DeletingItems/total": 245.82022213023515,
  "Inferno-TodoMVC/total": 461.4094480123589,
  "Preact-TodoMVC/Adding100Items/Async": 43.20328879520689,
  "Preact-TodoMVC/Adding100Items/Sync": 6.521277247897952,
  "Preact-TodoMVC/Adding100Items/total": 49.72830821502304,
  "Preact-TodoMVC/CompletingAllItems/Async": 30.808050044527388,
  "Preact-TodoMVC/CompletingAllItems/Sync": 3.8841318276251062,
  "Preact-TodoMVC/CompletingAllItems/total": 34.695856013027544,
  "Preact-TodoMVC/DeletingItems/Async": 7.628419759925678,
  "Preact-TodoMVC/DeletingItems/Sync": 2.113151252919729,
  "Preact-TodoMVC/DeletingItems/total": 9.74566943153038,
  "Preact-TodoMVC/total": 94.17357452597032,
  "React-Redux-TodoMVC/Adding100Items/Async": 43.844307085898755,
  "React-Redux-TodoMVC/Adding100Items/Sync": 185.97910620284074,
  "React-Redux-TodoMVC/Adding100Items/total": 230.1699204234082,
  "React-Redux-TodoMVC/CompletingAllItems/Async": 29.632920291709084,
  "React-Redux-TodoMVC/CompletingAllItems/Sync": 179.17414518929954,
  "React-Redux-TodoMVC/CompletingAllItems/total": 208.97468056349604,
  "React-Redux-TodoMVC/DeletingItems/Async": 5.192578227158185,
  "React-Redux-TodoMVC/DeletingItems/Sync": 118.1484776588866,
  "React-Redux-TodoMVC/DeletingItems/total": 123.84428418483382,
  "React-Redux-TodoMVC/total": 567.7071743361901,
  "React-TodoMVC/Adding100Items/Async": 44.625652656659746,
  "React-TodoMVC/Adding100Items/Sync": 147.10186161819232,
  "React-TodoMVC/Adding100Items/total": 192.3099236523224,
  "React-TodoMVC/CompletingAllItems/Async": 30.12541090590019,
  "React-TodoMVC/CompletingAllItems/Sync": 93.06651717870787,
  "React-TodoMVC/CompletingAllItems/total": 124.12904646319204,
  "React-TodoMVC/DeletingAllItems/Async": 4.3485059479588,
  "React-TodoMVC/DeletingAllItems/Sync": 55.70257871255042,
  "React-TodoMVC/DeletingAllItems/total": 60.388265116429864,
  "React-TodoMVC/total": 382.06840362175603,
  "Vanilla-ES2015-Babel-Webpack-TodoMVC/Adding100Items/Async": 38.524715539562955,
  "Vanilla-ES2015-Babel-Webpack-TodoMVC/Adding100Items/Sync": 332.6320667323227,
  "Vanilla-ES2015-Babel-Webpack-TodoMVC/Adding100Items/total": 371.29749902993615,
  "Vanilla-ES2015-Babel-Webpack-TodoMVC/CompletingAllItems/Async": 27.960493444675798,
  "Vanilla-ES2015-Babel-Webpack-TodoMVC/CompletingAllItems/Sync": 70.86333279665197,
  "Vanilla-ES2015-Babel-Webpack-TodoMVC/CompletingAllItems/total": 98.8438946029099,
  "Vanilla-ES2015-Babel-Webpack-TodoMVC/DeletingItems/Async": 3.867167176433893,
  "Vanilla-ES2015-Babel-Webpack-TodoMVC/DeletingItems/Sync": 45.33558663165131,
  "Vanilla-ES2015-Babel-Webpack-TodoMVC/DeletingItems/total": 49.20462538572694,
  "Vanilla-ES2015-Babel-Webpack-TodoMVC/total": 519.3858977083197,
  "Vanilla-ES2015-TodoMVC/Adding100Items/Async": 38.665067452708186,
  "Vanilla-ES2015-TodoMVC/Adding100Items/Sync": 370.686611007973,
  "Vanilla-ES2015-TodoMVC/Adding100Items/total": 409.410040207429,
  "Vanilla-ES2015-TodoMVC/CompletingAllItems/Async": 31.05242393916215,