{
  "browser-setup": 3.307019,
  "browser-tear_down": 0.218175,
  "probes-creation": 0.000197,
  "probes-setup": 0.000168,
  "probes-start": 8.1e-05,
  "run": 107.690126,
  "runner-cooldown": 2.002074
}