{
  "Angular2-TypeScript-TodoMVC/Adding100Items/Async": 31.017062151276704,
  "Angular2-TypeScript-TodoMVC/Adding100Items/Sync": 41.98061951757042,
  "Angular2-TypeScript-TodoMVC/Adding100Items/total": 73.03668311567745,
  "Angular2-TypeScript-TodoMVC/CompletingAllItems/Async": 12.648633737650552,
  "Angular2-TypeScript-TodoMVC/CompletingAllItems/Sync": 8.347800493716921,
  "Angular2-TypeScript-TodoMVC/CompletingAllItems/total": 20.997611457493395,
  "Angular2-TypeScript-TodoMVC/DeletingItems/Async": 2.453721588648734,
  "Angular2-TypeScript-TodoMVC/DeletingItems/Sync": 15.709016264118649,
  "Angular2-TypeScript-TodoMVC/DeletingItems/total": 18.167906179969574,
  "Angular2-TypeScript-TodoMVC/total": 112.21294194509022,
  "AngularJS-TodoMVC/Adding100Items/Async": 40.989406545583776,
  "AngularJS-TodoMVC/Adding100Items/Sync": 158.59678489450152,
  "AngularJS-TodoMVC/Adding100Items/total": 199.67114918713364,
  "AngularJS-TodoMVC/CompletingAllItems/Async": 25.099637782422178,
  "AngularJS-TodoMVC/CompletingAllItems/Sync": 53.808078797374236,
  "AngularJS-TodoMVC/CompletingAllItems/total": 79.07245747770862,
  "AngularJS-TodoMVC/DeletingAllItems/Async": 13.785115107328322,
  "AngularJS-TodoMVC/DeletingAllItems/Sync": 158.18659459820276,
  "AngularJS-TodoMVC/DeletingAllItems/total": 172.01017574675058,
  "AngularJS-TodoMVC/total": 451.4459148589098,
  "BackboneJS-TodoMVC/Adding100Items/Async": 36.20378641673036,
  "BackboneJS-TodoMVC/Adding100Items/Sync": 54.82333142923472,
  "BackboneJS-TodoMVC/Adding100Items/total": 91.05060520564535,
  "BackboneJS-TodoMVC/CompletingAllItems/Async": 27.41543759647913,
  "BackboneJS-TodoMVC/CompletingAllItems/Sync": 37.546389487235736,
  "BackboneJS-TodoMVC/CompletingAllItems/total": 64.9631023195484,
  "BackboneJS-TodoMVC/DeletingAllItems/Async": 3.1076099266016817,
  "BackboneJS-TodoMVC/DeletingAllItems/Sync": 25.627150325680006,
  "BackboneJS-TodoMVC/DeletingAllItems/total": 28.735700172472857,
  "BackboneJS-TodoMVC/total": 184.77016391049864,
  "Elm-TodoMVC/Adding100Items/Async": 45.01984204664704,
  "Elm-TodoMVC/Adding100Items/Sync": 85.46744422778158,
  "Elm-TodoMVC/Adding100Items/total": 130.52816827728128,
  "Elm-TodoMVC/CompletingAllItems/Async": 29.15131294666602,
  "Elm-TodoMVC/CompletingAllItems/Sync": 90.33234952469452,
  "Elm-TodoMVC/CompletingAllItems/total": 119.94258497386502,
  "Elm-TodoMVC/DeletingItems/Async": 10.505253691817623,
  "Elm-TodoMVC/DeletingItems/Sync": 101.33797733394691,
  "Elm-TodoMVC/DeletingItems/total": 116.14620483356777,
  "Elm-TodoMVC/total": 373.93770060556045,
  "EmberJS-Debug-TodoMVC/Adding100Items/Async": 39.06618646497144,
  "EmberJS-Debug-TodoMVC/Adding100Items/Sync": 423.46703532890194,
  "EmberJS-Debug-TodoMVC/Adding100Items/total": 462.5662918726944,
  "EmberJS-Debug-TodoMVC/CompletingAllItems/Async": 26.33908506834046,
  "EmberJS-Debug-TodoMVC/CompletingAllItems/Sync": 279.7788235541122,
  "EmberJS-Debug-TodoMVC/CompletingAllItems/total": 306.17639248351566,
  "EmberJS-Debug-TodoMVC/DeletingItems/Async": 5.880593863626407,
  "EmberJS-Debug-TodoMVC/DeletingItems/Sync": 287.6085701032039,
  "EmberJS-Debug-TodoMVC/DeletingItems/total": 295.89660308236313,
  "EmberJS-Debug-TodoMVC/total": 1068.0122929074405,
  "EmberJS-TodoMVC/Adding100Items/Async": 35.21166283311214,
  "EmberJS-TodoMVC/Adding100Items/Sync": 159.08263456722443,
  "EmberJS-TodoMVC/Adding100Items/total": 194.76435362791366,
  "EmberJS-TodoMVC/CompletingAllItems/Async": 26.16926982357441,
  "EmberJS-TodoMVC/CompletingAllItems/Sync": 94.78275464094045,
  "EmberJS-TodoMVC/CompletingAllItems/total": 120.97065467758476,
  "EmberJS-TodoMVC/DeletingItems/Async": 3.7042061230671908,
  "EmberJS-TodoMVC/DeletingItems/Sync": 62.30724824985441,
  "EmberJS-TodoMVC/DeletingItems/total": 66.5823002999034,
  "EmberJS-TodoMVC/total": 383.7599785163101,
  "Flight-TodoMVC/Adding100Items/Async": 32.196618334761006,
  "Flight-TodoMVC/Adding100Items/Sync": 78.35760534642277,
  "Flight-TodoMVC/Adding100Items/total": 110.55747610780033,
  "Flight-TodoMVC/CompletingAllItems/Async": 24.415752300927895,
  "Flight-TodoMVC/CompletingAllItems/Sync": 86.78438753056912,
  "Flight-TodoMVC/CompletingAllItems/total": 111.20812881213982,
  "Flight-TodoMVC/DeletingItems/Async": 2.7584800025677967,
  "Flight-TodoMVC/DeletingItems/Sync": 69.74068391893148,
  "Flight-TodoMVC/DeletingItems/total": 72.50007398842311,
  "Flight-TodoMVC/total": 294.27773469844243,
  "Inferno-TodoMVC/Adding100Items/Async": 37.58626640477464,
  "Inferno-TodoMVC/Adding100Items/Sync": 44.42147503192509,
  "Inferno-TodoMVC/Adding100Items/total": 82.11297773869079,
  "Inferno-TodoMVC/CompletingAllItems/Async": 7.571907747281901,
  "Inferno-TodoMVC/CompletingAllItems/Sync": 86.52189192078691,
  "Inferno-TodoMVC/CompletingAllItems/total": 94.92248057650895,
  "Inferno-TodoMVC/DeletingItems/Async": 3.2447580717281794,
  "Inferno-TodoMVC/DeletingItems/Sync": 212.04549728614043,
  "Inferno-TodoMVC/DeletingItems/total": 215.4613299157519,
  "Inferno-TodoMVC/total": 392.9304539429367,
  "Preact-TodoMVC/Adding100Items/Async": 37.021192105724836,
  "Preact-TodoMVC/Adding100Items/Sync": 4.9304607600430375,
  "Preact-TodoMVC/Adding100Items/total": 41.96936987836176,
  "Preact-TodoMVC/CompletingAllItems/Async": 16.207150443182428,
  "Preact-TodoMVC/CompletingAllItems/Sync": 3.0056087780167338,
  "Preact-TodoMVC/CompletingAllItems/total": 19.228400058388157,
  "Preact-TodoMVC/DeletingItems/Async": 4.305307186423529,
  "Preact-TodoMVC/DeletingItems/Sync": 1.6285398381517868,
  "Preact-TodoMVC/DeletingItems/total": 5.941210081403739,
  "Preact-TodoMVC/total": 67.17291960978372,
  "React-Redux-TodoMVC/Adding100Items/Async": 34.32466970444451,
  "React-Redux-TodoMVC/Adding100Items/Sync": 141.06831611752588,
  "React-Redux-TodoMVC/Adding100Items/total": 175.7757418860628,
  "React-Redux-TodoMVC/CompletingAllItems/Async": 26.676240282195067,
  "React-Redux-TodoMVC/CompletingAllItems/Sync": 142.42126422693613,
  "React-Redux-TodoMVC/CompletingAllItems/total": 169.36800951963855,
  "React-Redux-TodoMVC/DeletingItems/Async": 5.217242230800676,
  "React-Redux-TodoMVC/DeletingItems/Sync": 88.13354799373701,
  "React-Redux-TodoMVC/DeletingItems/total": 94.42375246103242,
  "React-Redux-TodoMVC/total": 442.9069084654149,
  "React-TodoMVC/Adding100Items/Async": 34.333543758827666,
  "React-TodoMVC/Adding100Items/Sync": 103.97899258826443,
  "React-TodoMVC/Adding100Items/total": 138.32989087705008,
  "React-TodoMVC/CompletingAllItems/Async": 26.145044945745326,
  "React-TodoMVC/CompletingAllItems/Sync": 70.24471643459182,
  "React-TodoMVC/CompletingAllItems/total": 96.94050971451433,
  "React-TodoMVC/DeletingAllItems/Async": 2.956356197038539,
  "React-TodoMVC/DeletingAllItems/Sync": 45.20950928144411,
  "React-TodoMVC/DeletingAllItems/total": 48.30391948404041,
  "React-TodoMVC/total": 286.3232960615353,
  "Vanilla-ES2015-Babel-Webpack-TodoMVC/Adding100Items/Async": 33.77721519825182,
  "Vanilla-ES2015-Babel-Webpack-TodoMVC/Adding100Items/Sync": 295.96055349201515,
  "Vanilla-ES2015-Babel-Webpack-TodoMVC/Adding100Items/total": 329.78310478571507,
  "Vanilla-ES2015-Babel-Webpack-TodoMVC/CompletingAllItems/Async": 24.36423699287001,
  "Vanilla-ES2015-Babel-Webpack-TodoMVC/CompletingAllItems/Sync": 64.00415457425746,
  "Vanilla-ES2015-Babel-Webpack-TodoMVC/CompletingAllItems/total": 88.38412927578507,
  "Vanilla-ES2015-Babel-Webpack-TodoMVC/DeletingItems/Async": 2.8142677229950355,
  "Vanilla-ES2015-Babel-Webpack-TodoMVC/DeletingItems/Sync": 39.86554386419861,
  "Vanilla-ES2015-Babel-Webpack-TodoMVC/DeletingItems/total": 42.68460348222914,
  "Vanilla-ES2015-Babel-Webpack-TodoMVC/total": 460.88168536883813,
  "Vanilla-ES2015-TodoMVC/Adding100Items/Async": 34.52702536328774,
  "Vanilla-ES2015-TodoMVC/Adding100Items/Sync": 312.7822848833936,
  "Vanilla-ES2015-TodoMVC/Adding100Items/total": 347.3727249067322,
  "Vanilla-ES2015-TodoMVC/CompletingAllItems/Async": 26.70253975704906,