{
  "browser-setup": 3.302872,
  "browser-tear_down": 0.299578,
  "probes-creation": 0.000202,
  "probes-setup": 0.000163,
  "probes-start": 8.3e-05,
  "run": 110.263669,
  "runner-cooldown": 2.002072
}