{
  "Angular2-TypeScript-TodoMVC/Adding100Items/Async": 31.766032956979235,
  "Angular2-TypeScript-TodoMVC/Adding100Items/Sync": 42.056469889734174,
  "Angular2-TypeScript-TodoMVC/Adding100Items/total": 73.85325172431396,
  "Angular2-TypeScript-TodoMVC/CompletingAllItems/Async": 12.584249391948214,
  "Angular2-TypeScript-TodoMVC/CompletingAllItems/Sync": 8.50333560143312,
  "Angular2-TypeScript-TodoMVC/CompletingAllItems/total": 21.08927737409278,
  "Angular2-TypeScript-TodoMVC/DeletingItems/Async": 2.713692518025118,
  "Angular2-TypeScript-TodoMVC/DeletingItems/Sync": 16.319551849361286,
  "Angular2-TypeScript-TodoMVC/DeletingItems/total": 19.035986923535628,
  "Angular2-TypeScript-TodoMVC/total": 113.9863184769217,
  "AngularJS-TodoMVC/Adding100Items/Async": 41.12124266379404,
  "AngularJS-TodoMVC/Adding100Items/Sync": 155.42660411557864,
  "AngularJS-TodoMVC/Adding100Items/total": 196.56056766333506,
  "AngularJS-TodoMVC/CompletingAllItems/Async": 24.96763798852095,
  "AngularJS-TodoMVC/CompletingAllItems/Sync": 54.52541078466093,
  "AngularJS-TodoMVC/CompletingAllItems/total": 79.55200604192763,
  "AngularJS-TodoMVC/DeletingAllItems/Async": 16.215681196730994,
  "AngularJS-TodoMVC/DeletingAllItems/Sync": 159.58438075835764,
  "AngularJS-TodoMVC/DeletingAllItems/total": 175.8444989817457,
  "AngularJS-TodoMVC/total": 451.9947969731397,
  "BackboneJS-TodoMVC/Adding100Items/Async": 41.934785339703126,
  "BackboneJS-TodoMVC/Adding100Items/Sync": 54.36488551523312,
  "BackboneJS-TodoMVC/Adding100Items/total": 96.50701114318858,
  "BackboneJS-TodoMVC/CompletingAllItems/Async": 34.23807808091514,
  "BackboneJS-TodoMVC/CompletingAllItems/Sync": 36.81184626097768,
  "BackboneJS-TodoMVC/CompletingAllItems/total": 72.08648758447637,
  "BackboneJS-TodoMVC/DeletingAllItems/Async": 5.000707161689258,
  "BackboneJS-TodoMVC/DeletingAllItems/Sync": 25.601125196190072,
  "BackboneJS-TodoMVC/DeletingAllItems/total": 31.237790952181893,
  "BackboneJS-TodoMVC/total": 200.62398866190128,
  "Elm-TodoMVC/Adding100Items/Async": 47.63362144371281,
  "Elm-TodoMVC/Adding100Items/Sync": 85.8092145982027,
  "Elm-TodoMVC/Adding100Items/total": 133.51964990474727,
  "Elm-TodoMVC/CompletingAllItems/Async": 29.38093675090758,
  "Elm-TodoMVC/CompletingAllItems/Sync": 81.57436498013304,
  "Elm-TodoMVC/CompletingAllItems/total": 110.97506616225232,
  "Elm-TodoMVC/DeletingItems/Async": 9.024029737943243,
  "Elm-TodoMVC/DeletingItems/Sync": 100.29985174766769,
  "Elm-TodoMVC/DeletingItems/total": 109.42380018721781,
  "Elm-TodoMVC/total": 353.9476350785962,
  "EmberJS-Debug-TodoMVC/Adding100Items/Async": 45.156883625660555,
  "EmberJS-Debug-TodoMVC/Adding100Items/Sync": 755.945264226066,
  "EmberJS-Debug-TodoMVC/Adding100Items/total": 801.8199771294373,
  "EmberJS-Debug-TodoMVC/CompletingAllItems/Async": 33.3861522931448,
  "EmberJS-Debug-TodoMVC/CompletingAllItems/Sync": 297.6459416259928,
  "EmberJS-Debug-TodoMVC/CompletingAllItems/total": 331.2692048960194,
  "EmberJS-Debug-TodoMVC/DeletingItems/Async": 10.952563951419338,
  "EmberJS-Debug-TodoMVC/DeletingItems/Sync": 288.06820376176415,
  "EmberJS-Debug-TodoMVC/DeletingItems/total": 302.1005202039545,
  "EmberJS-Debug-TodoMVC/total": 1442.7542176937982,
  "EmberJS-TodoMVC/Adding100Items/Async": 33.932462600618884,
  "EmberJS-TodoMVC/Adding100Items/Sync": 145.68913831383063,
  "EmberJS-TodoMVC/Adding100Items/total": 179.72207429448528,
  "EmberJS-TodoMVC/CompletingAllItems/Async": 28.700379578549175,
  "EmberJS-TodoMVC/CompletingAllItems/Sync": 101.5646550224267,
  "EmberJS-TodoMVC/CompletingAllItems/total": 130.37001858165826,
  "EmberJS-TodoMVC/DeletingItems/Async": 3.642144054771714,
  "EmberJS-TodoMVC/DeletingItems/Sync": 71.19757419163656,
  "EmberJS-TodoMVC/DeletingItems/total": 74.90938894471114,
  "EmberJS-TodoMVC/total": 385.56497503686955,
  "Flight-TodoMVC/Adding100Items/Async": 33.22278787293787,
  "Flight-TodoMVC/Adding100Items/Sync": 77.16968948386175,
  "Flight-TodoMVC/Adding100Items/total": 110.41047111589756,
  "Flight-TodoMVC/CompletingAllItems/Async": 24.619046091651295,
  "Flight-TodoMVC/CompletingAllItems/Sync": 84.06050594956646,
  "Flight-TodoMVC/CompletingAllItems/total": 108.68398966109814,
  "Flight-TodoMVC/DeletingItems/Async": 3.538261516440551,
  "Flight-TodoMVC/DeletingItems/Sync": 71.58024127318684,
  "Flight-TodoMVC/DeletingItems/total": 75.17851991210036,
  "Flight-TodoMVC/total": 294.5156726193055,
  "Inferno-TodoMVC/Adding100Items/Async": 38.34616525404602,
  "Inferno-TodoMVC/Adding100Items/Sync": 43.97829884590943,
  "Inferno-TodoMVC/Adding100Items/total": 82.4772154002122,
  "Inferno-TodoMVC/CompletingAllItems/Async": 6.801548393974894,
  "Inferno-TodoMVC/CompletingAllItems/Sync": 84.35984933123375,
  "Inferno-TodoMVC/CompletingAllItems/total": 91.32627132745039,
  "Inferno-TodoMVC/DeletingItems/Async": 3.246464268562969,
  "Inferno-TodoMVC/DeletingItems/Sync": 197.51674937200968,
  "Inferno-TodoMVC/DeletingItems/total": 200.7942011038982,
  "Inferno-TodoMVC/total": 374.6787980686658,
  "Preact-TodoMVC/Adding100Items/Async": 37.27234439939342,
  "Preact-TodoMVC/Adding100Items/Sync": 4.891062995703403,
  "Preact-TodoMVC/Adding100Items/total": 42.16796786293062,
  "Preact-TodoMVC/CompletingAllItems/Async": 16.0549436531347,
  "Preact-TodoMVC/CompletingAllItems/Sync": 2.8623941515069427,
  "Preact-TodoMVC/CompletingAllItems/total": 18.92160352110491,
  "Preact-TodoMVC/DeletingItems/Async": 4.381561718777113,
  "Preact-TodoMVC/DeletingItems/Sync": 1.5937204363358952,
  "Preact-TodoMVC/DeletingItems/total": 5.984606148714348,
  "Preact-TodoMVC/total": 67.11674408412104,
  "React-Redux-TodoMVC/Adding100Items/Async": 34.33476471895189,
  "React-Redux-TodoMVC/Adding100Items/Sync": 132.1846903497868,
  "React-Redux-TodoMVC/Adding100Items/total": 166.60454861489447,
  "React-Redux-TodoMVC/CompletingAllItems/Async": 27.82429842288074,
  "React-Redux-TodoMVC/CompletingAllItems/Sync": 142.9987463392519,
  "React-Redux-TodoMVC/CompletingAllItems/total": 171.1147261575073,
  "React-Redux-TodoMVC/DeletingItems/Async": 3.7291513385799444,
  "React-Redux-TodoMVC/DeletingItems/Sync": 95.67906727357217,
  "React-Redux-TodoMVC/DeletingItems/total": 99.5096872637081,
  "React-Redux-TodoMVC/total": 439.1659469541299,
  "React-TodoMVC/Adding100Items/Async": 34.46619365687058,
  "React-TodoMVC/Adding100Items/Sync": 107.54734378694769,
  "React-TodoMVC/Adding100Items/total": 142.0549706463346,
  "React-TodoMVC/CompletingAllItems/Async": 27.1541241467763,
  "React-TodoMVC/CompletingAllItems/Sync": 63.11135265445204,
  "React-TodoMVC/CompletingAllItems/total": 90.27994451381977,
  "React-TodoMVC/DeletingAllItems/Async": 2.9672080106024126,
  "React-TodoMVC/DeletingAllItems/Sync": 45.06540433307069,
  "React-TodoMVC/DeletingAllItems/total": 48.045798563978124,
  "React-TodoMVC/total": 280.4629948061993,
  "Vanilla-ES2015-Babel-Webpack-TodoMVC/Adding100Items/Async": 34.92406607111781,
  "Vanilla-ES2015-Babel-Webpack-TodoMVC/Adding100Items/Sync": 290.6886871622634,
  "Vanilla-ES2015-Babel-Webpack-TodoMVC/Adding100Items/total": 325.67043033617983,
  "Vanilla-ES2015-Babel-Webpack-TodoMVC/CompletingAllItems/Async": 26.146119177568433,
  "Vanilla-ES2015-Babel-Webpack-TodoMVC/CompletingAllItems/Sync": 63.74543010384021,
  "Vanilla-ES2015-Babel-Webpack-TodoMVC/CompletingAllItems/total": 89.94700566237354,
  "Vanilla-ES2015-Babel-Webpack-TodoMVC/DeletingItems/Async": 3.4413010402204836,
  "Vanilla-ES2015-Babel-Webpack-TodoMVC/DeletingItems/Sync": 40.04451027005736,
  "Vanilla-ES2015-Babel-Webpack-TodoMVC/DeletingItems/total": 43.554943462962775,
  "Vanilla-ES2015-Babel-Webpack-TodoMVC/total": 459.196676576096,
  "Vanilla-ES2015-TodoMVC/Adding100Items/Async": 33.95285163319858,
  "Vanilla-ES2015-TodoMVC/Adding100Items/Sync": 294.39396800729446,
  "Vanilla-ES2015-TodoMVC/Adding100Items/total": 328.404150292663,
  "Vanilla-ES2015-TodoMVC/CompletingAllItems/Async": 26.261448685524027,