{
  "browser-setup": 3.279699,
  "browser-tear_down": 0.275831,
  "probes-creation": 0.000189,
  "probes-setup": 0.000157,
  "probes-start": 7.8e-05,
  "run": 109.364321,
  "runner-cooldown": 2.001757
}