{
  "Angular2-TypeScript-TodoMVC/Adding100Items/Async": 31.69482126033425,
  "Angular2-TypeScript-TodoMVC/Adding100Items/Sync": 41.81594930915357,
  "Angular2-TypeScript-TodoMVC/Adding100Items/total": 73.54666493904689,
  "Angular2-TypeScript-TodoMVC/CompletingAllItems/Async": 12.957656561245436,
  "Angular2-TypeScript-TodoMVC/CompletingAllItems/Sync": 8.596076420840417,
  "Angular2-TypeScript-TodoMVC/CompletingAllItems/total": 21.55497835079085,
  "Angular2-TypeScript-TodoMVC/DeletingItems/Async": 2.7024586429424446,
  "Angular2-TypeScript-TodoMVC/DeletingItems/Sync": 19.400542597013196,
  "Angular2-TypeScript-TodoMVC/DeletingItems/total": 22.26957777472541,
  "Angular2-TypeScript-TodoMVC/total": 120.1190722844929,
  "AngularJS-TodoMVC/Adding100Items/Async": 47.0220938158849,
  "AngularJS-TodoMVC/Adding100Items/Sync": 161.52912294815144,
  "AngularJS-TodoMVC/Adding100Items/total": 211.20152898461276,
  "AngularJS-TodoMVC/CompletingAllItems/Async": 25.18035409996431,
  "AngularJS-TodoMVC/CompletingAllItems/Sync": 55.51255581051682,
  "AngularJS-TodoMVC/CompletingAllItems/total": 80.79252327554038,
  "AngularJS-TodoMVC/DeletingAllItems/Async": 14.396692316165417,
  "AngularJS-TodoMVC/DeletingAllItems/Sync": 173.25574278644697,
  "AngularJS-TodoMVC/DeletingAllItems/total": 187.72567826906447,
  "AngularJS-TodoMVC/total": 482.70045922373464,
  "BackboneJS-TodoMVC/Adding100Items/Async": 37.076529479646815,
  "BackboneJS-TodoMVC/Adding100Items/Sync": 55.88625480371183,
  "BackboneJS-TodoMVC/Adding100Items/total": 92.98491047054713,
  "BackboneJS-TodoMVC/CompletingAllItems/Async": 28.045995897520754,
  "BackboneJS-TodoMVC/CompletingAllItems/Sync": 38.15201071512061,
  "BackboneJS-TodoMVC/CompletingAllItems/total": 66.20058742961788,
  "BackboneJS-TodoMVC/DeletingAllItems/Async": 3.2602412467139112,
  "BackboneJS-TodoMVC/DeletingAllItems/Sync": 26.021381132531427,
  "BackboneJS-TodoMVC/DeletingAllItems/total": 29.29280930901371,
  "BackboneJS-TodoMVC/total": 188.49863254899327,
  "Elm-TodoMVC/Adding100Items/Async": 46.99271453261244,
  "Elm-TodoMVC/Adding100Items/Sync": 87.10799483952083,
  "Elm-TodoMVC/Adding100Items/total": 134.20340171622723,
  "Elm-TodoMVC/CompletingAllItems/Async": 30.78420870284653,
  "Elm-TodoMVC/CompletingAllItems/Sync": 103.47954084226885,
  "Elm-TodoMVC/CompletingAllItems/total": 135.09548708454878,
  "Elm-TodoMVC/DeletingItems/Async": 9.32161082778754,
  "Elm-TodoMVC/DeletingItems/Sync": 119.7368200416975,
  "Elm-TodoMVC/DeletingItems/total": 129.64636296284803,
  "Elm-TodoMVC/total": 409.7885640659771,
  "EmberJS-Debug-TodoMVC/Adding100Items/Async": 40.139560879129256,
  "EmberJS-Debug-TodoMVC/Adding100Items/Sync": 429.32452975764625,
  "EmberJS-Debug-TodoMVC/Adding100Items/total": 469.505968872656,
  "EmberJS-Debug-TodoMVC/CompletingAllItems/Async": 27.740538175417928,
  "EmberJS-Debug-TodoMVC/CompletingAllItems/Sync": 292.78169866148994,
  "EmberJS-Debug-TodoMVC/CompletingAllItems/total": 320.72664955085185,
  "EmberJS-Debug-TodoMVC/DeletingItems/Async": 8.51205653598855,
  "EmberJS-Debug-TodoMVC/DeletingItems/Sync": 301.9319586127745,
  "EmberJS-Debug-TodoMVC/DeletingItems/total": 312.7437633730712,
  "EmberJS-Debug-TodoMVC/total": 1113.512337089667,
  "EmberJS-TodoMVC/Adding100Items/Async": 35.5323617658084,
  "EmberJS-TodoMVC/Adding100Items/Sync": 158.12422936703905,
  "EmberJS-TodoMVC/Adding100Items/total": 193.95858958980193,
  "EmberJS-TodoMVC/CompletingAllItems/Async": 26.76424566667729,
  "EmberJS-TodoMVC/CompletingAllItems/Sync": 95.10300452237715,
  "EmberJS-TodoMVC/CompletingAllItems/total": 121.89573984139247,
  "EmberJS-TodoMVC/DeletingItems/Async": 3.9718017763182965,
  "EmberJS-TodoMVC/DeletingItems/Sync": 63.26627342196938,
  "EmberJS-TodoMVC/DeletingItems/total": 68.06833097261736,
  "EmberJS-TodoMVC/total": 385.0524688695286,
  "Flight-TodoMVC/Adding100Items/Async": 33.04137083711212,
  "Flight-TodoMVC/Adding100Items/Sync": 80.76857884059122,
  "Flight-TodoMVC/Adding100Items/total": 113.82107070532477,
  "Flight-TodoMVC/CompletingAllItems/Async": 25.89914970534309,
  "Flight-TodoMVC/CompletingAllItems/Sync": 98.55996172479759,
  "Flight-TodoMVC/CompletingAllItems/total": 124.83130133958664,
  "Flight-TodoMVC/DeletingItems/Async": 3.243223348098352,
  "Flight-TodoMVC/DeletingItems/Sync": 71.46249410374422,
  "Flight-TodoMVC/DeletingItems/total": 74.90172810325909,
  "Flight-TodoMVC/total": 315.32436191798075,
  "Inferno-TodoMVC/Adding100Items/Async": 38.04252967442057,
  "Inferno-TodoMVC/Adding100Items/Sync": 44.716480598136386,
  "Inferno-TodoMVC/Adding100Items/total": 82.9099074220286,
  "Inferno-TodoMVC/CompletingAllItems/Async": 8.05817073128297,
  "Inferno-TodoMVC/CompletingAllItems/Sync": 96.0219653500478,
  "Inferno-TodoMVC/CompletingAllItems/total": 104.42193780379372,
  "Inferno-TodoMVC/DeletingItems/Async": 3.6522328812362193,
  "Inferno-TodoMVC/DeletingItems/Sync": 208.56999962192114,
  "Inferno-TodoMVC/DeletingItems/total": 213.7116274225742,
  "Inferno-TodoMVC/total": 403.85679833181405,
  "Preact-TodoMVC/Adding100Items/Async": 38.03846727392372,
  "Preact-TodoMVC/Adding100Items/Sync": 5.015288851142933,
  "Preact-TodoMVC/Adding100Items/total": 43.064979624891784,
  "Preact-TodoMVC/CompletingAllItems/Async": 16.651695366284756,
  "Preact-TodoMVC/CompletingAllItems/Sync": 3.241846164895358,
  "Preact-TodoMVC/CompletingAllItems/total": 19.899571615939205,
  "Preact-TodoMVC/DeletingItems/Async": 4.879067712687867,
  "Preact-TodoMVC/DeletingItems/Sync": 1.8015184087637004,
  "Preact-TodoMVC/DeletingItems/total": 6.691179398944056,
  "Preact-TodoMVC/total": 69.72044310995871,
  "React-Redux-TodoMVC/Adding100Items/Async": 35.33657972594575,
  "React-Redux-TodoMVC/Adding100Items/Sync": 144.39605537368968,
  "React-Redux-TodoMVC/Adding100Items/total": 180.25706943627821,
  "React-Redux-TodoMVC/CompletingAllItems/Async": 26.951386515016434,
  "React-Redux-TodoMVC/CompletingAllItems/Sync": 136.9363424528339,
  "React-Redux-TodoMVC/CompletingAllItems/total": 163.9558298760915,
  "React-Redux-TodoMVC/DeletingItems/Async": 3.9151284547587197,
  "React-Redux-TodoMVC/DeletingItems/Sync": 88.96987803060235,
  "React-Redux-TodoMVC/DeletingItems/total": 93.24048383332195,
  "React-Redux-TodoMVC/total": 439.228064206004,
  "React-TodoMVC/Adding100Items/Async": 34.608871224163984,
  "React-TodoMVC/Adding100Items/Sync": 108.00490141493309,
  "React-TodoMVC/Adding100Items/total": 142.70763050121886,
  "React-TodoMVC/CompletingAllItems/Async": 27.278394767764066,
  "React-TodoMVC/CompletingAllItems/Sync": 70.69085763799814,
  "React-TodoMVC/CompletingAllItems/total": 98.67321087447412,
  "React-TodoMVC/DeletingAllItems/Async": 3.093311894699307,
  "React-TodoMVC/DeletingAllItems/Sync": 48.638990244802784,
  "React-TodoMVC/DeletingAllItems/total": 51.85628296459116,
  "React-TodoMVC/total": 296.3542910640636,
  "Vanilla-ES2015-Babel-Webpack-TodoMVC/Adding100Items/Async": 33.83767607394896,
  "Vanilla-ES2015-Babel-Webpack-TodoMVC/Adding100Items/Sync": 300.29758627854943,
  "Vanilla-ES2015-Babel-Webpack-TodoMVC/Adding100Items/total": 334.17065280607983,
  "Vanilla-ES2015-Babel-Webpack-TodoMVC/CompletingAllItems/Async": 24.634075011809855,
  "Vanilla-ES2015-Babel-Webpack-TodoMVC/CompletingAllItems/Sync": 63.54034100647508,
  "Vanilla-ES2015-Babel-Webpack-TodoMVC/CompletingAllItems/total": 88.18287361573385,
  "Vanilla-ES2015-Babel-Webpack-TodoMVC/DeletingItems/Async": 2.8084327937371967,
  "Vanilla-ES2015-Babel-Webpack-TodoMVC/DeletingItems/Sync": 39.9943442772376,
  "Vanilla-ES2015-Babel-Webpack-TodoMVC/DeletingItems/total": 42.80361833084219,
  "Vanilla-ES2015-Babel-Webpack-TodoMVC/total": 465.17506292638586,
  "Vanilla-ES2015-TodoMVC/Adding100Items/Async": 34.24749139953505,
  "Vanilla-ES2015-TodoMVC/Adding100Items/Sync": 304.7867773426457,
  "Vanilla-ES2015-TodoMVC/Adding100Items/total": 339.0942683800038,
  "Vanilla-ES2015-TodoMVC/CompletingAllItems/Async": 26.22569143739053,