{
  "browser-setup": 3.301884,
  "browser-tear_down": 0.287776,
  "probes-creation": 0.000208,
  "probes-setup": 0.000174,
  "probes-start": 8.1e-05,
  "run": 108.361252,
  "runner-cooldown": 2.002077
}