{
  "Angular2-TypeScript-TodoMVC/Adding100Items/Async": 30.508415336929843,
  "Angular2-TypeScript-TodoMVC/Adding100Items/Sync": 41.10774325411079,
  "Angular2-TypeScript-TodoMVC/Adding100Items/total": 71.66469790998872,
  "Angular2-TypeScript-TodoMVC/CompletingAllItems/Async": 12.40634797909541,
  "Angular2-TypeScript-TodoMVC/CompletingAllItems/Sync": 8.194854146797146,
  "Angular2-TypeScript-TodoMVC/CompletingAllItems/total": 20.604003702109345,
  "Angular2-TypeScript-TodoMVC/DeletingItems/Async": 2.6158451702808945,
  "Angular2-TypeScript-TodoMVC/DeletingItems/Sync": 15.992639706799402,
  "Angular2-TypeScript-TodoMVC/DeletingItems/total": 18.616195136049917,
  "Angular2-TypeScript-TodoMVC/total": 110.89614020178531,
  "AngularJS-TodoMVC/Adding100Items/Async": 40.21966343121878,
  "AngularJS-TodoMVC/Adding100Items/Sync": 155.71016640551719,
  "AngularJS-TodoMVC/Adding100Items/total": 195.99639404213602,
  "AngularJS-TodoMVC/CompletingAllItems/Async": 23.925743759542588,
  "AngularJS-TodoMVC/CompletingAllItems/Sync": 54.06740551889379,
  "AngularJS-TodoMVC/CompletingAllItems/total": 78.36227312213308,
  "AngularJS-TodoMVC/DeletingAllItems/Async": 14.323973946049325,
  "AngularJS-TodoMVC/DeletingAllItems/Sync": 161.71650237559024,
  "AngularJS-TodoMVC/DeletingAllItems/total": 176.25772808088365,
  "AngularJS-TodoMVC/total": 450.9442246778012,
  "BackboneJS-TodoMVC/Adding100Items/Async": 35.39116368816242,
  "BackboneJS-TodoMVC/Adding100Items/Sync": 53.804759428077524,
  "BackboneJS-TodoMVC/Adding100Items/total": 89.21103038054694,
  "BackboneJS-TodoMVC/CompletingAllItems/Async": 27.15553485963255,
  "BackboneJS-TodoMVC/CompletingAllItems/Sync": 37.38477836649921,
  "BackboneJS-TodoMVC/CompletingAllItems/total": 64.54453515839661,
  "BackboneJS-TodoMVC/DeletingAllItems/Async": 3.3116799056631243,
  "BackboneJS-TodoMVC/DeletingAllItems/Sync": 25.338912362201825,
  "BackboneJS-TodoMVC/DeletingAllItems/total": 28.66533420201998,
  "BackboneJS-TodoMVC/total": 182.4616019351393,
  "Elm-TodoMVC/Adding100Items/Async": 46.66432942012759,
  "Elm-TodoMVC/Adding100Items/Sync": 116.1381140173752,
  "Elm-TodoMVC/Adding100Items/total": 165.36665755760052,
  "Elm-TodoMVC/CompletingAllItems/Async": 30.97071122182883,
  "Elm-TodoMVC/CompletingAllItems/Sync": 104.85083833714425,
  "Elm-TodoMVC/CompletingAllItems/total": 137.1728806588284,
  "Elm-TodoMVC/DeletingItems/Async": 9.506847214447559,
  "Elm-TodoMVC/DeletingItems/Sync": 97.9170331295068,
  "Elm-TodoMVC/DeletingItems/total": 107.93988797875245,
  "Elm-TodoMVC/total": 422.6235228062197,
  "EmberJS-Debug-TodoMVC/Adding100Items/Async": 37.55579790845151,
  "EmberJS-Debug-TodoMVC/Adding100Items/Sync": 399.6526659720976,
  "EmberJS-Debug-TodoMVC/Adding100Items/total": 437.2562581849623,
  "EmberJS-Debug-TodoMVC/CompletingAllItems/Async": 27.29096795134795,
  "EmberJS-Debug-TodoMVC/CompletingAllItems/Sync": 296.5750179275822,
  "EmberJS-Debug-TodoMVC/CompletingAllItems/total": 323.9294820531549,
  "EmberJS-Debug-TodoMVC/DeletingItems/Async": 7.682545457027697,
  "EmberJS-Debug-TodoMVC/DeletingItems/Sync": 308.57760484049936,
  "EmberJS-Debug-TodoMVC/DeletingItems/total": 319.0436038234143,
  "EmberJS-Debug-TodoMVC/total": 1087.791809492967,
  "EmberJS-TodoMVC/Adding100Items/Async": 33.8826976783859,
  "EmberJS-TodoMVC/Adding100Items/Sync": 138.28412160429204,
  "EmberJS-TodoMVC/Adding100Items/total": 172.20384901420957,
  "EmberJS-TodoMVC/CompletingAllItems/Async": 25.034032100255253,
  "EmberJS-TodoMVC/CompletingAllItems/Sync": 92.559843890469,
  "EmberJS-TodoMVC/CompletingAllItems/total": 117.60251044920763,
  "EmberJS-TodoMVC/DeletingItems/Async": 2.84922226181617,
  "EmberJS-TodoMVC/DeletingItems/Sync": 62.24931045286361,
  "EmberJS-TodoMVC/DeletingItems/total": 65.1023626912478,
  "EmberJS-TodoMVC/total": 355.0848913161077,
  "Flight-TodoMVC/Adding100Items/Async": 31.748164566575195,
  "Flight-TodoMVC/Adding100Items/Sync": 77.65084699109268,
  "Flight-TodoMVC/Adding100Items/total": 109.40904971891837,
  "Flight-TodoMVC/CompletingAllItems/Async": 24.413932432478724,
  "Flight-TodoMVC/CompletingAllItems/Sync": 86.45621569216206,
  "Flight-TodoMVC/CompletingAllItems/total": 110.87784566976137,
  "Flight-TodoMVC/DeletingItems/Async": 2.788435863552725,
  "Flight-TodoMVC/DeletingItems/Sync": 69.86009948142679,
  "Flight-TodoMVC/DeletingItems/total": 72.65012448573326,
  "Flight-TodoMVC/total": 292.9518342161845,
  "Inferno-TodoMVC/Adding100Items/Async": 37.47193286315778,
  "Inferno-TodoMVC/Adding100Items/Sync": 42.25721969850453,
  "Inferno-TodoMVC/Adding100Items/total": 79.8878966269712,
  "Inferno-TodoMVC/CompletingAllItems/Async": 6.058655720683531,
  "Inferno-TodoMVC/CompletingAllItems/Sync": 83.68890191371919,
  "Inferno-TodoMVC/CompletingAllItems/total": 89.75002830105242,
  "Inferno-TodoMVC/DeletingItems/Async": 3.1724716721738053,
  "Inferno-TodoMVC/DeletingItems/Sync": 209.04491549978823,
  "Inferno-TodoMVC/DeletingItems/total": 212.27598820182828,
  "Inferno-TodoMVC/total": 383.3224377633494,
  "Preact-TodoMVC/Adding100Items/Async": 35.70832388222158,
  "Preact-TodoMVC/Adding100Items/Sync": 4.672805015621721,
  "Preact-TodoMVC/Adding100Items/total": 40.38422561604029,
  "Preact-TodoMVC/CompletingAllItems/Async": 16.66233226361376,
  "Preact-TodoMVC/CompletingAllItems/Sync": 2.8766676786478778,
  "Preact-TodoMVC/CompletingAllItems/total": 19.570682549682516,
  "Preact-TodoMVC/DeletingItems/Async": 4.365854876668159,
  "Preact-TodoMVC/DeletingItems/Sync": 1.5345131312203046,
  "Preact-TodoMVC/DeletingItems/total": 5.906458192647138,
  "Preact-TodoMVC/total": 65.99706072206446,
  "React-Redux-TodoMVC/Adding100Items/Async": 32.74977557399035,
  "React-Redux-TodoMVC/Adding100Items/Sync": 130.03631637781314,
  "React-Redux-TodoMVC/Adding100Items/total": 162.83179542030004,
  "React-Redux-TodoMVC/CompletingAllItems/Async": 25.275543655365023,
  "React-Redux-TodoMVC/CompletingAllItems/Sync": 148.62047326147822,
  "React-Redux-TodoMVC/CompletingAllItems/total": 174.24659122392933,
  "React-Redux-TodoMVC/DeletingItems/Async": 4.9000798974438835,
  "React-Redux-TodoMVC/DeletingItems/Sync": 101.66833511505735,
  "React-Redux-TodoMVC/DeletingItems/total": 107.9328325807859,
  "React-Redux-TodoMVC/total": 451.26943926912986,
  "React-TodoMVC/Adding100Items/Async": 35.01138987545501,
  "React-TodoMVC/Adding100Items/Sync": 116.05243595802376,
  "React-TodoMVC/Adding100Items/total": 151.38443454538128,
  "React-TodoMVC/CompletingAllItems/Async": 27.180467505716994,
  "React-TodoMVC/CompletingAllItems/Sync": 71.08838812110645,
  "React-TodoMVC/CompletingAllItems/total": 98.94707204955358,
  "React-TodoMVC/DeletingAllItems/Async": 3.54889654463855,
  "React-TodoMVC/DeletingAllItems/Sync": 46.13185298114907,
  "React-TodoMVC/DeletingAllItems/total": 50.23501290002073,
  "React-TodoMVC/total": 304.41699486067773,
  "Vanilla-ES2015-Babel-Webpack-TodoMVC/Adding100Items/Async": 35.255050115808984,
  "Vanilla-ES2015-Babel-Webpack-TodoMVC/Adding100Items/Sync": 302.39002207939564,
  "Vanilla-ES2015-Babel-Webpack-TodoMVC/Adding100Items/total": 337.84462733714696,
  "Vanilla-ES2015-Babel-Webpack-TodoMVC/CompletingAllItems/Async": 24.95554071648868,
  "Vanilla-ES2015-Babel-Webpack-TodoMVC/CompletingAllItems/Sync": 64.0780833219713,
  "Vanilla-ES2015-Babel-Webpack-TodoMVC/CompletingAllItems/total": 89.05613287856082,
  "Vanilla-ES2015-Babel-Webpack-TodoMVC/DeletingItems/Async": 3.597059518174309,
  "Vanilla-ES2015-Babel-Webpack-TodoMVC/DeletingItems/Sync": 46.836915186193835,
  "Vanilla-ES2015-Babel-Webpack-TodoMVC/DeletingItems/total": 50.64643134678215,
  "Vanilla-ES2015-Babel-Webpack-TodoMVC/total": 483.6548226102155,
  "Vanilla-ES2015-TodoMVC/Adding100Items/Async": 33.42836656698084,
  "Vanilla-ES2015-TodoMVC/Adding100Items/Sync": 296.006870191791,
  "Vanilla-ES2015-TodoMVC/Adding100Items/total": 329.4622920619152,
  "Vanilla-ES2015-TodoMVC/CompletingAllItems/Async": 25.875116410648385,