{
  "browser-setup": 3.851445,
  "browser-tear_down": 0.274803,
  "probes-creation": 0.00012,
  "probes-setup": 9.8e-05,
  "probes-start": 5.5e-05,
  "run": 125.734839,
  "runner-cooldown": 2.002051
}