{
  "Angular2-TypeScript-TodoMVC/Adding100Items/Async": 37.85494339408426,
  "Angular2-TypeScript-TodoMVC/Adding100Items/Sync": 53.71877006597483,
  "Angular2-TypeScript-TodoMVC/Adding100Items/total": 91.61992992466043,
  "Angular2-TypeScript-TodoMVC/CompletingAllItems/Async": 14.217434880080642,
  "Angular2-TypeScript-TodoMVC/CompletingAllItems/Sync": 9.985538613211398,
  "Angular2-TypeScript-TodoMVC/CompletingAllItems/total": 24.20500894003709,
  "Angular2-TypeScript-TodoMVC/DeletingItems/Async": 3.5268835808018735,
  "Angular2-TypeScript-TodoMVC/DeletingItems/Sync": 18.14344761075614,
  "Angular2-TypeScript-TodoMVC/DeletingItems/total": 21.683635801671294,
  "Angular2-TypeScript-TodoMVC/total": 137.5752109375683,
  "AngularJS-TodoMVC/Adding100Items/Async": 49.875350790930796,
  "AngularJS-TodoMVC/Adding100Items/Sync": 236.99378000234447,
  "AngularJS-TodoMVC/Adding100Items/total": 287.3891957849407,
  "AngularJS-TodoMVC/CompletingAllItems/Async": 33.0699457398875,
  "AngularJS-TodoMVC/CompletingAllItems/Sync": 68.97809280016514,
  "AngularJS-TodoMVC/CompletingAllItems/total": 102.452845382634,
  "AngularJS-TodoMVC/DeletingAllItems/Async": 16.442664344914096,
  "AngularJS-TodoMVC/DeletingAllItems/Sync": 265.43708600277483,
  "AngularJS-TodoMVC/DeletingAllItems/total": 281.95339863548895,
  "AngularJS-TodoMVC/total": 675.1215479394133,
  "BackboneJS-TodoMVC/Adding100Items/Async": 43.36886594233851,
  "BackboneJS-TodoMVC/Adding100Items/Sync": 71.81938365176055,
  "BackboneJS-TodoMVC/Adding100Items/total": 115.21300666716691,
  "BackboneJS-TodoMVC/CompletingAllItems/Async": 32.96888721819858,
  "BackboneJS-TodoMVC/CompletingAllItems/Sync": 46.73177521431083,
  "BackboneJS-TodoMVC/CompletingAllItems/total": 79.70598321566825,
  "BackboneJS-TodoMVC/DeletingAllItems/Async": 4.660959430743594,
  "BackboneJS-TodoMVC/DeletingAllItems/Sync": 29.900830976988264,
  "BackboneJS-TodoMVC/DeletingAllItems/total": 34.57579528631379,
  "BackboneJS-TodoMVC/total": 229.51935174519517,
  "Elm-TodoMVC/Adding100Items/Async": 49.8822826342347,
  "Elm-TodoMVC/Adding100Items/Sync": 134.9232219460906,
  "Elm-TodoMVC/Adding100Items/total": 185.7283467909344,
  "Elm-TodoMVC/CompletingAllItems/Async": 35.2042199039533,
  "Elm-TodoMVC/CompletingAllItems/Sync": 140.80724030676916,
  "Elm-TodoMVC/CompletingAllItems/total": 176.73778608369625,
  "Elm-TodoMVC/DeletingItems/Async": 10.42806509917125,
  "Elm-TodoMVC/DeletingItems/Sync": 144.50712414335624,
  "Elm-TodoMVC/DeletingItems/total": 155.33003187596566,
  "Elm-TodoMVC/total": 525.9958491346498,
  "EmberJS-Debug-TodoMVC/Adding100Items/Async": 47.82434394658054,
  "EmberJS-Debug-TodoMVC/Adding100Items/Sync": 587.3683652879174,
  "EmberJS-Debug-TodoMVC/Adding100Items/total": 635.2668755275611,
  "EmberJS-Debug-TodoMVC/CompletingAllItems/Async": 31.398064340595106,
  "EmberJS-Debug-TodoMVC/CompletingAllItems/Sync": 360.44358564255026,
  "EmberJS-Debug-TodoMVC/CompletingAllItems/total": 391.9692240167191,
  "EmberJS-Debug-TodoMVC/DeletingItems/Async": 13.051799442826985,
  "EmberJS-Debug-TodoMVC/DeletingItems/Sync": 402.38238071862577,
  "EmberJS-Debug-TodoMVC/DeletingItems/total": 416.33127992405934,
  "EmberJS-Debug-TodoMVC/total": 1451.3011027730302,
  "EmberJS-TodoMVC/Adding100Items/Async": 43.26875525665472,
  "EmberJS-TodoMVC/Adding100Items/Sync": 222.88393467270467,
  "EmberJS-TodoMVC/Adding100Items/total": 266.4745602539271,
  "EmberJS-TodoMVC/CompletingAllItems/Async": 37.7492152188867,
  "EmberJS-TodoMVC/CompletingAllItems/Sync": 115.94410665287201,
  "EmberJS-TodoMVC/CompletingAllItems/total": 154.1044858023479,
  "EmberJS-TodoMVC/DeletingItems/Async": 4.5771277014477665,
  "EmberJS-TodoMVC/DeletingItems/Sync": 77.57485084237302,
  "EmberJS-TodoMVC/DeletingItems/total": 82.67160429250302,
  "EmberJS-TodoMVC/total": 504.6502477745899,
  "Flight-TodoMVC/Adding100Items/Async": 38.589008853428155,
  "Flight-TodoMVC/Adding100Items/Sync": 96.65510080874589,
  "Flight-TodoMVC/Adding100Items/total": 135.25429662709382,
  "Flight-TodoMVC/CompletingAllItems/Async": 28.488487861179337,
  "Flight-TodoMVC/CompletingAllItems/Sync": 103.51477167289555,
  "Flight-TodoMVC/CompletingAllItems/total": 132.0114795338693,
  "Flight-TodoMVC/DeletingItems/Async": 3.7060821254305143,
  "Flight-TodoMVC/DeletingItems/Sync": 87.1344017124867,
  "Flight-TodoMVC/DeletingItems/total": 90.84418843382713,
  "Flight-TodoMVC/total": 358.125880023079,
  "Inferno-TodoMVC/Adding100Items/Async": 44.62389740308871,
  "Inferno-TodoMVC/Adding100Items/Sync": 51.939312970557516,
  "Inferno-TodoMVC/Adding100Items/total": 97.02513961449446,
  "Inferno-TodoMVC/CompletingAllItems/Async": 9.68088537190982,
  "Inferno-TodoMVC/CompletingAllItems/Sync": 110.54913508885623,
  "Inferno-TodoMVC/CompletingAllItems/total": 120.82150580247622,
  "Inferno-TodoMVC/DeletingItems/Async": 3.8487776406188403,
  "Inferno-TodoMVC/DeletingItems/Sync": 250.7917988878191,
  "Inferno-TodoMVC/DeletingItems/total": 254.72286334566812,
  "Inferno-TodoMVC/total": 473.5766395672037,
  "Preact-TodoMVC/Adding100Items/Async": 42.98579015916803,
  "Preact-TodoMVC/Adding100Items/Sync": 6.574020446344109,
  "Preact-TodoMVC/Adding100Items/total": 49.561160808370275,
  "Preact-TodoMVC/CompletingAllItems/Async": 30.757672059251416,
  "Preact-TodoMVC/CompletingAllItems/Sync": 3.90721822023628,
  "Preact-TodoMVC/CompletingAllItems/total": 34.67398322539883,
  "Preact-TodoMVC/DeletingItems/Async": 7.677259293729776,
  "Preact-TodoMVC/DeletingItems/Sync": 2.0819251956899056,
  "Preact-TodoMVC/DeletingItems/total": 9.76489428930423,
  "Preact-TodoMVC/total": 94.0050884880307,
  "React-Redux-TodoMVC/Adding100Items/Async": 43.05583099500945,
  "React-Redux-TodoMVC/Adding100Items/Sync": 179.0187163886325,
  "React-Redux-TodoMVC/Adding100Items/total": 222.33228247467684,
  "React-Redux-TodoMVC/CompletingAllItems/Async": 29.897322169368604,
  "React-Redux-TodoMVC/CompletingAllItems/Sync": 175.54312296166586,
  "React-Redux-TodoMVC/CompletingAllItems/total": 205.6437902332235,
  "React-Redux-TodoMVC/DeletingItems/Async": 4.789688995239503,
  "React-Redux-TodoMVC/DeletingItems/Sync": 121.21353831487318,
  "React-Redux-TodoMVC/DeletingItems/total": 126.28479674491126,
  "React-Redux-TodoMVC/total": 559.567005520589,
  "React-TodoMVC/Adding100Items/Async": 45.11536551309906,
  "React-TodoMVC/Adding100Items/Sync": 173.40362596174626,
  "React-TodoMVC/Adding100Items/total": 219.7459681962823,
  "React-TodoMVC/CompletingAllItems/Async": 33.40032047679094,
  "React-TodoMVC/CompletingAllItems/Sync": 92.69262297684637,
  "React-TodoMVC/CompletingAllItems/total": 126.4442083748758,
  "React-TodoMVC/DeletingAllItems/Async": 5.464826889363874,
  "React-TodoMVC/DeletingAllItems/Sync": 55.63630324972937,
  "React-TodoMVC/DeletingAllItems/total": 61.646160706991076,
  "React-TodoMVC/total": 414.8860337414681,
  "Vanilla-ES2015-Babel-Webpack-TodoMVC/Adding100Items/Async": 36.46670239952634,
  "Vanilla-ES2015-Babel-Webpack-TodoMVC/Adding100Items/Sync": 329.19055404588676,
  "Vanilla-ES2015-Babel-Webpack-TodoMVC/Adding100Items/total": 365.6830725669456,
  "Vanilla-ES2015-Babel-Webpack-TodoMVC/CompletingAllItems/Async": 29.6318975667859,
  "Vanilla-ES2015-Babel-Webpack-TodoMVC/CompletingAllItems/Sync": 69.74452734297357,
  "Vanilla-ES2015-Babel-Webpack-TodoMVC/CompletingAllItems/total": 99.38015805824904,
  "Vanilla-ES2015-Babel-Webpack-TodoMVC/DeletingItems/Async": 3.787792018975886,
  "Vanilla-ES2015-Babel-Webpack-TodoMVC/DeletingItems/Sync": 44.61625240050077,
  "Vanilla-ES2015-Babel-Webpack-TodoMVC/DeletingItems/total": 48.4060592295272,
  "Vanilla-ES2015-Babel-Webpack-TodoMVC/total": 513.480390654676,
  "Vanilla-ES2015-TodoMVC/Adding100Items/Async": 37.584251294329015,
  "Vanilla-ES2015-TodoMVC/Adding100Items/Sync": 346.4010734749204,
  "Vanilla-ES2015-TodoMVC/Adding100Items/total": 384.04716794383484,
  "Vanilla-ES2015-TodoMVC/CompletingAllItems/Async": 30.050327635358414,