{
  "browser-setup": 3.275487,
  "browser-tear_down": 0.243903,
  "probes-creation": 0.000231,
  "probes-setup": 0.000186,
  "probes-start": 8.1e-05,
  "run": 109.174477,
  "runner-cooldown": 2.002291
}