{
  "Angular2-TypeScript-TodoMVC/Adding100Items/Async": 31.561911442808775,
  "Angular2-TypeScript-TodoMVC/Adding100Items/Sync": 42.06994528310606,
  "Angular2-TypeScript-TodoMVC/Adding100Items/total": 73.67644571018577,
  "Angular2-TypeScript-TodoMVC/CompletingAllItems/Async": 12.677527092776105,
  "Angular2-TypeScript-TodoMVC/CompletingAllItems/Sync": 8.453271966230101,
  "Angular2-TypeScript-TodoMVC/CompletingAllItems/total": 21.132933412753395,
  "Angular2-TypeScript-TodoMVC/DeletingItems/Async": 2.6743463969131605,
  "Angular2-TypeScript-TodoMVC/DeletingItems/Sync": 16.477819979513917,
  "Angular2-TypeScript-TodoMVC/DeletingItems/total": 19.158243293783677,
  "Angular2-TypeScript-TodoMVC/total": 113.99153260052734,
  "AngularJS-TodoMVC/Adding100Items/Async": 40.70313830071957,
  "AngularJS-TodoMVC/Adding100Items/Sync": 154.42132775961875,
  "AngularJS-TodoMVC/Adding100Items/total": 195.13283178177912,
  "AngularJS-TodoMVC/CompletingAllItems/Async": 24.80564194121408,
  "AngularJS-TodoMVC/CompletingAllItems/Sync": 54.63878513465166,
  "AngularJS-TodoMVC/CompletingAllItems/total": 79.52337231415835,
  "AngularJS-TodoMVC/DeletingAllItems/Async": 14.844151312069414,
  "AngularJS-TodoMVC/DeletingAllItems/Sync": 159.78187334134498,
  "AngularJS-TodoMVC/DeletingAllItems/total": 174.72893936773409,
  "AngularJS-TodoMVC/total": 449.4356223823351,
  "BackboneJS-TodoMVC/Adding100Items/Async": 42.204942449708476,
  "BackboneJS-TodoMVC/Adding100Items/Sync": 54.59689268329165,
  "BackboneJS-TodoMVC/Adding100Items/total": 96.97789890465316,
  "BackboneJS-TodoMVC/CompletingAllItems/Async": 30.92905810916545,
  "BackboneJS-TodoMVC/CompletingAllItems/Sync": 37.12783440191258,
  "BackboneJS-TodoMVC/CompletingAllItems/total": 68.16486862419463,
  "BackboneJS-TodoMVC/DeletingAllItems/Async": 4.855817851396298,
  "BackboneJS-TodoMVC/DeletingAllItems/Sync": 25.806188484258104,
  "BackboneJS-TodoMVC/DeletingAllItems/total": 31.08527838883667,
  "BackboneJS-TodoMVC/total": 196.32621981961756,
  "Elm-TodoMVC/Adding100Items/Async": 47.528175064172714,
  "Elm-TodoMVC/Adding100Items/Sync": 85.28568319140992,
  "Elm-TodoMVC/Adding100Items/total": 132.8695643481231,
  "Elm-TodoMVC/CompletingAllItems/Async": 29.5160841200494,
  "Elm-TodoMVC/CompletingAllItems/Sync": 82.8706551656918,
  "Elm-TodoMVC/CompletingAllItems/total": 112.41242581485699,
  "Elm-TodoMVC/DeletingItems/Async": 8.651739494470778,
  "Elm-TodoMVC/DeletingItems/Sync": 99.83020510274734,
  "Elm-TodoMVC/DeletingItems/total": 108.5567139647927,
  "Elm-TodoMVC/total": 353.85959207812806,
  "EmberJS-Debug-TodoMVC/Adding100Items/Async": 45.28080632736761,
  "EmberJS-Debug-TodoMVC/Adding100Items/Sync": 731.3917501894801,
  "EmberJS-Debug-TodoMVC/Adding100Items/total": 777.2596815983063,
  "EmberJS-Debug-TodoMVC/CompletingAllItems/Async": 35.268294927636205,
  "EmberJS-Debug-TodoMVC/CompletingAllItems/Sync": 302.27728718722733,
  "EmberJS-Debug-TodoMVC/CompletingAllItems/total": 338.5183596701654,
  "EmberJS-Debug-TodoMVC/DeletingItems/Async": 9.462040352285303,
  "EmberJS-Debug-TodoMVC/DeletingItems/Sync": 283.2297376072025,
  "EmberJS-Debug-TodoMVC/DeletingItems/total": 293.3067207118137,
  "EmberJS-Debug-TodoMVC/total": 1415.6248900638946,
  "EmberJS-TodoMVC/Adding100Items/Async": 33.68961628452976,
  "EmberJS-TodoMVC/Adding100Items/Sync": 146.72602139876088,
  "EmberJS-TodoMVC/Adding100Items/total": 180.49639843305877,
  "EmberJS-TodoMVC/CompletingAllItems/Async": 28.912217511126393,
  "EmberJS-TodoMVC/CompletingAllItems/Sync": 101.70743893143845,
  "EmberJS-TodoMVC/CompletingAllItems/total": 130.70476240293428,
  "EmberJS-TodoMVC/DeletingItems/Async": 3.5498070460341467,
  "EmberJS-TodoMVC/DeletingItems/Sync": 73.00515290911342,
  "EmberJS-TodoMVC/DeletingItems/total": 76.60286252717464,
  "EmberJS-TodoMVC/total": 388.4658468598667,
  "Flight-TodoMVC/Adding100Items/Async": 32.97670078979427,
  "Flight-TodoMVC/Adding100Items/Sync": 77.83505153152889,
  "Flight-TodoMVC/Adding100Items/total": 110.82483788375589,
  "Flight-TodoMVC/CompletingAllItems/Async": 24.77397428091073,
  "Flight-TodoMVC/CompletingAllItems/Sync": 85.03471227023141,
  "Flight-TodoMVC/CompletingAllItems/total": 109.81086903694603,
  "Flight-TodoMVC/DeletingItems/Async": 3.380164324039394,
  "Flight-TodoMVC/DeletingItems/Sync": 69.13703130142783,
  "Flight-TodoMVC/DeletingItems/total": 72.55992616790797,
  "Flight-TodoMVC/total": 293.20583336537493,
  "Inferno-TodoMVC/Adding100Items/Async": 38.22787816802308,
  "Inferno-TodoMVC/Adding100Items/Sync": 43.35894818208632,
  "Inferno-TodoMVC/Adding100Items/total": 81.66149475286235,
  "Inferno-TodoMVC/CompletingAllItems/Async": 6.405311512677772,
  "Inferno-TodoMVC/CompletingAllItems/Sync": 85.57766814162471,
  "Inferno-TodoMVC/CompletingAllItems/total": 91.99057289080325,
  "Inferno-TodoMVC/DeletingItems/Async": 3.291906856467508,
  "Inferno-TodoMVC/DeletingItems/Sync": 205.25351945785687,
  "Inferno-TodoMVC/DeletingItems/total": 208.58372202959157,
  "Inferno-TodoMVC/total": 382.27282181631233,
  "Preact-TodoMVC/Adding100Items/Async": 36.816669095123196,
  "Preact-TodoMVC/Adding100Items/Sync": 4.753351633141127,
  "Preact-TodoMVC/Adding100Items/total": 41.5819896098476,
  "Preact-TodoMVC/CompletingAllItems/Async": 16.065881853028845,
  "Preact-TodoMVC/CompletingAllItems/Sync": 3.0880105635971846,
  "Preact-TodoMVC/CompletingAllItems/total": 19.170410927389646,
  "Preact-TodoMVC/DeletingItems/Async": 4.2222728133815615,
  "Preact-TodoMVC/DeletingItems/Sync": 1.5802112823334975,
  "Preact-TodoMVC/DeletingItems/total": 5.819173539266147,
  "Preact-TodoMVC/total": 66.59417171548208,
  "React-Redux-TodoMVC/Adding100Items/Async": 32.773242702535406,
  "React-Redux-TodoMVC/Adding100Items/Sync": 134.04308627570165,
  "React-Redux-TodoMVC/Adding100Items/total": 166.97287705511283,
  "React-Redux-TodoMVC/CompletingAllItems/Async": 27.31626047692898,
  "React-Redux-TodoMVC/CompletingAllItems/Sync": 144.2419467376655,
  "React-Redux-TodoMVC/CompletingAllItems/total": 171.85516915222604,
  "React-Redux-TodoMVC/DeletingItems/Async": 4.3177016395105285,
  "React-Redux-TodoMVC/DeletingItems/Sync": 100.85583496083953,
  "React-Redux-TodoMVC/DeletingItems/total": 105.71752766109887,
  "React-Redux-TodoMVC/total": 446.8215449693294,
  "React-TodoMVC/Adding100Items/Async": 34.34324347054987,
  "React-TodoMVC/Adding100Items/Sync": 104.64104172575978,
  "React-TodoMVC/Adding100Items/total": 139.0092660388037,
  "React-TodoMVC/CompletingAllItems/Async": 27.50304359847597,
  "React-TodoMVC/CompletingAllItems/Sync": 62.916088600332984,
  "React-TodoMVC/CompletingAllItems/total": 90.43363597921736,
  "React-TodoMVC/DeletingAllItems/Async": 2.9533963938865555,
  "React-TodoMVC/DeletingAllItems/Sync": 45.16477287036271,
  "React-TodoMVC/DeletingAllItems/total": 48.131551705393456,
  "React-TodoMVC/total": 277.59923831052606,
  "Vanilla-ES2015-Babel-Webpack-TodoMVC/Adding100Items/Async": 34.60879678868481,
  "Vanilla-ES2015-Babel-Webpack-TodoMVC/Adding100Items/Sync": 290.150812958458,
  "Vanilla-ES2015-Babel-Webpack-TodoMVC/Adding100Items/total": 324.80883429629193,
  "Vanilla-ES2015-Babel-Webpack-TodoMVC/CompletingAllItems/Async": 26.58002277680384,
  "Vanilla-ES2015-Babel-Webpack-TodoMVC/CompletingAllItems/Sync": 63.988304317401344,
  "Vanilla-ES2015-Babel-Webpack-TodoMVC/CompletingAllItems/total": 90.58732784994922,
  "Vanilla-ES2015-Babel-Webpack-TodoMVC/DeletingItems/Async": 4.071794932126746,
  "Vanilla-ES2015-Babel-Webpack-TodoMVC/DeletingItems/Sync": 40.278494372835134,
  "Vanilla-ES2015-Babel-Webpack-TodoMVC/DeletingItems/total": 46.40765327033153,
  "Vanilla-ES2015-Babel-Webpack-TodoMVC/total": 462.7148045183196,
  "Vanilla-ES2015-TodoMVC/Adding100Items/Async": 34.26450761461084,
  "Vanilla-ES2015-TodoMVC/Adding100Items/Sync": 297.35392007112097,
  "Vanilla-ES2015-TodoMVC/Adding100Items/total": 331.6588438121663,
  "Vanilla-ES2015-TodoMVC/CompletingAllItems/Async": 27.304016499036816,