{
  "browser-setup": 3.288916,
  "browser-tear_down": 0.2383,
  "probes-creation": 0.000197,
  "probes-setup": 0.000163,
  "probes-start": 7.7e-05,
  "run": 114.260154,
  "runner-cooldown": 2.002069
}