{
  "Angular2-TypeScript-TodoMVC/Adding100Items/Async": 32.31494289656606,
  "Angular2-TypeScript-TodoMVC/Adding100Items/Sync": 42.827939208627946,
  "Angular2-TypeScript-TodoMVC/Adding100Items/total": 75.17345368945757,
  "Angular2-TypeScript-TodoMVC/CompletingAllItems/Async": 12.984021300493515,
  "Angular2-TypeScript-TodoMVC/CompletingAllItems/Sync": 8.445760902194857,
  "Angular2-TypeScript-TodoMVC/CompletingAllItems/total": 21.431059697814533,
  "Angular2-TypeScript-TodoMVC/DeletingItems/Async": 2.8568291503922816,
  "Angular2-TypeScript-TodoMVC/DeletingItems/Sync": 16.736271665660972,
  "Angular2-TypeScript-TodoMVC/DeletingItems/total": 19.608570271470843,
  "Angular2-TypeScript-TodoMVC/total": 116.22268385404023,
  "AngularJS-TodoMVC/Adding100Items/Async": 41.712379878385065,
  "AngularJS-TodoMVC/Adding100Items/Sync": 158.17688258037666,
  "AngularJS-TodoMVC/Adding100Items/total": 199.89914107323986,
  "AngularJS-TodoMVC/CompletingAllItems/Async": 28.027746514691405,
  "AngularJS-TodoMVC/CompletingAllItems/Sync": 55.9965268621796,
  "AngularJS-TodoMVC/CompletingAllItems/total": 84.78186849683009,
  "AngularJS-TodoMVC/DeletingAllItems/Async": 15.888455678274038,
  "AngularJS-TodoMVC/DeletingAllItems/Sync": 164.0149836006416,
  "AngularJS-TodoMVC/DeletingAllItems/total": 179.98700005849057,
  "AngularJS-TodoMVC/total": 465.088336881887,
  "BackboneJS-TodoMVC/Adding100Items/Async": 41.74837650232704,
  "BackboneJS-TodoMVC/Adding100Items/Sync": 55.184838791553034,
  "BackboneJS-TodoMVC/Adding100Items/total": 97.09412792791458,
  "BackboneJS-TodoMVC/CompletingAllItems/Async": 30.80196606492932,
  "BackboneJS-TodoMVC/CompletingAllItems/Sync": 37.651990350369644,
  "BackboneJS-TodoMVC/CompletingAllItems/total": 68.57566012772871,
  "BackboneJS-TodoMVC/DeletingAllItems/Async": 5.406018127992105,
  "BackboneJS-TodoMVC/DeletingAllItems/Sync": 26.13103488537468,
  "BackboneJS-TodoMVC/DeletingAllItems/total": 32.35171583157739,
  "BackboneJS-TodoMVC/total": 198.2500156705127,
  "Elm-TodoMVC/Adding100Items/Async": 48.264025772643116,
  "Elm-TodoMVC/Adding100Items/Sync": 86.57869045234021,
  "Elm-TodoMVC/Adding100Items/total": 134.9103228963295,
  "Elm-TodoMVC/CompletingAllItems/Async": 30.122083065066825,
  "Elm-TodoMVC/CompletingAllItems/Sync": 82.91320965350674,
  "Elm-TodoMVC/CompletingAllItems/total": 113.06940900804021,
  "Elm-TodoMVC/DeletingItems/Async": 9.067887125672105,
  "Elm-TodoMVC/DeletingItems/Sync": 103.28526460585195,
  "Elm-TodoMVC/DeletingItems/total": 112.44877305882315,
  "Elm-TodoMVC/total": 360.44795410973467,
  "EmberJS-Debug-TodoMVC/Adding100Items/Async": 46.06108216531546,
  "EmberJS-Debug-TodoMVC/Adding100Items/Sync": 741.8910231728075,
  "EmberJS-Debug-TodoMVC/Adding100Items/total": 788.6912596304103,
  "EmberJS-Debug-TodoMVC/CompletingAllItems/Async": 35.91510046788291,
  "EmberJS-Debug-TodoMVC/CompletingAllItems/Sync": 295.07402098834064,
  "EmberJS-Debug-TodoMVC/CompletingAllItems/total": 331.44397920335393,
  "EmberJS-Debug-TodoMVC/DeletingItems/Async": 13.721887146500299,
  "EmberJS-Debug-TodoMVC/DeletingItems/Sync": 282.07777583338594,
  "EmberJS-Debug-TodoMVC/DeletingItems/total": 302.02711813318126,
  "EmberJS-Debug-TodoMVC/total": 1428.9992164036182,
  "EmberJS-TodoMVC/Adding100Items/Async": 34.24338908044134,
  "EmberJS-TodoMVC/Adding100Items/Sync": 152.462555829971,
  "EmberJS-TodoMVC/Adding100Items/total": 186.98509907087012,
  "EmberJS-TodoMVC/CompletingAllItems/Async": 29.42525351420253,
  "EmberJS-TodoMVC/CompletingAllItems/Sync": 105.69044966413179,
  "EmberJS-TodoMVC/CompletingAllItems/total": 135.52750412664042,
  "EmberJS-TodoMVC/DeletingItems/Async": 3.6880725774417646,
  "EmberJS-TodoMVC/DeletingItems/Sync": 72.63828579974572,
  "EmberJS-TodoMVC/DeletingItems/total": 76.37576658836939,
  "EmberJS-TodoMVC/total": 400.11335586312316,
  "Flight-TodoMVC/Adding100Items/Async": 33.31953048598575,
  "Flight-TodoMVC/Adding100Items/Sync": 78.14578004126722,
  "Flight-TodoMVC/Adding100Items/total": 111.48012343382997,
  "Flight-TodoMVC/CompletingAllItems/Async": 24.97683830250742,
  "Flight-TodoMVC/CompletingAllItems/Sync": 84.64772569417192,
  "Flight-TodoMVC/CompletingAllItems/total": 109.62657867779349,
  "Flight-TodoMVC/DeletingItems/Async": 3.632310254302174,
  "Flight-TodoMVC/DeletingItems/Sync": 70.50883344670335,
  "Flight-TodoMVC/DeletingItems/total": 74.2073870786818,
  "Flight-TodoMVC/total": 295.36534342651936,
  "Inferno-TodoMVC/Adding100Items/Async": 37.913113206196385,
  "Inferno-TodoMVC/Adding100Items/Sync": 45.0419458688348,
  "Inferno-TodoMVC/Adding100Items/total": 83.13139041762197,
  "Inferno-TodoMVC/CompletingAllItems/Async": 6.166952291401031,
  "Inferno-TodoMVC/CompletingAllItems/Sync": 84.50578951389885,
  "Inferno-TodoMVC/CompletingAllItems/total": 90.67540414950665,
  "Inferno-TodoMVC/DeletingItems/Async": 3.3073757535607062,
  "Inferno-TodoMVC/DeletingItems/Sync": 204.70133588146993,
  "Inferno-TodoMVC/DeletingItems/total": 208.03856099813308,
  "Inferno-TodoMVC/total": 381.94115324212305,
  "Preact-TodoMVC/Adding100Items/Async": 37.47100220732356,
  "Preact-TodoMVC/Adding100Items/Sync": 4.913877117687064,
  "Preact-TodoMVC/Adding100Items/total": 42.38965669316823,
  "Preact-TodoMVC/CompletingAllItems/Async": 16.284465789838446,
  "Preact-TodoMVC/CompletingAllItems/Sync": 3.1261790451661726,
  "Preact-TodoMVC/CompletingAllItems/total": 19.435699292932178,
  "Preact-TodoMVC/DeletingItems/Async": 4.420015023296356,
  "Preact-TodoMVC/DeletingItems/Sync": 1.7902002931053325,
  "Preact-TodoMVC/DeletingItems/total": 6.221510968534887,
  "Preact-TodoMVC/total": 68.11543493825047,
  "React-Redux-TodoMVC/Adding100Items/Async": 33.39585041934083,
  "React-Redux-TodoMVC/Adding100Items/Sync": 135.25031013273977,
  "React-Redux-TodoMVC/Adding100Items/total": 168.76639118239416,
  "React-Redux-TodoMVC/CompletingAllItems/Async": 28.477552776848203,
  "React-Redux-TodoMVC/CompletingAllItems/Sync": 144.74583572950306,
  "React-Redux-TodoMVC/CompletingAllItems/total": 173.37711788899537,
  "React-Redux-TodoMVC/DeletingItems/Async": 4.283312492048633,
  "React-Redux-TodoMVC/DeletingItems/Sync": 102.44518469259762,
  "React-Redux-TodoMVC/DeletingItems/total": 106.97183674450962,
  "React-Redux-TodoMVC/total": 451.1773210630536,
  "React-TodoMVC/Adding100Items/Async": 35.04230835227647,
  "React-TodoMVC/Adding100Items/Sync": 111.39396666180146,
  "React-TodoMVC/Adding100Items/total": 146.59845901036465,
  "React-TodoMVC/CompletingAllItems/Async": 29.099625683194983,
  "React-TodoMVC/CompletingAllItems/Sync": 65.06445116789267,
  "React-TodoMVC/CompletingAllItems/total": 94.17269107008683,
  "React-TodoMVC/DeletingAllItems/Async": 3.0784570436521115,
  "React-TodoMVC/DeletingAllItems/Sync": 47.86437690998113,
  "React-TodoMVC/DeletingAllItems/total": 50.96208706554345,
  "React-TodoMVC/total": 291.94043436661,
  "Vanilla-ES2015-Babel-Webpack-TodoMVC/Adding100Items/Async": 34.96701184045462,
  "Vanilla-ES2015-Babel-Webpack-TodoMVC/Adding100Items/Sync": 294.42896566634613,
  "Vanilla-ES2015-Babel-Webpack-TodoMVC/Adding100Items/total": 329.45783394438604,
  "Vanilla-ES2015-Babel-Webpack-TodoMVC/CompletingAllItems/Async": 26.974175792311232,
  "Vanilla-ES2015-Babel-Webpack-TodoMVC/CompletingAllItems/Sync": 63.274593186290915,
  "Vanilla-ES2015-Babel-Webpack-TodoMVC/CompletingAllItems/total": 90.26586633888135,
  "Vanilla-ES2015-Babel-Webpack-TodoMVC/DeletingItems/Async": 3.369635783869778,
  "Vanilla-ES2015-Babel-Webpack-TodoMVC/DeletingItems/Sync": 40.03292113488634,
  "Vanilla-ES2015-Babel-Webpack-TodoMVC/DeletingItems/total": 43.45062270473359,
  "Vanilla-ES2015-Babel-Webpack-TodoMVC/total": 463.1953356935212,
  "Vanilla-ES2015-TodoMVC/Adding100Items/Async": 34.893772767583776,
  "Vanilla-ES2015-TodoMVC/Adding100Items/Sync": 298.2037040128413,
  "Vanilla-ES2015-TodoMVC/Adding100Items/total": 333.14696025577774,
  "Vanilla-ES2015-TodoMVC/CompletingAllItems/Async": 27.19691469860238,