{
  "browser-setup": 3.295427,
  "browser-tear_down": 0.267876,
  "probes-creation": 0.000199,
  "probes-setup": 0.000169,
  "probes-start": 7.8e-05,
  "run": 105.593783,
  "runner-cooldown": 2.002043
}