{
  "Angular2-TypeScript-TodoMVC/Adding100Items/Async": 30.54583189957996,
  "Angular2-TypeScript-TodoMVC/Adding100Items/Sync": 40.8517789574254,
  "Angular2-TypeScript-TodoMVC/Adding100Items/total": 71.43486437227763,
  "Angular2-TypeScript-TodoMVC/CompletingAllItems/Async": 13.515686072184229,
  "Angular2-TypeScript-TodoMVC/CompletingAllItems/Sync": 8.35386923137384,
  "Angular2-TypeScript-TodoMVC/CompletingAllItems/total": 21.937167479454725,
  "Angular2-TypeScript-TodoMVC/DeletingItems/Async": 2.633988522233195,
  "Angular2-TypeScript-TodoMVC/DeletingItems/Sync": 16.08666131251274,
  "Angular2-TypeScript-TodoMVC/DeletingItems/total": 18.728256729879234,
  "Angular2-TypeScript-TodoMVC/total": 112.22467590868168,
  "AngularJS-TodoMVC/Adding100Items/Async": 39.93000636830836,
  "AngularJS-TodoMVC/Adding100Items/Sync": 152.69922713050465,
  "AngularJS-TodoMVC/Adding100Items/total": 192.65985386091862,
  "AngularJS-TodoMVC/CompletingAllItems/Async": 22.22406035883422,
  "AngularJS-TodoMVC/CompletingAllItems/Sync": 53.28647062496672,
  "AngularJS-TodoMVC/CompletingAllItems/total": 75.64898156914826,
  "AngularJS-TodoMVC/DeletingAllItems/Async": 13.095282997566251,
  "AngularJS-TodoMVC/DeletingAllItems/Sync": 157.33071150143513,
  "AngularJS-TodoMVC/DeletingAllItems/total": 170.45164731139405,
  "AngularJS-TodoMVC/total": 438.8986057505144,
  "BackboneJS-TodoMVC/Adding100Items/Async": 35.6804377866195,
  "BackboneJS-TodoMVC/Adding100Items/Sync": 53.93225476453599,
  "BackboneJS-TodoMVC/Adding100Items/total": 89.63151048011346,
  "BackboneJS-TodoMVC/CompletingAllItems/Async": 26.946155213436544,
  "BackboneJS-TodoMVC/CompletingAllItems/Sync": 37.28221440693203,
  "BackboneJS-TodoMVC/CompletingAllItems/total": 64.23004035498774,
  "BackboneJS-TodoMVC/DeletingAllItems/Async": 3.280471203672213,
  "BackboneJS-TodoMVC/DeletingAllItems/Sync": 25.498757018682923,
  "BackboneJS-TodoMVC/DeletingAllItems/total": 28.788388571652675,
  "BackboneJS-TodoMVC/total": 182.67711911306208,
  "Elm-TodoMVC/Adding100Items/Async": 46.453154366730665,
  "Elm-TodoMVC/Adding100Items/Sync": 114.03607308382293,
  "Elm-TodoMVC/Adding100Items/total": 161.98063815596794,
  "Elm-TodoMVC/CompletingAllItems/Async": 30.65322555390842,
  "Elm-TodoMVC/CompletingAllItems/Sync": 85.38138199605973,
  "Elm-TodoMVC/CompletingAllItems/total": 116.22639273951314,
  "Elm-TodoMVC/DeletingItems/Async": 9.240296823999817,
  "Elm-TodoMVC/DeletingItems/Sync": 93.64498451863099,
  "Elm-TodoMVC/DeletingItems/total": 103.56442729755369,
  "Elm-TodoMVC/total": 385.39722853689875,
  "EmberJS-Debug-TodoMVC/Adding100Items/Async": 37.57524599617465,
  "EmberJS-Debug-TodoMVC/Adding100Items/Sync": 381.7027260403274,
  "EmberJS-Debug-TodoMVC/Adding100Items/total": 419.35408570555984,
  "EmberJS-Debug-TodoMVC/CompletingAllItems/Async": 29.824574737573872,
  "EmberJS-Debug-TodoMVC/CompletingAllItems/Sync": 318.8343771469951,
  "EmberJS-Debug-TodoMVC/CompletingAllItems/total": 348.685996339414,
  "EmberJS-Debug-TodoMVC/DeletingItems/Async": 11.109276558720062,
  "EmberJS-Debug-TodoMVC/DeletingItems/Sync": 293.90505603133346,
  "EmberJS-Debug-TodoMVC/DeletingItems/total": 309.062755346391,
  "EmberJS-Debug-TodoMVC/total": 1081.8514895531225,
  "EmberJS-TodoMVC/Adding100Items/Async": 32.67537633425432,
  "EmberJS-TodoMVC/Adding100Items/Sync": 139.81658249675704,
  "EmberJS-TodoMVC/Adding100Items/total": 172.5740325347359,
  "EmberJS-TodoMVC/CompletingAllItems/Async": 25.25566338247885,
  "EmberJS-TodoMVC/CompletingAllItems/Sync": 91.42237085489545,
  "EmberJS-TodoMVC/CompletingAllItems/total": 116.68239494655423,
  "EmberJS-TodoMVC/DeletingItems/Async": 3.2032078946116336,
  "EmberJS-TodoMVC/DeletingItems/Sync": 68.18479044097518,
  "EmberJS-TodoMVC/DeletingItems/total": 71.39391699102242,
  "EmberJS-TodoMVC/total": 363.9193931044543,
  "Flight-TodoMVC/Adding100Items/Async": 31.905976234425374,
  "Flight-TodoMVC/Adding100Items/Sync": 77.16037992972677,
  "Flight-TodoMVC/Adding100Items/total": 109.07583596383854,
  "Flight-TodoMVC/CompletingAllItems/Async": 24.247031702667137,
  "Flight-TodoMVC/CompletingAllItems/Sync": 84.30357050691447,
  "Flight-TodoMVC/CompletingAllItems/total": 108.55259362186376,
  "Flight-TodoMVC/DeletingItems/Async": 2.758832153275915,
  "Flight-TodoMVC/DeletingItems/Sync": 68.31132054682446,
  "Flight-TodoMVC/DeletingItems/total": 71.07181677821976,
  "Flight-TodoMVC/total": 288.7059931029618,
  "Inferno-TodoMVC/Adding100Items/Async": 37.67464521086251,
  "Inferno-TodoMVC/Adding100Items/Sync": 49.53678218057686,
  "Inferno-TodoMVC/Adding100Items/total": 88.2305201862913,
  "Inferno-TodoMVC/CompletingAllItems/Async": 8.242774354146816,
  "Inferno-TodoMVC/CompletingAllItems/Sync": 94.44158852424535,
  "Inferno-TodoMVC/CompletingAllItems/total": 103.22410891921339,
  "Inferno-TodoMVC/DeletingItems/Async": 3.417780519579031,
  "Inferno-TodoMVC/DeletingItems/Sync": 207.43732881308574,
  "Inferno-TodoMVC/DeletingItems/total": 211.21780011878778,
  "Inferno-TodoMVC/total": 408.05416223647507,
  "Preact-TodoMVC/Adding100Items/Async": 36.3427530292311,
  "Preact-TodoMVC/Adding100Items/Sync": 5.041647458133779,
  "Preact-TodoMVC/Adding100Items/total": 41.389853507730265,
  "Preact-TodoMVC/CompletingAllItems/Async": 16.166521402584422,
  "Preact-TodoMVC/CompletingAllItems/Sync": 3.074164098542529,
  "Preact-TodoMVC/CompletingAllItems/total": 19.25336471100076,
  "Preact-TodoMVC/DeletingItems/Async": 4.192182867179547,
  "Preact-TodoMVC/DeletingItems/Sync": 1.6708068057450864,
  "Preact-TodoMVC/DeletingItems/total": 5.867595806278102,
  "Preact-TodoMVC/total": 66.51965474829206,
  "React-Redux-TodoMVC/Adding100Items/Async": 33.36827587393969,
  "React-Redux-TodoMVC/Adding100Items/Sync": 139.2722896030367,
  "React-Redux-TodoMVC/Adding100Items/total": 172.86212889743115,
  "React-Redux-TodoMVC/CompletingAllItems/Async": 26.120677854834554,
  "React-Redux-TodoMVC/CompletingAllItems/Sync": 143.83018717815378,
  "React-Redux-TodoMVC/CompletingAllItems/total": 170.13576317499943,
  "React-Redux-TodoMVC/DeletingItems/Async": 4.775625423927542,
  "React-Redux-TodoMVC/DeletingItems/Sync": 87.28837418435776,
  "React-Redux-TodoMVC/DeletingItems/total": 92.86537657334513,
  "React-Redux-TodoMVC/total": 439.4104356663327,
  "React-TodoMVC/Adding100Items/Async": 34.4020305926349,
  "React-TodoMVC/Adding100Items/Sync": 107.75776258602494,
  "React-TodoMVC/Adding100Items/total": 142.21077134887926,
  "React-TodoMVC/CompletingAllItems/Async": 27.49930232781451,
  "React-TodoMVC/CompletingAllItems/Sync": 78.48361470106116,
  "React-TodoMVC/CompletingAllItems/total": 107.0272861980212,
  "React-TodoMVC/DeletingAllItems/Async": 3.6943392817567386,
  "React-TodoMVC/DeletingAllItems/Sync": 46.14056590054295,
  "React-TodoMVC/DeletingAllItems/total": 50.29211086683468,
  "React-TodoMVC/total": 304.1866199628501,
  "Vanilla-ES2015-Babel-Webpack-TodoMVC/Adding100Items/Async": 35.371416723397274,
  "Vanilla-ES2015-Babel-Webpack-TodoMVC/Adding100Items/Sync": 314.4457510577004,
  "Vanilla-ES2015-Babel-Webpack-TodoMVC/Adding100Items/total": 349.85807746585255,
  "Vanilla-ES2015-Babel-Webpack-TodoMVC/CompletingAllItems/Async": 26.638923542616034,
  "Vanilla-ES2015-Babel-Webpack-TodoMVC/CompletingAllItems/Sync": 69.84680676833787,
  "Vanilla-ES2015-Babel-Webpack-TodoMVC/CompletingAllItems/total": 96.92634772485623,
  "Vanilla-ES2015-Babel-Webpack-TodoMVC/DeletingItems/Async": 3.996992153546753,
  "Vanilla-ES2015-Babel-Webpack-TodoMVC/DeletingItems/Sync": 40.11589554653535,
  "Vanilla-ES2015-Babel-Webpack-TodoMVC/DeletingItems/total": 44.690904141537274,
  "Vanilla-ES2015-Babel-Webpack-TodoMVC/total": 495.01916329157075,
  "Vanilla-ES2015-TodoMVC/Adding100Items/Async": 33.264456956041975,
  "Vanilla-ES2015-TodoMVC/Adding100Items/Sync": 300.77363475675423,
  "Vanilla-ES2015-TodoMVC/Adding100Items/total": 334.0724860886182,
  "Vanilla-ES2015-TodoMVC/CompletingAllItems/Async": 23.988610899282328,