{
  "browser-setup": 3.275364,
  "browser-tear_down": 0.22623,
  "probes-creation": 0.000123,
  "probes-setup": 0.000104,
  "probes-start": 7.7e-05,
  "run": 112.04872,
  "runner-cooldown": 2.002039
}