{
  "Angular2-TypeScript-TodoMVC/Adding100Items/Async": 30.957775590262536,
  "Angular2-TypeScript-TodoMVC/Adding100Items/Sync": 41.603493177367184,
  "Angular2-TypeScript-TodoMVC/Adding100Items/total": 72.59284354184453,
  "Angular2-TypeScript-TodoMVC/CompletingAllItems/Async": 12.79358400922606,
  "Angular2-TypeScript-TodoMVC/CompletingAllItems/Sync": 8.29475965359522,
  "Angular2-TypeScript-TodoMVC/CompletingAllItems/total": 21.091847622709654,
  "Angular2-TypeScript-TodoMVC/DeletingItems/Async": 2.5859180557118764,
  "Angular2-TypeScript-TodoMVC/DeletingItems/Sync": 15.887628691715745,
  "Angular2-TypeScript-TodoMVC/DeletingItems/total": 18.475845389761762,
  "Angular2-TypeScript-TodoMVC/total": 112.17356672318672,
  "AngularJS-TodoMVC/Adding100Items/Async": 41.62897204789141,
  "AngularJS-TodoMVC/Adding100Items/Sync": 158.42638736210222,
  "AngularJS-TodoMVC/Adding100Items/total": 200.13390783330868,
  "AngularJS-TodoMVC/CompletingAllItems/Async": 24.58831689316316,
  "AngularJS-TodoMVC/CompletingAllItems/Sync": 54.37164969938951,
  "AngularJS-TodoMVC/CompletingAllItems/total": 79.02015189735155,
  "AngularJS-TodoMVC/DeletingAllItems/Async": 13.524381781216453,
  "AngularJS-TodoMVC/DeletingAllItems/Sync": 159.57241017104073,
  "AngularJS-TodoMVC/DeletingAllItems/total": 173.13838163831906,
  "AngularJS-TodoMVC/total": 452.80013532140777,
  "BackboneJS-TodoMVC/Adding100Items/Async": 35.96969676021047,
  "BackboneJS-TodoMVC/Adding100Items/Sync": 54.85147442380099,
  "BackboneJS-TodoMVC/Adding100Items/total": 90.84739203041252,
  "BackboneJS-TodoMVC/CompletingAllItems/Async": 27.35491909216564,
  "BackboneJS-TodoMVC/CompletingAllItems/Sync": 37.48358003599003,
  "BackboneJS-TodoMVC/CompletingAllItems/total": 64.84392668296152,
  "BackboneJS-TodoMVC/DeletingAllItems/Async": 3.289618475601559,
  "BackboneJS-TodoMVC/DeletingAllItems/Sync": 25.440240294953632,
  "BackboneJS-TodoMVC/DeletingAllItems/total": 28.742570557673808,
  "BackboneJS-TodoMVC/total": 184.46083261424494,
  "Elm-TodoMVC/Adding100Items/Async": 46.373803465194705,
  "Elm-TodoMVC/Adding100Items/Sync": 95.03167349879642,
  "Elm-TodoMVC/Adding100Items/total": 142.07378875115197,
  "Elm-TodoMVC/CompletingAllItems/Async": 29.12399606431506,
  "Elm-TodoMVC/CompletingAllItems/Sync": 84.01823054873942,
  "Elm-TodoMVC/CompletingAllItems/total": 113.1805962601436,
  "Elm-TodoMVC/DeletingItems/Async": 8.333875264095557,
  "Elm-TodoMVC/DeletingItems/Sync": 95.44221582539464,
  "Elm-TodoMVC/DeletingItems/total": 104.43197258024804,
  "Elm-TodoMVC/total": 360.9984585988588,
  "EmberJS-Debug-TodoMVC/Adding100Items/Async": 39.54439398737199,
  "EmberJS-Debug-TodoMVC/Adding100Items/Sync": 400.6093024504904,
  "EmberJS-Debug-TodoMVC/Adding100Items/total": 440.2158171120032,
  "EmberJS-Debug-TodoMVC/CompletingAllItems/Async": 30.794399820197025,
  "EmberJS-Debug-TodoMVC/CompletingAllItems/Sync": 314.41239208732645,
  "EmberJS-Debug-TodoMVC/CompletingAllItems/total": 345.32095256088115,
  "EmberJS-Debug-TodoMVC/DeletingItems/Async": 9.664799753122512,
  "EmberJS-Debug-TodoMVC/DeletingItems/Sync": 287.5568191012749,
  "EmberJS-Debug-TodoMVC/DeletingItems/total": 298.9179508840547,
  "EmberJS-Debug-TodoMVC/total": 1089.542805213348,
  "EmberJS-TodoMVC/Adding100Items/Async": 33.29258070235299,
  "EmberJS-TodoMVC/Adding100Items/Sync": 139.59546665529885,
  "EmberJS-TodoMVC/Adding100Items/total": 172.95980393563553,
  "EmberJS-TodoMVC/CompletingAllItems/Async": 29.693285411711283,
  "EmberJS-TodoMVC/CompletingAllItems/Sync": 91.51221073421709,
  "EmberJS-TodoMVC/CompletingAllItems/total": 123.62037730156169,
  "EmberJS-TodoMVC/DeletingItems/Async": 3.411462302321092,
  "EmberJS-TodoMVC/DeletingItems/Sync": 63.97910313415452,
  "EmberJS-TodoMVC/DeletingItems/total": 67.75990441918927,
  "EmberJS-TodoMVC/total": 365.54073642617715,
  "Flight-TodoMVC/Adding100Items/Async": 32.02338146637105,
  "Flight-TodoMVC/Adding100Items/Sync": 77.1047305814835,
  "Flight-TodoMVC/Adding100Items/total": 109.1316163007267,
  "Flight-TodoMVC/CompletingAllItems/Async": 26.165511152017825,
  "Flight-TodoMVC/CompletingAllItems/Sync": 100.68431251637762,
  "Flight-TodoMVC/CompletingAllItems/total": 127.31071384919981,
  "Flight-TodoMVC/DeletingItems/Async": 3.4656590859831478,
  "Flight-TodoMVC/DeletingItems/Sync": 69.86981334642688,
  "Flight-TodoMVC/DeletingItems/total": 73.68860148647518,
  "Flight-TodoMVC/total": 313.56661435125756,
  "Inferno-TodoMVC/Adding100Items/Async": 37.45563655022726,
  "Inferno-TodoMVC/Adding100Items/Sync": 46.22313227793215,
  "Inferno-TodoMVC/Adding100Items/total": 83.7592960766134,
  "Inferno-TodoMVC/CompletingAllItems/Async": 7.624615702641771,
  "Inferno-TodoMVC/CompletingAllItems/Sync": 89.13430951150214,
  "Inferno-TodoMVC/CompletingAllItems/total": 97.10204530508254,
  "Inferno-TodoMVC/DeletingItems/Async": 3.8218276365242048,
  "Inferno-TodoMVC/DeletingItems/Sync": 218.67824203374943,
  "Inferno-TodoMVC/DeletingItems/total": 222.99056470885824,
  "Inferno-TodoMVC/total": 405.0532763775861,
  "Preact-TodoMVC/Adding100Items/Async": 37.43533483650982,
  "Preact-TodoMVC/Adding100Items/Sync": 5.194785676935709,
  "Preact-TodoMVC/Adding100Items/total": 42.64241165359663,
  "Preact-TodoMVC/CompletingAllItems/Async": 20.79373541816037,
  "Preact-TodoMVC/CompletingAllItems/Sync": 3.4545134180553845,
  "Preact-TodoMVC/CompletingAllItems/total": 24.59677428700091,
  "Preact-TodoMVC/DeletingItems/Async": 5.466586611314307,
  "Preact-TodoMVC/DeletingItems/Sync": 1.9162733862828418,
  "Preact-TodoMVC/DeletingItems/total": 7.422996717696113,
  "Preact-TodoMVC/total": 77.63118457423359,
  "React-Redux-TodoMVC/Adding100Items/Async": 33.19645337606081,
  "React-Redux-TodoMVC/Adding100Items/Sync": 136.79307209679584,
  "React-Redux-TodoMVC/Adding100Items/total": 170.12266961982095,
  "React-Redux-TodoMVC/CompletingAllItems/Async": 25.366179480922632,
  "React-Redux-TodoMVC/CompletingAllItems/Sync": 134.42923326083658,
  "React-Redux-TodoMVC/CompletingAllItems/total": 159.92486682274335,
  "React-Redux-TodoMVC/DeletingItems/Async": 3.518630536363633,
  "React-Redux-TodoMVC/DeletingItems/Sync": 87.52908631040131,
  "React-Redux-TodoMVC/DeletingItems/total": 91.2351109025168,
  "React-Redux-TodoMVC/total": 421.71208953461877,
  "React-TodoMVC/Adding100Items/Async": 37.570212048838705,
  "React-TodoMVC/Adding100Items/Sync": 131.17376646913627,
  "React-TodoMVC/Adding100Items/total": 169.12089027132063,
  "React-TodoMVC/CompletingAllItems/Async": 27.88889004283084,
  "React-TodoMVC/CompletingAllItems/Sync": 74.09542871119247,
  "React-TodoMVC/CompletingAllItems/total": 102.72224543246595,
  "React-TodoMVC/DeletingAllItems/Async": 4.047586955518568,
  "React-TodoMVC/DeletingAllItems/Sync": 46.99721645232349,
  "React-TodoMVC/DeletingAllItems/total": 51.845774720583584,
  "React-TodoMVC/total": 329.479363505688,
  "Vanilla-ES2015-Babel-Webpack-TodoMVC/Adding100Items/Async": 35.153691957050775,
  "Vanilla-ES2015-Babel-Webpack-TodoMVC/Adding100Items/Sync": 304.21164329532894,
  "Vanilla-ES2015-Babel-Webpack-TodoMVC/Adding100Items/total": 339.4076651770407,
  "Vanilla-ES2015-Babel-Webpack-TodoMVC/CompletingAllItems/Async": 25.197720426887606,
  "Vanilla-ES2015-Babel-Webpack-TodoMVC/CompletingAllItems/Sync": 69.10938584768742,
  "Vanilla-ES2015-Babel-Webpack-TodoMVC/CompletingAllItems/total": 94.74640708155246,
  "Vanilla-ES2015-Babel-Webpack-TodoMVC/DeletingItems/Async": 3.5135873473454864,
  "Vanilla-ES2015-Babel-Webpack-TodoMVC/DeletingItems/Sync": 39.83858258016471,
  "Vanilla-ES2015-Babel-Webpack-TodoMVC/DeletingItems/total": 43.783253414241855,
  "Vanilla-ES2015-Babel-Webpack-TodoMVC/total": 480.7589187488814,
  "Vanilla-ES2015-TodoMVC/Adding100Items/Async": 33.0026158910507,
  "Vanilla-ES2015-TodoMVC/Adding100Items/Sync": 301.59980782070267,
  "Vanilla-ES2015-TodoMVC/Adding100Items/total": 334.63209112022105,
  "Vanilla-ES2015-TodoMVC/CompletingAllItems/Async": 25.710107128634256,