{
  "browser-setup": 3.262187,
  "browser-tear_down": 0.297429,
  "probes-creation": 0.0002,
  "probes-setup": 0.000166,
  "probes-start": 8e-05,
  "run": 110.385833,
  "runner-cooldown": 2.00207
}