{
  "Angular2-TypeScript-TodoMVC/Adding100Items/Async": 31.935807731032664,
  "Angular2-TypeScript-TodoMVC/Adding100Items/Sync": 42.47798331587532,
  "Angular2-TypeScript-TodoMVC/Adding100Items/total": 74.45700909992603,
  "Angular2-TypeScript-TodoMVC/CompletingAllItems/Async": 12.787231310807082,
  "Angular2-TypeScript-TodoMVC/CompletingAllItems/Sync": 8.700741650344794,
  "Angular2-TypeScript-TodoMVC/CompletingAllItems/total": 21.489679402555854,
  "Angular2-TypeScript-TodoMVC/DeletingItems/Async": 2.9703823820153574,
  "Angular2-TypeScript-TodoMVC/DeletingItems/Sync": 16.705506957198434,
  "Angular2-TypeScript-TodoMVC/DeletingItems/total": 19.681444117044702,
  "Angular2-TypeScript-TodoMVC/total": 115.66878706410746,
  "AngularJS-TodoMVC/Adding100Items/Async": 41.612567805777566,
  "AngularJS-TodoMVC/Adding100Items/Sync": 158.50249556109662,
  "AngularJS-TodoMVC/Adding100Items/total": 200.13341122525281,
  "AngularJS-TodoMVC/CompletingAllItems/Async": 25.23926539011554,
  "AngularJS-TodoMVC/CompletingAllItems/Sync": 54.13269801779735,
  "AngularJS-TodoMVC/CompletingAllItems/total": 79.45156979962869,
  "AngularJS-TodoMVC/DeletingAllItems/Async": 16.04800312461188,
  "AngularJS-TodoMVC/DeletingAllItems/Sync": 159.32195316945172,
  "AngularJS-TodoMVC/DeletingAllItems/total": 175.41742022167023,
  "AngularJS-TodoMVC/total": 455.15796322045526,
  "BackboneJS-TodoMVC/Adding100Items/Async": 40.04765757183571,
  "BackboneJS-TodoMVC/Adding100Items/Sync": 54.509151106691675,
  "BackboneJS-TodoMVC/Adding100Items/total": 94.73073776878537,
  "BackboneJS-TodoMVC/CompletingAllItems/Async": 36.09981565858318,
  "BackboneJS-TodoMVC/CompletingAllItems/Sync": 36.96850918324354,
  "BackboneJS-TodoMVC/CompletingAllItems/total": 74.58538586097477,
  "BackboneJS-TodoMVC/DeletingAllItems/Async": 4.862927769708743,
  "BackboneJS-TodoMVC/DeletingAllItems/Sync": 25.5527864680881,
  "BackboneJS-TodoMVC/DeletingAllItems/total": 30.865448800608938,
  "BackboneJS-TodoMVC/total": 201.2194022656963,
  "Elm-TodoMVC/Adding100Items/Async": 47.55851831940292,
  "Elm-TodoMVC/Adding100Items/Sync": 84.65248318659063,
  "Elm-TodoMVC/Adding100Items/total": 132.26864086594577,
  "Elm-TodoMVC/CompletingAllItems/Async": 29.584960915209805,
  "Elm-TodoMVC/CompletingAllItems/Sync": 81.35784124705727,
  "Elm-TodoMVC/CompletingAllItems/total": 110.96560904932784,
  "Elm-TodoMVC/DeletingItems/Async": 8.994535528334128,
  "Elm-TodoMVC/DeletingItems/Sync": 98.52418299188791,
  "Elm-TodoMVC/DeletingItems/total": 107.61113172407227,
  "Elm-TodoMVC/total": 350.86966372315175,
  "EmberJS-Debug-TodoMVC/Adding100Items/Async": 45.40432043394899,
  "EmberJS-Debug-TodoMVC/Adding100Items/Sync": 717.9125997178901,
  "EmberJS-Debug-TodoMVC/Adding100Items/total": 763.9904205170977,
  "EmberJS-Debug-TodoMVC/CompletingAllItems/Async": 34.328333710312315,
  "EmberJS-Debug-TodoMVC/CompletingAllItems/Sync": 296.3844096653468,
  "EmberJS-Debug-TodoMVC/CompletingAllItems/total": 331.02846525615854,
  "EmberJS-Debug-TodoMVC/DeletingItems/Async": 10.06549891021056,
  "EmberJS-Debug-TodoMVC/DeletingItems/Sync": 285.503255174784,
  "EmberJS-Debug-TodoMVC/DeletingItems/total": 296.1037217144127,
  "EmberJS-Debug-TodoMVC/total": 1397.735144989765,
  "EmberJS-TodoMVC/Adding100Items/Async": 33.83521930044121,
  "EmberJS-TodoMVC/Adding100Items/Sync": 149.28173502176298,
  "EmberJS-TodoMVC/Adding100Items/total": 183.18140343451614,
  "EmberJS-TodoMVC/CompletingAllItems/Async": 28.803089256833633,
  "EmberJS-TodoMVC/CompletingAllItems/Sync": 107.46976355145112,
  "EmberJS-TodoMVC/CompletingAllItems/total": 136.48211630652108,
  "EmberJS-TodoMVC/DeletingItems/Async": 3.5987574663522213,
  "EmberJS-TodoMVC/DeletingItems/Sync": 72.44110242975664,
  "EmberJS-TodoMVC/DeletingItems/total": 76.0794012741953,
  "EmberJS-TodoMVC/total": 396.6317544294443,
  "Flight-TodoMVC/Adding100Items/Async": 32.99239965688262,
  "Flight-TodoMVC/Adding100Items/Sync": 77.27988140011459,
  "Flight-TodoMVC/Adding100Items/total": 110.28978395808744,
  "Flight-TodoMVC/CompletingAllItems/Async": 24.745430953723112,
  "Flight-TodoMVC/CompletingAllItems/Sync": 84.11837297066134,
  "Flight-TodoMVC/CompletingAllItems/total": 108.86902515018045,
  "Flight-TodoMVC/DeletingItems/Async": 3.4771167995558576,
  "Flight-TodoMVC/DeletingItems/Sync": 68.79624375712889,
  "Flight-TodoMVC/DeletingItems/total": 72.32814958165156,
  "Flight-TodoMVC/total": 291.4962760724522,
  "Inferno-TodoMVC/Adding100Items/Async": 38.344165259679045,
  "Inferno-TodoMVC/Adding100Items/Sync": 42.54335929534039,
  "Inferno-TodoMVC/Adding100Items/total": 80.94886958851812,
  "Inferno-TodoMVC/CompletingAllItems/Async": 6.9194762130093155,
  "Inferno-TodoMVC/CompletingAllItems/Sync": 85.25401296616161,
  "Inferno-TodoMVC/CompletingAllItems/total": 92.3161358723077,
  "Inferno-TodoMVC/DeletingItems/Async": 3.3592907764574793,
  "Inferno-TodoMVC/DeletingItems/Sync": 199.93334870959714,
  "Inferno-TodoMVC/DeletingItems/total": 203.32808505014742,
  "Inferno-TodoMVC/total": 376.6317292768958,
  "Preact-TodoMVC/Adding100Items/Async": 36.93824466152522,
  "Preact-TodoMVC/Adding100Items/Sync": 4.7954695428999745,
  "Preact-TodoMVC/Adding100Items/total": 41.7404572294988,
  "Preact-TodoMVC/CompletingAllItems/Async": 16.104405770094235,
  "Preact-TodoMVC/CompletingAllItems/Sync": 2.9223638788064665,
  "Preact-TodoMVC/CompletingAllItems/total": 19.034589202646384,
  "Preact-TodoMVC/DeletingItems/Async": 4.297460485708587,
  "Preact-TodoMVC/DeletingItems/Sync": 1.666829047557564,
  "Preact-TodoMVC/DeletingItems/total": 5.97481627476519,
  "Preact-TodoMVC/total": 66.75722475647359,
  "React-Redux-TodoMVC/Adding100Items/Async": 33.27831651958526,
  "React-Redux-TodoMVC/Adding100Items/Sync": 136.06218067551032,
  "React-Redux-TodoMVC/Adding100Items/total": 169.51651589105086,
  "React-Redux-TodoMVC/CompletingAllItems/Async": 27.511917581768184,
  "React-Redux-TodoMVC/CompletingAllItems/Sync": 149.6887447070973,
  "React-Redux-TodoMVC/CompletingAllItems/total": 177.6240109340307,
  "React-Redux-TodoMVC/DeletingItems/Async": 4.382549888962071,
  "React-Redux-TodoMVC/DeletingItems/Sync": 108.2267624459295,
  "React-Redux-TodoMVC/DeletingItems/total": 113.38737069925956,
  "React-Redux-TodoMVC/total": 463.31288745236174,
  "React-TodoMVC/Adding100Items/Async": 35.06923359290523,
  "React-TodoMVC/Adding100Items/Sync": 107.99699574385183,
  "React-TodoMVC/Adding100Items/total": 143.222052356796,
  "React-TodoMVC/CompletingAllItems/Async": 27.731078127858837,
  "React-TodoMVC/CompletingAllItems/Sync": 64.27925478105024,
  "React-TodoMVC/CompletingAllItems/total": 92.03853495819989,
  "React-TodoMVC/DeletingAllItems/Async": 3.082431769184016,
  "React-TodoMVC/DeletingAllItems/Sync": 47.60398432404533,
  "React-TodoMVC/DeletingAllItems/total": 50.72042485823347,
  "React-TodoMVC/total": 286.384979336646,
  "Vanilla-ES2015-Babel-Webpack-TodoMVC/Adding100Items/Async": 35.203675271793664,
  "Vanilla-ES2015-Babel-Webpack-TodoMVC/Adding100Items/Sync": 291.69515599114993,
  "Vanilla-ES2015-Babel-Webpack-TodoMVC/Adding100Items/total": 326.9309865152474,
  "Vanilla-ES2015-Babel-Webpack-TodoMVC/CompletingAllItems/Async": 26.994591857429743,
  "Vanilla-ES2015-Babel-Webpack-TodoMVC/CompletingAllItems/Sync": 64.30883317343869,
  "Vanilla-ES2015-Babel-Webpack-TodoMVC/CompletingAllItems/total": 91.36404917506864,
  "Vanilla-ES2015-Babel-Webpack-TodoMVC/DeletingItems/Async": 4.338148258472704,
  "Vanilla-ES2015-Babel-Webpack-TodoMVC/DeletingItems/Sync": 40.19499962433968,
  "Vanilla-ES2015-Babel-Webpack-TodoMVC/DeletingItems/total": 46.19594021178775,
  "Vanilla-ES2015-Babel-Webpack-TodoMVC/total": 465.2295319299723,
  "Vanilla-ES2015-TodoMVC/Adding100Items/Async": 34.402104905556314,
  "Vanilla-ES2015-TodoMVC/Adding100Items/Sync": 301.0855674404458,
  "Vanilla-ES2015-TodoMVC/Adding100Items/total": 335.5649396219679,
  "Vanilla-ES2015-TodoMVC/CompletingAllItems/Async": 26.928778927180858,