{
  "Angular2-TypeScript-TodoMVC/Adding100Items/Async": 37.31917555002022,
  "Angular2-TypeScript-TodoMVC/Adding100Items/Sync": 55.083120694703176,
  "Angular2-TypeScript-TodoMVC/Adding100Items/total": 92.4583186848156,
  "Angular2-TypeScript-TodoMVC/CompletingAllItems/Async": 14.197868670684093,
  "Angular2-TypeScript-TodoMVC/CompletingAllItems/Sync": 9.995126124732357,
  "Angular2-TypeScript-TodoMVC/CompletingAllItems/total": 24.19540983509876,
  "Angular2-TypeScript-TodoMVC/DeletingItems/Async": 4.419289316415725,
  "Angular2-TypeScript-TodoMVC/DeletingItems/Sync": 17.766021947025557,
  "Angular2-TypeScript-TodoMVC/DeletingItems/total": 22.536432850968577,
  "Angular2-TypeScript-TodoMVC/total": 139.3022329572596,
  "AngularJS-TodoMVC/Adding100Items/Async": 52.46765119713384,
  "AngularJS-TodoMVC/Adding100Items/Sync": 231.73466004632067,
  "AngularJS-TodoMVC/Adding100Items/total": 284.8937421407741,
  "AngularJS-TodoMVC/CompletingAllItems/Async": 33.10819781549986,
  "AngularJS-TodoMVC/CompletingAllItems/Sync": 68.83007657606952,
  "AngularJS-TodoMVC/CompletingAllItems/total": 102.40342635783723,
  "AngularJS-TodoMVC/DeletingAllItems/Async": 17.416173950600385,
  "AngularJS-TodoMVC/DeletingAllItems/Sync": 270.337585455168,
  "AngularJS-TodoMVC/DeletingAllItems/total": 287.89896510585976,
  "AngularJS-TodoMVC/total": 682.1029985640347,
  "BackboneJS-TodoMVC/Adding100Items/Async": 43.46986192006567,
  "BackboneJS-TodoMVC/Adding100Items/Sync": 70.53969648620793,
  "BackboneJS-TodoMVC/Adding100Items/total": 114.0258963672193,
  "BackboneJS-TodoMVC/CompletingAllItems/Async": 33.02879989792959,
  "BackboneJS-TodoMVC/CompletingAllItems/Sync": 46.193349913940615,
  "BackboneJS-TodoMVC/CompletingAllItems/total": 79.22391092287964,
  "BackboneJS-TodoMVC/DeletingAllItems/Async": 4.713482024315648,
  "BackboneJS-TodoMVC/DeletingAllItems/Sync": 29.350799585701846,
  "BackboneJS-TodoMVC/DeletingAllItems/total": 34.07118240374719,
  "BackboneJS-TodoMVC/total": 227.34574304412985,
  "Elm-TodoMVC/Adding100Items/Async": 50.453387832892446,
  "Elm-TodoMVC/Adding100Items/Sync": 122.76248837134403,
  "Elm-TodoMVC/Adding100Items/total": 173.36165044722804,
  "Elm-TodoMVC/CompletingAllItems/Async": 35.5860021988171,
  "Elm-TodoMVC/CompletingAllItems/Sync": 146.50865757796092,
  "Elm-TodoMVC/CompletingAllItems/total": 183.47283858335373,
  "Elm-TodoMVC/DeletingItems/Async": 10.534891758364493,
  "Elm-TodoMVC/DeletingItems/Sync": 144.7550312215278,
  "Elm-TodoMVC/DeletingItems/total": 155.5705324732333,
  "Elm-TodoMVC/total": 521.3104924568465,
  "EmberJS-Debug-TodoMVC/Adding100Items/Async": 46.733176964399625,
  "EmberJS-Debug-TodoMVC/Adding100Items/Sync": 577.8917577505974,
  "EmberJS-Debug-TodoMVC/Adding100Items/total": 624.7662906508988,
  "EmberJS-Debug-TodoMVC/CompletingAllItems/Async": 31.934962032937293,
  "EmberJS-Debug-TodoMVC/CompletingAllItems/Sync": 392.3967175808509,
  "EmberJS-Debug-TodoMVC/CompletingAllItems/total": 424.5982187754502,
  "EmberJS-Debug-TodoMVC/DeletingItems/Async": 8.584163230421973,
  "EmberJS-Debug-TodoMVC/DeletingItems/Sync": 409.7635654359316,
  "EmberJS-Debug-TodoMVC/DeletingItems/total": 419.87874311013115,
  "EmberJS-Debug-TodoMVC/total": 1481.6352755551738,
  "EmberJS-TodoMVC/Adding100Items/Async": 42.54391990588958,
  "EmberJS-TodoMVC/Adding100Items/Sync": 213.9535515601864,
  "EmberJS-TodoMVC/Adding100Items/total": 256.6407945393735,
  "EmberJS-TodoMVC/CompletingAllItems/Async": 32.90383080125671,
  "EmberJS-TodoMVC/CompletingAllItems/Sync": 129.1529910794642,
  "EmberJS-TodoMVC/CompletingAllItems/total": 163.1140630833125,
  "EmberJS-TodoMVC/DeletingItems/Async": 4.689783496218122,
  "EmberJS-TodoMVC/DeletingItems/Sync": 81.66457157674787,
  "EmberJS-TodoMVC/DeletingItems/total": 86.5929293080443,
  "EmberJS-TodoMVC/total": 512.1836491454725,
  "Flight-TodoMVC/Adding100Items/Async": 39.118455975285514,
  "Flight-TodoMVC/Adding100Items/Sync": 97.49465554502142,
  "Flight-TodoMVC/Adding100Items/total": 136.6232821528916,
  "Flight-TodoMVC/CompletingAllItems/Async": 28.68879944887967,
  "Flight-TodoMVC/CompletingAllItems/Sync": 108.6020970499795,
  "Flight-TodoMVC/CompletingAllItems/total": 137.40744510851917,
  "Flight-TodoMVC/DeletingItems/Async": 4.0991635128664585,
  "Flight-TodoMVC/DeletingItems/Sync": 95.83041120667254,
  "Flight-TodoMVC/DeletingItems/total": 99.93267367183809,
  "Flight-TodoMVC/total": 376.10011556283723,
  "Inferno-TodoMVC/Adding100Items/Async": 43.637863808100235,
  "Inferno-TodoMVC/Adding100Items/Sync": 57.55672443812164,
  "Inferno-TodoMVC/Adding100Items/total": 104.09996673699354,
  "Inferno-TodoMVC/CompletingAllItems/Async": 12.518310256630377,
  "Inferno-TodoMVC/CompletingAllItems/Sync": 114.74903193219025,
  "Inferno-TodoMVC/CompletingAllItems/total": 127.9447724359154,
  "Inferno-TodoMVC/DeletingItems/Async": 4.344920785922,
  "Inferno-TodoMVC/DeletingItems/Sync": 263.86289899922866,
  "Inferno-TodoMVC/DeletingItems/total": 268.40981624973784,
  "Inferno-TodoMVC/total": 507.6580150498373,
  "Preact-TodoMVC/Adding100Items/Async": 43.26694384085834,
  "Preact-TodoMVC/Adding100Items/Sync": 6.4317247841059695,
  "Preact-TodoMVC/Adding100Items/total": 49.70150435183423,
  "Preact-TodoMVC/CompletingAllItems/Async": 30.907569558932103,
  "Preact-TodoMVC/CompletingAllItems/Sync": 3.883418073680391,
  "Preact-TodoMVC/CompletingAllItems/total": 34.79570377686441,
  "Preact-TodoMVC/DeletingItems/Async": 7.708127520081297,
  "Preact-TodoMVC/DeletingItems/Sync": 2.1225226782746374,
  "Preact-TodoMVC/DeletingItems/total": 9.835834820156704,
  "Preact-TodoMVC/total": 94.33687326844299,
  "React-Redux-TodoMVC/Adding100Items/Async": 44.55942681285649,
  "React-Redux-TodoMVC/Adding100Items/Sync": 181.78592176258243,
  "React-Redux-TodoMVC/Adding100Items/total": 226.62146951595813,
  "React-Redux-TodoMVC/CompletingAllItems/Async": 29.378273456835306,
  "React-Redux-TodoMVC/CompletingAllItems/Sync": 175.78641190237656,
  "React-Redux-TodoMVC/CompletingAllItems/total": 205.31283935655708,
  "React-Redux-TodoMVC/DeletingItems/Async": 5.824737666714394,
  "React-Redux-TodoMVC/DeletingItems/Sync": 110.87520071945927,
  "React-Redux-TodoMVC/DeletingItems/total": 117.64823779465819,
  "React-Redux-TodoMVC/total": 550.0565136783025,
  "React-TodoMVC/Adding100Items/Async": 44.122786040312064,
  "React-TodoMVC/Adding100Items/Sync": 161.6523030598442,
  "React-TodoMVC/Adding100Items/total": 206.48015513880156,
  "React-TodoMVC/CompletingAllItems/Async": 33.43592724273313,
  "React-TodoMVC/CompletingAllItems/Sync": 117.41569071879606,
  "React-TodoMVC/CompletingAllItems/total": 153.2475118736354,
  "React-TodoMVC/DeletingAllItems/Async": 5.765622943272208,
  "React-TodoMVC/DeletingAllItems/Sync": 63.85640141615008,
  "React-TodoMVC/DeletingAllItems/total": 70.6179658540725,
  "React-TodoMVC/total": 449.2332805376296,
  "Vanilla-ES2015-Babel-Webpack-TodoMVC/Adding100Items/Async": 37.342564716448734,
  "Vanilla-ES2015-Babel-Webpack-TodoMVC/Adding100Items/Sync": 331.434509823811,
  "Vanilla-ES2015-Babel-Webpack-TodoMVC/Adding100Items/total": 368.8177179491204,
  "Vanilla-ES2015-Babel-Webpack-TodoMVC/CompletingAllItems/Async": 29.62327577376276,
  "Vanilla-ES2015-Babel-Webpack-TodoMVC/CompletingAllItems/Sync": 71.95124497163884,
  "Vanilla-ES2015-Babel-Webpack-TodoMVC/CompletingAllItems/total": 101.58984472503789,
  "Vanilla-ES2015-Babel-Webpack-TodoMVC/DeletingItems/Async": 3.8460881511063185,
  "Vanilla-ES2015-Babel-Webpack-TodoMVC/DeletingItems/Sync": 45.799356297696065,
  "Vanilla-ES2015-Babel-Webpack-TodoMVC/DeletingItems/total": 49.64924105687136,
  "Vanilla-ES2015-Babel-Webpack-TodoMVC/total": 520.1011913730633,
  "Vanilla-ES2015-TodoMVC/Adding100Items/Async": 36.7005937146825,
  "Vanilla-ES2015-TodoMVC/Adding100Items/Sync": 339.4494087287865,
  "Vanilla-ES2015-TodoMVC/Adding100Items/total": 376.18375764360906,
  "Vanilla-ES2015-TodoMVC/CompletingAllItems/Async": 29.574220958172756,