{
  "browser-setup": 3.281854,
  "browser-tear_down": 0.273436,
  "probes-creation": 0.0002,
  "probes-setup": 0.000171,
  "probes-start": 7.9e-05,
  "run": 103.564422,
  "runner-cooldown": 2.002082
}