{
  "Angular2-TypeScript-TodoMVC/Adding100Items/Async": 31.004743529053396,
  "Angular2-TypeScript-TodoMVC/Adding100Items/Sync": 41.17542603350012,
  "Angular2-TypeScript-TodoMVC/Adding100Items/total": 72.21578788340635,
  "Angular2-TypeScript-TodoMVC/CompletingAllItems/Async": 12.915290025054803,
  "Angular2-TypeScript-TodoMVC/CompletingAllItems/Sync": 8.652572501308137,
  "Angular2-TypeScript-TodoMVC/CompletingAllItems/total": 21.580567551108548,
  "Angular2-TypeScript-TodoMVC/DeletingItems/Async": 2.961343743240884,
  "Angular2-TypeScript-TodoMVC/DeletingItems/Sync": 18.907403270571397,
  "Angular2-TypeScript-TodoMVC/DeletingItems/total": 21.871488548269934,
  "Angular2-TypeScript-TodoMVC/total": 118.76272810417302,
  "AngularJS-TodoMVC/Adding100Items/Async": 40.289759730646466,
  "AngularJS-TodoMVC/Adding100Items/Sync": 153.38222689753405,
  "AngularJS-TodoMVC/Adding100Items/total": 193.7048231809395,
  "AngularJS-TodoMVC/CompletingAllItems/Async": 23.799870515091456,
  "AngularJS-TodoMVC/CompletingAllItems/Sync": 53.88923372501354,
  "AngularJS-TodoMVC/CompletingAllItems/total": 77.78502995739123,
  "AngularJS-TodoMVC/DeletingAllItems/Async": 16.3695544851629,
  "AngularJS-TodoMVC/DeletingAllItems/Sync": 179.3127740210594,
  "AngularJS-TodoMVC/DeletingAllItems/total": 196.31761809370977,
  "AngularJS-TodoMVC/total": 470.54341784574245,
  "BackboneJS-TodoMVC/Adding100Items/Async": 36.18723354752199,
  "BackboneJS-TodoMVC/Adding100Items/Sync": 55.00710369173328,
  "BackboneJS-TodoMVC/Adding100Items/total": 91.22434616198812,
  "BackboneJS-TodoMVC/CompletingAllItems/Async": 27.814992709336273,
  "BackboneJS-TodoMVC/CompletingAllItems/Sync": 37.404318161863166,
  "BackboneJS-TodoMVC/CompletingAllItems/total": 65.22621631149556,
  "BackboneJS-TodoMVC/DeletingAllItems/Async": 3.414147111104716,
  "BackboneJS-TodoMVC/DeletingAllItems/Sync": 25.334973501755833,
  "BackboneJS-TodoMVC/DeletingAllItems/total": 28.769144048061,
  "BackboneJS-TodoMVC/total": 185.22879078289913,
  "Elm-TodoMVC/Adding100Items/Async": 47.59516204344373,
  "Elm-TodoMVC/Adding100Items/Sync": 95.22018559731443,
  "Elm-TodoMVC/Adding100Items/total": 143.61394171890242,
  "Elm-TodoMVC/CompletingAllItems/Async": 30.368342049601598,
  "Elm-TodoMVC/CompletingAllItems/Sync": 93.4726398181755,
  "Elm-TodoMVC/CompletingAllItems/total": 124.45391718828111,
  "Elm-TodoMVC/DeletingItems/Async": 10.814653412470031,
  "Elm-TodoMVC/DeletingItems/Sync": 129.19781505216181,
  "Elm-TodoMVC/DeletingItems/total": 141.67985283690075,
  "Elm-TodoMVC/total": 424.18364879313964,
  "EmberJS-Debug-TodoMVC/Adding100Items/Async": 39.13841154830248,
  "EmberJS-Debug-TodoMVC/Adding100Items/Sync": 412.5990480024803,
  "EmberJS-Debug-TodoMVC/Adding100Items/total": 451.765449793486,
  "EmberJS-Debug-TodoMVC/CompletingAllItems/Async": 27.23514558354548,
  "EmberJS-Debug-TodoMVC/CompletingAllItems/Sync": 292.0376522298178,
  "EmberJS-Debug-TodoMVC/CompletingAllItems/total": 319.42907580835265,
  "EmberJS-Debug-TodoMVC/DeletingItems/Async": 7.049477594837785,
  "EmberJS-Debug-TodoMVC/DeletingItems/Sync": 290.26653538784217,
  "EmberJS-Debug-TodoMVC/DeletingItems/total": 298.67814459535595,
  "EmberJS-Debug-TodoMVC/total": 1076.3219102145279,
  "EmberJS-TodoMVC/Adding100Items/Async": 33.338821851108094,
  "EmberJS-TodoMVC/Adding100Items/Sync": 139.12934236865664,
  "EmberJS-TodoMVC/Adding100Items/total": 172.51653557346708,
  "EmberJS-TodoMVC/CompletingAllItems/Async": 25.308176101080864,
  "EmberJS-TodoMVC/CompletingAllItems/Sync": 92.59423553987173,
  "EmberJS-TodoMVC/CompletingAllItems/total": 117.90831852270776,
  "EmberJS-TodoMVC/DeletingItems/Async": 3.157439633865074,
  "EmberJS-TodoMVC/DeletingItems/Sync": 67.76133994614997,
  "EmberJS-TodoMVC/DeletingItems/total": 70.92748729837123,
  "EmberJS-TodoMVC/total": 364.17566415226275,
  "Flight-TodoMVC/Adding100Items/Async": 32.42560003017887,
  "Flight-TodoMVC/Adding100Items/Sync": 79.13183725790518,
  "Flight-TodoMVC/Adding100Items/total": 111.56257561595503,
  "Flight-TodoMVC/CompletingAllItems/Async": 24.704482143700474,
  "Flight-TodoMVC/CompletingAllItems/Sync": 86.98675408023222,
  "Flight-TodoMVC/CompletingAllItems/total": 111.69485947767443,
  "Flight-TodoMVC/DeletingItems/Async": 2.8465245910006787,
  "Flight-TodoMVC/DeletingItems/Sync": 69.60024833080725,
  "Flight-TodoMVC/DeletingItems/total": 72.45050975548952,
  "Flight-TodoMVC/total": 295.7113775230308,
  "Inferno-TodoMVC/Adding100Items/Async": 37.86469298105379,
  "Inferno-TodoMVC/Adding100Items/Sync": 43.7229681623608,
  "Inferno-TodoMVC/Adding100Items/total": 81.78168593392171,
  "Inferno-TodoMVC/CompletingAllItems/Async": 7.113472761423664,
  "Inferno-TodoMVC/CompletingAllItems/Sync": 92.96271718140703,
  "Inferno-TodoMVC/CompletingAllItems/total": 100.20075272720229,
  "Inferno-TodoMVC/DeletingItems/Async": 3.547583455993639,
  "Inferno-TodoMVC/DeletingItems/Sync": 218.73858208830165,
  "Inferno-TodoMVC/DeletingItems/total": 222.50056352804143,
  "Inferno-TodoMVC/total": 407.5880419463765,
  "Preact-TodoMVC/Adding100Items/Async": 37.19036802355128,
  "Preact-TodoMVC/Adding100Items/Sync": 4.879505349125989,
  "Preact-TodoMVC/Adding100Items/total": 42.087613925077015,
  "Preact-TodoMVC/CompletingAllItems/Async": 16.34472245225556,
  "Preact-TodoMVC/CompletingAllItems/Sync": 3.1282555254088544,
  "Preact-TodoMVC/CompletingAllItems/total": 19.482344809105943,
  "Preact-TodoMVC/DeletingItems/Async": 4.416644329043613,
  "Preact-TodoMVC/DeletingItems/Sync": 1.6321781959001467,
  "Preact-TodoMVC/DeletingItems/total": 6.057233735777465,
  "Preact-TodoMVC/total": 67.68633699378334,
  "React-Redux-TodoMVC/Adding100Items/Async": 33.34586854728944,
  "React-Redux-TodoMVC/Adding100Items/Sync": 130.07444771153376,
  "React-Redux-TodoMVC/Adding100Items/total": 163.42976515597536,
  "React-Redux-TodoMVC/CompletingAllItems/Async": 26.35389965920317,
  "React-Redux-TodoMVC/CompletingAllItems/Sync": 150.18411360493576,
  "React-Redux-TodoMVC/CompletingAllItems/total": 176.86150145769352,
  "React-Redux-TodoMVC/DeletingItems/Async": 5.3096496355613105,
  "React-Redux-TodoMVC/DeletingItems/Sync": 96.16695742692623,
  "React-Redux-TodoMVC/DeletingItems/total": 102.8018390471189,
  "React-Redux-TodoMVC/total": 449.0172804681578,
  "React-TodoMVC/Adding100Items/Async": 35.09711580651875,
  "React-TodoMVC/Adding100Items/Sync": 113.88585059419086,
  "React-TodoMVC/Adding100Items/total": 149.4916007699297,
  "React-TodoMVC/CompletingAllItems/Async": 27.698791474700098,
  "React-TodoMVC/CompletingAllItems/Sync": 70.56974609992885,
  "React-TodoMVC/CompletingAllItems/total": 99.02741055012699,
  "React-TodoMVC/DeletingAllItems/Async": 3.592579156374615,
  "React-TodoMVC/DeletingAllItems/Sync": 45.956435886021566,
  "React-TodoMVC/DeletingAllItems/total": 50.29208565097653,
  "React-TodoMVC/total": 302.8327815673788,
  "Vanilla-ES2015-Babel-Webpack-TodoMVC/Adding100Items/Async": 34.69351612285947,
  "Vanilla-ES2015-Babel-Webpack-TodoMVC/Adding100Items/Sync": 306.08306699793206,
  "Vanilla-ES2015-Babel-Webpack-TodoMVC/Adding100Items/total": 340.8183574729462,
  "Vanilla-ES2015-Babel-Webpack-TodoMVC/CompletingAllItems/Async": 25.119223998377745,
  "Vanilla-ES2015-Babel-Webpack-TodoMVC/CompletingAllItems/Sync": 64.33172330583764,
  "Vanilla-ES2015-Babel-Webpack-TodoMVC/CompletingAllItems/total": 89.48445477356805,
  "Vanilla-ES2015-Babel-Webpack-TodoMVC/DeletingItems/Async": 3.1611466180369674,
  "Vanilla-ES2015-Babel-Webpack-TodoMVC/DeletingItems/Sync": 40.40923071742569,
  "Vanilla-ES2015-Babel-Webpack-TodoMVC/DeletingItems/total": 43.77268677093638,
  "Vanilla-ES2015-Babel-Webpack-TodoMVC/total": 474.145155043061,
  "Vanilla-ES2015-TodoMVC/Adding100Items/Async": 33.837657963031035,
  "Vanilla-ES2015-TodoMVC/Adding100Items/Sync": 301.77034466980433,
  "Vanilla-ES2015-TodoMVC/Adding100Items/total": 335.62999037352756,
  "Vanilla-ES2015-TodoMVC/CompletingAllItems/Async": 25.934561125331268,