{
  "browser-setup": 3.319424,
  "browser-tear_down": 0.298652,
  "probes-creation": 0.000198,
  "probes-setup": 0.000168,
  "probes-start": 7.7e-05,
  "run": 110.786777,
  "runner-cooldown": 2.002055
}