{
  "Angular2-TypeScript-TodoMVC/Adding100Items/Async": 32.10750903692098,
  "Angular2-TypeScript-TodoMVC/Adding100Items/Sync": 42.79131485286136,
  "Angular2-TypeScript-TodoMVC/Adding100Items/total": 74.93601295871854,
  "Angular2-TypeScript-TodoMVC/CompletingAllItems/Async": 13.692424252463141,
  "Angular2-TypeScript-TodoMVC/CompletingAllItems/Sync": 8.617683704300457,
  "Angular2-TypeScript-TodoMVC/CompletingAllItems/total": 22.37968451814473,
  "Angular2-TypeScript-TodoMVC/DeletingItems/Async": 2.7557144257653685,
  "Angular2-TypeScript-TodoMVC/DeletingItems/Sync": 16.374490618544726,
  "Angular2-TypeScript-TodoMVC/DeletingItems/total": 19.136943114776006,
  "Angular2-TypeScript-TodoMVC/total": 116.57390313848292,
  "AngularJS-TodoMVC/Adding100Items/Async": 41.71100186600959,
  "AngularJS-TodoMVC/Adding100Items/Sync": 158.0540460873481,
  "AngularJS-TodoMVC/Adding100Items/total": 199.77578229570716,
  "AngularJS-TodoMVC/CompletingAllItems/Async": 24.773437238745753,
  "AngularJS-TodoMVC/CompletingAllItems/Sync": 54.66889722695954,
  "AngularJS-TodoMVC/CompletingAllItems/total": 79.523993575593,
  "AngularJS-TodoMVC/DeletingAllItems/Async": 15.775009307122195,
  "AngularJS-TodoMVC/DeletingAllItems/Sync": 160.81042282085966,
  "AngularJS-TodoMVC/DeletingAllItems/total": 176.68919518796176,
  "AngularJS-TodoMVC/total": 456.06291171725525,
  "BackboneJS-TodoMVC/Adding100Items/Async": 41.47428553173457,
  "BackboneJS-TodoMVC/Adding100Items/Sync": 55.23311249338589,
  "BackboneJS-TodoMVC/Adding100Items/total": 96.88794298375625,
  "BackboneJS-TodoMVC/CompletingAllItems/Async": 31.500392001439476,
  "BackboneJS-TodoMVC/CompletingAllItems/Sync": 38.08589075400201,
  "BackboneJS-TodoMVC/CompletingAllItems/total": 69.6953313890726,
  "BackboneJS-TodoMVC/DeletingAllItems/Async": 4.866308306268489,
  "BackboneJS-TodoMVC/DeletingAllItems/Sync": 25.983520357052324,
  "BackboneJS-TodoMVC/DeletingAllItems/total": 31.26793642201137,
  "BackboneJS-TodoMVC/total": 197.95116692355157,
  "Elm-TodoMVC/Adding100Items/Async": 48.632575531024315,
  "Elm-TodoMVC/Adding100Items/Sync": 87.12223217657788,
  "Elm-TodoMVC/Adding100Items/total": 135.83686826089573,
  "Elm-TodoMVC/CompletingAllItems/Async": 30.282271252580543,
  "Elm-TodoMVC/CompletingAllItems/Sync": 83.76781954870286,
  "Elm-TodoMVC/CompletingAllItems/total": 114.0967476395035,
  "Elm-TodoMVC/DeletingItems/Async": 9.060623068410937,
  "Elm-TodoMVC/DeletingItems/Sync": 103.4783137711379,
  "Elm-TodoMVC/DeletingItems/total": 112.6486200244908,
  "Elm-TodoMVC/total": 362.631944098012,
  "EmberJS-Debug-TodoMVC/Adding100Items/Async": 46.251278758704345,
  "EmberJS-Debug-TodoMVC/Adding100Items/Sync": 742.7040125975764,
  "EmberJS-Debug-TodoMVC/Adding100Items/total": 789.6421712866747,
  "EmberJS-Debug-TodoMVC/CompletingAllItems/Async": 33.123399206477345,
  "EmberJS-Debug-TodoMVC/CompletingAllItems/Sync": 297.1000750736727,
  "EmberJS-Debug-TodoMVC/CompletingAllItems/total": 330.3703461421273,
  "EmberJS-Debug-TodoMVC/DeletingItems/Async": 9.815853665438034,
  "EmberJS-Debug-TodoMVC/DeletingItems/Sync": 283.57986961472164,
  "EmberJS-Debug-TodoMVC/DeletingItems/total": 294.08864559089807,
  "EmberJS-Debug-TodoMVC/total": 1421.1081171859337,
  "EmberJS-TodoMVC/Adding100Items/Async": 34.229152248561086,
  "EmberJS-TodoMVC/Adding100Items/Sync": 149.11325234101892,
  "EmberJS-TodoMVC/Adding100Items/total": 183.47245248555052,
  "EmberJS-TodoMVC/CompletingAllItems/Async": 28.585817692110062,
  "EmberJS-TodoMVC/CompletingAllItems/Sync": 105.45102750446665,
  "EmberJS-TodoMVC/CompletingAllItems/total": 134.30887602334045,
  "EmberJS-TodoMVC/DeletingItems/Async": 3.541614404415295,
  "EmberJS-TodoMVC/DeletingItems/Sync": 72.06104812655035,
  "EmberJS-TodoMVC/DeletingItems/total": 75.63644937902096,
  "EmberJS-TodoMVC/total": 394.2681389977914,
  "Flight-TodoMVC/Adding100Items/Async": 33.62978243281858,
  "Flight-TodoMVC/Adding100Items/Sync": 78.17891565750114,
  "Flight-TodoMVC/Adding100Items/total": 111.82094955803086,
  "Flight-TodoMVC/CompletingAllItems/Async": 24.85799686454201,
  "Flight-TodoMVC/CompletingAllItems/Sync": 84.9833376500387,
  "Flight-TodoMVC/CompletingAllItems/total": 109.84272914080466,
  "Flight-TodoMVC/DeletingItems/Async": 4.270559360536799,
  "Flight-TodoMVC/DeletingItems/Sync": 69.14813452084675,
  "Flight-TodoMVC/DeletingItems/total": 74.97169670962504,
  "Flight-TodoMVC/total": 296.9071304007172,
  "Inferno-TodoMVC/Adding100Items/Async": 38.054044899545076,
  "Inferno-TodoMVC/Adding100Items/Sync": 43.01334712193682,
  "Inferno-TodoMVC/Adding100Items/total": 81.22711744088657,
  "Inferno-TodoMVC/CompletingAllItems/Async": 7.256038169726185,
  "Inferno-TodoMVC/CompletingAllItems/Sync": 84.7156990992452,
  "Inferno-TodoMVC/CompletingAllItems/total": 92.11223212876334,
  "Inferno-TodoMVC/DeletingItems/Async": 3.4427131181245647,
  "Inferno-TodoMVC/DeletingItems/Sync": 211.38017290694373,
  "Inferno-TodoMVC/DeletingItems/total": 214.87696978257074,
  "Inferno-TodoMVC/total": 388.4700926246156,
  "Preact-TodoMVC/Adding100Items/Async": 37.952946934546134,
  "Preact-TodoMVC/Adding100Items/Sync": 5.074246960897111,
  "Preact-TodoMVC/Adding100Items/total": 43.030049048225756,
  "Preact-TodoMVC/CompletingAllItems/Async": 16.353253846255207,
  "Preact-TodoMVC/CompletingAllItems/Sync": 3.0201534383197326,
  "Preact-TodoMVC/CompletingAllItems/total": 19.384760144094223,
  "Preact-TodoMVC/DeletingItems/Async": 4.701658249082088,
  "Preact-TodoMVC/DeletingItems/Sync": 1.6441215805608878,
  "Preact-TodoMVC/DeletingItems/total": 6.36013546648986,
  "Preact-TodoMVC/total": 68.82319279164409,
  "React-Redux-TodoMVC/Adding100Items/Async": 33.70021859228928,
  "React-Redux-TodoMVC/Adding100Items/Sync": 138.79567913451703,
  "React-Redux-TodoMVC/Adding100Items/total": 172.7116947449225,
  "React-Redux-TodoMVC/CompletingAllItems/Async": 27.754636674326505,
  "React-Redux-TodoMVC/CompletingAllItems/Sync": 143.7151965476474,
  "React-Redux-TodoMVC/CompletingAllItems/total": 171.7784797719128,
  "React-Redux-TodoMVC/DeletingItems/Async": 3.6871207487522333,
  "React-Redux-TodoMVC/DeletingItems/Sync": 103.26308308604445,
  "React-Redux-TodoMVC/DeletingItems/total": 107.13514921905866,
  "React-Redux-TodoMVC/total": 453.7340568418929,
  "React-TodoMVC/Adding100Items/Async": 35.434632644591005,
  "React-TodoMVC/Adding100Items/Sync": 110.61167467179489,
  "React-TodoMVC/Adding100Items/total": 146.2324092361038,
  "React-TodoMVC/CompletingAllItems/Async": 27.774159760523137,
  "React-TodoMVC/CompletingAllItems/Sync": 63.40346585116737,
  "React-TodoMVC/CompletingAllItems/total": 91.19004417483595,
  "React-TodoMVC/DeletingAllItems/Async": 3.105587339730478,
  "React-TodoMVC/DeletingAllItems/Sync": 49.27958943753438,
  "React-TodoMVC/DeletingAllItems/total": 52.43561809168654,
  "React-TodoMVC/total": 290.39587123760924,
  "Vanilla-ES2015-Babel-Webpack-TodoMVC/Adding100Items/Async": 34.91714933992235,
  "Vanilla-ES2015-Babel-Webpack-TodoMVC/Adding100Items/Sync": 296.1236339228395,
  "Vanilla-ES2015-Babel-Webpack-TodoMVC/Adding100Items/total": 331.11931692429573,
  "Vanilla-ES2015-Babel-Webpack-TodoMVC/CompletingAllItems/Async": 25.838114300174464,
  "Vanilla-ES2015-Babel-Webpack-TodoMVC/CompletingAllItems/Sync": 64.05038773179866,
  "Vanilla-ES2015-Babel-Webpack-TodoMVC/CompletingAllItems/total": 89.93669214028856,
  "Vanilla-ES2015-Babel-Webpack-TodoMVC/DeletingItems/Async": 3.330296957411495,
  "Vanilla-ES2015-Babel-Webpack-TodoMVC/DeletingItems/Sync": 40.137194853834664,
  "Vanilla-ES2015-Babel-Webpack-TodoMVC/DeletingItems/total": 43.54113063420887,
  "Vanilla-ES2015-Babel-Webpack-TodoMVC/total": 464.6325868828435,
  "Vanilla-ES2015-TodoMVC/Adding100Items/Async": 35.1105540504058,
  "Vanilla-ES2015-TodoMVC/Adding100Items/Sync": 301.2327061373586,
  "Vanilla-ES2015-TodoMVC/Adding100Items/total": 336.3976447547808,
  "Vanilla-ES2015-TodoMVC/CompletingAllItems/Async": 26.363349368779,