{
  "browser-setup": 4.197262,
  "browser-tear_down": 0.297089,
  "probes-creation": 0.000128,
  "probes-setup": 0.000102,
  "probes-start": 5.8e-05,
  "run": 136.804402,
  "runner-cooldown": 2.00205
}