{
  "Angular2-TypeScript-TodoMVC/Adding100Items/Async": 37.74386232531495,
  "Angular2-TypeScript-TodoMVC/Adding100Items/Sync": 60.18243317256784,
  "Angular2-TypeScript-TodoMVC/Adding100Items/total": 97.95289733385245,
  "Angular2-TypeScript-TodoMVC/CompletingAllItems/Async": 17.74253663558442,
  "Angular2-TypeScript-TodoMVC/CompletingAllItems/Sync": 10.138707935096578,
  "Angular2-TypeScript-TodoMVC/CompletingAllItems/total": 27.899858968813533,
  "Angular2-TypeScript-TodoMVC/DeletingItems/Async": 4.274769597328483,
  "Angular2-TypeScript-TodoMVC/DeletingItems/Sync": 19.08439950737256,
  "Angular2-TypeScript-TodoMVC/DeletingItems/total": 23.52955561477079,
  "Angular2-TypeScript-TodoMVC/total": 149.5157994495833,
  "AngularJS-TodoMVC/Adding100Items/Async": 53.93165096692759,
  "AngularJS-TodoMVC/Adding100Items/Sync": 277.01869263478784,
  "AngularJS-TodoMVC/Adding100Items/total": 331.32240936706825,
  "AngularJS-TodoMVC/CompletingAllItems/Async": 35.690764699642095,
  "AngularJS-TodoMVC/CompletingAllItems/Sync": 87.20916379298455,
  "AngularJS-TodoMVC/CompletingAllItems/total": 123.49094022264634,
  "AngularJS-TodoMVC/DeletingAllItems/Async": 17.235770796530954,
  "AngularJS-TodoMVC/DeletingAllItems/Sync": 245.77561764980447,
  "AngularJS-TodoMVC/DeletingAllItems/total": 263.25581129252504,
  "AngularJS-TodoMVC/total": 718.629181038711,
  "BackboneJS-TodoMVC/Adding100Items/Async": 45.6800713971594,
  "BackboneJS-TodoMVC/Adding100Items/Sync": 108.8355322686871,
  "BackboneJS-TodoMVC/Adding100Items/total": 155.1222789654778,
  "BackboneJS-TodoMVC/CompletingAllItems/Async": 34.115956896144034,
  "BackboneJS-TodoMVC/CompletingAllItems/Sync": 59.409391837478815,
  "BackboneJS-TodoMVC/CompletingAllItems/total": 93.6968650407023,
  "BackboneJS-TodoMVC/DeletingAllItems/Async": 4.61187760275414,
  "BackboneJS-TodoMVC/DeletingAllItems/Sync": 30.901008304209967,
  "BackboneJS-TodoMVC/DeletingAllItems/total": 35.51766246778558,
  "BackboneJS-TodoMVC/total": 284.62988596423645,
  "Elm-TodoMVC/Adding100Items/Async": 54.25816041389932,
  "Elm-TodoMVC/Adding100Items/Sync": 206.02415553814393,
  "Elm-TodoMVC/Adding100Items/total": 269.03121299636655,
  "Elm-TodoMVC/CompletingAllItems/Async": 42.966031702213805,
  "Elm-TodoMVC/CompletingAllItems/Sync": 130.52127397018802,
  "Elm-TodoMVC/CompletingAllItems/total": 175.4085839650207,
  "Elm-TodoMVC/DeletingItems/Async": 10.911404187059768,
  "Elm-TodoMVC/DeletingItems/Sync": 308.8491812221798,
  "Elm-TodoMVC/DeletingItems/total": 321.35610553357685,
  "Elm-TodoMVC/total": 854.143109722212,
  "EmberJS-Debug-TodoMVC/Adding100Items/Async": 45.587622308498666,
  "EmberJS-Debug-TodoMVC/Adding100Items/Sync": 596.1755923946098,
  "EmberJS-Debug-TodoMVC/Adding100Items/total": 641.866438374213,
  "EmberJS-Debug-TodoMVC/CompletingAllItems/Async": 32.18971069318286,
  "EmberJS-Debug-TodoMVC/CompletingAllItems/Sync": 359.308710262729,
  "EmberJS-Debug-TodoMVC/CompletingAllItems/total": 391.5161743870183,
  "EmberJS-Debug-TodoMVC/DeletingItems/Async": 6.191516108011782,
  "EmberJS-Debug-TodoMVC/DeletingItems/Sync": 379.75814695482876,
  "EmberJS-Debug-TodoMVC/DeletingItems/total": 386.43692743826,
  "EmberJS-Debug-TodoMVC/total": 1420.2840175221568,
  "EmberJS-TodoMVC/Adding100Items/Async": 42.320095280906294,
  "EmberJS-TodoMVC/Adding100Items/Sync": 233.0084807473608,
  "EmberJS-TodoMVC/Adding100Items/total": 275.4721946601163,
  "EmberJS-TodoMVC/CompletingAllItems/Async": 38.327609581253256,
  "EmberJS-TodoMVC/CompletingAllItems/Sync": 121.93184296629886,
  "EmberJS-TodoMVC/CompletingAllItems/total": 160.54862497531872,
  "EmberJS-TodoMVC/DeletingItems/Async": 5.337694616610055,
  "EmberJS-TodoMVC/DeletingItems/Sync": 80.80838826484457,
  "EmberJS-TodoMVC/DeletingItems/total": 86.70296928656138,
  "EmberJS-TodoMVC/total": 523.6738169270766,
  "Flight-TodoMVC/Adding100Items/Async": 40.84772599933721,
  "Flight-TodoMVC/Adding100Items/Sync": 116.76976583091192,
  "Flight-TodoMVC/Adding100Items/total": 157.88864349323583,
  "Flight-TodoMVC/CompletingAllItems/Async": 32.825644137683234,
  "Flight-TodoMVC/CompletingAllItems/Sync": 123.61049381508832,
  "Flight-TodoMVC/CompletingAllItems/total": 156.6384037895965,
  "Flight-TodoMVC/DeletingItems/Async": 5.131820825868402,
  "Flight-TodoMVC/DeletingItems/Sync": 109.29769548877641,
  "Flight-TodoMVC/DeletingItems/total": 114.92295831065314,
  "Flight-TodoMVC/total": 429.5548444587722,
  "Inferno-TodoMVC/Adding100Items/Async": 45.47665642956683,
  "Inferno-TodoMVC/Adding100Items/Sync": 58.56731116622219,
  "Inferno-TodoMVC/Adding100Items/total": 104.20587730491276,
  "Inferno-TodoMVC/CompletingAllItems/Async": 12.12752821485438,
  "Inferno-TodoMVC/CompletingAllItems/Sync": 114.63858827292015,
  "Inferno-TodoMVC/CompletingAllItems/total": 127.29807983399215,
  "Inferno-TodoMVC/DeletingItems/Async": 4.094563310178646,
  "Inferno-TodoMVC/DeletingItems/Sync": 245.69830662668664,
  "Inferno-TodoMVC/DeletingItems/total": 249.80543136752698,
  "Inferno-TodoMVC/total": 481.84611497059103,
  "Preact-TodoMVC/Adding100Items/Async": 62.81748478732987,
  "Preact-TodoMVC/Adding100Items/Sync": 10.574601660793734,
  "Preact-TodoMVC/Adding100Items/total": 73.42120012367053,
  "Preact-TodoMVC/CompletingAllItems/Async": 27.558587056459615,
  "Preact-TodoMVC/CompletingAllItems/Sync": 3.9631461453131474,
  "Preact-TodoMVC/CompletingAllItems/total": 31.589453476002507,
  "Preact-TodoMVC/DeletingItems/Async": 7.243190357369127,
  "Preact-TodoMVC/DeletingItems/Sync": 2.1438185907230314,
  "Preact-TodoMVC/DeletingItems/total": 9.420757382215296,
  "Preact-TodoMVC/total": 115.94262997897305,
  "React-Redux-TodoMVC/Adding100Items/Async": 42.41406487493438,
  "React-Redux-TodoMVC/Adding100Items/Sync": 200.05394694328334,
  "React-Redux-TodoMVC/Adding100Items/total": 242.730435092434,
  "React-Redux-TodoMVC/CompletingAllItems/Async": 31.6820419589592,
  "React-Redux-TodoMVC/CompletingAllItems/Sync": 171.87712433992226,
  "React-Redux-TodoMVC/CompletingAllItems/total": 203.57641310700618,
  "React-Redux-TodoMVC/DeletingItems/Async": 4.6854649475099635,
  "React-Redux-TodoMVC/DeletingItems/Sync": 112.9940999235075,
  "React-Redux-TodoMVC/DeletingItems/total": 117.75919969159558,
  "React-Redux-TodoMVC/total": 564.4936067982761,
  "React-TodoMVC/Adding100Items/Async": 42.95583148361748,
  "React-TodoMVC/Adding100Items/Sync": 148.34505212217974,
  "React-TodoMVC/Adding100Items/total": 191.35414985289142,
  "React-TodoMVC/CompletingAllItems/Async": 33.53646695565537,
  "React-TodoMVC/CompletingAllItems/Sync": 84.30874901965403,
  "React-TodoMVC/CompletingAllItems/total": 117.90786782890547,
  "React-TodoMVC/DeletingAllItems/Async": 4.50661484505944,
  "React-TodoMVC/DeletingAllItems/Sync": 57.054797028224854,
  "React-TodoMVC/DeletingAllItems/total": 61.75453529609636,
  "React-TodoMVC/total": 371.24064170330735,
  "Vanilla-ES2015-Babel-Webpack-TodoMVC/Adding100Items/Async": 39.50053578743668,
  "Vanilla-ES2015-Babel-Webpack-TodoMVC/Adding100Items/Sync": 347.8651205172819,
  "Vanilla-ES2015-Babel-Webpack-TodoMVC/Adding100Items/total": 387.43758580858747,
  "Vanilla-ES2015-Babel-Webpack-TodoMVC/CompletingAllItems/Async": 31.13608831600353,
  "Vanilla-ES2015-Babel-Webpack-TodoMVC/CompletingAllItems/Sync": 78.79192477019306,
  "Vanilla-ES2015-Babel-Webpack-TodoMVC/CompletingAllItems/total": 109.94744599182476,
  "Vanilla-ES2015-Babel-Webpack-TodoMVC/DeletingItems/Async": 4.341682312907763,
  "Vanilla-ES2015-Babel-Webpack-TodoMVC/DeletingItems/Sync": 52.95110254296875,
  "Vanilla-ES2015-Babel-Webpack-TodoMVC/DeletingItems/total": 57.30763930730171,
  "Vanilla-ES2015-Babel-Webpack-TodoMVC/total": 554.888636643428,
  "Vanilla-ES2015-TodoMVC/Adding100Items/Async": 39.26092662602972,
  "Vanilla-ES2015-TodoMVC/Adding100Items/Sync": 358.8248179821641,
  "Vanilla-ES2015-TodoMVC/Adding100Items/total": 398.1439218422152,
  "Vanilla-ES2015-TodoMVC/CompletingAllItems/Async": 32.11807597378102,