{
  "Angular2-TypeScript-TodoMVC/Adding100Items/Async": 37.70935482454182,
  "Angular2-TypeScript-TodoMVC/Adding100Items/Sync": 62.06078472425898,
  "Angular2-TypeScript-TodoMVC/Adding100Items/total": 99.79985428554417,
  "Angular2-TypeScript-TodoMVC/CompletingAllItems/Async": 18.597482544024434,
  "Angular2-TypeScript-TodoMVC/CompletingAllItems/Sync": 10.105673933485942,
  "Angular2-TypeScript-TodoMVC/CompletingAllItems/total": 28.79268984146267,
  "Angular2-TypeScript-TodoMVC/DeletingItems/Async": 3.602371899875441,
  "Angular2-TypeScript-TodoMVC/DeletingItems/Sync": 18.417720332203235,
  "Angular2-TypeScript-TodoMVC/DeletingItems/total": 22.025280876618513,
  "Angular2-TypeScript-TodoMVC/total": 150.8068914501402,
  "AngularJS-TodoMVC/Adding100Items/Async": 51.461921054949215,
  "AngularJS-TodoMVC/Adding100Items/Sync": 280.80586604983586,
  "AngularJS-TodoMVC/Adding100Items/total": 332.467391787731,
  "AngularJS-TodoMVC/CompletingAllItems/Async": 39.097435713252956,
  "AngularJS-TodoMVC/CompletingAllItems/Sync": 87.66960170630392,
  "AngularJS-TodoMVC/CompletingAllItems/total": 127.56724051010717,
  "AngularJS-TodoMVC/DeletingAllItems/Async": 16.63217668873872,
  "AngularJS-TodoMVC/DeletingAllItems/Sync": 252.91281836564895,
  "AngularJS-TodoMVC/DeletingAllItems/total": 269.67320901252054,
  "AngularJS-TodoMVC/total": 731.3575459755036,
  "BackboneJS-TodoMVC/Adding100Items/Async": 45.649118092773726,
  "BackboneJS-TodoMVC/Adding100Items/Sync": 108.48563033779745,
  "BackboneJS-TodoMVC/Adding100Items/total": 154.74658966643335,
  "BackboneJS-TodoMVC/CompletingAllItems/Async": 34.10565827556623,
  "BackboneJS-TodoMVC/CompletingAllItems/Sync": 59.81538235100629,
  "BackboneJS-TodoMVC/CompletingAllItems/total": 94.08401968211307,
  "BackboneJS-TodoMVC/DeletingAllItems/Async": 5.219411227419046,
  "BackboneJS-TodoMVC/DeletingAllItems/Sync": 30.849248682981322,
  "BackboneJS-TodoMVC/DeletingAllItems/total": 36.139798858077285,
  "BackboneJS-TodoMVC/total": 285.22109522917617,
  "Elm-TodoMVC/Adding100Items/Async": 53.75670944904955,
  "Elm-TodoMVC/Adding100Items/Sync": 200.69653137414085,
  "Elm-TodoMVC/Adding100Items/total": 263.6256036269606,
  "Elm-TodoMVC/CompletingAllItems/Async": 39.15358242883137,
  "Elm-TodoMVC/CompletingAllItems/Sync": 137.5833448144253,
  "Elm-TodoMVC/CompletingAllItems/total": 176.77047812207599,
  "Elm-TodoMVC/DeletingItems/Async": 10.782046626641113,
  "Elm-TodoMVC/DeletingItems/Sync": 308.22125920825385,
  "Elm-TodoMVC/DeletingItems/total": 320.26218408350786,
  "Elm-TodoMVC/total": 846.0365052258514,
  "EmberJS-Debug-TodoMVC/Adding100Items/Async": 45.56948486031181,
  "EmberJS-Debug-TodoMVC/Adding100Items/Sync": 585.8148278128766,
  "EmberJS-Debug-TodoMVC/Adding100Items/total": 631.4954119597364,
  "EmberJS-Debug-TodoMVC/CompletingAllItems/Async": 32.221465279454456,
  "EmberJS-Debug-TodoMVC/CompletingAllItems/Sync": 356.0678757134237,
  "EmberJS-Debug-TodoMVC/CompletingAllItems/total": 388.30829897000996,
  "EmberJS-Debug-TodoMVC/DeletingItems/Async": 4.701981552646907,
  "EmberJS-Debug-TodoMVC/DeletingItems/Sync": 378.4558892055855,
  "EmberJS-Debug-TodoMVC/DeletingItems/total": 383.21650666194824,
  "EmberJS-Debug-TodoMVC/total": 1403.4382590589132,
  "EmberJS-TodoMVC/Adding100Items/Async": 42.75435962020026,
  "EmberJS-TodoMVC/Adding100Items/Sync": 233.5803192108094,
  "EmberJS-TodoMVC/Adding100Items/total": 276.507036329964,
  "EmberJS-TodoMVC/CompletingAllItems/Async": 36.50016565115288,
  "EmberJS-TodoMVC/CompletingAllItems/Sync": 121.7267617834017,
  "EmberJS-TodoMVC/CompletingAllItems/total": 158.68505175430334,
  "EmberJS-TodoMVC/DeletingItems/Async": 4.731066996580317,
  "EmberJS-TodoMVC/DeletingItems/Sync": 84.98923540625982,
  "EmberJS-TodoMVC/DeletingItems/total": 89.93794579793268,
  "EmberJS-TodoMVC/total": 525.9202835593921,
  "Flight-TodoMVC/Adding100Items/Async": 40.8601306635634,
  "Flight-TodoMVC/Adding100Items/Sync": 118.15037762049406,
  "Flight-TodoMVC/Adding100Items/total": 159.22571260720815,
  "Flight-TodoMVC/CompletingAllItems/Async": 32.75959297896088,
  "Flight-TodoMVC/CompletingAllItems/Sync": 126.1234441229618,
  "Flight-TodoMVC/CompletingAllItems/total": 158.99984941076391,
  "Flight-TodoMVC/DeletingItems/Async": 4.91842901496624,
  "Flight-TodoMVC/DeletingItems/Sync": 110.96348609924786,
  "Flight-TodoMVC/DeletingItems/total": 116.19478425666965,
  "Flight-TodoMVC/total": 434.5109699788898,
  "Inferno-TodoMVC/Adding100Items/Async": 44.800689288334794,
  "Inferno-TodoMVC/Adding100Items/Sync": 56.679119571304525,
  "Inferno-TodoMVC/Adding100Items/total": 101.6570644208756,
  "Inferno-TodoMVC/CompletingAllItems/Async": 10.164150264490173,
  "Inferno-TodoMVC/CompletingAllItems/Sync": 120.03062786242019,
  "Inferno-TodoMVC/CompletingAllItems/total": 130.6321157619614,
  "Inferno-TodoMVC/DeletingItems/Async": 4.002283280479744,
  "Inferno-TodoMVC/DeletingItems/Sync": 245.19510652557804,
  "Inferno-TodoMVC/DeletingItems/total": 249.2230911376624,
  "Inferno-TodoMVC/total": 481.9072999054941,
  "Preact-TodoMVC/Adding100Items/Async": 61.22370580841362,
  "Preact-TodoMVC/Adding100Items/Sync": 10.63326070930473,
  "Preact-TodoMVC/Adding100Items/total": 71.86922338949078,
  "Preact-TodoMVC/CompletingAllItems/Async": 27.394098784305847,
  "Preact-TodoMVC/CompletingAllItems/Sync": 3.8631879109030156,
  "Preact-TodoMVC/CompletingAllItems/total": 31.337249863253206,
  "Preact-TodoMVC/DeletingItems/Async": 7.559324689348697,
  "Preact-TodoMVC/DeletingItems/Sync": 2.1690052209639683,
  "Preact-TodoMVC/DeletingItems/total": 9.741060714835259,
  "Preact-TodoMVC/total": 114.74832078091157,
  "React-Redux-TodoMVC/Adding100Items/Async": 42.45252037369,
  "React-Redux-TodoMVC/Adding100Items/Sync": 202.7245266547269,
  "React-Redux-TodoMVC/Adding100Items/total": 245.5581746331399,
  "React-Redux-TodoMVC/CompletingAllItems/Async": 31.801992819455794,
  "React-Redux-TodoMVC/CompletingAllItems/Sync": 171.84908548175767,
  "React-Redux-TodoMVC/CompletingAllItems/total": 203.6760606460757,
  "React-Redux-TodoMVC/DeletingItems/Async": 4.120372180841937,
  "React-Redux-TodoMVC/DeletingItems/Sync": 113.54195163689886,
  "React-Redux-TodoMVC/DeletingItems/total": 117.74054861499596,
  "React-Redux-TodoMVC/total": 567.3909180488882,
  "React-TodoMVC/Adding100Items/Async": 43.197608777851194,
  "React-TodoMVC/Adding100Items/Sync": 150.50452380070377,
  "React-TodoMVC/Adding100Items/total": 193.87730623851257,
  "React-TodoMVC/CompletingAllItems/Async": 33.88794928012814,
  "React-TodoMVC/CompletingAllItems/Sync": 83.69081456636151,
  "React-TodoMVC/CompletingAllItems/total": 117.73272401385826,
  "React-TodoMVC/DeletingAllItems/Async": 4.240958606648414,
  "React-TodoMVC/DeletingAllItems/Sync": 56.06485722861428,
  "React-TodoMVC/DeletingAllItems/total": 60.36067844156525,
  "React-TodoMVC/total": 372.3413977579767,
  "Vanilla-ES2015-Babel-Webpack-TodoMVC/Adding100Items/Async": 39.886543075120294,
  "Vanilla-ES2015-Babel-Webpack-TodoMVC/Adding100Items/Sync": 342.49549857408556,
  "Vanilla-ES2015-Babel-Webpack-TodoMVC/Adding100Items/total": 382.4541800141417,
  "Vanilla-ES2015-Babel-Webpack-TodoMVC/CompletingAllItems/Async": 31.252528961675143,
  "Vanilla-ES2015-Babel-Webpack-TodoMVC/CompletingAllItems/Sync": 78.32187159690481,
  "Vanilla-ES2015-Babel-Webpack-TodoMVC/CompletingAllItems/total": 109.59060675569609,
  "Vanilla-ES2015-Babel-Webpack-TodoMVC/DeletingItems/Async": 4.500809365443828,
  "Vanilla-ES2015-Babel-Webpack-TodoMVC/DeletingItems/Sync": 52.90759500463538,
  "Vanilla-ES2015-Babel-Webpack-TodoMVC/DeletingItems/total": 57.44592517671908,
  "Vanilla-ES2015-Babel-Webpack-TodoMVC/total": 549.6826666393367,
  "Vanilla-ES2015-TodoMVC/Adding100Items/Async": 38.75917393694156,
  "Vanilla-ES2015-TodoMVC/Adding100Items/Sync": 352.6963534153173,
  "Vanilla-ES2015-TodoMVC/Adding100Items/total": 391.4952197689576,
  "Vanilla-ES2015-TodoMVC/CompletingAllItems/Async": 31.34917475530277,