{
  "browser-setup": 3.298305,
  "browser-tear_down": 20.030169,
  "probes-creation": 0.000339,
  "probes-setup": 0.000167,
  "probes-start": 8.5e-05,
  "run": 327.146666,
  "runner-cooldown": 2.002431
}