{
  "browser-setup": 3.951179,
  "browser-tear_down": 0.284372,
  "probes-creation": 0.00012,
  "probes-setup": 9.9e-05,
  "probes-start": 5.4e-05,
  "run": 125.953668,
  "runner-cooldown": 2.00205
}