{
  "Angular2-TypeScript-TodoMVC/Adding100Items/Async": 37.283850744474975,
  "Angular2-TypeScript-TodoMVC/Adding100Items/Sync": 54.556685921770836,
  "Angular2-TypeScript-TodoMVC/Adding100Items/total": 91.91212740139,
  "Angular2-TypeScript-TodoMVC/CompletingAllItems/Async": 14.21629088755778,
  "Angular2-TypeScript-TodoMVC/CompletingAllItems/Sync": 9.882767296608224,
  "Angular2-TypeScript-TodoMVC/CompletingAllItems/total": 24.101735160240786,
  "Angular2-TypeScript-TodoMVC/DeletingItems/Async": 3.59642999318697,
  "Angular2-TypeScript-TodoMVC/DeletingItems/Sync": 17.756349272268096,
  "Angular2-TypeScript-TodoMVC/DeletingItems/total": 21.357355602869298,
  "Angular2-TypeScript-TodoMVC/total": 137.39302656085303,
  "AngularJS-TodoMVC/Adding100Items/Async": 49.34557007296578,
  "AngularJS-TodoMVC/Adding100Items/Sync": 225.60405459038725,
  "AngularJS-TodoMVC/Adding100Items/total": 275.337439615397,
  "AngularJS-TodoMVC/CompletingAllItems/Async": 35.72276638455257,
  "AngularJS-TodoMVC/CompletingAllItems/Sync": 82.3502716046167,
  "AngularJS-TodoMVC/CompletingAllItems/total": 120.55155282987712,
  "AngularJS-TodoMVC/DeletingAllItems/Async": 17.13348187063415,
  "AngularJS-TodoMVC/DeletingAllItems/Sync": 276.6989570022481,
  "AngularJS-TodoMVC/DeletingAllItems/total": 294.0956273270014,
  "AngularJS-TodoMVC/total": 705.0746128207102,
  "BackboneJS-TodoMVC/Adding100Items/Async": 43.46942246199564,
  "BackboneJS-TodoMVC/Adding100Items/Sync": 70.30523263557153,
  "BackboneJS-TodoMVC/Adding100Items/total": 113.78833359783025,
  "BackboneJS-TodoMVC/CompletingAllItems/Async": 33.01860226378754,
  "BackboneJS-TodoMVC/CompletingAllItems/Sync": 45.89188236078105,
  "BackboneJS-TodoMVC/CompletingAllItems/total": 78.91197342742274,
  "BackboneJS-TodoMVC/DeletingAllItems/Async": 4.702038977067709,
  "BackboneJS-TodoMVC/DeletingAllItems/Sync": 29.13100062033425,
  "BackboneJS-TodoMVC/DeletingAllItems/total": 33.84069027921169,
  "BackboneJS-TodoMVC/total": 226.56037057327623,
  "Elm-TodoMVC/Adding100Items/Async": 49.57631452623126,
  "Elm-TodoMVC/Adding100Items/Sync": 124.43573045741732,
  "Elm-TodoMVC/Adding100Items/total": 174.14874102106245,
  "Elm-TodoMVC/CompletingAllItems/Async": 35.70799857474358,
  "Elm-TodoMVC/CompletingAllItems/Sync": 149.36717459530774,
  "Elm-TodoMVC/CompletingAllItems/total": 186.64638655124585,
  "Elm-TodoMVC/DeletingItems/Async": 10.717298093489566,
  "Elm-TodoMVC/DeletingItems/Sync": 151.7215434894119,
  "Elm-TodoMVC/DeletingItems/total": 163.0179099905207,
  "Elm-TodoMVC/total": 540.4639542266564,
  "EmberJS-Debug-TodoMVC/Adding100Items/Async": 47.7842198087465,
  "EmberJS-Debug-TodoMVC/Adding100Items/Sync": 581.7179548647388,
  "EmberJS-Debug-TodoMVC/Adding100Items/total": 629.5273836195794,
  "EmberJS-Debug-TodoMVC/CompletingAllItems/Async": 29.93474012580975,
  "EmberJS-Debug-TodoMVC/CompletingAllItems/Sync": 348.83665974474786,
  "EmberJS-Debug-TodoMVC/CompletingAllItems/total": 378.8018725904056,
  "EmberJS-Debug-TodoMVC/DeletingItems/Async": 8.592339414194413,
  "EmberJS-Debug-TodoMVC/DeletingItems/Sync": 391.89066502233146,
  "EmberJS-Debug-TodoMVC/DeletingItems/total": 401.9534917335913,
  "EmberJS-Debug-TodoMVC/total": 1414.321623882879,
  "EmberJS-TodoMVC/Adding100Items/Async": 44.17889186706844,
  "EmberJS-TodoMVC/Adding100Items/Sync": 201.3824722560142,
  "EmberJS-TodoMVC/Adding100Items/total": 245.92105183142084,
  "EmberJS-TodoMVC/CompletingAllItems/Async": 33.258446505516886,
  "EmberJS-TodoMVC/CompletingAllItems/Sync": 120.96371003529296,
  "EmberJS-TodoMVC/CompletingAllItems/total": 154.72768910155946,
  "EmberJS-TodoMVC/DeletingItems/Async": 4.443607094995809,
  "EmberJS-TodoMVC/DeletingItems/Sync": 102.85462144105621,
  "EmberJS-TodoMVC/DeletingItems/total": 107.44375923454376,
  "EmberJS-TodoMVC/total": 518.2316101414458,
  "Flight-TodoMVC/Adding100Items/Async": 39.74065723648115,
  "Flight-TodoMVC/Adding100Items/Sync": 106.96692166185476,
  "Flight-TodoMVC/Adding100Items/total": 147.31903359817352,
  "Flight-TodoMVC/CompletingAllItems/Async": 29.20713412613736,
  "Flight-TodoMVC/CompletingAllItems/Sync": 106.28220622770598,
  "Flight-TodoMVC/CompletingAllItems/total": 135.5109137956114,
  "Flight-TodoMVC/DeletingItems/Async": 4.107984296055957,
  "Flight-TodoMVC/DeletingItems/Sync": 88.5400492912218,
  "Flight-TodoMVC/DeletingItems/total": 92.82464345380161,
  "Flight-TodoMVC/total": 377.3885966733517,
  "Inferno-TodoMVC/Adding100Items/Async": 42.50439799179362,
  "Inferno-TodoMVC/Adding100Items/Sync": 57.602827645322115,
  "Inferno-TodoMVC/Adding100Items/total": 101.6798988346911,
  "Inferno-TodoMVC/CompletingAllItems/Async": 9.580442884835897,
  "Inferno-TodoMVC/CompletingAllItems/Sync": 111.2161833983807,
  "Inferno-TodoMVC/CompletingAllItems/total": 121.18843135696109,
  "Inferno-TodoMVC/DeletingItems/Async": 3.848147221256898,
  "Inferno-TodoMVC/DeletingItems/Sync": 236.80497910456592,
  "Inferno-TodoMVC/DeletingItems/total": 240.81347421544572,
  "Inferno-TodoMVC/total": 466.7221409216647,
  "Preact-TodoMVC/Adding100Items/Async": 42.95819194929392,
  "Preact-TodoMVC/Adding100Items/Sync": 6.328291157241493,
  "Preact-TodoMVC/Adding100Items/total": 49.29364760887771,
  "Preact-TodoMVC/CompletingAllItems/Async": 30.888182104102118,
  "Preact-TodoMVC/CompletingAllItems/Sync": 3.825335361321259,
  "Preact-TodoMVC/CompletingAllItems/total": 34.72418089760186,
  "Preact-TodoMVC/DeletingItems/Async": 7.658537122819443,
  "Preact-TodoMVC/DeletingItems/Sync": 2.0516738564118437,
  "Preact-TodoMVC/DeletingItems/total": 9.716365885770516,
  "Preact-TodoMVC/total": 93.73704718399827,
  "React-Redux-TodoMVC/Adding100Items/Async": 45.309229893895896,
  "React-Redux-TodoMVC/Adding100Items/Sync": 198.49902548378694,
  "React-Redux-TodoMVC/Adding100Items/total": 244.34198397124925,
  "React-Redux-TodoMVC/CompletingAllItems/Async": 29.77089856496777,
  "React-Redux-TodoMVC/CompletingAllItems/Sync": 184.61168231846247,
  "React-Redux-TodoMVC/CompletingAllItems/total": 214.62083799131233,
  "React-Redux-TodoMVC/DeletingItems/Async": 5.6743842495559935,
  "React-Redux-TodoMVC/DeletingItems/Sync": 124.6894397311776,
  "React-Redux-TodoMVC/DeletingItems/total": 130.9644909863025,
  "React-Redux-TodoMVC/total": 600.1631883281082,
  "React-TodoMVC/Adding100Items/Async": 45.51833358666197,
  "React-TodoMVC/Adding100Items/Sync": 150.91071285922266,
  "React-TodoMVC/Adding100Items/total": 197.09894644632055,
  "React-TodoMVC/CompletingAllItems/Async": 31.087945687147226,
  "React-TodoMVC/CompletingAllItems/Sync": 85.90026820719476,
  "React-TodoMVC/CompletingAllItems/total": 117.13976377060503,
  "React-TodoMVC/DeletingAllItems/Async": 4.3285549473697085,
  "React-TodoMVC/DeletingAllItems/Sync": 56.315166197797964,
  "React-TodoMVC/DeletingAllItems/total": 60.97256439271967,
  "React-TodoMVC/total": 376.6912559859226,
  "Vanilla-ES2015-Babel-Webpack-TodoMVC/Adding100Items/Async": 37.65465595611134,
  "Vanilla-ES2015-Babel-Webpack-TodoMVC/Adding100Items/Sync": 328.70740664482867,
  "Vanilla-ES2015-Babel-Webpack-TodoMVC/Adding100Items/total": 366.48184239440604,
  "Vanilla-ES2015-Babel-Webpack-TodoMVC/CompletingAllItems/Async": 28.62668955569752,
  "Vanilla-ES2015-Babel-Webpack-TodoMVC/CompletingAllItems/Sync": 72.45804383301139,
  "Vanilla-ES2015-Babel-Webpack-TodoMVC/CompletingAllItems/total": 101.09781361700874,
  "Vanilla-ES2015-Babel-Webpack-TodoMVC/DeletingItems/Async": 4.129435163047123,
  "Vanilla-ES2015-Babel-Webpack-TodoMVC/DeletingItems/Sync": 45.85443699867065,
  "Vanilla-ES2015-Babel-Webpack-TodoMVC/DeletingItems/total": 50.130006131384405,
  "Vanilla-ES2015-Babel-Webpack-TodoMVC/total": 517.7594959407955,
  "Vanilla-ES2015-TodoMVC/Adding100Items/Async": 36.80285743301944,
  "Vanilla-ES2015-TodoMVC/Adding100Items/Sync": 337.0593529244809,
  "Vanilla-ES2015-TodoMVC/Adding100Items/total": 373.89616390390944,
  "Vanilla-ES2015-TodoMVC/CompletingAllItems/Async": 30.177936691620936,