{
  "browser-setup": 4.00582,
  "browser-tear_down": 0.291633,
  "probes-creation": 0.000132,
  "probes-setup": 0.000102,
  "probes-start": 5.7e-05,
  "run": 132.664369,
  "runner-cooldown": 2.00205
}