{
  "Angular2-TypeScript-TodoMVC/Adding100Items/Async": 37.810791320732136,
  "Angular2-TypeScript-TodoMVC/Adding100Items/Sync": 58.73557847675761,
  "Angular2-TypeScript-TodoMVC/Adding100Items/total": 96.57615434486635,
  "Angular2-TypeScript-TodoMVC/CompletingAllItems/Async": 17.643831717210798,
  "Angular2-TypeScript-TodoMVC/CompletingAllItems/Sync": 10.157533076724455,
  "Angular2-TypeScript-TodoMVC/CompletingAllItems/total": 27.816839642868803,
  "Angular2-TypeScript-TodoMVC/DeletingItems/Async": 3.7531933598844085,
  "Angular2-TypeScript-TodoMVC/DeletingItems/Sync": 18.693984865861626,
  "Angular2-TypeScript-TodoMVC/DeletingItems/total": 22.470930628358992,
  "Angular2-TypeScript-TodoMVC/total": 146.92488878470715,
  "AngularJS-TodoMVC/Adding100Items/Async": 52.49870121748777,
  "AngularJS-TodoMVC/Adding100Items/Sync": 270.42780981347624,
  "AngularJS-TodoMVC/Adding100Items/total": 323.6943964939846,
  "AngularJS-TodoMVC/CompletingAllItems/Async": 36.31724883148164,
  "AngularJS-TodoMVC/CompletingAllItems/Sync": 80.1526828932158,
  "AngularJS-TodoMVC/CompletingAllItems/total": 117.13787862368211,
  "AngularJS-TodoMVC/DeletingAllItems/Async": 16.896407833932027,
  "AngularJS-TodoMVC/DeletingAllItems/Sync": 243.40774221250874,
  "AngularJS-TodoMVC/DeletingAllItems/total": 260.49778111383523,
  "AngularJS-TodoMVC/total": 701.99542548524,
  "BackboneJS-TodoMVC/Adding100Items/Async": 45.555157560391585,
  "BackboneJS-TodoMVC/Adding100Items/Sync": 97.24458897024424,
  "BackboneJS-TodoMVC/Adding100Items/total": 143.1162746826852,
  "BackboneJS-TodoMVC/CompletingAllItems/Async": 33.87409994434758,
  "BackboneJS-TodoMVC/CompletingAllItems/Sync": 55.375653346168505,
  "BackboneJS-TodoMVC/CompletingAllItems/total": 89.33799693630117,
  "BackboneJS-TodoMVC/DeletingAllItems/Async": 4.874817322446066,
  "BackboneJS-TodoMVC/DeletingAllItems/Sync": 30.851831174106465,
  "BackboneJS-TodoMVC/DeletingAllItems/total": 35.74223597212277,
  "BackboneJS-TodoMVC/total": 268.37257877643964,
  "Elm-TodoMVC/Adding100Items/Async": 53.53595943839433,
  "Elm-TodoMVC/Adding100Items/Sync": 200.04306745932956,
  "Elm-TodoMVC/Adding100Items/total": 262.31058319631245,
  "Elm-TodoMVC/CompletingAllItems/Async": 39.65614352425801,
  "Elm-TodoMVC/CompletingAllItems/Sync": 133.11797158515773,
  "Elm-TodoMVC/CompletingAllItems/total": 172.85257653831093,
  "Elm-TodoMVC/DeletingItems/Async": 10.854577710554533,
  "Elm-TodoMVC/DeletingItems/Sync": 254.91502597294348,
  "Elm-TodoMVC/DeletingItems/total": 266.7007191369923,
  "Elm-TodoMVC/total": 769.9529415185999,
  "EmberJS-Debug-TodoMVC/Adding100Items/Async": 45.40188393297061,
  "EmberJS-Debug-TodoMVC/Adding100Items/Sync": 583.0529833919044,
  "EmberJS-Debug-TodoMVC/Adding100Items/total": 628.5253981433746,
  "EmberJS-Debug-TodoMVC/CompletingAllItems/Async": 33.67426760668703,
  "EmberJS-Debug-TodoMVC/CompletingAllItems/Sync": 358.27762152393433,
  "EmberJS-Debug-TodoMVC/CompletingAllItems/total": 392.1512080865071,
  "EmberJS-Debug-TodoMVC/DeletingItems/Async": 4.708585648226822,
  "EmberJS-Debug-TodoMVC/DeletingItems/Sync": 380.56482171854924,
  "EmberJS-Debug-TodoMVC/DeletingItems/total": 385.28932905488193,
  "EmberJS-Debug-TodoMVC/total": 1406.2093244586895,
  "EmberJS-TodoMVC/Adding100Items/Async": 43.06106314495296,
  "EmberJS-TodoMVC/Adding100Items/Sync": 224.369415819609,
  "EmberJS-TodoMVC/Adding100Items/total": 267.64044514924257,
  "EmberJS-TodoMVC/CompletingAllItems/Async": 36.541090938891834,
  "EmberJS-TodoMVC/CompletingAllItems/Sync": 122.93003097667216,
  "EmberJS-TodoMVC/CompletingAllItems/total": 159.66362527375367,
  "EmberJS-TodoMVC/DeletingItems/Async": 5.236074809348895,
  "EmberJS-TodoMVC/DeletingItems/Sync": 84.33519582647381,
  "EmberJS-TodoMVC/DeletingItems/total": 89.92209912908648,
  "EmberJS-TodoMVC/total": 518.0015986562711,
  "Flight-TodoMVC/Adding100Items/Async": 40.74974620967581,
  "Flight-TodoMVC/Adding100Items/Sync": 111.059039096583,
  "Flight-TodoMVC/Adding100Items/total": 151.96013360887304,
  "Flight-TodoMVC/CompletingAllItems/Async": 32.87554645735998,
  "Flight-TodoMVC/CompletingAllItems/Sync": 118.87268179857776,
  "Flight-TodoMVC/CompletingAllItems/total": 151.85226332244739,
  "Flight-TodoMVC/DeletingItems/Async": 5.011591113874598,
  "Flight-TodoMVC/DeletingItems/Sync": 104.43173570140314,
  "Flight-TodoMVC/DeletingItems/total": 109.778909597741,
  "Flight-TodoMVC/total": 413.6878269221233,
  "Inferno-TodoMVC/Adding100Items/Async": 42.120765147735995,
  "Inferno-TodoMVC/Adding100Items/Sync": 53.37051282356586,
  "Inferno-TodoMVC/Adding100Items/total": 95.51948692302899,
  "Inferno-TodoMVC/CompletingAllItems/Async": 12.113751224097559,
  "Inferno-TodoMVC/CompletingAllItems/Sync": 115.9948583294709,
  "Inferno-TodoMVC/CompletingAllItems/total": 128.56226831778383,
  "Inferno-TodoMVC/DeletingItems/Async": 4.043591453656081,
  "Inferno-TodoMVC/DeletingItems/Sync": 242.1057334757971,
  "Inferno-TodoMVC/DeletingItems/total": 246.183304144112,
  "Inferno-TodoMVC/total": 470.4438945934687,
  "Preact-TodoMVC/Adding100Items/Async": 55.40637541805552,
  "Preact-TodoMVC/Adding100Items/Sync": 9.212544792581372,
  "Preact-TodoMVC/Adding100Items/total": 64.66496482038745,
  "Preact-TodoMVC/CompletingAllItems/Async": 28.828533788524823,
  "Preact-TodoMVC/CompletingAllItems/Sync": 3.814396795178126,
  "Preact-TodoMVC/CompletingAllItems/total": 32.72659653872147,
  "Preact-TodoMVC/DeletingItems/Async": 7.435953804108716,
  "Preact-TodoMVC/DeletingItems/Sync": 2.266170711503224,
  "Preact-TodoMVC/DeletingItems/total": 9.720599629696515,
  "Preact-TodoMVC/total": 108.34580885106158,
  "React-Redux-TodoMVC/Adding100Items/Async": 43.25839695584329,
  "React-Redux-TodoMVC/Adding100Items/Sync": 191.31830328874426,
  "React-Redux-TodoMVC/Adding100Items/total": 234.76323906904412,
  "React-Redux-TodoMVC/CompletingAllItems/Async": 31.574209386290054,
  "React-Redux-TodoMVC/CompletingAllItems/Sync": 172.34680353987306,
  "React-Redux-TodoMVC/CompletingAllItems/total": 203.9362632898817,
  "React-Redux-TodoMVC/DeletingItems/Async": 4.360277599098859,
  "React-Redux-TodoMVC/DeletingItems/Sync": 112.1705299342057,
  "React-Redux-TodoMVC/DeletingItems/total": 116.60966721892562,
  "React-Redux-TodoMVC/total": 555.5911112053972,
  "React-TodoMVC/Adding100Items/Async": 43.432873017591604,
  "React-TodoMVC/Adding100Items/Sync": 149.70780242826177,
  "React-TodoMVC/Adding100Items/total": 193.36056979546882,
  "React-TodoMVC/CompletingAllItems/Async": 34.1330633391246,
  "React-TodoMVC/CompletingAllItems/Sync": 85.68240238788987,
  "React-TodoMVC/CompletingAllItems/total": 120.05482434368064,
  "React-TodoMVC/DeletingAllItems/Async": 4.350378230753167,
  "React-TodoMVC/DeletingAllItems/Sync": 56.40990251505259,
  "React-TodoMVC/DeletingAllItems/total": 60.85487705239519,
  "React-TodoMVC/total": 374.7385074066777,
  "Vanilla-ES2015-Babel-Webpack-TodoMVC/Adding100Items/Async": 38.8163533384633,
  "Vanilla-ES2015-Babel-Webpack-TodoMVC/Adding100Items/Sync": 334.746719824736,
  "Vanilla-ES2015-Babel-Webpack-TodoMVC/Adding100Items/total": 373.60591052281484,
  "Vanilla-ES2015-Babel-Webpack-TodoMVC/CompletingAllItems/Async": 31.097481817205345,
  "Vanilla-ES2015-Babel-Webpack-TodoMVC/CompletingAllItems/Sync": 77.77498087018826,
  "Vanilla-ES2015-Babel-Webpack-TodoMVC/CompletingAllItems/total": 108.87991912596291,
  "Vanilla-ES2015-Babel-Webpack-TodoMVC/DeletingItems/Async": 4.500098420724736,
  "Vanilla-ES2015-Babel-Webpack-TodoMVC/DeletingItems/Sync": 50.98766186703579,
  "Vanilla-ES2015-Babel-Webpack-TodoMVC/DeletingItems/total": 55.53000806000302,
  "Vanilla-ES2015-Babel-Webpack-TodoMVC/total": 538.1438860404272,
  "Vanilla-ES2015-TodoMVC/Adding100Items/Async": 37.82679430980515,
  "Vanilla-ES2015-TodoMVC/Adding100Items/Sync": 343.9073026029914,
  "Vanilla-ES2015-TodoMVC/Adding100Items/total": 381.7353682703383,
  "Vanilla-ES2015-TodoMVC/CompletingAllItems/Async": 31.771835940011176,