{
  "browser-setup": 3.316351,
  "browser-tear_down": 0.220933,
  "probes-creation": 0.000211,
  "probes-setup": 0.000153,
  "probes-start": 8.1e-05,
  "run": 103.757959,
  "runner-cooldown": 2.002057
}