{
  "browser-setup": {
    "values": [
      3.298305,
      3.294927,
      3.291668,
      3.308244,
      3.26559,
      3.305795,
      3.288119,
      3.292214,
      3.270973,
      3.303945,
      3.297457,
      3.332797,
      3.307213,
      3.296828,
      3.295427,
      3.306553,
      3.30397,
      3.279699,
      3.338146,
      3.329767
    ],
    "min": 3.26559,
    "average": 3.30038185,
    "geomean": 3.3003332876404516,
    "max": 3.338146,
    "stddev": 0.01791333862872857,
    "stddevPercent": 0.5427656387314265
  },
  "browser-tear_down": {
    "values": [
      20.030169,
      0.221204,
      0.218972,
      0.293873,
      0.281312,
      0.216357,
      0.274359,
      0.233617,
      0.282547,
      0.294234,
      0.227183,
      0.281267,
      0.224905,
      0.243696,
      0.267876,
      0.285132,
      0.281601,
      0.275831,
      0.273423,
      0.225428
    ],
    "min": 0.216357,
    "average": 1.2466493,
    "geomean": 0.31891262837547746,
    "max": 20.030169,
    "stddev": 4.309322079831712,
    "stddevPercent": 345.6723618929326
  },
  "probes-creation": {
    "values": [
      0.000339,
      0.000204,
      0.0002,
      0.000239,
      0.000201,
      0.000195,
      0.000198,
      0.000193,
      0.000205,
      0.000196,
      0.000201,
      0.0002,
      0.000196,
      0.000211,
      0.000199,
      0.000193,
      0.000195,
      0.000189,
      0.000204,
      0.000184
    ],
    "min": 0.000184,
    "average": 0.0002071,
    "geomean": 0.00020523055126385836,
    "max": 0.000339,
    "stddev": 3.2074756429316806e-05,
    "stddevPercent": 15.48756949749725
  },
  "probes-setup": {
    "values": [
      0.000167,
      0.000174,
      0.00017,
      0.000172,
      0.000167,
      0.000163,
      0.00017,
      0.000165,
      0.000167,
      0.000164,
      0.00017,
      0.000167,
      0.000164,
      0.00018,
      0.000169,
      0.000168,
      0.000185,
      0.000157,
      0.000174,
      0.000156
    ],
    "min": 0.000156,
    "average": 0.00016845,
    "geomean": 0.00016832288467875538,
    "max": 0.000185,
    "stddev": 6.576283144755861e-06,
    "stddevPercent": 3.9039971176941886
  },
  "probes-start": {
    "values": [
      8.5e-05,
      8.3e-05,
      8.1e-05,
      7.9e-05,
      7.7e-05,
      7.9e-05,
      8e-05,
      7.9e-05,
      7.8e-05,
      7.1e-05,
      7.8e-05,
      8e-05,
      7.2e-05,
      7.8e-05,
      7.8e-05,
      8e-05,
      7.9e-05,
      7.8e-05,
      7.9e-05,
      8e-05
    ],
    "min": 7.1e-05,
    "average": 7.87e-05,
    "geomean": 7.864146607783806e-05,
    "max": 8.5e-05,
    "stddev": 3.001666203960728e-06,
    "stddevPercent": 3.8140612502677613
  },
  "run": {
    "values": [
      327.146666,
      105.542112,
      109.234682,
      111.418058,
      108.99618,
      109.443613,
      111.592881,
      107.882085,
      107.105755,
      109.862881,
      110.22789,
      108.188314,
      113.37034,
      111.553044,
      105.593783,
      109.874358,
      109.713727,
      109.364321,
      110.111711,
      109.470953
    ],
    "min": 105.542112,
    "average": 120.2846677,
    "geomean": 115.53926732578337,
    "max": 327.146666,
    "stddev": 47.49405534316407,
    "stddevPercent": 39.48471259996179
  },
  "runner-cooldown": {
    "values": [
      2.002431,
      2.00207,
      2.002097,
      2.002075,
      2.002487,
      2.002058,
      2.00207,
      2.002071,
      2.00258,
      2.002056,
      2.000904,
      2.002072,
      2.002069,
      2.002398,
      2.002043,
      2.002067,
      2.002065,
      2.001757,
      2.002199,
      2.002066
    ],
    "min": 2.000904,
    "average": 2.0020817499999994,
    "geomean": 2.002081723207328,
    "max": 2.00258,
    "stddev": 0.00032750402669283636,
    "stddevPercent": 0.01635817451973859
  }
}