{
  "browser-setup": 3.987832,
  "browser-tear_down": 0.285122,
  "probes-creation": 0.000127,
  "probes-setup": 9.9e-05,
  "probes-start": 5.4e-05,
  "run": 126.137647,
  "runner-cooldown": 2.002049
}