{
  "Angular2-TypeScript-TodoMVC/Adding100Items/Async": 38.28746054614451,
  "Angular2-TypeScript-TodoMVC/Adding100Items/Sync": 54.74889999199877,
  "Angular2-TypeScript-TodoMVC/Adding100Items/total": 93.11273908558115,
  "Angular2-TypeScript-TodoMVC/CompletingAllItems/Async": 16.17816528060151,
  "Angular2-TypeScript-TodoMVC/CompletingAllItems/Sync": 9.90937786788875,
  "Angular2-TypeScript-TodoMVC/CompletingAllItems/total": 26.23724214615397,
  "Angular2-TypeScript-TodoMVC/DeletingItems/Async": 3.5964299987912507,
  "Angular2-TypeScript-TodoMVC/DeletingItems/Sync": 21.391567239033535,
  "Angular2-TypeScript-TodoMVC/DeletingItems/total": 25.33922302112308,
  "Angular2-TypeScript-TodoMVC/total": 149.23894896250363,
  "AngularJS-TodoMVC/Adding100Items/Async": 51.67987979207219,
  "AngularJS-TodoMVC/Adding100Items/Sync": 233.560868631076,
  "AngularJS-TodoMVC/Adding100Items/total": 285.64997575587694,
  "AngularJS-TodoMVC/CompletingAllItems/Async": 32.83796631875718,
  "AngularJS-TodoMVC/CompletingAllItems/Sync": 68.95313663424184,
  "AngularJS-TodoMVC/CompletingAllItems/total": 102.11203985400782,
  "AngularJS-TodoMVC/DeletingAllItems/Async": 15.316520260394768,
  "AngularJS-TodoMVC/DeletingAllItems/Sync": 242.58878420973278,
  "AngularJS-TodoMVC/DeletingAllItems/total": 258.04826828572254,
  "AngularJS-TodoMVC/total": 647.4329412964743,
  "BackboneJS-TodoMVC/Adding100Items/Async": 43.71913127037297,
  "BackboneJS-TodoMVC/Adding100Items/Sync": 70.14637676633451,
  "BackboneJS-TodoMVC/Adding100Items/total": 113.87998686691682,
  "BackboneJS-TodoMVC/CompletingAllItems/Async": 33.764445089929225,
  "BackboneJS-TodoMVC/CompletingAllItems/Sync": 45.743113156070436,
  "BackboneJS-TodoMVC/CompletingAllItems/total": 79.54690572966376,
  "BackboneJS-TodoMVC/DeletingAllItems/Async": 5.020227469877796,
  "BackboneJS-TodoMVC/DeletingAllItems/Sync": 29.100750936166502,
  "BackboneJS-TodoMVC/DeletingAllItems/total": 34.1773060491297,
  "BackboneJS-TodoMVC/total": 227.6519035636069,
  "Elm-TodoMVC/Adding100Items/Async": 50.97100595835931,
  "Elm-TodoMVC/Adding100Items/Sync": 122.15307312876902,
  "Elm-TodoMVC/Adding100Items/total": 173.42945567452907,
  "Elm-TodoMVC/CompletingAllItems/Async": 33.50453278850638,
  "Elm-TodoMVC/CompletingAllItems/Sync": 113.30022870921809,
  "Elm-TodoMVC/CompletingAllItems/total": 146.92976386719857,
  "Elm-TodoMVC/DeletingItems/Async": 12.478030307035999,
  "Elm-TodoMVC/DeletingItems/Sync": 140.43110813146643,
  "Elm-TodoMVC/DeletingItems/total": 161.05636797872347,
  "Elm-TodoMVC/total": 485.1197759253312,
  "EmberJS-Debug-TodoMVC/Adding100Items/Async": 48.32801591080456,
  "EmberJS-Debug-TodoMVC/Adding100Items/Sync": 603.8114139153762,
  "EmberJS-Debug-TodoMVC/Adding100Items/total": 652.2679183454653,
  "EmberJS-Debug-TodoMVC/CompletingAllItems/Async": 31.422095173473885,
  "EmberJS-Debug-TodoMVC/CompletingAllItems/Sync": 339.70377293866034,
  "EmberJS-Debug-TodoMVC/CompletingAllItems/total": 371.42983509245835,
  "EmberJS-Debug-TodoMVC/DeletingItems/Async": 9.209281103612993,
  "EmberJS-Debug-TodoMVC/DeletingItems/Sync": 416.01681429114245,
  "EmberJS-Debug-TodoMVC/DeletingItems/total": 427.2412279946529,
  "EmberJS-Debug-TodoMVC/total": 1459.5440469692603,
  "EmberJS-TodoMVC/Adding100Items/Async": 43.16733693719978,
  "EmberJS-TodoMVC/Adding100Items/Sync": 206.1558931172187,
  "EmberJS-TodoMVC/Adding100Items/total": 249.62093843296614,
  "EmberJS-TodoMVC/CompletingAllItems/Async": 34.30180499348031,
  "EmberJS-TodoMVC/CompletingAllItems/Sync": 120.00714076525175,
  "EmberJS-TodoMVC/CompletingAllItems/total": 154.8556348112844,
  "EmberJS-TodoMVC/DeletingItems/Async": 3.8964882529615514,
  "EmberJS-TodoMVC/DeletingItems/Sync": 80.5723270909319,
  "EmberJS-TodoMVC/DeletingItems/total": 84.49856202701869,
  "EmberJS-TodoMVC/total": 489.68264419384144,
  "Flight-TodoMVC/Adding100Items/Async": 39.238262657080746,
  "Flight-TodoMVC/Adding100Items/Sync": 97.22733903410686,
  "Flight-TodoMVC/Adding100Items/total": 136.47409567316015,
  "Flight-TodoMVC/CompletingAllItems/Async": 28.917796954984304,
  "Flight-TodoMVC/CompletingAllItems/Sync": 104.75912559075533,
  "Flight-TodoMVC/CompletingAllItems/total": 133.68740588939733,
  "Flight-TodoMVC/DeletingItems/Async": 3.7573593875533136,
  "Flight-TodoMVC/DeletingItems/Sync": 87.44005851865803,
  "Flight-TodoMVC/DeletingItems/total": 91.19913312443133,
  "Flight-TodoMVC/total": 361.37453469375686,
  "Inferno-TodoMVC/Adding100Items/Async": 42.88495956042849,
  "Inferno-TodoMVC/Adding100Items/Sync": 51.831269745437766,
  "Inferno-TodoMVC/Adding100Items/total": 94.83538471482431,
  "Inferno-TodoMVC/CompletingAllItems/Async": 11.870409443990084,
  "Inferno-TodoMVC/CompletingAllItems/Sync": 128.05167471472942,
  "Inferno-TodoMVC/CompletingAllItems/total": 140.89086843263306,
  "Inferno-TodoMVC/DeletingItems/Async": 4.304705511619392,
  "Inferno-TodoMVC/DeletingItems/Sync": 256.3686466806702,
  "Inferno-TodoMVC/DeletingItems/total": 260.9195248970427,
  "Inferno-TodoMVC/total": 505.28588136999184,
  "Preact-TodoMVC/Adding100Items/Async": 43.99547111638407,
  "Preact-TodoMVC/Adding100Items/Sync": 6.184190251347156,
  "Preact-TodoMVC/Adding100Items/total": 50.19589108379816,
  "Preact-TodoMVC/CompletingAllItems/Async": 29.979366616659075,
  "Preact-TodoMVC/CompletingAllItems/Sync": 4.056037266538562,
  "Preact-TodoMVC/CompletingAllItems/total": 34.133246030406404,
  "Preact-TodoMVC/DeletingItems/Async": 7.658795490130123,
  "Preact-TodoMVC/DeletingItems/Sync": 2.158445378299526,
  "Preact-TodoMVC/DeletingItems/total": 9.850268124923577,
  "Preact-TodoMVC/total": 94.35685188833573,
  "React-Redux-TodoMVC/Adding100Items/Async": 43.74997431422554,
  "React-Redux-TodoMVC/Adding100Items/Sync": 182.73546126419367,
  "React-Redux-TodoMVC/Adding100Items/total": 226.59161769617933,
  "React-Redux-TodoMVC/CompletingAllItems/Async": 29.932476326807596,
  "React-Redux-TodoMVC/CompletingAllItems/Sync": 179.97661882594528,
  "React-Redux-TodoMVC/CompletingAllItems/total": 210.15433413514646,
  "React-Redux-TodoMVC/DeletingItems/Async": 5.9724613637326724,
  "React-Redux-TodoMVC/DeletingItems/Sync": 130.88430351973622,
  "React-Redux-TodoMVC/DeletingItems/total": 137.26399339030417,
  "React-Redux-TodoMVC/total": 583.162664375202,
  "React-TodoMVC/Adding100Items/Async": 44.121487559790545,
  "React-TodoMVC/Adding100Items/Sync": 142.79766668598802,
  "React-TodoMVC/Adding100Items/total": 187.19075152309435,
  "React-TodoMVC/CompletingAllItems/Async": 30.761091674617354,
  "React-TodoMVC/CompletingAllItems/Sync": 110.07430080787749,
  "React-TodoMVC/CompletingAllItems/total": 142.96829295655832,
  "React-TodoMVC/DeletingAllItems/Async": 4.304113183906799,
  "React-TodoMVC/DeletingAllItems/Sync": 57.17761117230374,
  "React-TodoMVC/DeletingAllItems/total": 61.82840995428933,
  "React-TodoMVC/total": 399.33935904122427,
  "Vanilla-ES2015-Babel-Webpack-TodoMVC/Adding100Items/Async": 39.25775367355783,
  "Vanilla-ES2015-Babel-Webpack-TodoMVC/Adding100Items/Sync": 340.38002969235794,
  "Vanilla-ES2015-Babel-Webpack-TodoMVC/Adding100Items/total": 379.9764861142545,
  "Vanilla-ES2015-Babel-Webpack-TodoMVC/CompletingAllItems/Async": 30.831250572543077,
  "Vanilla-ES2015-Babel-Webpack-TodoMVC/CompletingAllItems/Sync": 72.91111418090647,
  "Vanilla-ES2015-Babel-Webpack-TodoMVC/CompletingAllItems/total": 103.75619722612858,
  "Vanilla-ES2015-Babel-Webpack-TodoMVC/DeletingItems/Async": 4.59450683320618,
  "Vanilla-ES2015-Babel-Webpack-TodoMVC/DeletingItems/Sync": 46.412831964767264,
  "Vanilla-ES2015-Babel-Webpack-TodoMVC/DeletingItems/total": 51.25745839267218,
  "Vanilla-ES2015-Babel-Webpack-TodoMVC/total": 535.3357880205727,
  "Vanilla-ES2015-TodoMVC/Adding100Items/Async": 37.10929629616219,
  "Vanilla-ES2015-TodoMVC/Adding100Items/Sync": 336.16095096291673,
  "Vanilla-ES2015-TodoMVC/Adding100Items/total": 373.29265885952924,
  "Vanilla-ES2015-TodoMVC/CompletingAllItems/Async": 30.489700557523825,