{
  "browser-setup": 4.003144,
  "browser-tear_down": 0.230018,
  "probes-creation": 0.000122,
  "probes-setup": 9.9e-05,
  "probes-start": 5.4e-05,
  "run": 126.789304,
  "runner-cooldown": 2.002052
}