{
  "Angular2-TypeScript-TodoMVC/Adding100Items/Async": 38.64293487331842,
  "Angular2-TypeScript-TodoMVC/Adding100Items/Sync": 53.668782814713765,
  "Angular2-TypeScript-TodoMVC/Adding100Items/total": 92.50342478567397,
  "Angular2-TypeScript-TodoMVC/CompletingAllItems/Async": 14.197867476289938,
  "Angular2-TypeScript-TodoMVC/CompletingAllItems/Sync": 9.8777280028392,
  "Angular2-TypeScript-TodoMVC/CompletingAllItems/total": 24.076031295731184,
  "Angular2-TypeScript-TodoMVC/DeletingItems/Async": 3.576082150875565,
  "Angular2-TypeScript-TodoMVC/DeletingItems/Sync": 17.584784201374543,
  "Angular2-TypeScript-TodoMVC/DeletingItems/total": 21.16590558286321,
  "Angular2-TypeScript-TodoMVC/total": 137.78902218967016,
  "AngularJS-TodoMVC/Adding100Items/Async": 52.19486512582821,
  "AngularJS-TodoMVC/Adding100Items/Sync": 230.82643265966786,
  "AngularJS-TodoMVC/Adding100Items/total": 283.61900629012865,
  "AngularJS-TodoMVC/CompletingAllItems/Async": 32.10283796965768,
  "AngularJS-TodoMVC/CompletingAllItems/Sync": 69.65983051648954,
  "AngularJS-TodoMVC/CompletingAllItems/total": 101.93580315656155,
  "AngularJS-TodoMVC/DeletingAllItems/Async": 15.36280727407013,
  "AngularJS-TodoMVC/DeletingAllItems/Sync": 259.68041607624264,
  "AngularJS-TodoMVC/DeletingAllItems/total": 275.0714208616064,
  "AngularJS-TodoMVC/total": 663.4054830409646,
  "BackboneJS-TodoMVC/Adding100Items/Async": 43.39844061185167,
  "BackboneJS-TodoMVC/Adding100Items/Sync": 70.36523141791217,
  "BackboneJS-TodoMVC/Adding100Items/total": 113.78671787741807,
  "BackboneJS-TodoMVC/CompletingAllItems/Async": 33.73352257870345,
  "BackboneJS-TodoMVC/CompletingAllItems/Sync": 45.87974082648385,
  "BackboneJS-TodoMVC/CompletingAllItems/total": 79.67972237707835,
  "BackboneJS-TodoMVC/DeletingAllItems/Async": 5.175898350947838,
  "BackboneJS-TodoMVC/DeletingAllItems/Sync": 29.151376483471328,
  "BackboneJS-TodoMVC/DeletingAllItems/total": 34.38894515261616,
  "BackboneJS-TodoMVC/total": 227.92271266051216,
  "Elm-TodoMVC/Adding100Items/Async": 51.54460486221606,
  "Elm-TodoMVC/Adding100Items/Sync": 115.27059315943353,
  "Elm-TodoMVC/Adding100Items/total": 166.85892921130136,
  "Elm-TodoMVC/CompletingAllItems/Async": 35.166834881811106,
  "Elm-TodoMVC/CompletingAllItems/Sync": 128.89926118073168,
  "Elm-TodoMVC/CompletingAllItems/total": 164.7524158750214,
  "Elm-TodoMVC/DeletingItems/Async": 10.748040276761072,
  "Elm-TodoMVC/DeletingItems/Sync": 167.85671937892846,
  "Elm-TodoMVC/DeletingItems/total": 179.111710961134,
  "Elm-TodoMVC/total": 523.1066468943818,
  "EmberJS-Debug-TodoMVC/Adding100Items/Async": 47.334456421004155,
  "EmberJS-Debug-TodoMVC/Adding100Items/Sync": 575.8839264909602,
  "EmberJS-Debug-TodoMVC/Adding100Items/total": 623.3409877279721,
  "EmberJS-Debug-TodoMVC/CompletingAllItems/Async": 30.23732231088051,
  "EmberJS-Debug-TodoMVC/CompletingAllItems/Sync": 366.46319821641225,
  "EmberJS-Debug-TodoMVC/CompletingAllItems/total": 396.80662659035187,
  "EmberJS-Debug-TodoMVC/DeletingItems/Async": 9.223596198265788,
  "EmberJS-Debug-TodoMVC/DeletingItems/Sync": 414.2340480669634,
  "EmberJS-Debug-TodoMVC/DeletingItems/total": 424.1383352425469,
  "EmberJS-Debug-TodoMVC/total": 1459.8439025503915,
  "EmberJS-TodoMVC/Adding100Items/Async": 43.44127551261703,
  "EmberJS-TodoMVC/Adding100Items/Sync": 205.61057123890905,
  "EmberJS-TodoMVC/Adding100Items/total": 249.29499425195917,
  "EmberJS-TodoMVC/CompletingAllItems/Async": 31.887762912461167,
  "EmberJS-TodoMVC/CompletingAllItems/Sync": 117.07981682455228,
  "EmberJS-TodoMVC/CompletingAllItems/total": 149.17125686527237,
  "EmberJS-TodoMVC/DeletingItems/Async": 4.516150489771863,
  "EmberJS-TodoMVC/DeletingItems/Sync": 80.54910178001596,
  "EmberJS-TodoMVC/DeletingItems/total": 85.28408259791603,
  "EmberJS-TodoMVC/total": 484.1380873308422,
  "Flight-TodoMVC/Adding100Items/Async": 38.92889378782489,
  "Flight-TodoMVC/Adding100Items/Sync": 96.82766801633862,
  "Flight-TodoMVC/Adding100Items/total": 135.77098189777993,
  "Flight-TodoMVC/CompletingAllItems/Async": 28.648083303222798,
  "Flight-TodoMVC/CompletingAllItems/Sync": 105.27393631481786,
  "Flight-TodoMVC/CompletingAllItems/total": 133.93332229328976,
  "Flight-TodoMVC/DeletingItems/Async": 3.758362243462807,
  "Flight-TodoMVC/DeletingItems/Sync": 88.26660490926128,
  "Flight-TodoMVC/DeletingItems/total": 92.02579694141441,
  "Flight-TodoMVC/total": 361.7632440397335,
  "Inferno-TodoMVC/Adding100Items/Async": 43.9735441483869,
  "Inferno-TodoMVC/Adding100Items/Sync": 48.72952474460888,
  "Inferno-TodoMVC/Adding100Items/total": 92.79887290959851,
  "Inferno-TodoMVC/CompletingAllItems/Async": 9.849129289955687,
  "Inferno-TodoMVC/CompletingAllItems/Sync": 116.56173553695884,
  "Inferno-TodoMVC/CompletingAllItems/total": 126.9203819891792,
  "Inferno-TodoMVC/DeletingItems/Async": 3.8773137533308133,
  "Inferno-TodoMVC/DeletingItems/Sync": 238.18145159098773,
  "Inferno-TodoMVC/DeletingItems/total": 242.27469977986203,
  "Inferno-TodoMVC/total": 465.17576317436317,
  "Preact-TodoMVC/Adding100Items/Async": 43.03739816184861,
  "Preact-TodoMVC/Adding100Items/Sync": 6.193605743711152,
  "Preact-TodoMVC/Adding100Items/total": 49.232981106701075,
  "Preact-TodoMVC/CompletingAllItems/Async": 30.92729762586,
  "Preact-TodoMVC/CompletingAllItems/Sync": 3.90069586655317,
  "Preact-TodoMVC/CompletingAllItems/total": 34.83411711832405,
  "Preact-TodoMVC/DeletingItems/Async": 7.287081316815635,
  "Preact-TodoMVC/DeletingItems/Sync": 2.0197840609489397,
  "Preact-TodoMVC/DeletingItems/total": 9.34342165684303,
  "Preact-TodoMVC/total": 93.43971803414335,
  "React-Redux-TodoMVC/Adding100Items/Async": 44.900727198193294,
  "React-Redux-TodoMVC/Adding100Items/Sync": 205.05870557404955,
  "React-Redux-TodoMVC/Adding100Items/total": 251.69390245602472,
  "React-Redux-TodoMVC/CompletingAllItems/Async": 30.176931120139095,
  "React-Redux-TodoMVC/CompletingAllItems/Sync": 184.6269987194512,
  "React-Redux-TodoMVC/CompletingAllItems/total": 215.32254560962252,
  "React-Redux-TodoMVC/DeletingItems/Async": 5.535333731815093,
  "React-Redux-TodoMVC/DeletingItems/Sync": 109.76316986745154,
  "React-Redux-TodoMVC/DeletingItems/total": 115.92721682200761,
  "React-Redux-TodoMVC/total": 592.7720019289873,
  "React-TodoMVC/Adding100Items/Async": 44.37572148786039,
  "React-TodoMVC/Adding100Items/Sync": 149.5090512613741,
  "React-TodoMVC/Adding100Items/total": 194.57100862306768,
  "React-TodoMVC/CompletingAllItems/Async": 31.33577057063064,
  "React-TodoMVC/CompletingAllItems/Sync": 87.30495119232873,
  "React-TodoMVC/CompletingAllItems/total": 118.80776233630151,
  "React-TodoMVC/DeletingAllItems/Async": 4.737689038381611,
  "React-TodoMVC/DeletingAllItems/Sync": 64.70159224960591,
  "React-TodoMVC/DeletingAllItems/total": 69.80894759793672,
  "React-TodoMVC/total": 393.11906933554667,
  "Vanilla-ES2015-Babel-Webpack-TodoMVC/Adding100Items/Async": 38.54806733501377,
  "Vanilla-ES2015-Babel-Webpack-TodoMVC/Adding100Items/Sync": 343.48464884289007,
  "Vanilla-ES2015-Babel-Webpack-TodoMVC/Adding100Items/total": 382.24282593778247,
  "Vanilla-ES2015-Babel-Webpack-TodoMVC/CompletingAllItems/Async": 29.418752128135257,
  "Vanilla-ES2015-Babel-Webpack-TodoMVC/CompletingAllItems/Sync": 73.96690448062436,
  "Vanilla-ES2015-Babel-Webpack-TodoMVC/CompletingAllItems/total": 103.42903780243775,
  "Vanilla-ES2015-Babel-Webpack-TodoMVC/DeletingItems/Async": 4.561308290752408,
  "Vanilla-ES2015-Babel-Webpack-TodoMVC/DeletingItems/Sync": 46.9458889846144,
  "Vanilla-ES2015-Babel-Webpack-TodoMVC/DeletingItems/total": 51.76178277407238,
  "Vanilla-ES2015-Babel-Webpack-TodoMVC/total": 537.8195605101382,
  "Vanilla-ES2015-TodoMVC/Adding100Items/Async": 36.23900284142439,
  "Vanilla-ES2015-TodoMVC/Adding100Items/Sync": 338.5554366987393,
  "Vanilla-ES2015-TodoMVC/Adding100Items/total": 374.7962422519129,
  "Vanilla-ES2015-TodoMVC/CompletingAllItems/Async": 30.33564488288354,