{
  "browser-setup": 3.960322,
  "browser-tear_down": 0.225059,
  "probes-creation": 0.000118,
  "probes-setup": 9.7e-05,
  "probes-start": 5.3e-05,
  "run": 129.404508,
  "runner-cooldown": 2.00205
}