{
  "Angular2-TypeScript-TodoMVC/Adding100Items/Async": 37.916335164646334,
  "Angular2-TypeScript-TodoMVC/Adding100Items/Sync": 54.603327439919944,
  "Angular2-TypeScript-TodoMVC/Adding100Items/total": 92.59522423438014,
  "Angular2-TypeScript-TodoMVC/CompletingAllItems/Async": 14.248129573292955,
  "Angular2-TypeScript-TodoMVC/CompletingAllItems/Sync": 10.005303614614,
  "Angular2-TypeScript-TodoMVC/CompletingAllItems/total": 24.254952950765286,
  "Angular2-TypeScript-TodoMVC/DeletingItems/Async": 3.659744226444417,
  "Angular2-TypeScript-TodoMVC/DeletingItems/Sync": 18.256692229979127,
  "Angular2-TypeScript-TodoMVC/DeletingItems/total": 21.952781643626796,
  "Angular2-TypeScript-TodoMVC/total": 138.88139348827366,
  "AngularJS-TodoMVC/Adding100Items/Async": 52.37806253385567,
  "AngularJS-TodoMVC/Adding100Items/Sync": 255.5234329693704,
  "AngularJS-TodoMVC/Adding100Items/total": 308.9624749363118,
  "AngularJS-TodoMVC/CompletingAllItems/Async": 35.524284691339766,
  "AngularJS-TodoMVC/CompletingAllItems/Sync": 70.52017237113833,
  "AngularJS-TodoMVC/CompletingAllItems/total": 106.44519137638193,
  "AngularJS-TodoMVC/DeletingAllItems/Async": 18.2436355049487,
  "AngularJS-TodoMVC/DeletingAllItems/Sync": 251.0482438392094,
  "AngularJS-TodoMVC/DeletingAllItems/total": 269.9589322391186,
  "AngularJS-TodoMVC/total": 688.4508230016229,
  "BackboneJS-TodoMVC/Adding100Items/Async": 43.37826321594413,
  "BackboneJS-TodoMVC/Adding100Items/Sync": 70.01978474695274,
  "BackboneJS-TodoMVC/Adding100Items/total": 113.40943564403894,
  "BackboneJS-TodoMVC/CompletingAllItems/Async": 33.09895230418771,
  "BackboneJS-TodoMVC/CompletingAllItems/Sync": 45.94418311797742,
  "BackboneJS-TodoMVC/CompletingAllItems/total": 79.04503525105514,
  "BackboneJS-TodoMVC/DeletingAllItems/Async": 4.652149150317069,
  "BackboneJS-TodoMVC/DeletingAllItems/Sync": 29.28240354302385,
  "BackboneJS-TodoMVC/DeletingAllItems/total": 33.94099144609218,
  "BackboneJS-TodoMVC/total": 226.42067865920615,
  "Elm-TodoMVC/Adding100Items/Async": 53.44046093719274,
  "Elm-TodoMVC/Adding100Items/Sync": 157.04672376528526,
  "Elm-TodoMVC/Adding100Items/total": 213.76596979779546,
  "Elm-TodoMVC/CompletingAllItems/Async": 34.89651290022858,
  "Elm-TodoMVC/CompletingAllItems/Sync": 112.37508633016003,
  "Elm-TodoMVC/CompletingAllItems/total": 147.32889824924496,
  "Elm-TodoMVC/DeletingItems/Async": 11.369082327385783,
  "Elm-TodoMVC/DeletingItems/Sync": 164.034080639082,
  "Elm-TodoMVC/DeletingItems/total": 175.93987315453222,
  "Elm-TodoMVC/total": 553.9189599103069,
  "EmberJS-Debug-TodoMVC/Adding100Items/Async": 46.518408321739464,
  "EmberJS-Debug-TodoMVC/Adding100Items/Sync": 558.9976042644583,
  "EmberJS-Debug-TodoMVC/Adding100Items/total": 605.5285576880365,
  "EmberJS-Debug-TodoMVC/CompletingAllItems/Async": 30.327949658526283,
  "EmberJS-Debug-TodoMVC/CompletingAllItems/Sync": 380.8138331336425,
  "EmberJS-Debug-TodoMVC/CompletingAllItems/total": 411.3006009654417,
  "EmberJS-Debug-TodoMVC/DeletingItems/Async": 8.867381245491046,
  "EmberJS-Debug-TodoMVC/DeletingItems/Sync": 380.6452019183871,
  "EmberJS-Debug-TodoMVC/DeletingItems/total": 391.855842763599,
  "EmberJS-Debug-TodoMVC/total": 1416.0135684297702,
  "EmberJS-TodoMVC/Adding100Items/Async": 44.68583184712604,
  "EmberJS-TodoMVC/Adding100Items/Sync": 206.00416896165558,
  "EmberJS-TodoMVC/Adding100Items/total": 250.9147240532871,
  "EmberJS-TodoMVC/CompletingAllItems/Async": 34.06125127697194,
  "EmberJS-TodoMVC/CompletingAllItems/Sync": 119.77166666070389,
  "EmberJS-TodoMVC/CompletingAllItems/total": 154.14554839760473,
  "EmberJS-TodoMVC/DeletingItems/Async": 4.106351470132277,
  "EmberJS-TodoMVC/DeletingItems/Sync": 81.83973413012063,
  "EmberJS-TodoMVC/DeletingItems/total": 86.06023936003125,
  "EmberJS-TodoMVC/total": 491.8359132350147,
  "Flight-TodoMVC/Adding100Items/Async": 38.889320943281966,
  "Flight-TodoMVC/Adding100Items/Sync": 97.43164107483804,
  "Flight-TodoMVC/Adding100Items/total": 136.33262195131573,
  "Flight-TodoMVC/CompletingAllItems/Async": 28.6780030174185,
  "Flight-TodoMVC/CompletingAllItems/Sync": 106.25172915377094,
  "Flight-TodoMVC/CompletingAllItems/total": 134.9481046623452,
  "Flight-TodoMVC/DeletingItems/Async": 3.778199715793884,
  "Flight-TodoMVC/DeletingItems/Sync": 88.62598433650528,
  "Flight-TodoMVC/DeletingItems/total": 92.40609586261846,
  "Flight-TodoMVC/total": 363.7261081177345,
  "Inferno-TodoMVC/Adding100Items/Async": 43.98660175941776,
  "Inferno-TodoMVC/Adding100Items/Sync": 47.668023207754516,
  "Inferno-TodoMVC/Adding100Items/total": 91.7219026772052,
  "Inferno-TodoMVC/CompletingAllItems/Async": 11.944707331706047,
  "Inferno-TodoMVC/CompletingAllItems/Sync": 109.61284363794682,
  "Inferno-TodoMVC/CompletingAllItems/total": 122.04046333258798,
  "Inferno-TodoMVC/DeletingItems/Async": 3.5172493877851343,
  "Inferno-TodoMVC/DeletingItems/Sync": 239.21625322719348,
  "Inferno-TodoMVC/DeletingItems/total": 242.73664774946175,
  "Inferno-TodoMVC/total": 456.8844697851463,
  "Preact-TodoMVC/Adding100Items/Async": 42.93616633799449,
  "Preact-TodoMVC/Adding100Items/Sync": 6.154923977676305,
  "Preact-TodoMVC/Adding100Items/total": 49.09208446680242,
  "Preact-TodoMVC/CompletingAllItems/Async": 30.93689043418592,
  "Preact-TodoMVC/CompletingAllItems/Sync": 3.740595172396804,
  "Preact-TodoMVC/CompletingAllItems/total": 34.68342179596259,
  "Preact-TodoMVC/DeletingItems/Async": 7.708370914058617,
  "Preact-TodoMVC/DeletingItems/Sync": 1.9876937162497277,
  "Preact-TodoMVC/DeletingItems/total": 9.703743226922091,
  "Preact-TodoMVC/total": 93.4825831104175,
  "React-Redux-TodoMVC/Adding100Items/Async": 45.320954074166465,
  "React-Redux-TodoMVC/Adding100Items/Sync": 184.2797803774448,
  "React-Redux-TodoMVC/Adding100Items/total": 229.84176047133056,
  "React-Redux-TodoMVC/CompletingAllItems/Async": 29.027565922100294,
  "React-Redux-TodoMVC/CompletingAllItems/Sync": 163.73447586710577,
  "React-Redux-TodoMVC/CompletingAllItems/total": 192.8011302436726,
  "React-Redux-TodoMVC/DeletingItems/Async": 5.320697547100929,
  "React-Redux-TodoMVC/DeletingItems/Sync": 133.08097884372287,
  "React-Redux-TodoMVC/DeletingItems/total": 138.7548013119026,
  "React-Redux-TodoMVC/total": 571.6760223404809,
  "React-TodoMVC/Adding100Items/Async": 45.96404153006507,
  "React-TodoMVC/Adding100Items/Sync": 150.9488110681574,
  "React-TodoMVC/Adding100Items/total": 197.1094364578439,
  "React-TodoMVC/CompletingAllItems/Async": 30.356971201091476,
  "React-TodoMVC/CompletingAllItems/Sync": 95.49684621376801,
  "React-TodoMVC/CompletingAllItems/total": 127.23032041096455,
  "React-TodoMVC/DeletingAllItems/Async": 4.484896775355489,
  "React-TodoMVC/DeletingAllItems/Sync": 57.39482317861293,
  "React-TodoMVC/DeletingAllItems/total": 62.12441199362443,
  "React-TodoMVC/total": 394.09524032003213,
  "Vanilla-ES2015-Babel-Webpack-TodoMVC/Adding100Items/Async": 37.32852152400943,
  "Vanilla-ES2015-Babel-Webpack-TodoMVC/Adding100Items/Sync": 339.1963319797441,
  "Vanilla-ES2015-Babel-Webpack-TodoMVC/Adding100Items/total": 376.5630245441194,
  "Vanilla-ES2015-Babel-Webpack-TodoMVC/CompletingAllItems/Async": 28.764417556424586,
  "Vanilla-ES2015-Babel-Webpack-TodoMVC/CompletingAllItems/Sync": 72.65596149025947,
  "Vanilla-ES2015-Babel-Webpack-TodoMVC/CompletingAllItems/total": 101.43664574430684,
  "Vanilla-ES2015-Babel-Webpack-TodoMVC/DeletingItems/Async": 4.242724210992753,
  "Vanilla-ES2015-Babel-Webpack-TodoMVC/DeletingItems/Sync": 45.84337191689937,
  "Vanilla-ES2015-Babel-Webpack-TodoMVC/DeletingItems/total": 50.22500865370046,
  "Vanilla-ES2015-Babel-Webpack-TodoMVC/total": 528.4268608621392,
  "Vanilla-ES2015-TodoMVC/Adding100Items/Async": 36.20790625204658,
  "Vanilla-ES2015-TodoMVC/Adding100Items/Sync": 336.73836531162624,
  "Vanilla-ES2015-TodoMVC/Adding100Items/total": 372.94867667518383,
  "Vanilla-ES2015-TodoMVC/CompletingAllItems/Async": 29.68614659407425,