{
  "browser-setup": 3.307789,
  "browser-tear_down": 0.297724,
  "probes-creation": 0.0002,
  "probes-setup": 0.000172,
  "probes-start": 7.3e-05,
  "run": 113.589662,
  "runner-cooldown": 2.00207
}