{
  "Angular2-TypeScript-TodoMVC/Adding100Items/Async": 31.887925875494318,
  "Angular2-TypeScript-TodoMVC/Adding100Items/Sync": 42.086411003944676,
  "Angular2-TypeScript-TodoMVC/Adding100Items/total": 74.02471402893198,
  "Angular2-TypeScript-TodoMVC/CompletingAllItems/Async": 12.906418653073995,
  "Angular2-TypeScript-TodoMVC/CompletingAllItems/Sync": 8.36293081503128,
  "Angular2-TypeScript-TodoMVC/CompletingAllItems/total": 21.271240265446934,
  "Angular2-TypeScript-TodoMVC/DeletingItems/Async": 3.6184350251265864,
  "Angular2-TypeScript-TodoMVC/DeletingItems/Sync": 16.40458992281236,
  "Angular2-TypeScript-TodoMVC/DeletingItems/total": 21.55973720327621,
  "Angular2-TypeScript-TodoMVC/total": 118.33641092228507,
  "AngularJS-TodoMVC/Adding100Items/Async": 41.500235937050064,
  "AngularJS-TodoMVC/Adding100Items/Sync": 161.8891581132848,
  "AngularJS-TodoMVC/Adding100Items/total": 203.46744847031152,
  "AngularJS-TodoMVC/CompletingAllItems/Async": 24.193310452464587,
  "AngularJS-TodoMVC/CompletingAllItems/Sync": 56.9413107715894,
  "AngularJS-TodoMVC/CompletingAllItems/total": 81.29045085173689,
  "AngularJS-TodoMVC/DeletingAllItems/Async": 15.709453175047358,
  "AngularJS-TodoMVC/DeletingAllItems/Sync": 160.5637465320522,
  "AngularJS-TodoMVC/DeletingAllItems/total": 176.36117890324545,
  "AngularJS-TodoMVC/total": 461.3226744328698,
  "BackboneJS-TodoMVC/Adding100Items/Async": 40.348592752321665,
  "BackboneJS-TodoMVC/Adding100Items/Sync": 54.94081032017983,
  "BackboneJS-TodoMVC/Adding100Items/total": 95.42680252688037,
  "BackboneJS-TodoMVC/CompletingAllItems/Async": 30.755878784863878,
  "BackboneJS-TodoMVC/CompletingAllItems/Sync": 37.089971673097864,
  "BackboneJS-TodoMVC/CompletingAllItems/total": 67.95155423385712,
  "BackboneJS-TodoMVC/DeletingAllItems/Async": 4.827835999209174,
  "BackboneJS-TodoMVC/DeletingAllItems/Sync": 25.89347437534555,
  "BackboneJS-TodoMVC/DeletingAllItems/total": 31.19971768327471,
  "BackboneJS-TodoMVC/total": 194.66601767519163,
  "Elm-TodoMVC/Adding100Items/Async": 47.41217660312195,
  "Elm-TodoMVC/Adding100Items/Sync": 86.34043039520112,
  "Elm-TodoMVC/Adding100Items/total": 133.8262889482776,
  "Elm-TodoMVC/CompletingAllItems/Async": 30.651400147232742,
  "Elm-TodoMVC/CompletingAllItems/Sync": 83.37848594079244,
  "Elm-TodoMVC/CompletingAllItems/total": 114.07305012875571,
  "Elm-TodoMVC/DeletingItems/Async": 8.943624251410878,
  "Elm-TodoMVC/DeletingItems/Sync": 100.70762426872678,
  "Elm-TodoMVC/DeletingItems/total": 109.7654718775944,
  "Elm-TodoMVC/total": 358.0049225152622,
  "EmberJS-Debug-TodoMVC/Adding100Items/Async": 45.0914970700376,
  "EmberJS-Debug-TodoMVC/Adding100Items/Sync": 736.9700173171397,
  "EmberJS-Debug-TodoMVC/Adding100Items/total": 782.7698715333316,
  "EmberJS-Debug-TodoMVC/CompletingAllItems/Async": 36.03755930505518,
  "EmberJS-Debug-TodoMVC/CompletingAllItems/Sync": 302.1738207131225,
  "EmberJS-Debug-TodoMVC/CompletingAllItems/total": 339.40865659552645,
  "EmberJS-Debug-TodoMVC/DeletingItems/Async": 10.877744239446807,
  "EmberJS-Debug-TodoMVC/DeletingItems/Sync": 286.52316844801624,
  "EmberJS-Debug-TodoMVC/DeletingItems/total": 300.33979569310253,
  "EmberJS-Debug-TodoMVC/total": 1429.2412832708103,
  "EmberJS-TodoMVC/Adding100Items/Async": 34.94573912628758,
  "EmberJS-TodoMVC/Adding100Items/Sync": 150.9005919754708,
  "EmberJS-TodoMVC/Adding100Items/total": 185.88923524670957,
  "EmberJS-TodoMVC/CompletingAllItems/Async": 29.115705121070754,
  "EmberJS-TodoMVC/CompletingAllItems/Sync": 108.61445818341629,
  "EmberJS-TodoMVC/CompletingAllItems/total": 137.99581329636072,
  "EmberJS-TodoMVC/DeletingItems/Async": 3.7589644898625063,
  "EmberJS-TodoMVC/DeletingItems/Sync": 74.40316084670275,
  "EmberJS-TodoMVC/DeletingItems/total": 78.19103333666149,
  "EmberJS-TodoMVC/total": 402.9903424414291,
  "Flight-TodoMVC/Adding100Items/Async": 33.15746644534152,
  "Flight-TodoMVC/Adding100Items/Sync": 78.05978097094184,
  "Flight-TodoMVC/Adding100Items/total": 111.23042777452203,
  "Flight-TodoMVC/CompletingAllItems/Async": 24.676702416642353,
  "Flight-TodoMVC/CompletingAllItems/Sync": 84.5747866117903,
  "Flight-TodoMVC/CompletingAllItems/total": 109.25335581931769,
  "Flight-TodoMVC/DeletingItems/Async": 4.424258323034812,
  "Flight-TodoMVC/DeletingItems/Sync": 69.30705489312341,
  "Flight-TodoMVC/DeletingItems/total": 76.11703777289783,
  "Flight-TodoMVC/total": 297.2169274552466,
  "Inferno-TodoMVC/Adding100Items/Async": 38.0792313184931,
  "Inferno-TodoMVC/Adding100Items/Sync": 43.320963456770116,
  "Inferno-TodoMVC/Adding100Items/total": 81.53612884004464,
  "Inferno-TodoMVC/CompletingAllItems/Async": 6.157554355528416,
  "Inferno-TodoMVC/CompletingAllItems/Sync": 84.13938487281497,
  "Inferno-TodoMVC/CompletingAllItems/total": 90.2983887332632,
  "Inferno-TodoMVC/DeletingItems/Async": 3.344448391075874,
  "Inferno-TodoMVC/DeletingItems/Sync": 199.48139379200498,
  "Inferno-TodoMVC/DeletingItems/total": 202.8669612927242,
  "Inferno-TodoMVC/total": 374.74182906165646,
  "Preact-TodoMVC/Adding100Items/Async": 37.14877249871234,
  "Preact-TodoMVC/Adding100Items/Sync": 4.753186453737026,
  "Preact-TodoMVC/Adding100Items/total": 41.90484977725486,
  "Preact-TodoMVC/CompletingAllItems/Async": 16.032854030090387,
  "Preact-TodoMVC/CompletingAllItems/Sync": 2.9002450072748833,
  "Preact-TodoMVC/CompletingAllItems/total": 18.937288800615352,
  "Preact-TodoMVC/DeletingItems/Async": 4.279151342860635,
  "Preact-TodoMVC/DeletingItems/Sync": 1.5632889615983891,
  "Preact-TodoMVC/DeletingItems/total": 5.849218281785597,
  "Preact-TodoMVC/total": 66.69958272069134,
  "React-Redux-TodoMVC/Adding100Items/Async": 33.42532218155755,
  "React-Redux-TodoMVC/Adding100Items/Sync": 136.4166743286609,
  "React-Redux-TodoMVC/Adding100Items/total": 169.9862289741075,
  "React-Redux-TodoMVC/CompletingAllItems/Async": 27.202587603824725,
  "React-Redux-TodoMVC/CompletingAllItems/Sync": 149.42127226751015,
  "React-Redux-TodoMVC/CompletingAllItems/total": 177.07161518654175,
  "React-Redux-TodoMVC/DeletingItems/Async": 3.5868665362819807,
  "React-Redux-TodoMVC/DeletingItems/Sync": 108.66325455461909,
  "React-Redux-TodoMVC/DeletingItems/total": 112.40161444926903,
  "React-Redux-TodoMVC/total": 462.10267728546864,
  "React-TodoMVC/Adding100Items/Async": 34.59781419580728,
  "React-TodoMVC/Adding100Items/Sync": 108.5041044981753,
  "React-TodoMVC/Adding100Items/total": 143.26459551863778,
  "React-TodoMVC/CompletingAllItems/Async": 27.334877815478478,
  "React-TodoMVC/CompletingAllItems/Sync": 63.029285459712405,
  "React-TodoMVC/CompletingAllItems/total": 90.37711231760922,
  "React-TodoMVC/DeletingAllItems/Async": 3.1501696028492296,
  "React-TodoMVC/DeletingAllItems/Sync": 48.228123647121954,
  "React-TodoMVC/DeletingAllItems/total": 51.46590659758285,
  "React-TodoMVC/total": 285.50641867846076,
  "Vanilla-ES2015-Babel-Webpack-TodoMVC/Adding100Items/Async": 35.331066623708416,
  "Vanilla-ES2015-Babel-Webpack-TodoMVC/Adding100Items/Sync": 292.9376233520006,
  "Vanilla-ES2015-Babel-Webpack-TodoMVC/Adding100Items/total": 328.2967529112125,
  "Vanilla-ES2015-Babel-Webpack-TodoMVC/CompletingAllItems/Async": 26.5599451303805,
  "Vanilla-ES2015-Babel-Webpack-TodoMVC/CompletingAllItems/Sync": 64.69746203755231,
  "Vanilla-ES2015-Babel-Webpack-TodoMVC/CompletingAllItems/total": 91.27713324521778,
  "Vanilla-ES2015-Babel-Webpack-TodoMVC/DeletingItems/Async": 3.48742825653535,
  "Vanilla-ES2015-Babel-Webpack-TodoMVC/DeletingItems/Sync": 40.58342738559216,
  "Vanilla-ES2015-Babel-Webpack-TodoMVC/DeletingItems/total": 44.118851682386484,
  "Vanilla-ES2015-Babel-Webpack-TodoMVC/total": 463.7128858743008,
  "Vanilla-ES2015-TodoMVC/Adding100Items/Async": 34.574889403798274,
  "Vanilla-ES2015-TodoMVC/Adding100Items/Sync": 298.3356583567886,
  "Vanilla-ES2015-TodoMVC/Adding100Items/total": 332.9638535492378,
  "Vanilla-ES2015-TodoMVC/CompletingAllItems/Async": 25.309642012353564,