{
  "browser-setup": 3.312146,
  "browser-tear_down": 0.268849,
  "probes-creation": 0.000224,
  "probes-setup": 0.000164,
  "probes-start": 7.4e-05,
  "run": 111.143433,
  "runner-cooldown": 2.001077
}