{
  "Angular2-TypeScript-TodoMVC/Adding100Items/Async": 31.7472195345884,
  "Angular2-TypeScript-TodoMVC/Adding100Items/Sync": 42.66216936845852,
  "Angular2-TypeScript-TodoMVC/Adding100Items/total": 74.45198607832435,
  "Angular2-TypeScript-TodoMVC/CompletingAllItems/Async": 14.506395355883642,
  "Angular2-TypeScript-TodoMVC/CompletingAllItems/Sync": 8.452046347480238,
  "Angular2-TypeScript-TodoMVC/CompletingAllItems/total": 23.08236223379436,
  "Angular2-TypeScript-TodoMVC/DeletingItems/Async": 2.6524034871116524,
  "Angular2-TypeScript-TodoMVC/DeletingItems/Sync": 16.76921310912051,
  "Angular2-TypeScript-TodoMVC/DeletingItems/total": 19.429628553825406,
  "Angular2-TypeScript-TodoMVC/total": 117.28776507755425,
  "AngularJS-TodoMVC/Adding100Items/Async": 41.23638211246007,
  "AngularJS-TodoMVC/Adding100Items/Sync": 157.81289761326371,
  "AngularJS-TodoMVC/Adding100Items/total": 199.067684469678,
  "AngularJS-TodoMVC/CompletingAllItems/Async": 25.406551882500622,
  "AngularJS-TodoMVC/CompletingAllItems/Sync": 55.63168942985315,
  "AngularJS-TodoMVC/CompletingAllItems/total": 81.18881506628794,
  "AngularJS-TodoMVC/DeletingAllItems/Async": 13.965715349221151,
  "AngularJS-TodoMVC/DeletingAllItems/Sync": 162.03269152019644,
  "AngularJS-TodoMVC/DeletingAllItems/total": 176.01051814257025,
  "AngularJS-TodoMVC/total": 456.3982501377797,
  "BackboneJS-TodoMVC/Adding100Items/Async": 41.77609101694396,
  "BackboneJS-TodoMVC/Adding100Items/Sync": 55.233594810807055,
  "BackboneJS-TodoMVC/Adding100Items/total": 97.30679874572662,
  "BackboneJS-TodoMVC/CompletingAllItems/Async": 30.711038554130514,
  "BackboneJS-TodoMVC/CompletingAllItems/Sync": 37.633553273819366,
  "BackboneJS-TodoMVC/CompletingAllItems/total": 68.42998984697307,
  "BackboneJS-TodoMVC/DeletingAllItems/Async": 5.404644060031317,
  "BackboneJS-TodoMVC/DeletingAllItems/Sync": 25.90732702070221,
  "BackboneJS-TodoMVC/DeletingAllItems/total": 31.980659814695056,
  "BackboneJS-TodoMVC/total": 197.85583920797364,
  "Elm-TodoMVC/Adding100Items/Async": 48.854421892312736,
  "Elm-TodoMVC/Adding100Items/Sync": 88.20608684894796,
  "Elm-TodoMVC/Adding100Items/total": 137.13198644095712,
  "Elm-TodoMVC/CompletingAllItems/Async": 30.064785320137947,
  "Elm-TodoMVC/CompletingAllItems/Sync": 84.2952095957348,
  "Elm-TodoMVC/CompletingAllItems/total": 114.39267625562391,
  "Elm-TodoMVC/DeletingItems/Async": 8.327724775152367,
  "Elm-TodoMVC/DeletingItems/Sync": 104.54047711035055,
  "Elm-TodoMVC/DeletingItems/total": 112.90671615519598,
  "Elm-TodoMVC/total": 364.48002208410577,
  "EmberJS-Debug-TodoMVC/Adding100Items/Async": 47.47310113591053,
  "EmberJS-Debug-TodoMVC/Adding100Items/Sync": 734.9893065740952,
  "EmberJS-Debug-TodoMVC/Adding100Items/total": 783.1909855305767,
  "EmberJS-Debug-TodoMVC/CompletingAllItems/Async": 32.345147745092106,
  "EmberJS-Debug-TodoMVC/CompletingAllItems/Sync": 293.9291056574812,
  "EmberJS-Debug-TodoMVC/CompletingAllItems/total": 326.4002813602204,
  "EmberJS-Debug-TodoMVC/DeletingItems/Async": 9.39226181990419,
  "EmberJS-Debug-TodoMVC/DeletingItems/Sync": 283.5889743393276,
  "EmberJS-Debug-TodoMVC/DeletingItems/total": 293.6084181942209,
  "EmberJS-Debug-TodoMVC/total": 1410.6353709660984,
  "EmberJS-TodoMVC/Adding100Items/Async": 33.50697219163672,
  "EmberJS-TodoMVC/Adding100Items/Sync": 153.52615897663594,
  "EmberJS-TodoMVC/Adding100Items/total": 187.14288919880835,
  "EmberJS-TodoMVC/CompletingAllItems/Async": 28.777124656342487,
  "EmberJS-TodoMVC/CompletingAllItems/Sync": 106.95066443431395,
  "EmberJS-TodoMVC/CompletingAllItems/total": 135.8754466146912,
  "EmberJS-TodoMVC/DeletingItems/Async": 2.8044492434773316,
  "EmberJS-TodoMVC/DeletingItems/Sync": 74.06890109803163,
  "EmberJS-TodoMVC/DeletingItems/total": 76.88073224139322,
  "EmberJS-TodoMVC/total": 400.7312237859054,
  "Flight-TodoMVC/Adding100Items/Async": 33.177470755573324,
  "Flight-TodoMVC/Adding100Items/Sync": 78.05409391398561,
  "Flight-TodoMVC/Adding100Items/total": 111.24116397067945,
  "Flight-TodoMVC/CompletingAllItems/Async": 25.165555865482318,
  "Flight-TodoMVC/CompletingAllItems/Sync": 85.86026384929771,
  "Flight-TodoMVC/CompletingAllItems/total": 111.03010694940895,
  "Flight-TodoMVC/DeletingItems/Async": 2.828747631714088,
  "Flight-TodoMVC/DeletingItems/Sync": 70.99520370988411,
  "Flight-TodoMVC/DeletingItems/total": 73.83008359125478,
  "Flight-TodoMVC/total": 296.1392072776727,
  "Inferno-TodoMVC/Adding100Items/Async": 38.05261432093024,
  "Inferno-TodoMVC/Adding100Items/Sync": 43.600444069647125,
  "Inferno-TodoMVC/Adding100Items/total": 81.85249453193414,
  "Inferno-TodoMVC/CompletingAllItems/Async": 6.221224147829397,
  "Inferno-TodoMVC/CompletingAllItems/Sync": 85.31893065397132,
  "Inferno-TodoMVC/CompletingAllItems/total": 91.5453769584497,
  "Inferno-TodoMVC/DeletingItems/Async": 2.751860653565544,
  "Inferno-TodoMVC/DeletingItems/Sync": 205.01307547829524,
  "Inferno-TodoMVC/DeletingItems/total": 207.77028420629924,
  "Inferno-TodoMVC/total": 381.1972896258726,
  "Preact-TodoMVC/Adding100Items/Async": 37.807239575589065,
  "Preact-TodoMVC/Adding100Items/Sync": 5.163278804379485,
  "Preact-TodoMVC/Adding100Items/total": 42.973999972116935,
  "Preact-TodoMVC/CompletingAllItems/Async": 17.108636646976063,
  "Preact-TodoMVC/CompletingAllItems/Sync": 3.0447745120699046,
  "Preact-TodoMVC/CompletingAllItems/total": 20.180417510116506,
  "Preact-TodoMVC/DeletingItems/Async": 4.700826267569742,
  "Preact-TodoMVC/DeletingItems/Sync": 1.6862022382985953,
  "Preact-TodoMVC/DeletingItems/total": 6.40231946604731,
  "Preact-TodoMVC/total": 69.70464443921107,
  "React-Redux-TodoMVC/Adding100Items/Async": 33.46908526702315,
  "React-Redux-TodoMVC/Adding100Items/Sync": 138.1934674235551,
  "React-Redux-TodoMVC/Adding100Items/total": 171.79013130530697,
  "React-Redux-TodoMVC/CompletingAllItems/Async": 27.33617367510922,
  "React-Redux-TodoMVC/CompletingAllItems/Sync": 150.2270234634169,
  "React-Redux-TodoMVC/CompletingAllItems/total": 177.970823961194,
  "React-Redux-TodoMVC/DeletingItems/Async": 2.941106818080005,
  "React-Redux-TodoMVC/DeletingItems/Sync": 108.75225912970893,
  "React-Redux-TodoMVC/DeletingItems/total": 111.79152467422382,
  "React-Redux-TodoMVC/total": 464.35314287200003,
  "React-TodoMVC/Adding100Items/Async": 34.82782089058511,
  "React-TodoMVC/Adding100Items/Sync": 110.03724777373748,
  "React-TodoMVC/Adding100Items/total": 145.05853502673688,
  "React-TodoMVC/CompletingAllItems/Async": 28.083139284351617,
  "React-TodoMVC/CompletingAllItems/Sync": 63.49175937462755,
  "React-TodoMVC/CompletingAllItems/total": 91.59391071708782,
  "React-TodoMVC/DeletingAllItems/Async": 2.6937894955313655,
  "React-TodoMVC/DeletingAllItems/Sync": 48.3691738260438,
  "React-TodoMVC/DeletingAllItems/total": 51.0912877344582,
  "React-TodoMVC/total": 288.28269471863297,
  "Vanilla-ES2015-Babel-Webpack-TodoMVC/Adding100Items/Async": 35.30271141790789,
  "Vanilla-ES2015-Babel-Webpack-TodoMVC/Adding100Items/Sync": 296.13297239284606,
  "Vanilla-ES2015-Babel-Webpack-TodoMVC/Adding100Items/total": 331.4560774956126,
  "Vanilla-ES2015-Babel-Webpack-TodoMVC/CompletingAllItems/Async": 26.669353287209457,
  "Vanilla-ES2015-Babel-Webpack-TodoMVC/CompletingAllItems/Sync": 64.26995384682009,
  "Vanilla-ES2015-Babel-Webpack-TodoMVC/CompletingAllItems/total": 90.95622685789225,
  "Vanilla-ES2015-Babel-Webpack-TodoMVC/DeletingItems/Async": 2.772273292626068,
  "Vanilla-ES2015-Babel-Webpack-TodoMVC/DeletingItems/Sync": 40.4737494311543,
  "Vanilla-ES2015-Babel-Webpack-TodoMVC/DeletingItems/total": 43.252239200784786,
  "Vanilla-ES2015-Babel-Webpack-TodoMVC/total": 465.68155148902036,
  "Vanilla-ES2015-TodoMVC/Adding100Items/Async": 34.570920267390456,
  "Vanilla-ES2015-TodoMVC/Adding100Items/Sync": 302.7801969434193,
  "Vanilla-ES2015-TodoMVC/Adding100Items/total": 337.40856835461227,
  "Vanilla-ES2015-TodoMVC/CompletingAllItems/Async": 26.771417092311353,