{
  "browser-setup": 3.316165,
  "browser-tear_down": 0.226477,
  "probes-creation": 0.000214,
  "probes-setup": 0.000178,
  "probes-start": 7e-05,
  "run": 108.957855,
  "runner-cooldown": 2.002405
}