{
  "Angular2-TypeScript-TodoMVC/Adding100Items/Async": 30.93428844298342,
  "Angular2-TypeScript-TodoMVC/Adding100Items/Sync": 42.326222197682235,
  "Angular2-TypeScript-TodoMVC/Adding100Items/total": 73.3070601408707,
  "Angular2-TypeScript-TodoMVC/CompletingAllItems/Async": 12.769051535230195,
  "Angular2-TypeScript-TodoMVC/CompletingAllItems/Sync": 8.732232733250829,
  "Angular2-TypeScript-TodoMVC/CompletingAllItems/total": 21.50454311411882,
  "Angular2-TypeScript-TodoMVC/DeletingItems/Async": 2.688009667853264,
  "Angular2-TypeScript-TodoMVC/DeletingItems/Sync": 16.44160907127114,
  "Angular2-TypeScript-TodoMVC/DeletingItems/total": 19.131402814776695,
  "Angular2-TypeScript-TodoMVC/total": 113.9522847183602,
  "AngularJS-TodoMVC/Adding100Items/Async": 39.47807815941586,
  "AngularJS-TodoMVC/Adding100Items/Sync": 159.8535509146989,
  "AngularJS-TodoMVC/Adding100Items/total": 199.6094503875192,
  "AngularJS-TodoMVC/CompletingAllItems/Async": 23.40797385001048,
  "AngularJS-TodoMVC/CompletingAllItems/Sync": 56.3646306837022,
  "AngularJS-TodoMVC/CompletingAllItems/total": 79.95499841754402,
  "AngularJS-TodoMVC/DeletingAllItems/Async": 15.825737884076727,
  "AngularJS-TodoMVC/DeletingAllItems/Sync": 167.18898086324467,
  "AngularJS-TodoMVC/DeletingAllItems/total": 184.2326561534309,
  "AngularJS-TodoMVC/total": 464.139905750653,
  "BackboneJS-TodoMVC/Adding100Items/Async": 36.19179409274553,
  "BackboneJS-TodoMVC/Adding100Items/Sync": 57.86032207767718,
  "BackboneJS-TodoMVC/Adding100Items/total": 94.15384246743236,
  "BackboneJS-TodoMVC/CompletingAllItems/Async": 27.48487265635486,
  "BackboneJS-TodoMVC/CompletingAllItems/Sync": 38.91791268894615,
  "BackboneJS-TodoMVC/CompletingAllItems/total": 66.46588182151193,
  "BackboneJS-TodoMVC/DeletingAllItems/Async": 3.433250212278319,
  "BackboneJS-TodoMVC/DeletingAllItems/Sync": 27.16213594263498,
  "BackboneJS-TodoMVC/DeletingAllItems/total": 30.623151847788424,
  "BackboneJS-TodoMVC/total": 191.28835254692726,
  "Elm-TodoMVC/Adding100Items/Async": 46.07693953823013,
  "Elm-TodoMVC/Adding100Items/Sync": 97.41276331678743,
  "Elm-TodoMVC/Adding100Items/total": 144.7591106427857,
  "Elm-TodoMVC/CompletingAllItems/Async": 31.45165611722682,
  "Elm-TodoMVC/CompletingAllItems/Sync": 116.3329780165529,
  "Elm-TodoMVC/CompletingAllItems/total": 149.56038231388953,
  "Elm-TodoMVC/DeletingItems/Async": 11.33524012490749,
  "Elm-TodoMVC/DeletingItems/Sync": 107.00036891676655,
  "Elm-TodoMVC/DeletingItems/total": 119.52262759725335,
  "Elm-TodoMVC/total": 433.53118766848667,
  "EmberJS-Debug-TodoMVC/Adding100Items/Async": 38.45785210701875,
  "EmberJS-Debug-TodoMVC/Adding100Items/Sync": 413.4844268459713,
  "EmberJS-Debug-TodoMVC/Adding100Items/total": 451.97658879268965,
  "EmberJS-Debug-TodoMVC/CompletingAllItems/Async": 26.410033180061337,
  "EmberJS-Debug-TodoMVC/CompletingAllItems/Sync": 299.3100635804524,
  "EmberJS-Debug-TodoMVC/CompletingAllItems/total": 325.87551929329265,
  "EmberJS-Debug-TodoMVC/DeletingItems/Async": 8.511445580231891,
  "EmberJS-Debug-TodoMVC/DeletingItems/Sync": 326.92509442900655,
  "EmberJS-Debug-TodoMVC/DeletingItems/total": 337.36918581519274,
  "EmberJS-Debug-TodoMVC/total": 1124.7904072813967,
  "EmberJS-TodoMVC/Adding100Items/Async": 33.655846972142726,
  "EmberJS-TodoMVC/Adding100Items/Sync": 141.3970773302332,
  "EmberJS-TodoMVC/Adding100Items/total": 175.11361401173514,
  "EmberJS-TodoMVC/CompletingAllItems/Async": 25.29527005705002,
  "EmberJS-TodoMVC/CompletingAllItems/Sync": 94.10094127487085,
  "EmberJS-TodoMVC/CompletingAllItems/total": 119.40672577707814,
  "EmberJS-TodoMVC/DeletingItems/Async": 2.935664041216251,
  "EmberJS-TodoMVC/DeletingItems/Sync": 63.63103292252451,
  "EmberJS-TodoMVC/DeletingItems/total": 66.57011048029351,
  "EmberJS-TodoMVC/total": 361.2086952625382,
  "Flight-TodoMVC/Adding100Items/Async": 32.03598973275319,
  "Flight-TodoMVC/Adding100Items/Sync": 77.91978093864347,
  "Flight-TodoMVC/Adding100Items/total": 109.96377126006503,
  "Flight-TodoMVC/CompletingAllItems/Async": 24.43056300707299,
  "Flight-TodoMVC/CompletingAllItems/Sync": 85.12660122598919,
  "Flight-TodoMVC/CompletingAllItems/total": 109.56062293105344,
  "Flight-TodoMVC/DeletingItems/Async": 2.8087400777470632,
  "Flight-TodoMVC/DeletingItems/Sync": 69.83137457670833,
  "Flight-TodoMVC/DeletingItems/total": 72.64167950072742,
  "Flight-TodoMVC/total": 292.1881294918664,
  "Inferno-TodoMVC/Adding100Items/Async": 36.92150297481965,
  "Inferno-TodoMVC/Adding100Items/Sync": 44.86748937201276,
  "Inferno-TodoMVC/Adding100Items/total": 82.0905614841572,
  "Inferno-TodoMVC/CompletingAllItems/Async": 6.1947781977740615,
  "Inferno-TodoMVC/CompletingAllItems/Sync": 88.24819737860606,
  "Inferno-TodoMVC/CompletingAllItems/total": 94.47492991916661,
  "Inferno-TodoMVC/DeletingItems/Async": 3.3471558210348804,
  "Inferno-TodoMVC/DeletingItems/Sync": 221.29827366342678,
  "Inferno-TodoMVC/DeletingItems/total": 224.7390816977234,
  "Inferno-TodoMVC/total": 402.6543125117505,
  "Preact-TodoMVC/Adding100Items/Async": 37.38030698873538,
  "Preact-TodoMVC/Adding100Items/Sync": 4.926234339181111,
  "Preact-TodoMVC/Adding100Items/total": 42.33251866096838,
  "Preact-TodoMVC/CompletingAllItems/Async": 17.27979894809314,
  "Preact-TodoMVC/CompletingAllItems/Sync": 3.1737410174701197,
  "Preact-TodoMVC/CompletingAllItems/total": 20.47275859222882,
  "Preact-TodoMVC/DeletingItems/Async": 4.703478067774077,
  "Preact-TodoMVC/DeletingItems/Sync": 1.7769651321025186,
  "Preact-TodoMVC/DeletingItems/total": 6.5182243862605,
  "Preact-TodoMVC/total": 69.50444686042246,
  "React-Redux-TodoMVC/Adding100Items/Async": 34.1890278008496,
  "React-Redux-TodoMVC/Adding100Items/Sync": 142.52113364341565,
  "React-Redux-TodoMVC/Adding100Items/total": 177.04826506357887,
  "React-Redux-TodoMVC/CompletingAllItems/Async": 25.433418535166165,
  "React-Redux-TodoMVC/CompletingAllItems/Sync": 138.0441904036536,
  "React-Redux-TodoMVC/CompletingAllItems/total": 163.60752951218802,
  "React-Redux-TodoMVC/DeletingItems/Async": 6.373572874455625,
  "React-Redux-TodoMVC/DeletingItems/Sync": 108.69951810867097,
  "React-Redux-TodoMVC/DeletingItems/total": 116.28229732549106,
  "React-Redux-TodoMVC/total": 463.83815736344104,
  "React-TodoMVC/Adding100Items/Async": 35.63697305539272,
  "React-TodoMVC/Adding100Items/Sync": 120.63408708511876,
  "React-TodoMVC/Adding100Items/total": 156.84921799821112,
  "React-TodoMVC/CompletingAllItems/Async": 28.035561190736104,
  "React-TodoMVC/CompletingAllItems/Sync": 72.07993971349994,
  "React-TodoMVC/CompletingAllItems/total": 100.88316959054076,
  "React-TodoMVC/DeletingAllItems/Async": 3.9815394248572797,
  "React-TodoMVC/DeletingAllItems/Sync": 48.80816246403019,
  "React-TodoMVC/DeletingAllItems/total": 53.53001664395974,
  "React-TodoMVC/total": 316.55846579763215,
  "Vanilla-ES2015-Babel-Webpack-TodoMVC/Adding100Items/Async": 32.98338692146556,
  "Vanilla-ES2015-Babel-Webpack-TodoMVC/Adding100Items/Sync": 289.1947915818428,
  "Vanilla-ES2015-Babel-Webpack-TodoMVC/Adding100Items/total": 322.2298497227911,
  "Vanilla-ES2015-Babel-Webpack-TodoMVC/CompletingAllItems/Async": 24.361983736127065,
  "Vanilla-ES2015-Babel-Webpack-TodoMVC/CompletingAllItems/Sync": 63.666033787168345,
  "Vanilla-ES2015-Babel-Webpack-TodoMVC/CompletingAllItems/total": 88.03445819516749,
  "Vanilla-ES2015-Babel-Webpack-TodoMVC/DeletingItems/Async": 2.925404052533599,
  "Vanilla-ES2015-Babel-Webpack-TodoMVC/DeletingItems/Sync": 39.805337886104084,
  "Vanilla-ES2015-Babel-Webpack-TodoMVC/DeletingItems/total": 42.736013304700926,
  "Vanilla-ES2015-Babel-Webpack-TodoMVC/total": 453.0108793162218,
  "Vanilla-ES2015-TodoMVC/Adding100Items/Async": 33.39107383081705,
  "Vanilla-ES2015-TodoMVC/Adding100Items/Sync": 299.58369237238713,
  "Vanilla-ES2015-TodoMVC/Adding100Items/total": 333.03880409057945,
  "Vanilla-ES2015-TodoMVC/CompletingAllItems/Async": 26.15182209235737,