{
  "browser-setup": 3.955775,
  "browser-tear_down": 0.302569,
  "probes-creation": 0.000129,
  "probes-setup": 9.9e-05,
  "probes-start": 5.7e-05,
  "run": 134.549017,
  "runner-cooldown": 2.002055
}