{
  "Angular2-TypeScript-TodoMVC/Adding100Items/Async": 37.790382932853724,
  "Angular2-TypeScript-TodoMVC/Adding100Items/Sync": 61.48085475442705,
  "Angular2-TypeScript-TodoMVC/Adding100Items/total": 99.30491427331644,
  "Angular2-TypeScript-TodoMVC/CompletingAllItems/Async": 18.73041311708757,
  "Angular2-TypeScript-TodoMVC/CompletingAllItems/Sync": 10.215816647804708,
  "Angular2-TypeScript-TodoMVC/CompletingAllItems/total": 29.034431078997656,
  "Angular2-TypeScript-TodoMVC/DeletingItems/Async": 3.8165584729972633,
  "Angular2-TypeScript-TodoMVC/DeletingItems/Sync": 18.510679204617347,
  "Angular2-TypeScript-TodoMVC/DeletingItems/total": 22.334077549542418,
  "Angular2-TypeScript-TodoMVC/total": 150.87606641537596,
  "AngularJS-TodoMVC/Adding100Items/Async": 58.88439760570765,
  "AngularJS-TodoMVC/Adding100Items/Sync": 279.7520459982736,
  "AngularJS-TodoMVC/Adding100Items/total": 339.6197115466034,
  "AngularJS-TodoMVC/CompletingAllItems/Async": 34.820096238326144,
  "AngularJS-TodoMVC/CompletingAllItems/Sync": 87.90762965534596,
  "AngularJS-TodoMVC/CompletingAllItems/total": 122.85486498787722,
  "AngularJS-TodoMVC/DeletingAllItems/Async": 18.321508730865492,
  "AngularJS-TodoMVC/DeletingAllItems/Sync": 245.70597921851288,
  "AngularJS-TodoMVC/DeletingAllItems/total": 264.34004565382537,
  "AngularJS-TodoMVC/total": 727.4433105577493,
  "BackboneJS-TodoMVC/Adding100Items/Async": 45.72957422276443,
  "BackboneJS-TodoMVC/Adding100Items/Sync": 108.44617560875768,
  "BackboneJS-TodoMVC/Adding100Items/total": 154.7910123322141,
  "BackboneJS-TodoMVC/CompletingAllItems/Async": 34.146071250195654,
  "BackboneJS-TodoMVC/CompletingAllItems/Sync": 59.501753880196866,
  "BackboneJS-TodoMVC/CompletingAllItems/total": 93.8126264478566,
  "BackboneJS-TodoMVC/DeletingAllItems/Async": 4.7681428238302805,
  "BackboneJS-TodoMVC/DeletingAllItems/Sync": 31.000359113498728,
  "BackboneJS-TodoMVC/DeletingAllItems/total": 35.781046448291725,
  "BackboneJS-TodoMVC/total": 284.67230643399745,
  "Elm-TodoMVC/Adding100Items/Async": 51.28425187137908,
  "Elm-TodoMVC/Adding100Items/Sync": 151.1543331059425,
  "Elm-TodoMVC/Adding100Items/total": 202.49171699634272,
  "Elm-TodoMVC/CompletingAllItems/Async": 40.77121884671372,
  "Elm-TodoMVC/CompletingAllItems/Sync": 175.50391179547046,
  "Elm-TodoMVC/CompletingAllItems/total": 224.10222405788681,
  "Elm-TodoMVC/DeletingItems/Async": 11.320269621764664,
  "Elm-TodoMVC/DeletingItems/Sync": 310.63706280914954,
  "Elm-TodoMVC/DeletingItems/total": 324.57933186712336,
  "Elm-TodoMVC/total": 850.5238968136688,
  "EmberJS-Debug-TodoMVC/Adding100Items/Async": 46.21740122039312,
  "EmberJS-Debug-TodoMVC/Adding100Items/Sync": 599.9168552407273,
  "EmberJS-Debug-TodoMVC/Adding100Items/total": 646.2781091045787,
  "EmberJS-Debug-TodoMVC/CompletingAllItems/Async": 32.90791358791193,
  "EmberJS-Debug-TodoMVC/CompletingAllItems/Sync": 362.6543636868337,
  "EmberJS-Debug-TodoMVC/CompletingAllItems/total": 395.64329527359075,
  "EmberJS-Debug-TodoMVC/DeletingItems/Async": 6.028543885690678,
  "EmberJS-Debug-TodoMVC/DeletingItems/Sync": 379.26914299717856,
  "EmberJS-Debug-TodoMVC/DeletingItems/total": 386.009603727083,
  "EmberJS-Debug-TodoMVC/total": 1428.2856999716316,
  "EmberJS-TodoMVC/Adding100Items/Async": 42.877534704674396,
  "EmberJS-TodoMVC/Adding100Items/Sync": 220.21781304985328,
  "EmberJS-TodoMVC/Adding100Items/total": 263.1702972382526,
  "EmberJS-TodoMVC/CompletingAllItems/Async": 37.148249626405445,
  "EmberJS-TodoMVC/CompletingAllItems/Sync": 127.41445566007728,
  "EmberJS-TodoMVC/CompletingAllItems/total": 164.97157693356544,
  "EmberJS-TodoMVC/DeletingItems/Async": 4.658883817750049,
  "EmberJS-TodoMVC/DeletingItems/Sync": 83.64032166927021,
  "EmberJS-TodoMVC/DeletingItems/total": 88.36615898612483,
  "EmberJS-TodoMVC/total": 517.0013965613629,
  "Flight-TodoMVC/Adding100Items/Async": 40.9801920668417,
  "Flight-TodoMVC/Adding100Items/Sync": 116.80474163440947,
  "Flight-TodoMVC/Adding100Items/total": 158.07194089794692,
  "Flight-TodoMVC/CompletingAllItems/Async": 32.94145194305654,
  "Flight-TodoMVC/CompletingAllItems/Sync": 123.4813839889763,
  "Flight-TodoMVC/CompletingAllItems/total": 156.62228692756773,
  "Flight-TodoMVC/DeletingItems/Async": 4.999384926552125,
  "Flight-TodoMVC/DeletingItems/Sync": 108.56830046575423,
  "Flight-TodoMVC/DeletingItems/total": 114.00940505607797,
  "Flight-TodoMVC/total": 428.8198468081511,
  "Inferno-TodoMVC/Adding100Items/Async": 43.68115092406391,
  "Inferno-TodoMVC/Adding100Items/Sync": 58.62794075725652,
  "Inferno-TodoMVC/Adding100Items/total": 102.49745611619461,
  "Inferno-TodoMVC/CompletingAllItems/Async": 10.104102998577684,
  "Inferno-TodoMVC/CompletingAllItems/Sync": 115.26469271621256,
  "Inferno-TodoMVC/CompletingAllItems/total": 125.8216505229012,
  "Inferno-TodoMVC/DeletingItems/Async": 3.7279209809924514,
  "Inferno-TodoMVC/DeletingItems/Sync": 249.48899746261174,
  "Inferno-TodoMVC/DeletingItems/total": 253.22783012913453,
  "Inferno-TodoMVC/total": 481.79123834105917,
  "Preact-TodoMVC/Adding100Items/Async": 61.67562047873366,
  "Preact-TodoMVC/Adding100Items/Sync": 10.71215180705386,
  "Preact-TodoMVC/Adding100Items/total": 72.4237552605517,
  "Preact-TodoMVC/CompletingAllItems/Async": 28.988434570913913,
  "Preact-TodoMVC/CompletingAllItems/Sync": 3.9952162379090215,
  "Preact-TodoMVC/CompletingAllItems/total": 33.059774255486055,
  "Preact-TodoMVC/DeletingItems/Async": 6.7140086637264815,
  "Preact-TodoMVC/DeletingItems/Sync": 2.194490854657249,
  "Preact-TodoMVC/DeletingItems/total": 8.943120834105153,
  "Preact-TodoMVC/total": 116.06494737427245,
  "React-Redux-TodoMVC/Adding100Items/Async": 42.00889593935081,
  "React-Redux-TodoMVC/Adding100Items/Sync": 202.03420868717114,
  "React-Redux-TodoMVC/Adding100Items/total": 244.2270104817408,
  "React-Redux-TodoMVC/CompletingAllItems/Async": 31.710648342840656,
  "React-Redux-TodoMVC/CompletingAllItems/Sync": 172.1286459412634,
  "React-Redux-TodoMVC/CompletingAllItems/total": 203.8598596158023,
  "React-Redux-TodoMVC/DeletingItems/Async": 4.53958744069367,
  "React-Redux-TodoMVC/DeletingItems/Sync": 113.97251945694727,
  "React-Redux-TodoMVC/DeletingItems/total": 118.59873213171035,
  "React-Redux-TodoMVC/total": 566.970999405023,
  "React-TodoMVC/Adding100Items/Async": 42.7043196480755,
  "React-TodoMVC/Adding100Items/Sync": 151.76128303144264,
  "React-TodoMVC/Adding100Items/total": 194.51096776877634,
  "React-TodoMVC/CompletingAllItems/Async": 32.53319562932846,
  "React-TodoMVC/CompletingAllItems/Sync": 84.68043861261117,
  "React-TodoMVC/CompletingAllItems/total": 117.24803705766601,
  "React-TodoMVC/DeletingAllItems/Async": 4.689283131452548,
  "React-TodoMVC/DeletingAllItems/Sync": 57.448006219812484,
  "React-TodoMVC/DeletingAllItems/total": 62.39840525817841,
  "React-TodoMVC/total": 374.4702418069662,
  "Vanilla-ES2015-Babel-Webpack-TodoMVC/Adding100Items/Async": 39.00466640186889,
  "Vanilla-ES2015-Babel-Webpack-TodoMVC/Adding100Items/Sync": 343.58446137410414,
  "Vanilla-ES2015-Babel-Webpack-TodoMVC/Adding100Items/total": 382.63559989252883,
  "Vanilla-ES2015-Babel-Webpack-TodoMVC/CompletingAllItems/Async": 31.384787373269067,
  "Vanilla-ES2015-Babel-Webpack-TodoMVC/CompletingAllItems/Sync": 78.68586747201894,
  "Vanilla-ES2015-Babel-Webpack-TodoMVC/CompletingAllItems/total": 110.0912184783767,
  "Vanilla-ES2015-Babel-Webpack-TodoMVC/DeletingItems/Async": 4.642005361533471,
  "Vanilla-ES2015-Babel-Webpack-TodoMVC/DeletingItems/Sync": 52.97444628265917,
  "Vanilla-ES2015-Babel-Webpack-TodoMVC/DeletingItems/total": 57.65516985360447,
  "Vanilla-ES2015-Babel-Webpack-TodoMVC/total": 550.5936274606107,
  "Vanilla-ES2015-TodoMVC/Adding100Items/Async": 38.381989935544134,
  "Vanilla-ES2015-TodoMVC/Adding100Items/Sync": 352.8038541830244,
  "Vanilla-ES2015-TodoMVC/Adding100Items/total": 391.21028191980486,
  "Vanilla-ES2015-TodoMVC/CompletingAllItems/Async": 33.08815427381692,