{
  "browser-setup": 3.991522,
  "browser-tear_down": 0.253645,
  "probes-creation": 0.000129,
  "probes-setup": 9.7e-05,
  "probes-start": 5.8e-05,
  "run": 134.674792,
  "runner-cooldown": 2.002051
}