{
  "Angular2-TypeScript-TodoMVC/Adding100Items/Async": 37.862198670052564,
  "Angular2-TypeScript-TodoMVC/Adding100Items/Sync": 57.74984408052402,
  "Angular2-TypeScript-TodoMVC/Adding100Items/total": 95.63643583578349,
  "Angular2-TypeScript-TodoMVC/CompletingAllItems/Async": 17.646128963153835,
  "Angular2-TypeScript-TodoMVC/CompletingAllItems/Sync": 10.088379903984634,
  "Angular2-TypeScript-TodoMVC/CompletingAllItems/total": 27.75047900377791,
  "Angular2-TypeScript-TodoMVC/DeletingItems/Async": 3.6733825462797647,
  "Angular2-TypeScript-TodoMVC/DeletingItems/Sync": 19.092109899436394,
  "Angular2-TypeScript-TodoMVC/DeletingItems/total": 22.79007444391299,
  "Angular2-TypeScript-TodoMVC/total": 146.2842250880259,
  "AngularJS-TodoMVC/Adding100Items/Async": 51.156688058636504,
  "AngularJS-TodoMVC/Adding100Items/Sync": 263.5121292094499,
  "AngularJS-TodoMVC/Adding100Items/total": 315.20904683091123,
  "AngularJS-TodoMVC/CompletingAllItems/Async": 34.17239213062151,
  "AngularJS-TodoMVC/CompletingAllItems/Sync": 84.3235393016271,
  "AngularJS-TodoMVC/CompletingAllItems/total": 118.55542164022866,
  "AngularJS-TodoMVC/DeletingAllItems/Async": 17.603471279841017,
  "AngularJS-TodoMVC/DeletingAllItems/Sync": 237.609036039408,
  "AngularJS-TodoMVC/DeletingAllItems/total": 255.4853364131738,
  "AngularJS-TodoMVC/total": 689.6565894444606,
  "BackboneJS-TodoMVC/Adding100Items/Async": 45.477595211485465,
  "BackboneJS-TodoMVC/Adding100Items/Sync": 98.02128785638253,
  "BackboneJS-TodoMVC/Adding100Items/total": 143.81699198578914,
  "BackboneJS-TodoMVC/CompletingAllItems/Async": 34.033004338560964,
  "BackboneJS-TodoMVC/CompletingAllItems/Sync": 55.5534233933016,
  "BackboneJS-TodoMVC/CompletingAllItems/total": 89.67143485514313,
  "BackboneJS-TodoMVC/DeletingAllItems/Async": 5.03152545643275,
  "BackboneJS-TodoMVC/DeletingAllItems/Sync": 30.560685574192927,
  "BackboneJS-TodoMVC/DeletingAllItems/total": 35.62521277049802,
  "BackboneJS-TodoMVC/total": 269.2728920512321,
  "Elm-TodoMVC/Adding100Items/Async": 51.766168022700604,
  "Elm-TodoMVC/Adding100Items/Sync": 148.4497804951794,
  "Elm-TodoMVC/Adding100Items/total": 200.28283488276693,
  "Elm-TodoMVC/CompletingAllItems/Async": 39.70601883326492,
  "Elm-TodoMVC/CompletingAllItems/Sync": 178.93365002275684,
  "Elm-TodoMVC/CompletingAllItems/total": 226.1165327787268,
  "Elm-TodoMVC/DeletingItems/Async": 12.16796624955939,
  "Elm-TodoMVC/DeletingItems/Sync": 262.9931307437114,
  "Elm-TodoMVC/DeletingItems/total": 278.7486867211266,
  "Elm-TodoMVC/total": 783.8805842058115,
  "EmberJS-Debug-TodoMVC/Adding100Items/Async": 44.95067614015439,
  "EmberJS-Debug-TodoMVC/Adding100Items/Sync": 595.7772780373895,
  "EmberJS-Debug-TodoMVC/Adding100Items/total": 640.8410986760142,
  "EmberJS-Debug-TodoMVC/CompletingAllItems/Async": 33.06653734445503,
  "EmberJS-Debug-TodoMVC/CompletingAllItems/Sync": 357.88194746206074,
  "EmberJS-Debug-TodoMVC/CompletingAllItems/total": 391.0856600543211,
  "EmberJS-Debug-TodoMVC/DeletingItems/Async": 5.017457009236278,
  "EmberJS-Debug-TodoMVC/DeletingItems/Sync": 381.33773878026653,
  "EmberJS-Debug-TodoMVC/DeletingItems/total": 386.42812501839046,
  "EmberJS-Debug-TodoMVC/total": 1418.804961585379,
  "EmberJS-TodoMVC/Adding100Items/Async": 43.49443108568023,
  "EmberJS-TodoMVC/Adding100Items/Sync": 219.35964162929375,
  "EmberJS-TodoMVC/Adding100Items/total": 263.0462036485748,
  "EmberJS-TodoMVC/CompletingAllItems/Async": 37.37051952855912,
  "EmberJS-TodoMVC/CompletingAllItems/Sync": 125.14804858971338,
  "EmberJS-TodoMVC/CompletingAllItems/total": 162.6753142410257,
  "EmberJS-TodoMVC/DeletingItems/Async": 5.0764849844771325,
  "EmberJS-TodoMVC/DeletingItems/Sync": 84.66765817011864,
  "EmberJS-TodoMVC/DeletingItems/total": 90.00265935054794,
  "EmberJS-TodoMVC/total": 516.4963253606423,
  "Flight-TodoMVC/Adding100Items/Async": 40.70922597689401,
  "Flight-TodoMVC/Adding100Items/Sync": 112.63031338955894,
  "Flight-TodoMVC/Adding100Items/total": 153.41540005820494,
  "Flight-TodoMVC/CompletingAllItems/Async": 32.72029899253605,
  "Flight-TodoMVC/CompletingAllItems/Sync": 121.25526158633555,
  "Flight-TodoMVC/CompletingAllItems/total": 154.0003121574054,
  "Flight-TodoMVC/DeletingItems/Async": 5.11206883402565,
  "Flight-TodoMVC/DeletingItems/Sync": 105.89514094040229,
  "Flight-TodoMVC/DeletingItems/total": 111.23355954480826,
  "Flight-TodoMVC/total": 418.75652653528397,
  "Inferno-TodoMVC/Adding100Items/Async": 47.010603735820744,
  "Inferno-TodoMVC/Adding100Items/Sync": 61.702680470810726,
  "Inferno-TodoMVC/Adding100Items/total": 109.26693239497514,
  "Inferno-TodoMVC/CompletingAllItems/Async": 11.217935383026282,
  "Inferno-TodoMVC/CompletingAllItems/Sync": 117.8110211259804,
  "Inferno-TodoMVC/CompletingAllItems/total": 129.62242120252202,
  "Inferno-TodoMVC/DeletingItems/Async": 4.052665842217598,
  "Inferno-TodoMVC/DeletingItems/Sync": 243.78808966869778,
  "Inferno-TodoMVC/DeletingItems/total": 247.87540070258103,
  "Inferno-TodoMVC/total": 487.32457836115975,
  "Preact-TodoMVC/Adding100Items/Async": 57.511360582488194,
  "Preact-TodoMVC/Adding100Items/Sync": 9.11604168095067,
  "Preact-TodoMVC/Adding100Items/total": 66.64421436905106,
  "Preact-TodoMVC/CompletingAllItems/Async": 27.237996689414008,
  "Preact-TodoMVC/CompletingAllItems/Sync": 3.88374342158869,
  "Preact-TodoMVC/CompletingAllItems/total": 31.20216352549997,
  "Preact-TodoMVC/DeletingItems/Async": 6.96006556520597,
  "Preact-TodoMVC/DeletingItems/Sync": 2.1294244312856767,
  "Preact-TodoMVC/DeletingItems/total": 9.126191604862514,
  "Preact-TodoMVC/total": 108.42702851041815,
  "React-Redux-TodoMVC/Adding100Items/Async": 41.187314529622206,
  "React-Redux-TodoMVC/Adding100Items/Sync": 202.19006882760507,
  "React-Redux-TodoMVC/Adding100Items/total": 243.58738386175574,
  "React-Redux-TodoMVC/CompletingAllItems/Async": 31.60496235877922,
  "React-Redux-TodoMVC/CompletingAllItems/Sync": 169.18499717795854,
  "React-Redux-TodoMVC/CompletingAllItems/total": 200.81388272943266,
  "React-Redux-TodoMVC/DeletingItems/Async": 4.462308764002844,
  "React-Redux-TodoMVC/DeletingItems/Sync": 112.53261078728175,
  "React-Redux-TodoMVC/DeletingItems/total": 117.0554789473483,
  "React-Redux-TodoMVC/total": 561.7768755708103,
  "React-TodoMVC/Adding100Items/Async": 42.561090338417465,
  "React-TodoMVC/Adding100Items/Sync": 146.5204341714633,
  "React-TodoMVC/Adding100Items/total": 189.15780124829186,
  "React-TodoMVC/CompletingAllItems/Async": 33.00459368017551,
  "React-TodoMVC/CompletingAllItems/Sync": 84.20321944682578,
  "React-TodoMVC/CompletingAllItems/total": 117.2675267982933,
  "React-TodoMVC/DeletingAllItems/Async": 4.197816247807246,
  "React-TodoMVC/DeletingAllItems/Sync": 56.71808012694557,
  "React-TodoMVC/DeletingAllItems/total": 60.963161371470314,
  "React-TodoMVC/total": 367.5195357507049,
  "Vanilla-ES2015-Babel-Webpack-TodoMVC/Adding100Items/Async": 39.20808221581929,
  "Vanilla-ES2015-Babel-Webpack-TodoMVC/Adding100Items/Sync": 339.2767041740587,
  "Vanilla-ES2015-Babel-Webpack-TodoMVC/Adding100Items/total": 378.54552974550444,
  "Vanilla-ES2015-Babel-Webpack-TodoMVC/CompletingAllItems/Async": 32.02325942368816,
  "Vanilla-ES2015-Babel-Webpack-TodoMVC/CompletingAllItems/Sync": 78.35379194848603,
  "Vanilla-ES2015-Babel-Webpack-TodoMVC/CompletingAllItems/total": 110.46498699474293,
  "Vanilla-ES2015-Babel-Webpack-TodoMVC/DeletingItems/Async": 4.433900552756553,
  "Vanilla-ES2015-Babel-Webpack-TodoMVC/DeletingItems/Sync": 51.22910808414932,
  "Vanilla-ES2015-Babel-Webpack-TodoMVC/DeletingItems/total": 55.68951472566474,
  "Vanilla-ES2015-Babel-Webpack-TodoMVC/total": 544.8709289266963,
  "Vanilla-ES2015-TodoMVC/Adding100Items/Async": 38.567056305421694,
  "Vanilla-ES2015-TodoMVC/Adding100Items/Sync": 348.68843407829377,
  "Vanilla-ES2015-TodoMVC/Adding100Items/total": 387.303703474038,
  "Vanilla-ES2015-TodoMVC/CompletingAllItems/Async": 31.105809897777576,