{
  "browser-setup": 3.990942,
  "browser-tear_down": 0.18867,
  "probes-creation": 0.000119,
  "probes-setup": 9.8e-05,
  "probes-start": 5.5e-05,
  "run": 126.380536,
  "runner-cooldown": 2.002056
}