{
  "Angular2-TypeScript-TodoMVC/Adding100Items/Async": 38.21486452772079,
  "Angular2-TypeScript-TodoMVC/Adding100Items/Sync": 54.33237178229885,
  "Angular2-TypeScript-TodoMVC/Adding100Items/total": 92.60797649580365,
  "Angular2-TypeScript-TodoMVC/CompletingAllItems/Async": 15.288810100920683,
  "Angular2-TypeScript-TodoMVC/CompletingAllItems/Sync": 10.004146312168528,
  "Angular2-TypeScript-TodoMVC/CompletingAllItems/total": 25.38185964729886,
  "Angular2-TypeScript-TodoMVC/DeletingItems/Async": 3.4449221035002493,
  "Angular2-TypeScript-TodoMVC/DeletingItems/Sync": 17.712133848217952,
  "Angular2-TypeScript-TodoMVC/DeletingItems/total": 21.161925378938925,
  "Angular2-TypeScript-TodoMVC/total": 139.28585170880052,
  "AngularJS-TodoMVC/Adding100Items/Async": 49.12259121203471,
  "AngularJS-TodoMVC/Adding100Items/Sync": 221.70570956435546,
  "AngularJS-TodoMVC/Adding100Items/total": 271.04075056871966,
  "AngularJS-TodoMVC/CompletingAllItems/Async": 33.808869261511,
  "AngularJS-TodoMVC/CompletingAllItems/Sync": 82.44762075306186,
  "AngularJS-TodoMVC/CompletingAllItems/total": 118.47073731968891,
  "AngularJS-TodoMVC/DeletingAllItems/Async": 15.56575836419773,
  "AngularJS-TodoMVC/DeletingAllItems/Sync": 253.01334204773846,
  "AngularJS-TodoMVC/DeletingAllItems/total": 268.6581573919833,
  "AngularJS-TodoMVC/total": 666.3035493554459,
  "BackboneJS-TodoMVC/Adding100Items/Async": 43.70906322605347,
  "BackboneJS-TodoMVC/Adding100Items/Sync": 70.59453590866535,
  "BackboneJS-TodoMVC/Adding100Items/total": 114.31594766529037,
  "BackboneJS-TodoMVC/CompletingAllItems/Async": 33.047724077276094,
  "BackboneJS-TodoMVC/CompletingAllItems/Sync": 46.125229080708195,
  "BackboneJS-TodoMVC/CompletingAllItems/total": 79.17401123968376,
  "BackboneJS-TodoMVC/DeletingAllItems/Async": 4.778779834257539,
  "BackboneJS-TodoMVC/DeletingAllItems/Sync": 29.34134681141166,
  "BackboneJS-TodoMVC/DeletingAllItems/total": 34.170919939667215,
  "BackboneJS-TodoMVC/total": 227.68848173085186,
  "Elm-TodoMVC/Adding100Items/Async": 51.81532822664661,
  "Elm-TodoMVC/Adding100Items/Sync": 132.42717576356375,
  "Elm-TodoMVC/Adding100Items/total": 185.7874824619069,
  "Elm-TodoMVC/CompletingAllItems/Async": 35.89329169389967,
  "Elm-TodoMVC/CompletingAllItems/Sync": 149.7906671686368,
  "Elm-TodoMVC/CompletingAllItems/total": 187.64911042163985,
  "Elm-TodoMVC/DeletingItems/Async": 12.160636178007927,
  "Elm-TodoMVC/DeletingItems/Sync": 144.87917640857876,
  "Elm-TodoMVC/DeletingItems/total": 157.50282442999224,
  "Elm-TodoMVC/total": 549.5694757329425,
  "EmberJS-Debug-TodoMVC/Adding100Items/Async": 47.31711051516606,
  "EmberJS-Debug-TodoMVC/Adding100Items/Sync": 560.194138267346,
  "EmberJS-Debug-TodoMVC/Adding100Items/total": 607.5288121497397,
  "EmberJS-Debug-TodoMVC/CompletingAllItems/Async": 30.763118011928768,
  "EmberJS-Debug-TodoMVC/CompletingAllItems/Sync": 386.7686336805407,
  "EmberJS-Debug-TodoMVC/CompletingAllItems/total": 417.66842044318616,
  "EmberJS-Debug-TodoMVC/DeletingItems/Async": 9.568054505992837,
  "EmberJS-Debug-TodoMVC/DeletingItems/Sync": 399.47663124514196,
  "EmberJS-Debug-TodoMVC/DeletingItems/total": 410.3413068359619,
  "EmberJS-Debug-TodoMVC/total": 1446.5589931183151,
  "EmberJS-TodoMVC/Adding100Items/Async": 43.586374210107216,
  "EmberJS-TodoMVC/Adding100Items/Sync": 200.11304344088924,
  "EmberJS-TodoMVC/Adding100Items/total": 243.77490255828897,
  "EmberJS-TodoMVC/CompletingAllItems/Async": 32.1776393889902,
  "EmberJS-TodoMVC/CompletingAllItems/Sync": 118.69991908020417,
  "EmberJS-TodoMVC/CompletingAllItems/total": 151.33316978009609,
  "EmberJS-TodoMVC/DeletingItems/Async": 5.216261437600374,
  "EmberJS-TodoMVC/DeletingItems/Sync": 93.92859845466164,
  "EmberJS-TodoMVC/DeletingItems/total": 99.58762493806556,
  "EmberJS-TodoMVC/total": 503.23107803075254,
  "Flight-TodoMVC/Adding100Items/Async": 39.028212438980354,
  "Flight-TodoMVC/Adding100Items/Sync": 96.83533730684836,
  "Flight-TodoMVC/Adding100Items/total": 135.87781296722662,
  "Flight-TodoMVC/CompletingAllItems/Async": 28.647736683172383,
  "Flight-TodoMVC/CompletingAllItems/Sync": 108.59684285593214,
  "Flight-TodoMVC/CompletingAllItems/total": 137.33295160512205,
  "Flight-TodoMVC/DeletingItems/Async": 4.072208375130949,
  "Flight-TodoMVC/DeletingItems/Sync": 98.83909988956073,
  "Flight-TodoMVC/DeletingItems/total": 102.91843092161109,
  "Flight-TodoMVC/total": 380.6193950252641,
  "Inferno-TodoMVC/Adding100Items/Async": 48.125612834348225,
  "Inferno-TodoMVC/Adding100Items/Sync": 48.387524717650855,
  "Inferno-TodoMVC/Adding100Items/total": 96.7629173190752,
  "Inferno-TodoMVC/CompletingAllItems/Async": 9.724382325218215,
  "Inferno-TodoMVC/CompletingAllItems/Sync": 107.347478192594,
  "Inferno-TodoMVC/CompletingAllItems/total": 117.58617690654133,
  "Inferno-TodoMVC/DeletingItems/Async": 3.5577057730874277,
  "Inferno-TodoMVC/DeletingItems/Sync": 236.8732776221764,
  "Inferno-TodoMVC/DeletingItems/total": 240.43403483073945,
  "Inferno-TodoMVC/total": 455.1185169704768,
  "Preact-TodoMVC/Adding100Items/Async": 43.13043845975983,
  "Preact-TodoMVC/Adding100Items/Sync": 6.3036103304341395,
  "Preact-TodoMVC/Adding100Items/total": 49.436737336621924,
  "Preact-TodoMVC/CompletingAllItems/Async": 30.827257824597844,
  "Preact-TodoMVC/CompletingAllItems/Sync": 3.793258768295763,
  "Preact-TodoMVC/CompletingAllItems/total": 34.62548162584454,
  "Preact-TodoMVC/DeletingItems/Async": 7.3882110298575725,
  "Preact-TodoMVC/DeletingItems/Sync": 2.0019848099077016,
  "Preact-TodoMVC/DeletingItems/total": 9.426029293058768,
  "Preact-TodoMVC/total": 93.52314304825983,
  "React-Redux-TodoMVC/Adding100Items/Async": 45.08745938138422,
  "React-Redux-TodoMVC/Adding100Items/Sync": 188.7407530653276,
  "React-Redux-TodoMVC/Adding100Items/total": 234.32378458088502,
  "React-Redux-TodoMVC/CompletingAllItems/Async": 30.037272944934553,
  "React-Redux-TodoMVC/CompletingAllItems/Sync": 167.29750764543675,
  "React-Redux-TodoMVC/CompletingAllItems/total": 197.39761170917146,
  "React-Redux-TodoMVC/DeletingItems/Async": 5.514703148914171,
  "React-Redux-TodoMVC/DeletingItems/Sync": 131.0259366182641,
  "React-Redux-TodoMVC/DeletingItems/total": 136.87949153137757,
  "React-Redux-TodoMVC/total": 576.6869272265308,
  "React-TodoMVC/Adding100Items/Async": 45.677636958806644,
  "React-TodoMVC/Adding100Items/Sync": 163.72274569376256,
  "React-TodoMVC/Adding100Items/total": 210.86870598999286,
  "React-TodoMVC/CompletingAllItems/Async": 31.440668893313255,
  "React-TodoMVC/CompletingAllItems/Sync": 87.95025450135708,
  "React-TodoMVC/CompletingAllItems/total": 119.46503791269615,
  "React-TodoMVC/DeletingAllItems/Async": 4.933768620059282,
  "React-TodoMVC/DeletingAllItems/Sync": 64.45101762239153,
  "React-TodoMVC/DeletingAllItems/total": 70.2639119521059,
  "React-TodoMVC/total": 410.67899101472864,
  "Vanilla-ES2015-Babel-Webpack-TodoMVC/Adding100Items/Async": 37.33290157396208,
  "Vanilla-ES2015-Babel-Webpack-TodoMVC/Adding100Items/Sync": 329.20858217874934,
  "Vanilla-ES2015-Babel-Webpack-TodoMVC/Adding100Items/total": 366.5664141641462,
  "Vanilla-ES2015-Babel-Webpack-TodoMVC/CompletingAllItems/Async": 27.97294406499133,
  "Vanilla-ES2015-Babel-Webpack-TodoMVC/CompletingAllItems/Sync": 72.88128498653862,
  "Vanilla-ES2015-Babel-Webpack-TodoMVC/CompletingAllItems/total": 100.87382513234026,
  "Vanilla-ES2015-Babel-Webpack-TodoMVC/DeletingItems/Async": 3.895853086126219,
  "Vanilla-ES2015-Babel-Webpack-TodoMVC/DeletingItems/Sync": 45.83121459124068,
  "Vanilla-ES2015-Babel-Webpack-TodoMVC/DeletingItems/total": 49.729851060760396,
  "Vanilla-ES2015-Babel-Webpack-TodoMVC/total": 517.1861805811586,
  "Vanilla-ES2015-TodoMVC/Adding100Items/Async": 37.32322586837987,
  "Vanilla-ES2015-TodoMVC/Adding100Items/Sync": 336.7941792318107,
  "Vanilla-ES2015-TodoMVC/Adding100Items/total": 374.1512839189359,
  "Vanilla-ES2015-TodoMVC/CompletingAllItems/Async": 29.686350562229066,