{
  "Angular2-TypeScript-TodoMVC/Adding100Items/Async": 32.222538331587955,
  "Angular2-TypeScript-TodoMVC/Adding100Items/Sync": 42.263616619886065,
  "Angular2-TypeScript-TodoMVC/Adding100Items/total": 74.5260245981626,
  "Angular2-TypeScript-TodoMVC/CompletingAllItems/Async": 12.93652512976669,
  "Angular2-TypeScript-TodoMVC/CompletingAllItems/Sync": 8.577178965379886,
  "Angular2-TypeScript-TodoMVC/CompletingAllItems/total": 21.51516833601661,
  "Angular2-TypeScript-TodoMVC/DeletingItems/Async": 2.7522838169037707,
  "Angular2-TypeScript-TodoMVC/DeletingItems/Sync": 16.368007553011967,
  "Angular2-TypeScript-TodoMVC/DeletingItems/total": 19.124803923743794,
  "Angular2-TypeScript-TodoMVC/total": 115.18027366677426,
  "AngularJS-TodoMVC/Adding100Items/Async": 41.50532590936686,
  "AngularJS-TodoMVC/Adding100Items/Sync": 157.88195949421404,
  "AngularJS-TodoMVC/Adding100Items/total": 199.4059000309777,
  "AngularJS-TodoMVC/CompletingAllItems/Async": 26.11059028891726,
  "AngularJS-TodoMVC/CompletingAllItems/Sync": 55.840989611323174,
  "AngularJS-TodoMVC/CompletingAllItems/total": 82.60623833515582,
  "AngularJS-TodoMVC/DeletingAllItems/Async": 18.048667339174667,
  "AngularJS-TodoMVC/DeletingAllItems/Sync": 159.26729971108668,
  "AngularJS-TodoMVC/DeletingAllItems/total": 179.67021762368552,
  "AngularJS-TodoMVC/total": 462.31894305205066,
  "BackboneJS-TodoMVC/Adding100Items/Async": 41.53460549933338,
  "BackboneJS-TodoMVC/Adding100Items/Sync": 54.712476870046416,
  "BackboneJS-TodoMVC/Adding100Items/total": 96.3804242162327,
  "BackboneJS-TodoMVC/CompletingAllItems/Async": 31.110605974547056,
  "BackboneJS-TodoMVC/CompletingAllItems/Sync": 37.65934769414464,
  "BackboneJS-TodoMVC/CompletingAllItems/total": 68.86940354481179,
  "BackboneJS-TodoMVC/DeletingAllItems/Async": 4.633370799208202,
  "BackboneJS-TodoMVC/DeletingAllItems/Sync": 25.80921512883172,
  "BackboneJS-TodoMVC/DeletingAllItems/total": 30.9450984420896,
  "BackboneJS-TodoMVC/total": 196.31435918983217,
  "Elm-TodoMVC/Adding100Items/Async": 49.9798270371216,
  "Elm-TodoMVC/Adding100Items/Sync": 88.20213662302845,
  "Elm-TodoMVC/Adding100Items/total": 138.29910307599064,
  "Elm-TodoMVC/CompletingAllItems/Async": 31.33038420726396,
  "Elm-TodoMVC/CompletingAllItems/Sync": 87.0287532375489,
  "Elm-TodoMVC/CompletingAllItems/total": 118.39510060379936,
  "Elm-TodoMVC/DeletingItems/Async": 9.295815612829594,
  "Elm-TodoMVC/DeletingItems/Sync": 105.82836456760796,
  "Elm-TodoMVC/DeletingItems/total": 115.2568139396811,
  "Elm-TodoMVC/total": 372.41461878139876,
  "EmberJS-Debug-TodoMVC/Adding100Items/Async": 48.31375986977042,
  "EmberJS-Debug-TodoMVC/Adding100Items/Sync": 734.2467352344936,
  "EmberJS-Debug-TodoMVC/Adding100Items/total": 783.7639991099373,
  "EmberJS-Debug-TodoMVC/CompletingAllItems/Async": 35.79565596764512,
  "EmberJS-Debug-TodoMVC/CompletingAllItems/Sync": 290.90060889946716,
  "EmberJS-Debug-TodoMVC/CompletingAllItems/total": 327.8844362165144,
  "EmberJS-Debug-TodoMVC/DeletingItems/Async": 11.370482038616121,
  "EmberJS-Debug-TodoMVC/DeletingItems/Sync": 285.0402573528887,
  "EmberJS-Debug-TodoMVC/DeletingItems/total": 299.00769177624494,
  "EmberJS-Debug-TodoMVC/total": 1418.0544629037845,
  "EmberJS-TodoMVC/Adding100Items/Async": 34.54086465300516,
  "EmberJS-TodoMVC/Adding100Items/Sync": 151.15777468061256,
  "EmberJS-TodoMVC/Adding100Items/total": 185.79061206166244,
  "EmberJS-TodoMVC/CompletingAllItems/Async": 28.335839411966166,
  "EmberJS-TodoMVC/CompletingAllItems/Sync": 110.60641907707763,
  "EmberJS-TodoMVC/CompletingAllItems/total": 139.1205913176986,
  "EmberJS-TodoMVC/DeletingItems/Async": 3.5256869529798953,
  "EmberJS-TodoMVC/DeletingItems/Sync": 73.38523733200722,
  "EmberJS-TodoMVC/DeletingItems/total": 76.93490320923902,
  "EmberJS-TodoMVC/total": 403.15591684409736,
  "Flight-TodoMVC/Adding100Items/Async": 33.72984505322245,
  "Flight-TodoMVC/Adding100Items/Sync": 78.80941768337243,
  "Flight-TodoMVC/Adding100Items/total": 112.55095164321669,
  "Flight-TodoMVC/CompletingAllItems/Async": 25.106906206559792,
  "Flight-TodoMVC/CompletingAllItems/Sync": 85.6796823767119,
  "Flight-TodoMVC/CompletingAllItems/total": 110.78899704424178,
  "Flight-TodoMVC/DeletingItems/Async": 3.607344329370608,
  "Flight-TodoMVC/DeletingItems/Sync": 70.11836190056349,
  "Flight-TodoMVC/DeletingItems/total": 73.77606475148286,
  "Flight-TodoMVC/total": 297.12748743198534,
  "Inferno-TodoMVC/Adding100Items/Async": 38.831831189692636,
  "Inferno-TodoMVC/Adding100Items/Sync": 42.90961414509825,
  "Inferno-TodoMVC/Adding100Items/total": 81.95316601912931,
  "Inferno-TodoMVC/CompletingAllItems/Async": 6.5405036484464,
  "Inferno-TodoMVC/CompletingAllItems/Sync": 85.60570065303551,
  "Inferno-TodoMVC/CompletingAllItems/total": 92.16271582936018,
  "Inferno-TodoMVC/DeletingItems/Async": 3.3453022408647923,
  "Inferno-TodoMVC/DeletingItems/Sync": 207.47221084846504,
  "Inferno-TodoMVC/DeletingItems/total": 210.85290215151724,
  "Inferno-TodoMVC/total": 385.00323259551203,
  "Preact-TodoMVC/Adding100Items/Async": 37.519128766640975,
  "Preact-TodoMVC/Adding100Items/Sync": 4.959920259869079,
  "Preact-TodoMVC/Adding100Items/total": 42.483913366318234,
  "Preact-TodoMVC/CompletingAllItems/Async": 17.38299138765943,
  "Preact-TodoMVC/CompletingAllItems/Sync": 2.9979368645943594,
  "Preact-TodoMVC/CompletingAllItems/total": 20.397098394874774,
  "Preact-TodoMVC/DeletingItems/Async": 5.377710220344022,
  "Preact-TodoMVC/DeletingItems/Sync": 1.6147764081477876,
  "Preact-TodoMVC/DeletingItems/total": 7.010496374308605,
  "Preact-TodoMVC/total": 69.97861116838088,
  "React-Redux-TodoMVC/Adding100Items/Async": 34.37056276713421,
  "React-Redux-TodoMVC/Adding100Items/Sync": 137.55786745670108,
  "React-Redux-TodoMVC/Adding100Items/total": 172.2136212077184,
  "React-Redux-TodoMVC/CompletingAllItems/Async": 27.760990218628738,
  "React-Redux-TodoMVC/CompletingAllItems/Sync": 150.82875283255248,
  "React-Redux-TodoMVC/CompletingAllItems/total": 179.06124383596628,
  "React-Redux-TodoMVC/DeletingItems/Async": 4.399943667923822,
  "React-Redux-TodoMVC/DeletingItems/Sync": 112.04368966413,
  "React-Redux-TodoMVC/DeletingItems/total": 116.66572938399068,
  "React-Redux-TodoMVC/total": 470.88790238361787,
  "React-TodoMVC/Adding100Items/Async": 35.6570831286113,
  "React-TodoMVC/Adding100Items/Sync": 111.05604349338138,
  "React-TodoMVC/Adding100Items/total": 146.94171696488655,
  "React-TodoMVC/CompletingAllItems/Async": 27.844794082827832,
  "React-TodoMVC/CompletingAllItems/Sync": 63.86539198565545,
  "React-TodoMVC/CompletingAllItems/total": 91.72927973354633,
  "React-TodoMVC/DeletingAllItems/Async": 3.0382782999169065,
  "React-TodoMVC/DeletingAllItems/Sync": 48.20837445647424,
  "React-TodoMVC/DeletingAllItems/total": 51.306964564558136,
  "React-TodoMVC/total": 290.3230680301843,
  "Vanilla-ES2015-Babel-Webpack-TodoMVC/Adding100Items/Async": 35.22273256745144,
  "Vanilla-ES2015-Babel-Webpack-TodoMVC/Adding100Items/Sync": 299.7630528334453,
  "Vanilla-ES2015-Babel-Webpack-TodoMVC/Adding100Items/total": 335.03218276582663,
  "Vanilla-ES2015-Babel-Webpack-TodoMVC/CompletingAllItems/Async": 26.798350717807928,
  "Vanilla-ES2015-Babel-Webpack-TodoMVC/CompletingAllItems/Sync": 64.64235094644945,
  "Vanilla-ES2015-Babel-Webpack-TodoMVC/CompletingAllItems/total": 91.4621506893515,
  "Vanilla-ES2015-Babel-Webpack-TodoMVC/DeletingItems/Async": 3.233158492118142,
  "Vanilla-ES2015-Babel-Webpack-TodoMVC/DeletingItems/Sync": 40.475283735408595,
  "Vanilla-ES2015-Babel-Webpack-TodoMVC/DeletingItems/total": 43.73560905732924,
  "Vanilla-ES2015-Babel-Webpack-TodoMVC/total": 470.24089987600684,
  "Vanilla-ES2015-TodoMVC/Adding100Items/Async": 35.145521271666446,
  "Vanilla-ES2015-TodoMVC/Adding100Items/Sync": 305.13424168501024,
  "Vanilla-ES2015-TodoMVC/Adding100Items/total": 340.3350727270038,
  "Vanilla-ES2015-TodoMVC/CompletingAllItems/Async": 26.73194993910915,