{
  "browser-setup": 3.305956,
  "browser-tear_down": 0.277263,
  "probes-creation": 0.000195,
  "probes-setup": 0.000169,
  "probes-start": 7.9e-05,
  "run": 112.263622,
  "runner-cooldown": 2.002075
}