{
  "Angular2-TypeScript-TodoMVC/Adding100Items/Async": 32.075616024250806,
  "Angular2-TypeScript-TodoMVC/Adding100Items/Sync": 42.67583635798541,
  "Angular2-TypeScript-TodoMVC/Adding100Items/total": 74.77909003110123,
  "Angular2-TypeScript-TodoMVC/CompletingAllItems/Async": 13.418517093687447,
  "Angular2-TypeScript-TodoMVC/CompletingAllItems/Sync": 8.613663907966126,
  "Angular2-TypeScript-TodoMVC/CompletingAllItems/total": 22.10203826922643,
  "Angular2-TypeScript-TodoMVC/DeletingItems/Async": 2.8365957684253886,
  "Angular2-TypeScript-TodoMVC/DeletingItems/Sync": 16.337680286941577,
  "Angular2-TypeScript-TodoMVC/DeletingItems/total": 19.196983813819667,
  "Angular2-TypeScript-TodoMVC/total": 116.19692285649855,
  "AngularJS-TodoMVC/Adding100Items/Async": 41.67289169890936,
  "AngularJS-TodoMVC/Adding100Items/Sync": 157.21117941956774,
  "AngularJS-TodoMVC/Adding100Items/total": 198.90162213119916,
  "AngularJS-TodoMVC/CompletingAllItems/Async": 26.605425240721882,
  "AngularJS-TodoMVC/CompletingAllItems/Sync": 55.686392533681534,
  "AngularJS-TodoMVC/CompletingAllItems/total": 82.36839497066426,
  "AngularJS-TodoMVC/DeletingAllItems/Async": 15.430847760140177,
  "AngularJS-TodoMVC/DeletingAllItems/Sync": 159.71073223218366,
  "AngularJS-TodoMVC/DeletingAllItems/total": 175.23459448623234,
  "AngularJS-TodoMVC/total": 456.587295699969,
  "BackboneJS-TodoMVC/Adding100Items/Async": 41.13919219958068,
  "BackboneJS-TodoMVC/Adding100Items/Sync": 55.142924648732205,
  "BackboneJS-TodoMVC/Adding100Items/total": 96.40004552362902,
  "BackboneJS-TodoMVC/CompletingAllItems/Async": 33.68845687953202,
  "BackboneJS-TodoMVC/CompletingAllItems/Sync": 37.60976117137544,
  "BackboneJS-TodoMVC/CompletingAllItems/total": 72.16836785496385,
  "BackboneJS-TodoMVC/DeletingAllItems/Async": 5.137584485022391,
  "BackboneJS-TodoMVC/DeletingAllItems/Sync": 25.998700233768496,
  "BackboneJS-TodoMVC/DeletingAllItems/total": 31.788530199259487,
  "BackboneJS-TodoMVC/total": 201.04384950580535,
  "Elm-TodoMVC/Adding100Items/Async": 48.011742875870816,
  "Elm-TodoMVC/Adding100Items/Sync": 87.42542767553618,
  "Elm-TodoMVC/Adding100Items/total": 135.4808156037197,
  "Elm-TodoMVC/CompletingAllItems/Async": 29.85228741679353,
  "Elm-TodoMVC/CompletingAllItems/Sync": 82.66973548954056,
  "Elm-TodoMVC/CompletingAllItems/total": 112.54809459148413,
  "Elm-TodoMVC/DeletingItems/Async": 9.038302859193617,
  "Elm-TodoMVC/DeletingItems/Sync": 102.49629148822058,
  "Elm-TodoMVC/DeletingItems/total": 111.63380934572879,
  "Elm-TodoMVC/total": 359.6992476177086,
  "EmberJS-Debug-TodoMVC/Adding100Items/Async": 45.601848908713,
  "EmberJS-Debug-TodoMVC/Adding100Items/Sync": 735.9705283831901,
  "EmberJS-Debug-TodoMVC/Adding100Items/total": 782.4701378136209,
  "EmberJS-Debug-TodoMVC/CompletingAllItems/Async": 34.3307392144283,
  "EmberJS-Debug-TodoMVC/CompletingAllItems/Sync": 292.48021674165545,
  "EmberJS-Debug-TodoMVC/CompletingAllItems/total": 327.28093070527245,
  "EmberJS-Debug-TodoMVC/DeletingItems/Async": 9.087858744508377,
  "EmberJS-Debug-TodoMVC/DeletingItems/Sync": 281.5285050665985,
  "EmberJS-Debug-TodoMVC/DeletingItems/total": 290.9898695779126,
  "EmberJS-Debug-TodoMVC/total": 1408.6205449815948,
  "EmberJS-TodoMVC/Adding100Items/Async": 34.66876930787698,
  "EmberJS-TodoMVC/Adding100Items/Sync": 150.88855544800057,
  "EmberJS-TodoMVC/Adding100Items/total": 185.69249540965512,
  "EmberJS-TodoMVC/CompletingAllItems/Async": 29.001208762305826,
  "EmberJS-TodoMVC/CompletingAllItems/Sync": 105.15180519834747,
  "EmberJS-TodoMVC/CompletingAllItems/total": 134.33333873188272,
  "EmberJS-TodoMVC/DeletingItems/Async": 3.5356988508857494,
  "EmberJS-TodoMVC/DeletingItems/Sync": 73.70214446083209,
  "EmberJS-TodoMVC/DeletingItems/total": 77.26947378869232,
  "EmberJS-TodoMVC/total": 398.25721477934405,
  "Flight-TodoMVC/Adding100Items/Async": 33.32919460860882,
  "Flight-TodoMVC/Adding100Items/Sync": 78.4441222618703,
  "Flight-TodoMVC/Adding100Items/total": 111.78765439252992,
  "Flight-TodoMVC/CompletingAllItems/Async": 25.233700516745902,
  "Flight-TodoMVC/CompletingAllItems/Sync": 85.09670750425259,
  "Flight-TodoMVC/CompletingAllItems/total": 110.3564290807184,
  "Flight-TodoMVC/DeletingItems/Async": 5.7292276517942184,
  "Flight-TodoMVC/DeletingItems/Sync": 69.80555381397286,
  "Flight-TodoMVC/DeletingItems/total": 80.42289001396871,
  "Flight-TodoMVC/total": 303.64785087255467,
  "Inferno-TodoMVC/Adding100Items/Async": 37.90630584629751,
  "Inferno-TodoMVC/Adding100Items/Sync": 42.993654846068765,
  "Inferno-TodoMVC/Adding100Items/total": 81.00011936067413,
  "Inferno-TodoMVC/CompletingAllItems/Async": 6.465070299236435,
  "Inferno-TodoMVC/CompletingAllItems/Sync": 84.26929402290193,
  "Inferno-TodoMVC/CompletingAllItems/total": 90.73956041899204,
  "Inferno-TodoMVC/DeletingItems/Async": 3.4180352161102756,
  "Inferno-TodoMVC/DeletingItems/Sync": 207.0972852188437,
  "Inferno-TodoMVC/DeletingItems/total": 210.55097156051124,
  "Inferno-TodoMVC/total": 382.3110701119316,
  "Preact-TodoMVC/Adding100Items/Async": 38.096081058424886,
  "Preact-TodoMVC/Adding100Items/Sync": 5.019341304016687,
  "Preact-TodoMVC/Adding100Items/total": 43.12155955387809,
  "Preact-TodoMVC/CompletingAllItems/Async": 16.171987839421995,
  "Preact-TodoMVC/CompletingAllItems/Sync": 3.0237258206587576,
  "Preact-TodoMVC/CompletingAllItems/total": 19.199811604684026,
  "Preact-TodoMVC/DeletingItems/Async": 4.50904180601643,
  "Preact-TodoMVC/DeletingItems/Sync": 1.6523728693051827,
  "Preact-TodoMVC/DeletingItems/total": 6.178968812159333,
  "Preact-TodoMVC/total": 68.52860410036729,
  "React-Redux-TodoMVC/Adding100Items/Async": 33.733839966404965,
  "React-Redux-TodoMVC/Adding100Items/Sync": 136.65217660691084,
  "React-Redux-TodoMVC/Adding100Items/total": 170.5620274897063,
  "React-Redux-TodoMVC/CompletingAllItems/Async": 27.615361955880516,
  "React-Redux-TodoMVC/CompletingAllItems/Sync": 151.21605415319297,
  "React-Redux-TodoMVC/CompletingAllItems/total": 179.2963221923512,
  "React-Redux-TodoMVC/DeletingItems/Async": 3.956148821496021,
  "React-Redux-TodoMVC/DeletingItems/Sync": 111.43503218672751,
  "React-Redux-TodoMVC/DeletingItems/total": 115.57916838753236,
  "React-Redux-TodoMVC/total": 469.18884431938153,
  "React-TodoMVC/Adding100Items/Async": 35.573956468125964,
  "React-TodoMVC/Adding100Items/Sync": 109.8088503166932,
  "React-TodoMVC/Adding100Items/total": 145.57134745598157,
  "React-TodoMVC/CompletingAllItems/Async": 27.887361165980526,
  "React-TodoMVC/CompletingAllItems/Sync": 63.55966869759396,
  "React-TodoMVC/CompletingAllItems/total": 91.46281429229789,
  "React-TodoMVC/DeletingAllItems/Async": 3.0273469787361664,
  "React-TodoMVC/DeletingAllItems/Sync": 47.6585971693764,
  "React-TodoMVC/DeletingAllItems/total": 50.7092473951382,
  "React-TodoMVC/total": 288.10244803598096,
  "Vanilla-ES2015-Babel-Webpack-TodoMVC/Adding100Items/Async": 35.36247316067783,
  "Vanilla-ES2015-Babel-Webpack-TodoMVC/Adding100Items/Sync": 296.3996950862094,
  "Vanilla-ES2015-Babel-Webpack-TodoMVC/Adding100Items/total": 331.79911108262843,
  "Vanilla-ES2015-Babel-Webpack-TodoMVC/CompletingAllItems/Async": 26.727413617503295,
  "Vanilla-ES2015-Babel-Webpack-TodoMVC/CompletingAllItems/Sync": 63.839602549917544,
  "Vanilla-ES2015-Babel-Webpack-TodoMVC/CompletingAllItems/total": 90.58540557442458,
  "Vanilla-ES2015-Babel-Webpack-TodoMVC/DeletingItems/Async": 3.1326041936850046,
  "Vanilla-ES2015-Babel-Webpack-TodoMVC/DeletingItems/Sync": 40.384484856203535,
  "Vanilla-ES2015-Babel-Webpack-TodoMVC/DeletingItems/total": 43.540037536813266,
  "Vanilla-ES2015-Babel-Webpack-TodoMVC/total": 465.9502847786375,
  "Vanilla-ES2015-TodoMVC/Adding100Items/Async": 34.83556623518328,
  "Vanilla-ES2015-TodoMVC/Adding100Items/Sync": 301.6183000845392,
  "Vanilla-ES2015-TodoMVC/Adding100Items/total": 336.5054088617002,
  "Vanilla-ES2015-TodoMVC/CompletingAllItems/Async": 26.31831878064748,