{
  "browser-setup": 3.29983,
  "browser-tear_down": 0.217924,
  "probes-creation": 0.000198,
  "probes-setup": 0.000167,
  "probes-start": 8e-05,
  "run": 107.976329,
  "runner-cooldown": 2.002071
}