{
  "Angular2-TypeScript-TodoMVC/Adding100Items/Async": 31.29381967554199,
  "Angular2-TypeScript-TodoMVC/Adding100Items/Sync": 41.889410140633785,
  "Angular2-TypeScript-TodoMVC/Adding100Items/total": 73.214156930602,
  "Angular2-TypeScript-TodoMVC/CompletingAllItems/Async": 12.778895399549052,
  "Angular2-TypeScript-TodoMVC/CompletingAllItems/Sync": 8.449800221892973,
  "Angular2-TypeScript-TodoMVC/CompletingAllItems/total": 21.231219610245095,
  "Angular2-TypeScript-TodoMVC/DeletingItems/Async": 2.612341552814942,
  "Angular2-TypeScript-TodoMVC/DeletingItems/Sync": 16.25087477028194,
  "Angular2-TypeScript-TodoMVC/DeletingItems/total": 18.867292022399084,
  "Angular2-TypeScript-TodoMVC/total": 113.32294104977544,
  "AngularJS-TodoMVC/Adding100Items/Async": 41.92652514458866,
  "AngularJS-TodoMVC/Adding100Items/Sync": 175.2107761743232,
  "AngularJS-TodoMVC/Adding100Items/total": 217.53220517860382,
  "AngularJS-TodoMVC/CompletingAllItems/Async": 25.575970509418205,
  "AngularJS-TodoMVC/CompletingAllItems/Sync": 55.908999712450125,
  "AngularJS-TodoMVC/CompletingAllItems/total": 81.81258598620943,
  "AngularJS-TodoMVC/DeletingAllItems/Async": 14.124930617889884,
  "AngularJS-TodoMVC/DeletingAllItems/Sync": 172.68824399238517,
  "AngularJS-TodoMVC/DeletingAllItems/total": 186.91520335339055,
  "AngularJS-TodoMVC/total": 489.9743991271584,
  "BackboneJS-TodoMVC/Adding100Items/Async": 36.31300395473444,
  "BackboneJS-TodoMVC/Adding100Items/Sync": 56.5834691499719,
  "BackboneJS-TodoMVC/Adding100Items/total": 93.02604302753977,
  "BackboneJS-TodoMVC/CompletingAllItems/Async": 27.533855853365832,
  "BackboneJS-TodoMVC/CompletingAllItems/Sync": 38.41647721661651,
  "BackboneJS-TodoMVC/CompletingAllItems/total": 66.01051205548272,
  "BackboneJS-TodoMVC/DeletingAllItems/Async": 3.400050136891697,
  "BackboneJS-TodoMVC/DeletingAllItems/Sync": 26.28374662045511,
  "BackboneJS-TodoMVC/DeletingAllItems/total": 29.713591038302777,
  "BackboneJS-TodoMVC/total": 188.78815120385602,
  "Elm-TodoMVC/Adding100Items/Async": 47.796481899796326,
  "Elm-TodoMVC/Adding100Items/Sync": 120.44592501246281,
  "Elm-TodoMVC/Adding100Items/total": 171.11803891053472,
  "Elm-TodoMVC/CompletingAllItems/Async": 31.39856881306404,
  "Elm-TodoMVC/CompletingAllItems/Sync": 82.36097201268824,
  "Elm-TodoMVC/CompletingAllItems/total": 113.90865568518001,
  "Elm-TodoMVC/DeletingItems/Async": 9.7576125028959,
  "Elm-TodoMVC/DeletingItems/Sync": 116.51395281448441,
  "Elm-TodoMVC/DeletingItems/total": 126.990372943638,
  "Elm-TodoMVC/total": 424.40727320337976,
  "EmberJS-Debug-TodoMVC/Adding100Items/Async": 38.888451734574176,
  "EmberJS-Debug-TodoMVC/Adding100Items/Sync": 405.1841233533181,
  "EmberJS-Debug-TodoMVC/Adding100Items/total": 444.0986253994268,
  "EmberJS-Debug-TodoMVC/CompletingAllItems/Async": 27.84085282692794,
  "EmberJS-Debug-TodoMVC/CompletingAllItems/Sync": 303.90081576203266,
  "EmberJS-Debug-TodoMVC/CompletingAllItems/total": 331.80335701784384,
  "EmberJS-Debug-TodoMVC/DeletingItems/Async": 10.30638156131726,
  "EmberJS-Debug-TodoMVC/DeletingItems/Sync": 295.6434878125703,
  "EmberJS-Debug-TodoMVC/DeletingItems/total": 308.55351760739967,
  "EmberJS-Debug-TodoMVC/total": 1091.272058019944,
  "EmberJS-TodoMVC/Adding100Items/Async": 33.63361588573248,
  "EmberJS-TodoMVC/Adding100Items/Sync": 141.3538653578068,
  "EmberJS-TodoMVC/Adding100Items/total": 175.05635881219388,
  "EmberJS-TodoMVC/CompletingAllItems/Async": 25.810413074307036,
  "EmberJS-TodoMVC/CompletingAllItems/Sync": 93.47403044384389,
  "EmberJS-TodoMVC/CompletingAllItems/total": 119.31005224797954,
  "EmberJS-TodoMVC/DeletingItems/Async": 3.4603404073036304,
  "EmberJS-TodoMVC/DeletingItems/Sync": 69.2908519712258,
  "EmberJS-TodoMVC/DeletingItems/total": 73.55104917037906,
  "EmberJS-TodoMVC/total": 371.3636156132706,
  "Flight-TodoMVC/Adding100Items/Async": 32.61225905453992,
  "Flight-TodoMVC/Adding100Items/Sync": 80.91296511882997,
  "Flight-TodoMVC/Adding100Items/total": 113.54008861278638,
  "Flight-TodoMVC/CompletingAllItems/Async": 24.871768494941254,
  "Flight-TodoMVC/CompletingAllItems/Sync": 93.59162770458742,
  "Flight-TodoMVC/CompletingAllItems/total": 118.68022520746896,
  "Flight-TodoMVC/DeletingItems/Async": 4.096672378006327,
  "Flight-TodoMVC/DeletingItems/Sync": 71.27001015473742,
  "Flight-TodoMVC/DeletingItems/total": 77.18151477329499,
  "Flight-TodoMVC/total": 309.81553914856914,
  "Inferno-TodoMVC/Adding100Items/Async": 37.76077314963234,
  "Inferno-TodoMVC/Adding100Items/Sync": 44.00752695486844,
  "Inferno-TodoMVC/Adding100Items/total": 81.83008591236403,
  "Inferno-TodoMVC/CompletingAllItems/Async": 6.1880088640500635,
  "Inferno-TodoMVC/CompletingAllItems/Sync": 85.79099209970445,
  "Inferno-TodoMVC/CompletingAllItems/total": 91.98339613898354,
  "Inferno-TodoMVC/DeletingItems/Async": 2.93391090526831,
  "Inferno-TodoMVC/DeletingItems/Sync": 208.72736543597495,
  "Inferno-TodoMVC/DeletingItems/total": 211.66457572584486,
  "Inferno-TodoMVC/total": 385.6054663942292,
  "Preact-TodoMVC/Adding100Items/Async": 36.89309214307091,
  "Preact-TodoMVC/Adding100Items/Sync": 5.0725222556961524,
  "Preact-TodoMVC/Adding100Items/total": 41.97190321610301,
  "Preact-TodoMVC/CompletingAllItems/Async": 16.871296862394008,
  "Preact-TodoMVC/CompletingAllItems/Sync": 2.9968536710014315,
  "Preact-TodoMVC/CompletingAllItems/total": 19.891799778616313,
  "Preact-TodoMVC/DeletingItems/Async": 4.375372647898353,
  "Preact-TodoMVC/DeletingItems/Sync": 1.7228854901330632,
  "Preact-TodoMVC/DeletingItems/total": 6.118582128831742,
  "Preact-TodoMVC/total": 68.09566496116568,
  "React-Redux-TodoMVC/Adding100Items/Async": 34.18148140831768,
  "React-Redux-TodoMVC/Adding100Items/Sync": 142.09678878170885,
  "React-Redux-TodoMVC/Adding100Items/total": 176.66611247172813,
  "React-Redux-TodoMVC/CompletingAllItems/Async": 25.52798368453499,
  "React-Redux-TodoMVC/CompletingAllItems/Sync": 138.43623482414154,
  "React-Redux-TodoMVC/CompletingAllItems/total": 164.13038903619716,
  "React-Redux-TodoMVC/DeletingItems/Async": 5.218944059310965,
  "React-Redux-TodoMVC/DeletingItems/Sync": 108.27758793866708,
  "React-Redux-TodoMVC/DeletingItems/total": 114.036790378612,
  "React-Redux-TodoMVC/total": 461.20960571735304,
  "React-TodoMVC/Adding100Items/Async": 35.13946686477418,
  "React-TodoMVC/Adding100Items/Sync": 107.72291024634924,
  "React-TodoMVC/Adding100Items/total": 142.8951234987466,
  "React-TodoMVC/CompletingAllItems/Async": 26.469923660942595,
  "React-TodoMVC/CompletingAllItems/Sync": 70.8754781236833,
  "React-TodoMVC/CompletingAllItems/total": 97.98071910392575,
  "React-TodoMVC/DeletingAllItems/Async": 3.8350214995805443,
  "React-TodoMVC/DeletingAllItems/Sync": 46.95639058301415,
  "React-TodoMVC/DeletingAllItems/total": 51.770713843255606,
  "React-TodoMVC/total": 296.01421253708594,
  "Vanilla-ES2015-Babel-Webpack-TodoMVC/Adding100Items/Async": 35.55198089382128,
  "Vanilla-ES2015-Babel-Webpack-TodoMVC/Adding100Items/Sync": 322.48072537079554,
  "Vanilla-ES2015-Babel-Webpack-TodoMVC/Adding100Items/total": 358.17953932139795,
  "Vanilla-ES2015-Babel-Webpack-TodoMVC/CompletingAllItems/Async": 27.439642166422928,
  "Vanilla-ES2015-Babel-Webpack-TodoMVC/CompletingAllItems/Sync": 65.41333179205704,
  "Vanilla-ES2015-Babel-Webpack-TodoMVC/CompletingAllItems/total": 92.89713190371667,
  "Vanilla-ES2015-Babel-Webpack-TodoMVC/DeletingItems/Async": 3.748565937805596,
  "Vanilla-ES2015-Babel-Webpack-TodoMVC/DeletingItems/Sync": 41.134013827282935,
  "Vanilla-ES2015-Babel-Webpack-TodoMVC/DeletingItems/total": 45.48887240090189,
  "Vanilla-ES2015-Babel-Webpack-TodoMVC/total": 497.150503204319,
  "Vanilla-ES2015-TodoMVC/Adding100Items/Async": 34.05564543156457,
  "Vanilla-ES2015-TodoMVC/Adding100Items/Sync": 302.0160485487023,
  "Vanilla-ES2015-TodoMVC/Adding100Items/total": 336.09314784734374,
  "Vanilla-ES2015-TodoMVC/CompletingAllItems/Async": 26.18645393218304,