{
  "Angular2-TypeScript-TodoMVC/Adding100Items/Async": 32.447558599345214,
  "Angular2-TypeScript-TodoMVC/Adding100Items/Sync": 42.00996020767236,
  "Angular2-TypeScript-TodoMVC/Adding100Items/total": 74.5791154542463,
  "Angular2-TypeScript-TodoMVC/CompletingAllItems/Async": 12.871286717599174,
  "Angular2-TypeScript-TodoMVC/CompletingAllItems/Sync": 8.542399833620351,
  "Angular2-TypeScript-TodoMVC/CompletingAllItems/total": 21.419203173509132,
  "Angular2-TypeScript-TodoMVC/DeletingItems/Async": 2.6232064921093596,
  "Angular2-TypeScript-TodoMVC/DeletingItems/Sync": 16.46880536886942,
  "Angular2-TypeScript-TodoMVC/DeletingItems/total": 19.095719420896245,
  "Angular2-TypeScript-TodoMVC/total": 115.1526343078385,
  "AngularJS-TodoMVC/Adding100Items/Async": 40.521256768429524,
  "AngularJS-TodoMVC/Adding100Items/Sync": 152.9075626485663,
  "AngularJS-TodoMVC/Adding100Items/total": 193.43378499497092,
  "AngularJS-TodoMVC/CompletingAllItems/Async": 25.497189692910762,
  "AngularJS-TodoMVC/CompletingAllItems/Sync": 60.92552188790657,
  "AngularJS-TodoMVC/CompletingAllItems/total": 86.77721725772548,
  "AngularJS-TodoMVC/DeletingAllItems/Async": 14.961997875655376,
  "AngularJS-TodoMVC/DeletingAllItems/Sync": 168.49529313893618,
  "AngularJS-TodoMVC/DeletingAllItems/total": 183.52799486197293,
  "AngularJS-TodoMVC/total": 468.3077759028101,
  "BackboneJS-TodoMVC/Adding100Items/Async": 36.521757014983265,
  "BackboneJS-TodoMVC/Adding100Items/Sync": 54.92269863959081,
  "BackboneJS-TodoMVC/Adding100Items/total": 91.45623512612588,
  "BackboneJS-TodoMVC/CompletingAllItems/Async": 27.843238299884153,
  "BackboneJS-TodoMVC/CompletingAllItems/Sync": 37.82180737997355,
  "BackboneJS-TodoMVC/CompletingAllItems/total": 65.66640144902259,
  "BackboneJS-TodoMVC/DeletingAllItems/Async": 3.30088192468148,
  "BackboneJS-TodoMVC/DeletingAllItems/Sync": 25.81472444813105,
  "BackboneJS-TodoMVC/DeletingAllItems/total": 29.132738535798495,
  "BackboneJS-TodoMVC/total": 186.28640290709643,
  "Elm-TodoMVC/Adding100Items/Async": 47.80690164417767,
  "Elm-TodoMVC/Adding100Items/Sync": 109.82485802097528,
  "Elm-TodoMVC/Adding100Items/total": 159.87413038613536,
  "Elm-TodoMVC/CompletingAllItems/Async": 31.44060565305044,
  "Elm-TodoMVC/CompletingAllItems/Sync": 94.71424101069123,
  "Elm-TodoMVC/CompletingAllItems/total": 126.96843478188435,
  "Elm-TodoMVC/DeletingItems/Async": 9.075956660546249,
  "Elm-TodoMVC/DeletingItems/Sync": 98.30050036679437,
  "Elm-TodoMVC/DeletingItems/total": 107.7775176536025,
  "Elm-TodoMVC/total": 404.0388716270575,
  "EmberJS-Debug-TodoMVC/Adding100Items/Async": 37.753794660916974,
  "EmberJS-Debug-TodoMVC/Adding100Items/Sync": 396.77185471709754,
  "EmberJS-Debug-TodoMVC/Adding100Items/total": 434.57046493421865,
  "EmberJS-Debug-TodoMVC/CompletingAllItems/Async": 25.99378219873458,
  "EmberJS-Debug-TodoMVC/CompletingAllItems/Sync": 291.2058417344438,
  "EmberJS-Debug-TodoMVC/CompletingAllItems/total": 317.29603819525045,
  "EmberJS-Debug-TodoMVC/DeletingItems/Async": 6.826127754771923,
  "EmberJS-Debug-TodoMVC/DeletingItems/Sync": 309.31768643092937,
  "EmberJS-Debug-TodoMVC/DeletingItems/total": 317.4032796544718,
  "EmberJS-Debug-TodoMVC/total": 1078.0234314229447,
  "EmberJS-TodoMVC/Adding100Items/Async": 35.371772391707204,
  "EmberJS-TodoMVC/Adding100Items/Sync": 163.3648932225644,
  "EmberJS-TodoMVC/Adding100Items/total": 199.21351873975763,
  "EmberJS-TodoMVC/CompletingAllItems/Async": 26.969049049642777,
  "EmberJS-TodoMVC/CompletingAllItems/Sync": 95.61802631056464,
  "EmberJS-TodoMVC/CompletingAllItems/total": 122.67000153089035,
  "EmberJS-TodoMVC/DeletingItems/Async": 4.3046864156294395,
  "EmberJS-TodoMVC/DeletingItems/Sync": 64.72297396152373,
  "EmberJS-TodoMVC/DeletingItems/total": 69.97029569997491,
  "EmberJS-TodoMVC/total": 393.8977609057902,
  "Flight-TodoMVC/Adding100Items/Async": 32.416686283830096,
  "Flight-TodoMVC/Adding100Items/Sync": 77.4756622713467,
  "Flight-TodoMVC/Adding100Items/total": 109.9009009313426,
  "Flight-TodoMVC/CompletingAllItems/Async": 25.43232453322247,
  "Flight-TodoMVC/CompletingAllItems/Sync": 88.78906184050102,
  "Flight-TodoMVC/CompletingAllItems/total": 114.35264825422352,
  "Flight-TodoMVC/DeletingItems/Async": 3.37724138375896,
  "Flight-TodoMVC/DeletingItems/Sync": 80.09019765146807,
  "Flight-TodoMVC/DeletingItems/total": 83.46947827556117,
  "Flight-TodoMVC/total": 311.0877304667627,
  "Inferno-TodoMVC/Adding100Items/Async": 37.36511751631071,
  "Inferno-TodoMVC/Adding100Items/Sync": 43.92884504600124,
  "Inferno-TodoMVC/Adding100Items/total": 81.43029824217717,
  "Inferno-TodoMVC/CompletingAllItems/Async": 6.632494560310645,
  "Inferno-TodoMVC/CompletingAllItems/Sync": 87.32727364397753,
  "Inferno-TodoMVC/CompletingAllItems/total": 94.09148186401465,
  "Inferno-TodoMVC/DeletingItems/Async": 3.242478301022052,
  "Inferno-TodoMVC/DeletingItems/Sync": 220.5993016084017,
  "Inferno-TodoMVC/DeletingItems/total": 223.91799750142164,
  "Inferno-TodoMVC/total": 400.8228575572556,
  "Preact-TodoMVC/Adding100Items/Async": 38.314838121596175,
  "Preact-TodoMVC/Adding100Items/Sync": 5.008574561821063,
  "Preact-TodoMVC/Adding100Items/total": 43.3487629477051,
  "Preact-TodoMVC/CompletingAllItems/Async": 16.41055848703891,
  "Preact-TodoMVC/CompletingAllItems/Sync": 3.280930849720741,
  "Preact-TodoMVC/CompletingAllItems/total": 19.705407076067196,
  "Preact-TodoMVC/DeletingItems/Async": 4.714872922472998,
  "Preact-TodoMVC/DeletingItems/Sync": 1.661934414795998,
  "Preact-TodoMVC/DeletingItems/total": 6.394235643352284,
  "Preact-TodoMVC/total": 69.4999351409789,
  "React-Redux-TodoMVC/Adding100Items/Async": 34.932023359301276,
  "React-Redux-TodoMVC/Adding100Items/Sync": 137.59103724099973,
  "React-Redux-TodoMVC/Adding100Items/total": 172.9972086750231,
  "React-Redux-TodoMVC/CompletingAllItems/Async": 25.07355184336589,
  "React-Redux-TodoMVC/CompletingAllItems/Sync": 144.81610208061483,
  "React-Redux-TodoMVC/CompletingAllItems/total": 170.13394911021564,
  "React-Redux-TodoMVC/DeletingItems/Async": 4.922811430866113,
  "React-Redux-TodoMVC/DeletingItems/Sync": 101.49853963336446,
  "React-Redux-TodoMVC/DeletingItems/total": 107.40945697439004,
  "React-Redux-TodoMVC/total": 454.366266353522,
  "React-TodoMVC/Adding100Items/Async": 35.87732121270518,
  "React-TodoMVC/Adding100Items/Sync": 123.02942961419721,
  "React-TodoMVC/Adding100Items/total": 159.63507492116332,
  "React-TodoMVC/CompletingAllItems/Async": 27.817559406246755,
  "React-TodoMVC/CompletingAllItems/Sync": 72.57842265284043,
  "React-TodoMVC/CompletingAllItems/total": 101.10158693558542,
  "React-TodoMVC/DeletingAllItems/Async": 4.146557978663553,
  "React-TodoMVC/DeletingAllItems/Sync": 55.047530563292916,
  "React-TodoMVC/DeletingAllItems/total": 60.24083210190172,
  "React-TodoMVC/total": 330.2571548998372,
  "Vanilla-ES2015-Babel-Webpack-TodoMVC/Adding100Items/Async": 35.18354789567773,
  "Vanilla-ES2015-Babel-Webpack-TodoMVC/Adding100Items/Sync": 292.3178679238528,
  "Vanilla-ES2015-Babel-Webpack-TodoMVC/Adding100Items/total": 327.71199266374026,
  "Vanilla-ES2015-Babel-Webpack-TodoMVC/CompletingAllItems/Async": 25.93738809593356,
  "Vanilla-ES2015-Babel-Webpack-TodoMVC/CompletingAllItems/Sync": 61.73363249479258,
  "Vanilla-ES2015-Babel-Webpack-TodoMVC/CompletingAllItems/total": 87.68045912618395,
  "Vanilla-ES2015-Babel-Webpack-TodoMVC/DeletingItems/Async": 2.8482031423587046,
  "Vanilla-ES2015-Babel-Webpack-TodoMVC/DeletingItems/Sync": 39.41185948137498,
  "Vanilla-ES2015-Babel-Webpack-TodoMVC/DeletingItems/total": 42.261408587463634,
  "Vanilla-ES2015-Babel-Webpack-TodoMVC/total": 457.66974694544814,
  "Vanilla-ES2015-TodoMVC/Adding100Items/Async": 33.212161580478345,
  "Vanilla-ES2015-TodoMVC/Adding100Items/Sync": 299.0564498619535,
  "Vanilla-ES2015-TodoMVC/Adding100Items/total": 332.32395977522856,
  "Vanilla-ES2015-TodoMVC/CompletingAllItems/Async": 25.7300316767127,