{
  "browser-setup": 3.29496,
  "browser-tear_down": 0.223804,
  "probes-creation": 0.000194,
  "probes-setup": 0.000171,
  "probes-start": 7.9e-05,
  "run": 108.013551,
  "runner-cooldown": 2.002068
}