{
  "Angular2-TypeScript-TodoMVC/Adding100Items/Async": 31.2440936503503,
  "Angular2-TypeScript-TodoMVC/Adding100Items/Sync": 41.50550518773322,
  "Angular2-TypeScript-TodoMVC/Adding100Items/total": 72.79643510820435,
  "Angular2-TypeScript-TodoMVC/CompletingAllItems/Async": 12.85375098707679,
  "Angular2-TypeScript-TodoMVC/CompletingAllItems/Sync": 8.486895585975109,
  "Angular2-TypeScript-TodoMVC/CompletingAllItems/total": 21.346551841782226,
  "Angular2-TypeScript-TodoMVC/DeletingItems/Async": 2.4908221951557743,
  "Angular2-TypeScript-TodoMVC/DeletingItems/Sync": 16.052608646361058,
  "Angular2-TypeScript-TodoMVC/DeletingItems/total": 18.546432368261524,
  "Angular2-TypeScript-TodoMVC/total": 112.7038827317177,
  "AngularJS-TodoMVC/Adding100Items/Async": 40.651257780678506,
  "AngularJS-TodoMVC/Adding100Items/Sync": 151.11652076767322,
  "AngularJS-TodoMVC/Adding100Items/total": 191.77600254264786,
  "AngularJS-TodoMVC/CompletingAllItems/Async": 22.946216353900592,
  "AngularJS-TodoMVC/CompletingAllItems/Sync": 53.68004067762218,
  "AngularJS-TodoMVC/CompletingAllItems/total": 76.7424418244189,
  "AngularJS-TodoMVC/DeletingAllItems/Async": 14.257483507100888,
  "AngularJS-TodoMVC/DeletingAllItems/Sync": 166.07012260405241,
  "AngularJS-TodoMVC/DeletingAllItems/total": 180.37626735487729,
  "AngularJS-TodoMVC/total": 450.8008660877713,
  "BackboneJS-TodoMVC/Adding100Items/Async": 36.33133134344356,
  "BackboneJS-TodoMVC/Adding100Items/Sync": 55.98417407778119,
  "BackboneJS-TodoMVC/Adding100Items/total": 92.33491825343444,
  "BackboneJS-TodoMVC/CompletingAllItems/Async": 27.533072468343693,
  "BackboneJS-TodoMVC/CompletingAllItems/Sync": 37.64263702182801,
  "BackboneJS-TodoMVC/CompletingAllItems/total": 65.17991981781836,
  "BackboneJS-TodoMVC/DeletingAllItems/Async": 3.373794979068934,
  "BackboneJS-TodoMVC/DeletingAllItems/Sync": 25.411906454507797,
  "BackboneJS-TodoMVC/DeletingAllItems/total": 28.80383181378989,
  "BackboneJS-TodoMVC/total": 186.33604907099715,
  "Elm-TodoMVC/Adding100Items/Async": 44.78012391955159,
  "Elm-TodoMVC/Adding100Items/Sync": 85.05318906796109,
  "Elm-TodoMVC/Adding100Items/total": 129.85996802752902,
  "Elm-TodoMVC/CompletingAllItems/Async": 28.423153553624527,
  "Elm-TodoMVC/CompletingAllItems/Sync": 83.03000959200313,
  "Elm-TodoMVC/CompletingAllItems/total": 111.46852241501317,
  "Elm-TodoMVC/DeletingItems/Async": 7.405522257134,
  "Elm-TodoMVC/DeletingItems/Sync": 95.3417103077114,
  "Elm-TodoMVC/DeletingItems/total": 102.76047847511403,
  "Elm-TodoMVC/total": 344.1582493537164,
  "EmberJS-Debug-TodoMVC/Adding100Items/Async": 38.755862960939346,
  "EmberJS-Debug-TodoMVC/Adding100Items/Sync": 404.97856245409247,
  "EmberJS-Debug-TodoMVC/Adding100Items/total": 443.9218100208809,
  "EmberJS-Debug-TodoMVC/CompletingAllItems/Async": 24.524009374045388,
  "EmberJS-Debug-TodoMVC/CompletingAllItems/Sync": 271.2357112899036,
  "EmberJS-Debug-TodoMVC/CompletingAllItems/total": 295.7656226081874,
  "EmberJS-Debug-TodoMVC/DeletingItems/Async": 4.0071112398769575,
  "EmberJS-Debug-TodoMVC/DeletingItems/Sync": 286.7409387272637,
  "EmberJS-Debug-TodoMVC/DeletingItems/total": 291.3734587261534,
  "EmberJS-Debug-TodoMVC/total": 1033.055437867078,
  "EmberJS-TodoMVC/Adding100Items/Async": 35.5985285059458,
  "EmberJS-TodoMVC/Adding100Items/Sync": 161.1134980728444,
  "EmberJS-TodoMVC/Adding100Items/total": 197.1575853581446,
  "EmberJS-TodoMVC/CompletingAllItems/Async": 27.210985834555203,
  "EmberJS-TodoMVC/CompletingAllItems/Sync": 104.16082922633593,
  "EmberJS-TodoMVC/CompletingAllItems/total": 131.72703696813556,
  "EmberJS-TodoMVC/DeletingItems/Async": 4.067377421061292,
  "EmberJS-TodoMVC/DeletingItems/Sync": 65.48013926662351,
  "EmberJS-TodoMVC/DeletingItems/total": 70.0322855196041,
  "EmberJS-TodoMVC/total": 403.0570710883804,
  "Flight-TodoMVC/Adding100Items/Async": 32.012186213621355,
  "Flight-TodoMVC/Adding100Items/Sync": 77.35479667970121,
  "Flight-TodoMVC/Adding100Items/total": 109.36982876093744,
  "Flight-TodoMVC/CompletingAllItems/Async": 24.36053955965273,
  "Flight-TodoMVC/CompletingAllItems/Sync": 84.51455122014491,
  "Flight-TodoMVC/CompletingAllItems/total": 108.87577166929593,
  "Flight-TodoMVC/DeletingItems/Async": 2.749545274765819,
  "Flight-TodoMVC/DeletingItems/Sync": 69.09288304566878,
  "Flight-TodoMVC/DeletingItems/total": 71.843396818118,
  "Flight-TodoMVC/total": 290.09683199545,
  "Inferno-TodoMVC/Adding100Items/Async": 37.496478211515544,
  "Inferno-TodoMVC/Adding100Items/Sync": 50.247252859327894,
  "Inferno-TodoMVC/Adding100Items/total": 88.98625353721891,
  "Inferno-TodoMVC/CompletingAllItems/Async": 6.789021930749867,
  "Inferno-TodoMVC/CompletingAllItems/Sync": 88.00856082413961,
  "Inferno-TodoMVC/CompletingAllItems/total": 95.16543348817176,
  "Inferno-TodoMVC/DeletingItems/Async": 3.1159232143420605,
  "Inferno-TodoMVC/DeletingItems/Sync": 203.6560318487188,
  "Inferno-TodoMVC/DeletingItems/total": 206.96444549852612,
  "Inferno-TodoMVC/total": 393.54934831193947,
  "Preact-TodoMVC/Adding100Items/Async": 36.12994766304857,
  "Preact-TodoMVC/Adding100Items/Sync": 4.9863268691035945,
  "Preact-TodoMVC/Adding100Items/total": 41.12424560052366,
  "Preact-TodoMVC/CompletingAllItems/Async": 16.80338372923959,
  "Preact-TodoMVC/CompletingAllItems/Sync": 3.0259025432684563,
  "Preact-TodoMVC/CompletingAllItems/total": 19.867391330115044,
  "Preact-TodoMVC/DeletingItems/Async": 4.284474261686302,
  "Preact-TodoMVC/DeletingItems/Sync": 1.5852185899065354,
  "Preact-TodoMVC/DeletingItems/total": 5.885737976476649,
  "Preact-TodoMVC/total": 66.98755633101524,
  "React-Redux-TodoMVC/Adding100Items/Async": 33.23034516430638,
  "React-Redux-TodoMVC/Adding100Items/Sync": 126.66765255602922,
  "React-Redux-TodoMVC/Adding100Items/total": 159.93310543575828,
  "React-Redux-TodoMVC/CompletingAllItems/Async": 31.555825768954563,
  "React-Redux-TodoMVC/CompletingAllItems/Sync": 152.90297028353123,
  "React-Redux-TodoMVC/CompletingAllItems/total": 190.53338515609258,
  "React-Redux-TodoMVC/DeletingItems/Async": 4.707024951836359,
  "React-Redux-TodoMVC/DeletingItems/Sync": 89.81330592165395,
  "React-Redux-TodoMVC/DeletingItems/total": 95.10782840312328,
  "React-Redux-TodoMVC/total": 450.06746337967036,
  "React-TodoMVC/Adding100Items/Async": 34.31054639854022,
  "React-TodoMVC/Adding100Items/Sync": 105.06612580291728,
  "React-TodoMVC/Adding100Items/total": 139.40852932415677,
  "React-TodoMVC/CompletingAllItems/Async": 26.631285126248432,
  "React-TodoMVC/CompletingAllItems/Sync": 72.06911445901677,
  "React-TodoMVC/CompletingAllItems/total": 99.33325466941518,
  "React-TodoMVC/DeletingAllItems/Async": 3.011846025497947,
  "React-TodoMVC/DeletingAllItems/Sync": 45.430404198792196,
  "React-TodoMVC/DeletingAllItems/total": 48.601362132097016,
  "React-TodoMVC/total": 290.27183679343193,
  "Vanilla-ES2015-Babel-Webpack-TodoMVC/Adding100Items/Async": 35.17642031221196,
  "Vanilla-ES2015-Babel-Webpack-TodoMVC/Adding100Items/Sync": 306.6759188720355,
  "Vanilla-ES2015-Babel-Webpack-TodoMVC/Adding100Items/total": 341.93664054809267,
  "Vanilla-ES2015-Babel-Webpack-TodoMVC/CompletingAllItems/Async": 25.330007183191714,
  "Vanilla-ES2015-Babel-Webpack-TodoMVC/CompletingAllItems/Sync": 63.77523639223281,
  "Vanilla-ES2015-Babel-Webpack-TodoMVC/CompletingAllItems/total": 89.14382763409736,
  "Vanilla-ES2015-Babel-Webpack-TodoMVC/DeletingItems/Async": 3.6317650465685927,
  "Vanilla-ES2015-Babel-Webpack-TodoMVC/DeletingItems/Sync": 39.97045032986369,
  "Vanilla-ES2015-Babel-Webpack-TodoMVC/DeletingItems/total": 44.235444985953485,
  "Vanilla-ES2015-Babel-Webpack-TodoMVC/total": 475.75056292105995,
  "Vanilla-ES2015-TodoMVC/Adding100Items/Async": 33.57482147892421,
  "Vanilla-ES2015-TodoMVC/Adding100Items/Sync": 299.1941561241169,
  "Vanilla-ES2015-TodoMVC/Adding100Items/total": 332.78749451754743,
  "Vanilla-ES2015-TodoMVC/CompletingAllItems/Async": 26.034261434968858,