{
  "browser-setup": 4.026442,
  "browser-tear_down": 0.289544,
  "probes-creation": 0.000132,
  "probes-setup": 0.000102,
  "probes-start": 6.1e-05,
  "run": 133.006316,
  "runner-cooldown": 2.002051
}