{
  "browser-setup": 3.324908,
  "browser-tear_down": 0.303075,
  "probes-creation": 0.000214,
  "probes-setup": 0.000167,
  "probes-start": 7.3e-05,
  "run": 110.555269,
  "runner-cooldown": 2.001809
}