{
  "Angular2-TypeScript-TodoMVC/Adding100Items/Async": 32.294737027534936,
  "Angular2-TypeScript-TodoMVC/Adding100Items/Sync": 42.34326512222736,
  "Angular2-TypeScript-TodoMVC/Adding100Items/total": 74.68494270514879,
  "Angular2-TypeScript-TodoMVC/CompletingAllItems/Async": 13.447796831761579,
  "Angular2-TypeScript-TodoMVC/CompletingAllItems/Sync": 8.524254769856986,
  "Angular2-TypeScript-TodoMVC/CompletingAllItems/total": 22.03869053820932,
  "Angular2-TypeScript-TodoMVC/DeletingItems/Async": 2.8674248678498833,
  "Angular2-TypeScript-TodoMVC/DeletingItems/Sync": 16.612140530773225,
  "Angular2-TypeScript-TodoMVC/DeletingItems/total": 19.48944304355392,
  "Angular2-TypeScript-TodoMVC/total": 116.40312762655432,
  "AngularJS-TodoMVC/Adding100Items/Async": 41.355096372358936,
  "AngularJS-TodoMVC/Adding100Items/Sync": 156.23334283902136,
  "AngularJS-TodoMVC/Adding100Items/total": 197.59736036872485,
  "AngularJS-TodoMVC/CompletingAllItems/Async": 25.258655611744377,
  "AngularJS-TodoMVC/CompletingAllItems/Sync": 54.52107698299399,
  "AngularJS-TodoMVC/CompletingAllItems/total": 79.82843624040558,
  "AngularJS-TodoMVC/DeletingAllItems/Async": 15.815555418817633,
  "AngularJS-TodoMVC/DeletingAllItems/Sync": 161.1093944736558,
  "AngularJS-TodoMVC/DeletingAllItems/total": 177.08300709298263,
  "AngularJS-TodoMVC/total": 454.67163029141835,
  "BackboneJS-TodoMVC/Adding100Items/Async": 41.379692398051965,
  "BackboneJS-TodoMVC/Adding100Items/Sync": 55.17124610017251,
  "BackboneJS-TodoMVC/Adding100Items/total": 96.79645880059742,
  "BackboneJS-TodoMVC/CompletingAllItems/Async": 33.23190737396931,
  "BackboneJS-TodoMVC/CompletingAllItems/Sync": 37.12594337921108,
  "BackboneJS-TodoMVC/CompletingAllItems/total": 71.50244028927185,
  "BackboneJS-TodoMVC/DeletingAllItems/Async": 4.454992521913323,
  "BackboneJS-TodoMVC/DeletingAllItems/Sync": 25.841888352617577,
  "BackboneJS-TodoMVC/DeletingAllItems/total": 30.643500153449352,
  "BackboneJS-TodoMVC/total": 199.72158793930308,
  "Elm-TodoMVC/Adding100Items/Async": 48.91140849357444,
  "Elm-TodoMVC/Adding100Items/Sync": 86.9760529519602,
  "Elm-TodoMVC/Adding100Items/total": 135.97056537495487,
  "Elm-TodoMVC/CompletingAllItems/Async": 29.940004957157203,
  "Elm-TodoMVC/CompletingAllItems/Sync": 83.9735084476108,
  "Elm-TodoMVC/CompletingAllItems/total": 113.98226159041693,
  "Elm-TodoMVC/DeletingItems/Async": 8.895339260486255,
  "Elm-TodoMVC/DeletingItems/Sync": 101.90549427119905,
  "Elm-TodoMVC/DeletingItems/total": 110.88907580576233,
  "Elm-TodoMVC/total": 361.12362817911537,
  "EmberJS-Debug-TodoMVC/Adding100Items/Async": 45.82805459995238,
  "EmberJS-Debug-TodoMVC/Adding100Items/Sync": 728.2540715179335,
  "EmberJS-Debug-TodoMVC/Adding100Items/total": 774.7072578922845,
  "EmberJS-Debug-TodoMVC/CompletingAllItems/Async": 34.70360783320067,
  "EmberJS-Debug-TodoMVC/CompletingAllItems/Sync": 300.7506830184642,
  "EmberJS-Debug-TodoMVC/CompletingAllItems/total": 335.9993702046517,
  "EmberJS-Debug-TodoMVC/DeletingItems/Async": 11.810707049127165,
  "EmberJS-Debug-TodoMVC/DeletingItems/Sync": 283.15794958090066,
  "EmberJS-Debug-TodoMVC/DeletingItems/total": 297.89137228622434,
  "EmberJS-Debug-TodoMVC/total": 1415.7641389004866,
  "EmberJS-TodoMVC/Adding100Items/Async": 35.122601861160014,
  "EmberJS-TodoMVC/Adding100Items/Sync": 151.99044231634014,
  "EmberJS-TodoMVC/Adding100Items/total": 187.15897137767584,
  "EmberJS-TodoMVC/CompletingAllItems/Async": 28.063696990741576,
  "EmberJS-TodoMVC/CompletingAllItems/Sync": 108.03455155632291,
  "EmberJS-TodoMVC/CompletingAllItems/total": 136.23621322298155,
  "EmberJS-TodoMVC/DeletingItems/Async": 3.4901711280040293,
  "EmberJS-TodoMVC/DeletingItems/Sync": 74.58324413701615,
  "EmberJS-TodoMVC/DeletingItems/total": 78.10246410453928,
  "EmberJS-TodoMVC/total": 402.68809707061155,
  "Flight-TodoMVC/Adding100Items/Async": 33.44080467720082,
  "Flight-TodoMVC/Adding100Items/Sync": 78.32425054645836,
  "Flight-TodoMVC/Adding100Items/total": 111.7848075078972,
  "Flight-TodoMVC/CompletingAllItems/Async": 25.054772924551628,
  "Flight-TodoMVC/CompletingAllItems/Sync": 85.50199790318842,
  "Flight-TodoMVC/CompletingAllItems/total": 110.55920014853662,
  "Flight-TodoMVC/DeletingItems/Async": 3.9855512685580234,
  "Flight-TodoMVC/DeletingItems/Sync": 70.19386916190356,
  "Flight-TodoMVC/DeletingItems/total": 74.73732446502899,
  "Flight-TodoMVC/total": 297.1544542843039,
  "Inferno-TodoMVC/Adding100Items/Async": 38.9151891998212,
  "Inferno-TodoMVC/Adding100Items/Sync": 42.94311013712338,
  "Inferno-TodoMVC/Adding100Items/total": 81.94582343924945,
  "Inferno-TodoMVC/CompletingAllItems/Async": 6.931700654987613,
  "Inferno-TodoMVC/CompletingAllItems/Sync": 84.45458378917826,
  "Inferno-TodoMVC/CompletingAllItems/total": 91.49736417208459,
  "Inferno-TodoMVC/DeletingItems/Async": 3.310391254191697,
  "Inferno-TodoMVC/DeletingItems/Sync": 202.21922567974642,
  "Inferno-TodoMVC/DeletingItems/total": 205.5661319823681,
  "Inferno-TodoMVC/total": 379.08622575505296,
  "Preact-TodoMVC/Adding100Items/Async": 37.32882525100577,
  "Preact-TodoMVC/Adding100Items/Sync": 4.90267705561935,
  "Preact-TodoMVC/Adding100Items/total": 42.24326828700135,
  "Preact-TodoMVC/CompletingAllItems/Async": 17.006134375047324,
  "Preact-TodoMVC/CompletingAllItems/Sync": 3.0019445313339572,
  "Preact-TodoMVC/CompletingAllItems/total": 20.010753836858772,
  "Preact-TodoMVC/DeletingItems/Async": 4.413566690892283,
  "Preact-TodoMVC/DeletingItems/Sync": 1.630656911093412,
  "Preact-TodoMVC/DeletingItems/total": 6.057566945348654,
  "Preact-TodoMVC/total": 68.4720429095075,
  "React-Redux-TodoMVC/Adding100Items/Async": 32.98039999776291,
  "React-Redux-TodoMVC/Adding100Items/Sync": 136.97395327745588,
  "React-Redux-TodoMVC/Adding100Items/total": 170.13028535740966,
  "React-Redux-TodoMVC/CompletingAllItems/Async": 27.307825450996155,
  "React-Redux-TodoMVC/CompletingAllItems/Sync": 150.1090815895022,
  "React-Redux-TodoMVC/CompletingAllItems/total": 177.9777286687592,
  "React-Redux-TodoMVC/DeletingItems/Async": 3.6813141981940114,
  "React-Redux-TodoMVC/DeletingItems/Sync": 101.69770302208913,
  "React-Redux-TodoMVC/DeletingItems/total": 105.5550196728511,
  "React-Redux-TodoMVC/total": 455.536011066095,
  "React-TodoMVC/Adding100Items/Async": 34.76773475751505,
  "React-TodoMVC/Adding100Items/Sync": 109.11815860559483,
  "React-TodoMVC/Adding100Items/total": 144.06739825798718,
  "React-TodoMVC/CompletingAllItems/Async": 27.38079506993633,
  "React-TodoMVC/CompletingAllItems/Sync": 63.02758199788316,
  "React-TodoMVC/CompletingAllItems/total": 90.42122169103365,
  "React-TodoMVC/DeletingAllItems/Async": 3.12424767552872,
  "React-TodoMVC/DeletingAllItems/Sync": 48.25682682423943,
  "React-TodoMVC/DeletingAllItems/total": 51.41849566422788,
  "React-TodoMVC/total": 286.3173330679816,
  "Vanilla-ES2015-Babel-Webpack-TodoMVC/Adding100Items/Async": 35.3512314906192,
  "Vanilla-ES2015-Babel-Webpack-TodoMVC/Adding100Items/Sync": 294.9496446278556,
  "Vanilla-ES2015-Babel-Webpack-TodoMVC/Adding100Items/total": 330.3300842460636,
  "Vanilla-ES2015-Babel-Webpack-TodoMVC/CompletingAllItems/Async": 26.923055224175815,
  "Vanilla-ES2015-Babel-Webpack-TodoMVC/CompletingAllItems/Sync": 64.83125415481352,
  "Vanilla-ES2015-Babel-Webpack-TodoMVC/CompletingAllItems/total": 91.78076500619582,
  "Vanilla-ES2015-Babel-Webpack-TodoMVC/DeletingItems/Async": 4.246040294594733,
  "Vanilla-ES2015-Babel-Webpack-TodoMVC/DeletingItems/Sync": 40.75158215629313,
  "Vanilla-ES2015-Babel-Webpack-TodoMVC/DeletingItems/total": 46.996217828482855,
  "Vanilla-ES2015-Babel-Webpack-TodoMVC/total": 470.09932425519025,
  "Vanilla-ES2015-TodoMVC/Adding100Items/Async": 35.12630581105337,
  "Vanilla-ES2015-TodoMVC/Adding100Items/Sync": 300.66955799455536,
  "Vanilla-ES2015-TodoMVC/Adding100Items/total": 335.85232488346094,
  "Vanilla-ES2015-TodoMVC/CompletingAllItems/Async": 26.20617829808473,