{
  "browser-setup": 3.300616,
  "browser-tear_down": 0.260547,
  "probes-creation": 0.000197,
  "probes-setup": 0.000169,
  "probes-start": 7.8e-05,
  "run": 112.181698,
  "runner-cooldown": 2.002068
}