{
  "Angular2-TypeScript-TodoMVC/Adding100Items/Async": 32.29825521129909,
  "Angular2-TypeScript-TodoMVC/Adding100Items/Sync": 42.58943755845382,
  "Angular2-TypeScript-TodoMVC/Adding100Items/total": 74.92825098007147,
  "Angular2-TypeScript-TodoMVC/CompletingAllItems/Async": 12.826018112870505,
  "Angular2-TypeScript-TodoMVC/CompletingAllItems/Sync": 8.562446267033526,
  "Angular2-TypeScript-TodoMVC/CompletingAllItems/total": 21.391489883881643,
  "Angular2-TypeScript-TodoMVC/DeletingItems/Async": 3.7701363652957616,
  "Angular2-TypeScript-TodoMVC/DeletingItems/Sync": 16.367960491227073,
  "Angular2-TypeScript-TodoMVC/DeletingItems/total": 21.69731350998609,
  "Angular2-TypeScript-TodoMVC/total": 119.40957871733444,
  "AngularJS-TodoMVC/Adding100Items/Async": 41.54805651415746,
  "AngularJS-TodoMVC/Adding100Items/Sync": 158.43125657445964,
  "AngularJS-TodoMVC/Adding100Items/total": 199.98409159928585,
  "AngularJS-TodoMVC/CompletingAllItems/Async": 24.229950417270295,
  "AngularJS-TodoMVC/CompletingAllItems/Sync": 55.37785403208388,
  "AngularJS-TodoMVC/CompletingAllItems/total": 79.72124042832063,
  "AngularJS-TodoMVC/DeletingAllItems/Async": 15.629429708541691,
  "AngularJS-TodoMVC/DeletingAllItems/Sync": 158.70587895953548,
  "AngularJS-TodoMVC/DeletingAllItems/total": 174.4784199583451,
  "AngularJS-TodoMVC/total": 454.3481944037967,
  "BackboneJS-TodoMVC/Adding100Items/Async": 41.97873321280132,
  "BackboneJS-TodoMVC/Adding100Items/Sync": 55.014863241513666,
  "BackboneJS-TodoMVC/Adding100Items/total": 97.20085394510774,
  "BackboneJS-TodoMVC/CompletingAllItems/Async": 31.08885308556574,
  "BackboneJS-TodoMVC/CompletingAllItems/Sync": 37.26008203473057,
  "BackboneJS-TodoMVC/CompletingAllItems/total": 68.45085151200455,
  "BackboneJS-TodoMVC/DeletingAllItems/Async": 5.745886277652181,
  "BackboneJS-TodoMVC/DeletingAllItems/Sync": 25.7198383412672,
  "BackboneJS-TodoMVC/DeletingAllItems/total": 32.13489132942793,
  "BackboneJS-TodoMVC/total": 197.96883363053257,
  "Elm-TodoMVC/Adding100Items/Async": 48.53962746443192,
  "Elm-TodoMVC/Adding100Items/Sync": 86.90474330010755,
  "Elm-TodoMVC/Adding100Items/total": 135.57331049393215,
  "Elm-TodoMVC/CompletingAllItems/Async": 30.057853313603697,
  "Elm-TodoMVC/CompletingAllItems/Sync": 83.00168919060403,
  "Elm-TodoMVC/CompletingAllItems/total": 113.08448055233102,
  "Elm-TodoMVC/DeletingItems/Async": 8.950053471771401,
  "Elm-TodoMVC/DeletingItems/Sync": 102.30364734396849,
  "Elm-TodoMVC/DeletingItems/total": 111.35007496791982,
  "Elm-TodoMVC/total": 360.02462472985496,
  "EmberJS-Debug-TodoMVC/Adding100Items/Async": 50.89677794491965,
  "EmberJS-Debug-TodoMVC/Adding100Items/Sync": 728.1764203915329,
  "EmberJS-Debug-TodoMVC/Adding100Items/total": 780.1948062231976,
  "EmberJS-Debug-TodoMVC/CompletingAllItems/Async": 37.47535673045416,
  "EmberJS-Debug-TodoMVC/CompletingAllItems/Sync": 296.0437489194201,
  "EmberJS-Debug-TodoMVC/CompletingAllItems/total": 335.24350571655975,
  "EmberJS-Debug-TodoMVC/DeletingItems/Async": 11.213103818197983,
  "EmberJS-Debug-TodoMVC/DeletingItems/Sync": 282.1820449612249,
  "EmberJS-Debug-TodoMVC/DeletingItems/total": 296.0968398831217,
  "EmberJS-Debug-TodoMVC/total": 1419.205276859882,
  "EmberJS-TodoMVC/Adding100Items/Async": 33.919240621853724,
  "EmberJS-TodoMVC/Adding100Items/Sync": 150.1291844666946,
  "EmberJS-TodoMVC/Adding100Items/total": 184.20611520025133,
  "EmberJS-TodoMVC/CompletingAllItems/Async": 28.413167855088,
  "EmberJS-TodoMVC/CompletingAllItems/Sync": 106.61641909470355,
  "EmberJS-TodoMVC/CompletingAllItems/total": 135.27753388479238,
  "EmberJS-TodoMVC/DeletingItems/Async": 3.307147126925896,
  "EmberJS-TodoMVC/DeletingItems/Sync": 71.78065800850752,
  "EmberJS-TodoMVC/DeletingItems/total": 75.1267553748777,
  "EmberJS-TodoMVC/total": 395.686049191993,
  "Flight-TodoMVC/Adding100Items/Async": 33.749413573421144,
  "Flight-TodoMVC/Adding100Items/Sync": 78.10348898006617,
  "Flight-TodoMVC/Adding100Items/total": 111.8648580279601,
  "Flight-TodoMVC/CompletingAllItems/Async": 25.132595958225096,
  "Flight-TodoMVC/CompletingAllItems/Sync": 85.09516368242005,
  "Flight-TodoMVC/CompletingAllItems/total": 110.22990209903573,
  "Flight-TodoMVC/DeletingItems/Async": 3.323404635817009,
  "Flight-TodoMVC/DeletingItems/Sync": 69.84444740434367,
  "Flight-TodoMVC/DeletingItems/total": 73.21365047564046,
  "Flight-TodoMVC/total": 295.3152874243692,
  "Inferno-TodoMVC/Adding100Items/Async": 38.35990153192271,
  "Inferno-TodoMVC/Adding100Items/Sync": 41.834965629416864,
  "Inferno-TodoMVC/Adding100Items/total": 80.25942448289548,
  "Inferno-TodoMVC/CompletingAllItems/Async": 6.4434950144598515,
  "Inferno-TodoMVC/CompletingAllItems/Sync": 84.92459433903774,
  "Inferno-TodoMVC/CompletingAllItems/total": 91.37461420496095,
  "Inferno-TodoMVC/DeletingItems/Async": 3.3810160119047965,
  "Inferno-TodoMVC/DeletingItems/Sync": 207.11139393434337,
  "Inferno-TodoMVC/DeletingItems/total": 210.53782272848667,
  "Inferno-TodoMVC/total": 382.1998038118603,
  "Preact-TodoMVC/Adding100Items/Async": 37.52659500378748,
  "Preact-TodoMVC/Adding100Items/Sync": 4.932742786856741,
  "Preact-TodoMVC/Adding100Items/total": 42.46391191634017,
  "Preact-TodoMVC/CompletingAllItems/Async": 16.29123491870262,
  "Preact-TodoMVC/CompletingAllItems/Sync": 3.094804203337178,
  "Preact-TodoMVC/CompletingAllItems/total": 19.38962970090193,
  "Preact-TodoMVC/DeletingItems/Async": 4.537298711784236,
  "Preact-TodoMVC/DeletingItems/Sync": 1.5662369472498607,
  "Preact-TodoMVC/DeletingItems/total": 6.117508940400982,
  "Preact-TodoMVC/total": 68.00143507513677,
  "React-Redux-TodoMVC/Adding100Items/Async": 33.34531036273574,
  "React-Redux-TodoMVC/Adding100Items/Sync": 137.06971096456772,
  "React-Redux-TodoMVC/Adding100Items/total": 170.66493611260515,
  "React-Redux-TodoMVC/CompletingAllItems/Async": 27.688225937331634,
  "React-Redux-TodoMVC/CompletingAllItems/Sync": 145.68027864938117,
  "React-Redux-TodoMVC/CompletingAllItems/total": 173.66319446320477,
  "React-Redux-TodoMVC/DeletingItems/Async": 3.6090691371178307,
  "React-Redux-TodoMVC/DeletingItems/Sync": 103.23114722364282,
  "React-Redux-TodoMVC/DeletingItems/total": 107.02568597484179,
  "React-Redux-TodoMVC/total": 453.27510006801305,
  "React-TodoMVC/Adding100Items/Async": 35.60864218768032,
  "React-TodoMVC/Adding100Items/Sync": 111.8377467994627,
  "React-TodoMVC/Adding100Items/total": 147.72514591372115,
  "React-TodoMVC/CompletingAllItems/Async": 28.11714327382175,
  "React-TodoMVC/CompletingAllItems/Sync": 63.72283083595191,
  "React-TodoMVC/CompletingAllItems/total": 91.84875249577478,
  "React-TodoMVC/DeletingAllItems/Async": 3.1651356723830726,
  "React-TodoMVC/DeletingAllItems/Sync": 48.058489700961076,
  "React-TodoMVC/DeletingAllItems/total": 51.252471495471525,
  "React-TodoMVC/total": 291.2779345181156,
  "Vanilla-ES2015-Babel-Webpack-TodoMVC/Adding100Items/Async": 35.426077269365706,
  "Vanilla-ES2015-Babel-Webpack-TodoMVC/Adding100Items/Sync": 294.2500402439917,
  "Vanilla-ES2015-Babel-Webpack-TodoMVC/Adding100Items/total": 329.7363583274236,
  "Vanilla-ES2015-Babel-Webpack-TodoMVC/CompletingAllItems/Async": 26.767304785042995,
  "Vanilla-ES2015-Babel-Webpack-TodoMVC/CompletingAllItems/Sync": 63.88659687737621,
  "Vanilla-ES2015-Babel-Webpack-TodoMVC/CompletingAllItems/total": 90.67424648966416,
  "Vanilla-ES2015-Babel-Webpack-TodoMVC/DeletingItems/Async": 7.185604206285684,
  "Vanilla-ES2015-Babel-Webpack-TodoMVC/DeletingItems/Sync": 40.087958797983845,
  "Vanilla-ES2015-Babel-Webpack-TodoMVC/DeletingItems/total": 53.50403030597546,
  "Vanilla-ES2015-Babel-Webpack-TodoMVC/total": 476.63671386066113,
  "Vanilla-ES2015-TodoMVC/Adding100Items/Async": 34.86298269049352,
  "Vanilla-ES2015-TodoMVC/Adding100Items/Sync": 299.9067545529882,
  "Vanilla-ES2015-TodoMVC/Adding100Items/total": 334.823139263208,
  "Vanilla-ES2015-TodoMVC/CompletingAllItems/Async": 27.08996079947632,