{
  "browser-setup": 3.902803,
  "browser-tear_down": 0.282909,
  "probes-creation": 0.000126,
  "probes-setup": 9.9e-05,
  "probes-start": 5.4e-05,
  "run": 126.638607,
  "runner-cooldown": 2.002051
}