{
  "Angular2-TypeScript-TodoMVC/Adding100Items/Async": 37.65996518640373,
  "Angular2-TypeScript-TodoMVC/Adding100Items/Sync": 55.64139432020627,
  "Angular2-TypeScript-TodoMVC/Adding100Items/total": 93.35954113927453,
  "Angular2-TypeScript-TodoMVC/CompletingAllItems/Async": 15.097930841122617,
  "Angular2-TypeScript-TodoMVC/CompletingAllItems/Sync": 10.16478390078962,
  "Angular2-TypeScript-TodoMVC/CompletingAllItems/total": 25.37251794669553,
  "Angular2-TypeScript-TodoMVC/DeletingItems/Async": 4.060715201502927,
  "Angular2-TypeScript-TodoMVC/DeletingItems/Sync": 18.552220414944312,
  "Angular2-TypeScript-TodoMVC/DeletingItems/total": 22.688631734467712,
  "Angular2-TypeScript-TodoMVC/total": 141.77263458444156,
  "AngularJS-TodoMVC/Adding100Items/Async": 56.46926930811859,
  "AngularJS-TodoMVC/Adding100Items/Sync": 230.80794939991813,
  "AngularJS-TodoMVC/Adding100Items/total": 287.92644552296537,
  "AngularJS-TodoMVC/CompletingAllItems/Async": 33.72599391220912,
  "AngularJS-TodoMVC/CompletingAllItems/Sync": 84.53025402042552,
  "AngularJS-TodoMVC/CompletingAllItems/total": 120.89195944113371,
  "AngularJS-TodoMVC/DeletingAllItems/Async": 16.016483934126764,
  "AngularJS-TodoMVC/DeletingAllItems/Sync": 265.82197675615794,
  "AngularJS-TodoMVC/DeletingAllItems/total": 281.96587139340096,
  "AngularJS-TodoMVC/total": 705.4720282296975,
  "BackboneJS-TodoMVC/Adding100Items/Async": 43.82142899950585,
  "BackboneJS-TodoMVC/Adding100Items/Sync": 70.4131064008502,
  "BackboneJS-TodoMVC/Adding100Items/total": 114.25051481335011,
  "BackboneJS-TodoMVC/CompletingAllItems/Async": 33.11824247062408,
  "BackboneJS-TodoMVC/CompletingAllItems/Sync": 45.86251721108991,
  "BackboneJS-TodoMVC/CompletingAllItems/total": 78.98315504677126,
  "BackboneJS-TodoMVC/DeletingAllItems/Async": 5.054124725922882,
  "BackboneJS-TodoMVC/DeletingAllItems/Sync": 34.81711447187387,
  "BackboneJS-TodoMVC/DeletingAllItems/total": 39.997173217025974,
  "BackboneJS-TodoMVC/total": 238.85688832908045,
  "Elm-TodoMVC/Adding100Items/Async": 51.67162925165399,
  "Elm-TodoMVC/Adding100Items/Sync": 136.3161353655401,
  "Elm-TodoMVC/Adding100Items/total": 189.57342004837923,
  "Elm-TodoMVC/CompletingAllItems/Async": 34.47374195160352,
  "Elm-TodoMVC/CompletingAllItems/Sync": 127.38264536179864,
  "Elm-TodoMVC/CompletingAllItems/total": 162.5235196960973,
  "Elm-TodoMVC/DeletingItems/Async": 10.059588078507376,
  "Elm-TodoMVC/DeletingItems/Sync": 138.10300240466898,
  "Elm-TodoMVC/DeletingItems/total": 148.60812835690547,
  "Elm-TodoMVC/total": 510.2517181470554,
  "EmberJS-Debug-TodoMVC/Adding100Items/Async": 46.619038913268234,
  "EmberJS-Debug-TodoMVC/Adding100Items/Sync": 559.9806879227564,
  "EmberJS-Debug-TodoMVC/Adding100Items/total": 606.6293406177109,
  "EmberJS-Debug-TodoMVC/CompletingAllItems/Async": 30.773399068819508,
  "EmberJS-Debug-TodoMVC/CompletingAllItems/Sync": 374.2717072538256,
  "EmberJS-Debug-TodoMVC/CompletingAllItems/total": 405.49174122344226,
  "EmberJS-Debug-TodoMVC/DeletingItems/Async": 6.354725431814021,
  "EmberJS-Debug-TodoMVC/DeletingItems/Sync": 387.15972888282926,
  "EmberJS-Debug-TodoMVC/DeletingItems/total": 394.23889626045917,
  "EmberJS-Debug-TodoMVC/total": 1415.0469480768147,
  "EmberJS-TodoMVC/Adding100Items/Async": 43.321590824995376,
  "EmberJS-TodoMVC/Adding100Items/Sync": 205.56749148830363,
  "EmberJS-TodoMVC/Adding100Items/total": 249.26172912397303,
  "EmberJS-TodoMVC/CompletingAllItems/Async": 38.56057559509473,
  "EmberJS-TodoMVC/CompletingAllItems/Sync": 131.73125294282215,
  "EmberJS-TodoMVC/CompletingAllItems/total": 171.98172010315153,
  "EmberJS-TodoMVC/DeletingItems/Async": 4.539286379485338,
  "EmberJS-TodoMVC/DeletingItems/Sync": 81.70716341162009,
  "EmberJS-TodoMVC/DeletingItems/total": 86.74021212778301,
  "EmberJS-TodoMVC/total": 511.6210386718033,
  "Flight-TodoMVC/Adding100Items/Async": 39.17931503414757,
  "Flight-TodoMVC/Adding100Items/Sync": 96.37856887985456,
  "Flight-TodoMVC/Adding100Items/total": 135.56564980533815,
  "Flight-TodoMVC/CompletingAllItems/Async": 28.759229029362228,
  "Flight-TodoMVC/CompletingAllItems/Sync": 103.72742493326894,
  "Flight-TodoMVC/CompletingAllItems/total": 132.49001567864494,
  "Flight-TodoMVC/DeletingItems/Async": 4.786604600415592,
  "Flight-TodoMVC/DeletingItems/Sync": 97.47435807858868,
  "Flight-TodoMVC/DeletingItems/total": 102.96703347216477,
  "Flight-TodoMVC/total": 375.75022902553485,
  "Inferno-TodoMVC/Adding100Items/Async": 41.83842505029206,
  "Inferno-TodoMVC/Adding100Items/Sync": 49.512506277567894,
  "Inferno-TodoMVC/Adding100Items/total": 91.38416805105426,
  "Inferno-TodoMVC/CompletingAllItems/Async": 9.675990774342852,
  "Inferno-TodoMVC/CompletingAllItems/Sync": 107.10594430555255,
  "Inferno-TodoMVC/CompletingAllItems/total": 117.35465203356104,
  "Inferno-TodoMVC/DeletingItems/Async": 3.571076556208872,
  "Inferno-TodoMVC/DeletingItems/Sync": 235.8289164666023,
  "Inferno-TodoMVC/DeletingItems/total": 239.41268373007534,
  "Inferno-TodoMVC/total": 448.2980323524286,
  "Preact-TodoMVC/Adding100Items/Async": 43.418534180776426,
  "Preact-TodoMVC/Adding100Items/Sync": 6.261303463884666,
  "Preact-TodoMVC/Adding100Items/total": 49.68289165571923,
  "Preact-TodoMVC/CompletingAllItems/Async": 31.01703323330001,
  "Preact-TodoMVC/CompletingAllItems/Sync": 3.910552296277279,
  "Preact-TodoMVC/CompletingAllItems/total": 34.934376639947175,
  "Preact-TodoMVC/DeletingItems/Async": 7.392405309948732,
  "Preact-TodoMVC/DeletingItems/Sync": 2.0063898887943226,
  "Preact-TodoMVC/DeletingItems/total": 9.423218905426614,
  "Preact-TodoMVC/total": 94.0818934926069,
  "React-Redux-TodoMVC/Adding100Items/Async": 46.25700196634034,
  "React-Redux-TodoMVC/Adding100Items/Sync": 218.15869080441902,
  "React-Redux-TodoMVC/Adding100Items/total": 265.7121469639311,
  "React-Redux-TodoMVC/CompletingAllItems/Async": 31.436062301212083,
  "React-Redux-TodoMVC/CompletingAllItems/Sync": 190.0555133047008,
  "React-Redux-TodoMVC/CompletingAllItems/total": 221.68465976112884,
  "React-Redux-TodoMVC/DeletingItems/Async": 6.19427873827978,
  "React-Redux-TodoMVC/DeletingItems/Sync": 132.74925976353,
  "React-Redux-TodoMVC/DeletingItems/total": 139.62572809753328,
  "React-Redux-TodoMVC/total": 642.1966739309718,
  "React-TodoMVC/Adding100Items/Async": 43.41665934221217,
  "React-TodoMVC/Adding100Items/Sync": 138.72525663161534,
  "React-TodoMVC/Adding100Items/total": 182.37203466939678,
  "React-TodoMVC/CompletingAllItems/Async": 32.06417037361156,
  "React-TodoMVC/CompletingAllItems/Sync": 95.38547382885382,
  "React-TodoMVC/CompletingAllItems/total": 128.21387416337015,
  "React-TodoMVC/DeletingAllItems/Async": 4.434827101084619,
  "React-TodoMVC/DeletingAllItems/Sync": 55.75723050737798,
  "React-TodoMVC/DeletingAllItems/total": 60.62207991342436,
  "React-TodoMVC/total": 374.58989305388155,
  "Vanilla-ES2015-Babel-Webpack-TodoMVC/Adding100Items/Async": 38.915569413363485,
  "Vanilla-ES2015-Babel-Webpack-TodoMVC/Adding100Items/Sync": 342.69829409838576,
  "Vanilla-ES2015-Babel-Webpack-TodoMVC/Adding100Items/total": 381.7864884847913,
  "Vanilla-ES2015-Babel-Webpack-TodoMVC/CompletingAllItems/Async": 30.731459453654395,
  "Vanilla-ES2015-Babel-Webpack-TodoMVC/CompletingAllItems/Sync": 74.00734211116361,
  "Vanilla-ES2015-Babel-Webpack-TodoMVC/CompletingAllItems/total": 104.75563406117058,
  "Vanilla-ES2015-Babel-Webpack-TodoMVC/DeletingItems/Async": 4.3843934745638276,
  "Vanilla-ES2015-Babel-Webpack-TodoMVC/DeletingItems/Sync": 46.68168942039509,
  "Vanilla-ES2015-Babel-Webpack-TodoMVC/DeletingItems/total": 51.23196795357337,
  "Vanilla-ES2015-Babel-Webpack-TodoMVC/total": 538.1720272287688,
  "Vanilla-ES2015-TodoMVC/Adding100Items/Async": 37.29245211783475,
  "Vanilla-ES2015-TodoMVC/Adding100Items/Sync": 351.2848201619171,
  "Vanilla-ES2015-TodoMVC/Adding100Items/total": 388.62554628879275,
  "Vanilla-ES2015-TodoMVC/CompletingAllItems/Async": 30.34109608890284,