{
  "browser-setup": 3.896432,
  "browser-tear_down": 0.279299,
  "probes-creation": 0.00012,
  "probes-setup": 9.9e-05,
  "probes-start": 5.2e-05,
  "run": 131.091483,
  "runner-cooldown": 2.002052
}