{
  "Angular2-TypeScript-TodoMVC/Adding100Items/Async": 39.18071654436833,
  "Angular2-TypeScript-TodoMVC/Adding100Items/Sync": 53.90505834942772,
  "Angular2-TypeScript-TodoMVC/Adding100Items/total": 93.25668671573882,
  "Angular2-TypeScript-TodoMVC/CompletingAllItems/Async": 14.087354122783092,
  "Angular2-TypeScript-TodoMVC/CompletingAllItems/Sync": 9.966036720081267,
  "Angular2-TypeScript-TodoMVC/CompletingAllItems/total": 24.054659578699194,
  "Angular2-TypeScript-TodoMVC/DeletingItems/Async": 3.6337255550079344,
  "Angular2-TypeScript-TodoMVC/DeletingItems/Sync": 18.871678632114197,
  "Angular2-TypeScript-TodoMVC/DeletingItems/total": 22.53905096610609,
  "Angular2-TypeScript-TodoMVC/total": 140.08898591925723,
  "AngularJS-TodoMVC/Adding100Items/Async": 49.616887098801314,
  "AngularJS-TodoMVC/Adding100Items/Sync": 243.88074060264927,
  "AngularJS-TodoMVC/Adding100Items/total": 293.8849429843732,
  "AngularJS-TodoMVC/CompletingAllItems/Async": 33.93637150544088,
  "AngularJS-TodoMVC/CompletingAllItems/Sync": 70.44764701110132,
  "AngularJS-TodoMVC/CompletingAllItems/total": 104.74982317523128,
  "AngularJS-TodoMVC/DeletingAllItems/Async": 15.367928407277606,
  "AngularJS-TodoMVC/DeletingAllItems/Sync": 235.30521524997133,
  "AngularJS-TodoMVC/DeletingAllItems/total": 250.98341441967224,
  "AngularJS-TodoMVC/total": 650.7264080847192,
  "BackboneJS-TodoMVC/Adding100Items/Async": 43.98205659376331,
  "BackboneJS-TodoMVC/Adding100Items/Sync": 74.99329101628751,
  "BackboneJS-TodoMVC/Adding100Items/total": 119.2141571935047,
  "BackboneJS-TodoMVC/CompletingAllItems/Async": 33.51521606458735,
  "BackboneJS-TodoMVC/CompletingAllItems/Sync": 46.33535303028609,
  "BackboneJS-TodoMVC/CompletingAllItems/total": 79.85735345141035,
  "BackboneJS-TodoMVC/DeletingAllItems/Async": 4.769972127163178,
  "BackboneJS-TodoMVC/DeletingAllItems/Sync": 29.391196815612233,
  "BackboneJS-TodoMVC/DeletingAllItems/total": 34.17414514146505,
  "BackboneJS-TodoMVC/total": 233.71102808390333,
  "Elm-TodoMVC/Adding100Items/Async": 49.93605944051712,
  "Elm-TodoMVC/Adding100Items/Sync": 132.839718165446,
  "Elm-TodoMVC/Adding100Items/total": 183.69250570258876,
  "Elm-TodoMVC/CompletingAllItems/Async": 33.639297743928154,
  "Elm-TodoMVC/CompletingAllItems/Sync": 122.39604864340563,
  "Elm-TodoMVC/CompletingAllItems/total": 156.3519180392709,
  "Elm-TodoMVC/DeletingItems/Async": 9.22953806504795,
  "Elm-TodoMVC/DeletingItems/Sync": 147.64377807654463,
  "Elm-TodoMVC/DeletingItems/total": 157.11495083592902,
  "Elm-TodoMVC/total": 502.503546861653,
  "EmberJS-Debug-TodoMVC/Adding100Items/Async": 48.80018142698613,
  "EmberJS-Debug-TodoMVC/Adding100Items/Sync": 604.539098842244,
  "EmberJS-Debug-TodoMVC/Adding100Items/total": 653.461141456987,
  "EmberJS-Debug-TodoMVC/CompletingAllItems/Async": 33.40614250246611,
  "EmberJS-Debug-TodoMVC/CompletingAllItems/Sync": 374.74611871041066,
  "EmberJS-Debug-TodoMVC/CompletingAllItems/total": 408.28654156172746,
  "EmberJS-Debug-TodoMVC/DeletingItems/Async": 8.663261212649376,
  "EmberJS-Debug-TodoMVC/DeletingItems/Sync": 377.36100023066564,
  "EmberJS-Debug-TodoMVC/DeletingItems/total": 387.72390757905686,
  "EmberJS-Debug-TodoMVC/total": 1455.741046372794,
  "EmberJS-TodoMVC/Adding100Items/Async": 42.70047814596798,
  "EmberJS-TodoMVC/Adding100Items/Sync": 199.30946292377632,
  "EmberJS-TodoMVC/Adding100Items/total": 242.1359937732375,
  "EmberJS-TodoMVC/CompletingAllItems/Async": 34.46879601212213,
  "EmberJS-TodoMVC/CompletingAllItems/Sync": 114.54612649784059,
  "EmberJS-TodoMVC/CompletingAllItems/total": 149.57263447569701,
  "EmberJS-TodoMVC/DeletingItems/Async": 4.005646226752933,
  "EmberJS-TodoMVC/DeletingItems/Sync": 76.99921416666172,
  "EmberJS-TodoMVC/DeletingItems/total": 81.12112836826643,
  "EmberJS-TodoMVC/total": 473.1455921683692,
  "Flight-TodoMVC/Adding100Items/Async": 38.57953825706822,
  "Flight-TodoMVC/Adding100Items/Sync": 97.31235936217735,
  "Flight-TodoMVC/Adding100Items/total": 135.89921243497275,
  "Flight-TodoMVC/CompletingAllItems/Async": 28.70855754554134,
  "Flight-TodoMVC/CompletingAllItems/Sync": 108.86528536723644,
  "Flight-TodoMVC/CompletingAllItems/total": 137.752015958546,
  "Flight-TodoMVC/DeletingItems/Async": 4.377740559198047,
  "Flight-TodoMVC/DeletingItems/Sync": 102.56704736622095,
  "Flight-TodoMVC/DeletingItems/total": 106.96261703399264,
  "Flight-TodoMVC/total": 384.0105520052573,
  "Inferno-TodoMVC/Adding100Items/Async": 45.21021284838262,
  "Inferno-TodoMVC/Adding100Items/Sync": 58.97943646868448,
  "Inferno-TodoMVC/Adding100Items/total": 106.2889833062307,
  "Inferno-TodoMVC/CompletingAllItems/Async": 10.073712970988804,
  "Inferno-TodoMVC/CompletingAllItems/Sync": 110.4870682039258,
  "Inferno-TodoMVC/CompletingAllItems/total": 121.37667917709965,
  "Inferno-TodoMVC/DeletingItems/Async": 3.7205045606594553,
  "Inferno-TodoMVC/DeletingItems/Sync": 241.87132245806492,
  "Inferno-TodoMVC/DeletingItems/total": 245.79816001634669,
  "Inferno-TodoMVC/total": 478.1506829390054,
  "Preact-TodoMVC/Adding100Items/Async": 42.53538509238608,
  "Preact-TodoMVC/Adding100Items/Sync": 6.394112091932256,
  "Preact-TodoMVC/Adding100Items/total": 48.93118663455886,
  "Preact-TodoMVC/CompletingAllItems/Async": 30.837789604282676,
  "Preact-TodoMVC/CompletingAllItems/Sync": 3.9483652909697073,
  "Preact-TodoMVC/CompletingAllItems/total": 34.7956503164506,
  "Preact-TodoMVC/DeletingItems/Async": 7.412007622977329,
  "Preact-TodoMVC/DeletingItems/Sync": 2.0430282799957085,
  "Preact-TodoMVC/DeletingItems/total": 9.486788940779396,
  "Preact-TodoMVC/total": 93.25159347172082,
  "React-Redux-TodoMVC/Adding100Items/Async": 45.133336408956175,
  "React-Redux-TodoMVC/Adding100Items/Sync": 178.51110366229045,
  "React-Redux-TodoMVC/Adding100Items/total": 224.0738500513107,
  "React-Redux-TodoMVC/CompletingAllItems/Async": 29.669254634362737,
  "React-Redux-TodoMVC/CompletingAllItems/Sync": 182.6472514844668,
  "React-Redux-TodoMVC/CompletingAllItems/total": 212.61529891875784,
  "React-Redux-TodoMVC/DeletingItems/Async": 5.020164453043151,
  "React-Redux-TodoMVC/DeletingItems/Sync": 109.70291852025363,
  "React-Redux-TodoMVC/DeletingItems/total": 115.34227797590525,
  "React-Redux-TodoMVC/total": 555.0748968346793,
  "React-TodoMVC/Adding100Items/Async": 43.04322185038705,
  "React-TodoMVC/Adding100Items/Sync": 146.59997002279965,
  "React-TodoMVC/Adding100Items/total": 190.08447783817638,
  "React-TodoMVC/CompletingAllItems/Async": 30.89013088980389,
  "React-TodoMVC/CompletingAllItems/Sync": 83.31727884366343,
  "React-TodoMVC/CompletingAllItems/total": 114.26919504847608,
  "React-TodoMVC/DeletingAllItems/Async": 4.601117620799514,
  "React-TodoMVC/DeletingAllItems/Sync": 55.889907138190274,
  "React-TodoMVC/DeletingAllItems/total": 61.00234442336182,
  "React-TodoMVC/total": 366.8152153797548,
  "Vanilla-ES2015-Babel-Webpack-TodoMVC/Adding100Items/Async": 37.617792156174666,
  "Vanilla-ES2015-Babel-Webpack-TodoMVC/Adding100Items/Sync": 328.26884803742877,
  "Vanilla-ES2015-Babel-Webpack-TodoMVC/Adding100Items/total": 365.98335673831065,
  "Vanilla-ES2015-Babel-Webpack-TodoMVC/CompletingAllItems/Async": 29.388841071605082,
  "Vanilla-ES2015-Babel-Webpack-TodoMVC/CompletingAllItems/Sync": 76.50580851989132,
  "Vanilla-ES2015-Babel-Webpack-TodoMVC/CompletingAllItems/total": 106.23252203693409,
  "Vanilla-ES2015-Babel-Webpack-TodoMVC/DeletingItems/Async": 4.23079996095874,
  "Vanilla-ES2015-Babel-Webpack-TodoMVC/DeletingItems/Sync": 45.65231359571351,
  "Vanilla-ES2015-Babel-Webpack-TodoMVC/DeletingItems/total": 50.01410636138388,
  "Vanilla-ES2015-Babel-Webpack-TodoMVC/total": 524.0783714056969,
  "Vanilla-ES2015-TodoMVC/Adding100Items/Async": 38.699084045505906,
  "Vanilla-ES2015-TodoMVC/Adding100Items/Sync": 355.3712289625188,
  "Vanilla-ES2015-TodoMVC/Adding100Items/total": 394.16105025919643,
  "Vanilla-ES2015-TodoMVC/CompletingAllItems/Async": 30.92011122181233,