{
  "browser-setup": 3.324799,
  "browser-tear_down": 0.279917,
  "probes-creation": 0.00019,
  "probes-setup": 0.00016,
  "probes-start": 7.2e-05,
  "run": 108.814399,
  "runner-cooldown": 2.002058
}