{
  "Angular2-TypeScript-TodoMVC/Adding100Items/Async": 30.81636040509555,
  "Angular2-TypeScript-TodoMVC/Adding100Items/Sync": 41.84462245523898,
  "Angular2-TypeScript-TodoMVC/Adding100Items/total": 72.71677162677642,
  "Angular2-TypeScript-TodoMVC/CompletingAllItems/Async": 12.63393823524423,
  "Angular2-TypeScript-TodoMVC/CompletingAllItems/Sync": 8.474080211538674,
  "Angular2-TypeScript-TodoMVC/CompletingAllItems/total": 21.111113303722952,
  "Angular2-TypeScript-TodoMVC/DeletingItems/Async": 2.552663087487236,
  "Angular2-TypeScript-TodoMVC/DeletingItems/Sync": 16.118575885331524,
  "Angular2-TypeScript-TodoMVC/DeletingItems/total": 18.677240154947,
  "Angular2-TypeScript-TodoMVC/total": 112.51961821327684,
  "AngularJS-TodoMVC/Adding100Items/Async": 40.18456970886366,
  "AngularJS-TodoMVC/Adding100Items/Sync": 153.33512532421156,
  "AngularJS-TodoMVC/Adding100Items/total": 193.5267389295287,
  "AngularJS-TodoMVC/CompletingAllItems/Async": 22.131361701704925,
  "AngularJS-TodoMVC/CompletingAllItems/Sync": 53.561109892004616,
  "AngularJS-TodoMVC/CompletingAllItems/total": 75.82563992268453,
  "AngularJS-TodoMVC/DeletingAllItems/Async": 14.205878837237742,
  "AngularJS-TodoMVC/DeletingAllItems/Sync": 170.2354478706633,
  "AngularJS-TodoMVC/DeletingAllItems/total": 184.47017937364686,
  "AngularJS-TodoMVC/total": 454.8164535816939,
  "BackboneJS-TodoMVC/Adding100Items/Async": 36.31847311343057,
  "BackboneJS-TodoMVC/Adding100Items/Sync": 55.56348859222398,
  "BackboneJS-TodoMVC/Adding100Items/total": 91.89737551403836,
  "BackboneJS-TodoMVC/CompletingAllItems/Async": 28.835932031374192,
  "BackboneJS-TodoMVC/CompletingAllItems/Sync": 38.00272943141117,
  "BackboneJS-TodoMVC/CompletingAllItems/total": 66.89903899604236,
  "BackboneJS-TodoMVC/DeletingAllItems/Async": 3.372565216109242,
  "BackboneJS-TodoMVC/DeletingAllItems/Sync": 26.62764622487254,
  "BackboneJS-TodoMVC/DeletingAllItems/total": 30.011776102013215,
  "BackboneJS-TodoMVC/total": 188.92702833948346,
  "Elm-TodoMVC/Adding100Items/Async": 47.27543036989485,
  "Elm-TodoMVC/Adding100Items/Sync": 94.07969256472462,
  "Elm-TodoMVC/Adding100Items/total": 141.92548576970722,
  "Elm-TodoMVC/CompletingAllItems/Async": 30.328317938884343,
  "Elm-TodoMVC/CompletingAllItems/Sync": 100.0744891124922,
  "Elm-TodoMVC/CompletingAllItems/total": 131.35634080162296,
  "Elm-TodoMVC/DeletingItems/Async": 8.813701559914888,
  "Elm-TodoMVC/DeletingItems/Sync": 98.1130819463991,
  "Elm-TodoMVC/DeletingItems/total": 107.23755291419792,
  "Elm-TodoMVC/total": 387.78924503206724,
  "EmberJS-Debug-TodoMVC/Adding100Items/Async": 38.45114159377315,
  "EmberJS-Debug-TodoMVC/Adding100Items/Sync": 405.72063016476665,
  "EmberJS-Debug-TodoMVC/Adding100Items/total": 444.22554397146007,
  "EmberJS-Debug-TodoMVC/CompletingAllItems/Async": 28.80798153337431,
  "EmberJS-Debug-TodoMVC/CompletingAllItems/Sync": 294.5523682747256,
  "EmberJS-Debug-TodoMVC/CompletingAllItems/total": 323.5298381113255,
  "EmberJS-Debug-TodoMVC/DeletingItems/Async": 6.643888637828684,
  "EmberJS-Debug-TodoMVC/DeletingItems/Sync": 296.08845923585733,
  "EmberJS-Debug-TodoMVC/DeletingItems/total": 303.71898533552314,
  "EmberJS-Debug-TodoMVC/total": 1077.2835501709344,
  "EmberJS-TodoMVC/Adding100Items/Async": 33.93364345160526,
  "EmberJS-TodoMVC/Adding100Items/Sync": 148.77973553150858,
  "EmberJS-TodoMVC/Adding100Items/total": 182.91979984360796,
  "EmberJS-TodoMVC/CompletingAllItems/Async": 25.85675030125469,
  "EmberJS-TodoMVC/CompletingAllItems/Sync": 94.66262533079522,
  "EmberJS-TodoMVC/CompletingAllItems/total": 120.5483676573402,
  "EmberJS-TodoMVC/DeletingItems/Async": 3.158726006236492,
  "EmberJS-TodoMVC/DeletingItems/Sync": 62.9914416355114,
  "EmberJS-TodoMVC/DeletingItems/total": 66.33785959159246,
  "EmberJS-TodoMVC/total": 370.6210629899579,
  "Flight-TodoMVC/Adding100Items/Async": 32.084151082880894,
  "Flight-TodoMVC/Adding100Items/Sync": 78.28489073487788,
  "Flight-TodoMVC/Adding100Items/total": 110.37848332405315,
  "Flight-TodoMVC/CompletingAllItems/Async": 24.426702784183632,
  "Flight-TodoMVC/CompletingAllItems/Sync": 89.60482690566351,
  "Flight-TodoMVC/CompletingAllItems/total": 114.14426215051637,
  "Flight-TodoMVC/DeletingItems/Async": 2.7786170137308623,
  "Flight-TodoMVC/DeletingItems/Sync": 69.99872388434653,
  "Flight-TodoMVC/DeletingItems/total": 72.77848017038679,
  "Flight-TodoMVC/total": 297.55765480884367,
  "Inferno-TodoMVC/Adding100Items/Async": 37.70657570406689,
  "Inferno-TodoMVC/Adding100Items/Sync": 42.55043293775887,
  "Inferno-TodoMVC/Adding100Items/total": 80.3589526723975,
  "Inferno-TodoMVC/CompletingAllItems/Async": 6.195145823697001,
  "Inferno-TodoMVC/CompletingAllItems/Sync": 84.89335111062267,
  "Inferno-TodoMVC/CompletingAllItems/total": 91.09534750944287,
  "Inferno-TodoMVC/DeletingItems/Async": 3.2001645060398456,
  "Inferno-TodoMVC/DeletingItems/Sync": 211.76598736813415,
  "Inferno-TodoMVC/DeletingItems/total": 215.0301632981332,
  "Inferno-TodoMVC/total": 387.86822320384283,
  "Preact-TodoMVC/Adding100Items/Async": 36.27461177272669,
  "Preact-TodoMVC/Adding100Items/Sync": 4.808105320928975,
  "Preact-TodoMVC/Adding100Items/total": 41.08813131124201,
  "Preact-TodoMVC/CompletingAllItems/Async": 16.04572543508192,
  "Preact-TodoMVC/CompletingAllItems/Sync": 2.895074225782775,
  "Preact-TodoMVC/CompletingAllItems/total": 18.95083969475619,
  "Preact-TodoMVC/DeletingItems/Async": 4.074224067762246,
  "Preact-TodoMVC/DeletingItems/Sync": 1.4844499928096964,
  "Preact-TodoMVC/DeletingItems/total": 5.564325213913072,
  "Preact-TodoMVC/total": 65.60707319431877,
  "React-Redux-TodoMVC/Adding100Items/Async": 33.83936327307702,
  "React-Redux-TodoMVC/Adding100Items/Sync": 138.0523193603464,
  "React-Redux-TodoMVC/Adding100Items/total": 172.14190326859378,
  "React-Redux-TodoMVC/CompletingAllItems/Async": 26.302190166353736,
  "React-Redux-TodoMVC/CompletingAllItems/Sync": 140.80775109482366,
  "React-Redux-TodoMVC/CompletingAllItems/total": 167.35998822424608,
  "React-Redux-TodoMVC/DeletingItems/Async": 4.970054795893145,
  "React-Redux-TodoMVC/DeletingItems/Sync": 96.14137843023857,
  "React-Redux-TodoMVC/DeletingItems/total": 101.57131309732432,
  "React-Redux-TodoMVC/total": 447.62448217466425,
  "React-TodoMVC/Adding100Items/Async": 34.1452375098187,
  "React-TodoMVC/Adding100Items/Sync": 106.976267390593,
  "React-TodoMVC/Adding100Items/total": 141.1752763317192,
  "React-TodoMVC/CompletingAllItems/Async": 26.148828292933054,
  "React-TodoMVC/CompletingAllItems/Sync": 70.62834159496599,
  "React-TodoMVC/CompletingAllItems/total": 97.42124171421507,
  "React-TodoMVC/DeletingAllItems/Async": 3.004596797599345,
  "React-TodoMVC/DeletingAllItems/Sync": 45.69372053421251,
  "React-TodoMVC/DeletingAllItems/total": 48.85255541774856,
  "React-TodoMVC/total": 290.47026895908385,
  "Vanilla-ES2015-Babel-Webpack-TodoMVC/Adding100Items/Async": 35.254122232704006,
  "Vanilla-ES2015-Babel-Webpack-TodoMVC/Adding100Items/Sync": 299.1241849916287,
  "Vanilla-ES2015-Babel-Webpack-TodoMVC/Adding100Items/total": 334.53874002022565,
  "Vanilla-ES2015-Babel-Webpack-TodoMVC/CompletingAllItems/Async": 24.67038785694461,
  "Vanilla-ES2015-Babel-Webpack-TodoMVC/CompletingAllItems/Sync": 63.81665481085855,
  "Vanilla-ES2015-Babel-Webpack-TodoMVC/CompletingAllItems/total": 88.51054407977483,
  "Vanilla-ES2015-Babel-Webpack-TodoMVC/DeletingItems/Async": 3.19813102661826,
  "Vanilla-ES2015-Babel-Webpack-TodoMVC/DeletingItems/Sync": 40.15591518060754,
  "Vanilla-ES2015-Babel-Webpack-TodoMVC/DeletingItems/total": 43.69170490947472,
  "Vanilla-ES2015-Babel-Webpack-TodoMVC/total": 466.8728535684642,
  "Vanilla-ES2015-TodoMVC/Adding100Items/Async": 33.6659478195102,
  "Vanilla-ES2015-TodoMVC/Adding100Items/Sync": 305.88815821363664,
  "Vanilla-ES2015-TodoMVC/Adding100Items/total": 339.61161242422844,
  "Vanilla-ES2015-TodoMVC/CompletingAllItems/Async": 26.23597099139944,