{
  "browser-setup": 3.294673,
  "browser-tear_down": 0.227516,
  "probes-creation": 0.000229,
  "probes-setup": 0.000296,
  "probes-start": 8e-05,
  "run": 109.917257,
  "runner-cooldown": 2.002422
}