{
  "Angular2-TypeScript-TodoMVC/Adding100Items/Async": 32.064336223629624,
  "Angular2-TypeScript-TodoMVC/Adding100Items/Sync": 42.14459593709742,
  "Angular2-TypeScript-TodoMVC/Adding100Items/total": 74.2538061738036,
  "Angular2-TypeScript-TodoMVC/CompletingAllItems/Async": 13.202683615290619,
  "Angular2-TypeScript-TodoMVC/CompletingAllItems/Sync": 8.57688802591614,
  "Angular2-TypeScript-TodoMVC/CompletingAllItems/total": 21.785352189168673,
  "Angular2-TypeScript-TodoMVC/DeletingItems/Async": 3.5744283345297756,
  "Angular2-TypeScript-TodoMVC/DeletingItems/Sync": 16.362977957115216,
  "Angular2-TypeScript-TodoMVC/DeletingItems/total": 21.63644868401355,
  "Angular2-TypeScript-TodoMVC/total": 119.27651917426645,
  "AngularJS-TodoMVC/Adding100Items/Async": 40.63146702608405,
  "AngularJS-TodoMVC/Adding100Items/Sync": 157.06003657285407,
  "AngularJS-TodoMVC/Adding100Items/total": 197.723735150476,
  "AngularJS-TodoMVC/CompletingAllItems/Async": 26.52626030180476,
  "AngularJS-TodoMVC/CompletingAllItems/Sync": 54.699360707690275,
  "AngularJS-TodoMVC/CompletingAllItems/total": 81.25470635811996,
  "AngularJS-TodoMVC/DeletingAllItems/Async": 15.88172400206371,
  "AngularJS-TodoMVC/DeletingAllItems/Sync": 160.11528011445773,
  "AngularJS-TodoMVC/DeletingAllItems/total": 176.1327913209703,
  "AngularJS-TodoMVC/total": 455.2386550623244,
  "BackboneJS-TodoMVC/Adding100Items/Async": 40.69284638117472,
  "BackboneJS-TodoMVC/Adding100Items/Sync": 55.75960349383241,
  "BackboneJS-TodoMVC/Adding100Items/total": 96.62935973700355,
  "BackboneJS-TodoMVC/CompletingAllItems/Async": 31.22501131791053,
  "BackboneJS-TodoMVC/CompletingAllItems/Sync": 37.09290908092224,
  "BackboneJS-TodoMVC/CompletingAllItems/total": 68.44019162210799,
  "BackboneJS-TodoMVC/DeletingAllItems/Async": 4.814135735540167,
  "BackboneJS-TodoMVC/DeletingAllItems/Sync": 25.669508522406925,
  "BackboneJS-TodoMVC/DeletingAllItems/total": 30.949256443177337,
  "BackboneJS-TodoMVC/total": 196.1730969396438,
  "Elm-TodoMVC/Adding100Items/Async": 47.9281783175953,
  "Elm-TodoMVC/Adding100Items/Sync": 85.16071304941005,
  "Elm-TodoMVC/Adding100Items/total": 133.19386127524143,
  "Elm-TodoMVC/CompletingAllItems/Async": 30.065078865180535,
  "Elm-TodoMVC/CompletingAllItems/Sync": 81.32885000422114,
  "Elm-TodoMVC/CompletingAllItems/total": 111.43219496608468,
  "Elm-TodoMVC/DeletingItems/Async": 8.8579114574614,
  "Elm-TodoMVC/DeletingItems/Sync": 100.91251316684027,
  "Elm-TodoMVC/DeletingItems/total": 109.85154414569426,
  "Elm-TodoMVC/total": 354.5003838464441,
  "EmberJS-Debug-TodoMVC/Adding100Items/Async": 45.97204096242217,
  "EmberJS-Debug-TodoMVC/Adding100Items/Sync": 727.9647408240471,
  "EmberJS-Debug-TodoMVC/Adding100Items/total": 774.6215865285733,
  "EmberJS-Debug-TodoMVC/CompletingAllItems/Async": 34.36746613017354,
  "EmberJS-Debug-TodoMVC/CompletingAllItems/Sync": 301.0571913748851,
  "EmberJS-Debug-TodoMVC/CompletingAllItems/total": 335.96398863014224,
  "EmberJS-Debug-TodoMVC/DeletingItems/Async": 13.419121025326696,
  "EmberJS-Debug-TodoMVC/DeletingItems/Sync": 283.64707596616336,
  "EmberJS-Debug-TodoMVC/DeletingItems/total": 302.9222466276155,
  "EmberJS-Debug-TodoMVC/total": 1420.1456469498598,
  "EmberJS-TodoMVC/Adding100Items/Async": 33.823257592652865,
  "EmberJS-TodoMVC/Adding100Items/Sync": 150.0845618545074,
  "EmberJS-TodoMVC/Adding100Items/total": 184.01068664965064,
  "EmberJS-TodoMVC/CompletingAllItems/Async": 28.063484178948006,
  "EmberJS-TodoMVC/CompletingAllItems/Sync": 103.47428785819285,
  "EmberJS-TodoMVC/CompletingAllItems/total": 131.6984300089169,
  "EmberJS-TodoMVC/DeletingItems/Async": 3.748015887495912,
  "EmberJS-TodoMVC/DeletingItems/Sync": 70.74393388723263,
  "EmberJS-TodoMVC/DeletingItems/total": 74.5732540617433,
  "EmberJS-TodoMVC/total": 391.1524596057474,
  "Flight-TodoMVC/Adding100Items/Async": 33.54151884559821,
  "Flight-TodoMVC/Adding100Items/Sync": 78.83362383597077,
  "Flight-TodoMVC/Adding100Items/total": 112.38905215427997,
  "Flight-TodoMVC/CompletingAllItems/Async": 25.04430184564519,
  "Flight-TodoMVC/CompletingAllItems/Sync": 85.74980538428188,
  "Flight-TodoMVC/CompletingAllItems/total": 110.79936185342162,
  "Flight-TodoMVC/DeletingItems/Async": 4.4308675635532655,
  "Flight-TodoMVC/DeletingItems/Sync": 69.55647831143541,
  "Flight-TodoMVC/DeletingItems/total": 77.2309610919239,
  "Flight-TodoMVC/total": 301.2834737444846,
  "Inferno-TodoMVC/Adding100Items/Async": 38.40172297186157,
  "Inferno-TodoMVC/Adding100Items/Sync": 42.74339952486844,
  "Inferno-TodoMVC/Adding100Items/total": 81.29138505430411,
  "Inferno-TodoMVC/CompletingAllItems/Async": 6.364329721094975,
  "Inferno-TodoMVC/CompletingAllItems/Sync": 84.5594909032299,
  "Inferno-TodoMVC/CompletingAllItems/total": 90.92837347135402,
  "Inferno-TodoMVC/DeletingItems/Async": 3.21494144421816,
  "Inferno-TodoMVC/DeletingItems/Sync": 202.49889403366137,
  "Inferno-TodoMVC/DeletingItems/total": 205.74138270184653,
  "Inferno-TodoMVC/total": 377.9872932636589,
  "Preact-TodoMVC/Adding100Items/Async": 37.39259407115223,
  "Preact-TodoMVC/Adding100Items/Sync": 4.989363092432715,
  "Preact-TodoMVC/Adding100Items/total": 42.39071852579889,
  "Preact-TodoMVC/CompletingAllItems/Async": 16.91060234159646,
  "Preact-TodoMVC/CompletingAllItems/Sync": 2.9175770078480703,
  "Preact-TodoMVC/CompletingAllItems/total": 19.841691418880636,
  "Preact-TodoMVC/DeletingItems/Async": 4.320334368261898,
  "Preact-TodoMVC/DeletingItems/Sync": 1.5399772024449683,
  "Preact-TodoMVC/DeletingItems/total": 5.861548100287538,
  "Preact-TodoMVC/total": 68.2384009010909,
  "React-Redux-TodoMVC/Adding100Items/Async": 33.935595331393834,
  "React-Redux-TodoMVC/Adding100Items/Sync": 137.86436228657095,
  "React-Redux-TodoMVC/Adding100Items/total": 171.9609961979103,
  "React-Redux-TodoMVC/CompletingAllItems/Async": 27.45847764257495,
  "React-Redux-TodoMVC/CompletingAllItems/Sync": 151.23476511708415,
  "React-Redux-TodoMVC/CompletingAllItems/total": 179.12365840470358,
  "React-Redux-TodoMVC/DeletingItems/Async": 3.812701353897255,
  "React-Redux-TodoMVC/DeletingItems/Sync": 110.20763432834117,
  "React-Redux-TodoMVC/DeletingItems/total": 114.2193718668316,
  "React-Redux-TodoMVC/total": 468.0347704219515,
  "React-TodoMVC/Adding100Items/Async": 35.25959454703173,
  "React-TodoMVC/Adding100Items/Sync": 110.05212817175281,
  "React-TodoMVC/Adding100Items/total": 145.46400298324716,
  "React-TodoMVC/CompletingAllItems/Async": 27.69599906649782,
  "React-TodoMVC/CompletingAllItems/Sync": 64.11879271203264,
  "React-TodoMVC/CompletingAllItems/total": 91.83401468901766,
  "React-TodoMVC/DeletingAllItems/Async": 3.0435294150009007,
  "React-TodoMVC/DeletingAllItems/Sync": 48.67270678449021,
  "React-TodoMVC/DeletingAllItems/total": 51.7784948526102,
  "React-TodoMVC/total": 289.6388398791167,
  "Vanilla-ES2015-Babel-Webpack-TodoMVC/Adding100Items/Async": 35.60855867585861,
  "Vanilla-ES2015-Babel-Webpack-TodoMVC/Adding100Items/Sync": 296.6583990814828,
  "Vanilla-ES2015-Babel-Webpack-TodoMVC/Adding100Items/total": 332.2973234368319,
  "Vanilla-ES2015-Babel-Webpack-TodoMVC/CompletingAllItems/Async": 26.874140971208366,
  "Vanilla-ES2015-Babel-Webpack-TodoMVC/CompletingAllItems/Sync": 65.33832202970852,
  "Vanilla-ES2015-Babel-Webpack-TodoMVC/CompletingAllItems/total": 92.23584664955195,
  "Vanilla-ES2015-Babel-Webpack-TodoMVC/DeletingItems/Async": 3.3248122499011323,
  "Vanilla-ES2015-Babel-Webpack-TodoMVC/DeletingItems/Sync": 41.22448537953653,
  "Vanilla-ES2015-Babel-Webpack-TodoMVC/DeletingItems/total": 44.5695783536095,
  "Vanilla-ES2015-Babel-Webpack-TodoMVC/total": 469.1373492330132,
  "Vanilla-ES2015-TodoMVC/Adding100Items/Async": 35.025522105173714,
  "Vanilla-ES2015-TodoMVC/Adding100Items/Sync": 302.41137491910644,
  "Vanilla-ES2015-TodoMVC/Adding100Items/total": 337.48899253753285,
  "Vanilla-ES2015-TodoMVC/CompletingAllItems/Async": 26.913682850376716,