{
  "browser-setup": 3.314258,
  "browser-tear_down": 0.230385,
  "probes-creation": 0.00019,
  "probes-setup": 0.000164,
  "probes-start": 8e-05,
  "run": 106.908333,
  "runner-cooldown": 2.002067
}