{
  "Angular2-TypeScript-TodoMVC/Adding100Items/Async": 31.311659887915983,
  "Angular2-TypeScript-TodoMVC/Adding100Items/Sync": 41.94136431141696,
  "Angular2-TypeScript-TodoMVC/Adding100Items/total": 73.29154103903863,
  "Angular2-TypeScript-TodoMVC/CompletingAllItems/Async": 12.674745901058879,
  "Angular2-TypeScript-TodoMVC/CompletingAllItems/Sync": 8.336744848271211,
  "Angular2-TypeScript-TodoMVC/CompletingAllItems/total": 21.013363381153503,
  "Angular2-TypeScript-TodoMVC/DeletingItems/Async": 2.6667892335540193,
  "Angular2-TypeScript-TodoMVC/DeletingItems/Sync": 16.1252167699153,
  "Angular2-TypeScript-TodoMVC/DeletingItems/total": 18.797012805119294,
  "Angular2-TypeScript-TodoMVC/total": 113.11963823221798,
  "AngularJS-TodoMVC/Adding100Items/Async": 41.05355058023013,
  "AngularJS-TodoMVC/Adding100Items/Sync": 151.2367595075268,
  "AngularJS-TodoMVC/Adding100Items/total": 192.302615722921,
  "AngularJS-TodoMVC/CompletingAllItems/Async": 25.67792368675705,
  "AngularJS-TodoMVC/CompletingAllItems/Sync": 60.77739153891764,
  "AngularJS-TodoMVC/CompletingAllItems/total": 87.10440301568906,
  "AngularJS-TodoMVC/DeletingAllItems/Async": 14.857955404541647,
  "AngularJS-TodoMVC/DeletingAllItems/Sync": 164.50402126876222,
  "AngularJS-TodoMVC/DeletingAllItems/total": 179.80119231794458,
  "AngularJS-TodoMVC/total": 462.74030258860694,
  "BackboneJS-TodoMVC/Adding100Items/Async": 35.83547911755989,
  "BackboneJS-TodoMVC/Adding100Items/Sync": 55.11005920716041,
  "BackboneJS-TodoMVC/Adding100Items/total": 90.95425535855286,
  "BackboneJS-TodoMVC/CompletingAllItems/Async": 27.474640813546824,
  "BackboneJS-TodoMVC/CompletingAllItems/Sync": 37.652274248975544,
  "BackboneJS-TodoMVC/CompletingAllItems/total": 65.12880952256361,
  "BackboneJS-TodoMVC/DeletingAllItems/Async": 3.474183012833351,
  "BackboneJS-TodoMVC/DeletingAllItems/Sync": 25.68347705184567,
  "BackboneJS-TodoMVC/DeletingAllItems/total": 29.174402093897214,
  "BackboneJS-TodoMVC/total": 185.2951964361197,
  "Elm-TodoMVC/Adding100Items/Async": 46.36540059602054,
  "Elm-TodoMVC/Adding100Items/Sync": 97.94568337437084,
  "Elm-TodoMVC/Adding100Items/total": 145.228449340058,
  "Elm-TodoMVC/CompletingAllItems/Async": 31.038100537236897,
  "Elm-TodoMVC/CompletingAllItems/Sync": 92.7873593328921,
  "Elm-TodoMVC/CompletingAllItems/total": 124.70539264342517,
  "Elm-TodoMVC/DeletingItems/Async": 9.517456029881458,
  "Elm-TodoMVC/DeletingItems/Sync": 120.27698552713794,
  "Elm-TodoMVC/DeletingItems/total": 130.26508946269263,
  "Elm-TodoMVC/total": 415.3279276620313,
  "EmberJS-Debug-TodoMVC/Adding100Items/Async": 38.769757940320446,
  "EmberJS-Debug-TodoMVC/Adding100Items/Sync": 410.67407725143744,
  "EmberJS-Debug-TodoMVC/Adding100Items/total": 449.5056178020355,
  "EmberJS-Debug-TodoMVC/CompletingAllItems/Async": 26.88474825192249,
  "EmberJS-Debug-TodoMVC/CompletingAllItems/Sync": 292.8800121793638,
  "EmberJS-Debug-TodoMVC/CompletingAllItems/total": 319.8993822031325,
  "EmberJS-Debug-TodoMVC/DeletingItems/Async": 7.169676245951704,
  "EmberJS-Debug-TodoMVC/DeletingItems/Sync": 301.2427215317036,
  "EmberJS-Debug-TodoMVC/DeletingItems/total": 310.7310299180368,
  "EmberJS-Debug-TodoMVC/total": 1088.0702477813852,
  "EmberJS-TodoMVC/Adding100Items/Async": 33.580431495931194,
  "EmberJS-TodoMVC/Adding100Items/Sync": 140.75346795342708,
  "EmberJS-TodoMVC/Adding100Items/total": 174.4143945789755,
  "EmberJS-TodoMVC/CompletingAllItems/Async": 26.427939345660388,
  "EmberJS-TodoMVC/CompletingAllItems/Sync": 101.38941859713843,
  "EmberJS-TodoMVC/CompletingAllItems/total": 128.21570399465986,
  "EmberJS-TodoMVC/DeletingItems/Async": 3.5975292814409845,
  "EmberJS-TodoMVC/DeletingItems/Sync": 63.948129394323885,
  "EmberJS-TodoMVC/DeletingItems/total": 68.3455269301458,
  "EmberJS-TodoMVC/total": 373.45945208918226,
  "Flight-TodoMVC/Adding100Items/Async": 32.355068922058685,
  "Flight-TodoMVC/Adding100Items/Sync": 78.33271600490325,
  "Flight-TodoMVC/Adding100Items/total": 110.69517880956181,
  "Flight-TodoMVC/CompletingAllItems/Async": 24.59140028037942,
  "Flight-TodoMVC/CompletingAllItems/Sync": 85.48154679484901,
  "Flight-TodoMVC/CompletingAllItems/total": 110.08114770612168,
  "Flight-TodoMVC/DeletingItems/Async": 2.808381524312854,
  "Flight-TodoMVC/DeletingItems/Sync": 69.34906191251561,
  "Flight-TodoMVC/DeletingItems/total": 72.15943397555988,
  "Flight-TodoMVC/total": 292.9431104989466,
  "Inferno-TodoMVC/Adding100Items/Async": 37.174139198141425,
  "Inferno-TodoMVC/Adding100Items/Sync": 43.22892826355174,
  "Inferno-TodoMVC/Adding100Items/total": 80.51174460680916,
  "Inferno-TodoMVC/CompletingAllItems/Async": 6.17543875047303,
  "Inferno-TodoMVC/CompletingAllItems/Sync": 86.54194245587314,
  "Inferno-TodoMVC/CompletingAllItems/total": 92.72382670576924,
  "Inferno-TodoMVC/DeletingItems/Async": 2.898298016550965,
  "Inferno-TodoMVC/DeletingItems/Sync": 207.86999517614686,
  "Inferno-TodoMVC/DeletingItems/total": 210.76927014237648,
  "Inferno-TodoMVC/total": 384.04328224765214,
  "Preact-TodoMVC/Adding100Items/Async": 36.60108232121421,
  "Preact-TodoMVC/Adding100Items/Sync": 5.093568503694048,
  "Preact-TodoMVC/Adding100Items/total": 41.69896536520431,
  "Preact-TodoMVC/CompletingAllItems/Async": 16.30634892991414,
  "Preact-TodoMVC/CompletingAllItems/Sync": 3.1650458997494826,
  "Preact-TodoMVC/CompletingAllItems/total": 19.490492956671616,
  "Preact-TodoMVC/DeletingItems/Async": 4.343507511149487,
  "Preact-TodoMVC/DeletingItems/Sync": 1.5866264091766755,
  "Preact-TodoMVC/DeletingItems/total": 5.9386369798483285,
  "Preact-TodoMVC/total": 67.17171713772777,
  "React-Redux-TodoMVC/Adding100Items/Async": 34.98018182507706,
  "React-Redux-TodoMVC/Adding100Items/Sync": 133.72429846610513,
  "React-Redux-TodoMVC/Adding100Items/total": 168.81321176427102,
  "React-Redux-TodoMVC/CompletingAllItems/Async": 26.31841173401977,
  "React-Redux-TodoMVC/CompletingAllItems/Sync": 143.65195771103242,
  "React-Redux-TodoMVC/CompletingAllItems/total": 170.19049211295646,
  "React-Redux-TodoMVC/DeletingItems/Async": 4.3188630836211575,
  "React-Redux-TodoMVC/DeletingItems/Sync": 89.77420883204678,
  "React-Redux-TodoMVC/DeletingItems/total": 94.48692308597688,
  "React-Redux-TodoMVC/total": 435.3710950328494,
  "React-TodoMVC/Adding100Items/Async": 34.63401664475169,
  "React-TodoMVC/Adding100Items/Sync": 113.45522452785595,
  "React-TodoMVC/Adding100Items/total": 148.6721352991786,
  "React-TodoMVC/CompletingAllItems/Async": 27.99868478912132,
  "React-TodoMVC/CompletingAllItems/Sync": 70.80864333365642,
  "React-TodoMVC/CompletingAllItems/total": 99.51258244948089,
  "React-TodoMVC/DeletingAllItems/Async": 4.704957362514254,
  "React-TodoMVC/DeletingAllItems/Sync": 53.78568176811556,
  "React-TodoMVC/DeletingAllItems/total": 60.539569450224626,
  "React-TodoMVC/total": 318.666869421087,
  "Vanilla-ES2015-Babel-Webpack-TodoMVC/Adding100Items/Async": 34.3028532015184,
  "Vanilla-ES2015-Babel-Webpack-TodoMVC/Adding100Items/Sync": 294.99369066465874,
  "Vanilla-ES2015-Babel-Webpack-TodoMVC/Adding100Items/total": 329.31683376549006,
  "Vanilla-ES2015-Babel-Webpack-TodoMVC/CompletingAllItems/Async": 24.56762074239274,
  "Vanilla-ES2015-Babel-Webpack-TodoMVC/CompletingAllItems/Sync": 64.39316134645615,
  "Vanilla-ES2015-Babel-Webpack-TodoMVC/CompletingAllItems/total": 88.97098916387304,
  "Vanilla-ES2015-Babel-Webpack-TodoMVC/DeletingItems/Async": 2.936884035807556,
  "Vanilla-ES2015-Babel-Webpack-TodoMVC/DeletingItems/Sync": 40.51860915898738,
  "Vanilla-ES2015-Babel-Webpack-TodoMVC/DeletingItems/total": 43.45667685552111,
  "Vanilla-ES2015-Babel-Webpack-TodoMVC/total": 461.76413409033563,
  "Vanilla-ES2015-TodoMVC/Adding100Items/Async": 34.77813073036464,
  "Vanilla-ES2015-TodoMVC/Adding100Items/Sync": 298.9932724156056,
  "Vanilla-ES2015-TodoMVC/Adding100Items/total": 333.8250438179992,
  "Vanilla-ES2015-TodoMVC/CompletingAllItems/Async": 26.76821884494269,