{
  "browser-setup": {
    "values": [
      3.281854,
      3.301884,
      3.289621,
      3.322027,
      3.316165,
      3.308613,
      3.304189,
      3.288692,
      3.302787,
      3.28969,
      3.303593,
      3.257653,
      3.29983,
      3.289903,
      3.305122,
      3.283307,
      3.285171,
      3.301198,
      3.320117,
      3.276207
    ],
    "min": 3.257653,
    "average": 3.2963811499999998,
    "geomean": 3.296345727320956,
    "max": 3.322027,
    "stddev": 0.015270843405899343,
    "stddevPercent": 0.4632608521590213
  },
  "browser-tear_down": {
    "values": [
      0.273436,
      0.287776,
      0.274639,
      0.22965,
      0.226477,
      0.261225,
      0.254038,
      0.227129,
      0.222668,
      0.276625,
      0.217421,
      0.231664,
      0.217924,
      0.288925,
      0.288674,
      0.289357,
      0.224864,
      0.225111,
      0.295155,
      0.271702
    ],
    "min": 0.217421,
    "average": 0.25422300000000003,
    "geomean": 0.2526402191814112,
    "max": 0.295155,
    "stddev": 0.028339864599182536,
    "stddevPercent": 11.147639906374534
  },
  "probes-creation": {
    "values": [
      0.0002,
      0.000208,
      0.000231,
      0.000199,
      0.000214,
      0.000199,
      0.000201,
      0.00019,
      0.000194,
      0.000206,
      0.000199,
      0.000193,
      0.000198,
      0.000199,
      0.000201,
      0.0002,
      0.000249,
      0.0002,
      0.000183,
      0.000126
    ],
    "min": 0.000126,
    "average": 0.00019950000000000002,
    "geomean": 0.0001981218964273358,
    "max": 0.000249,
    "stddev": 2.192373143422442e-05,
    "stddevPercent": 10.989339064774144
  },
  "probes-setup": {
    "values": [
      0.000171,
      0.000174,
      0.000329,
      0.00017,
      0.000178,
      0.000167,
      0.000167,
      0.000162,
      0.000171,
      0.00017,
      0.000166,
      0.000166,
      0.000167,
      0.000165,
      0.000165,
      0.000166,
      0.000166,
      0.000168,
      0.000155,
      0.000107
    ],
    "min": 0.000107,
    "average": 0.00017250000000000002,
    "geomean": 0.00016930010673598406,
    "max": 0.000329,
    "stddev": 3.84974025097798e-05,
    "stddevPercent": 22.317334788278142
  },
  "probes-start": {
    "values": [
      7.9e-05,
      8.1e-05,
      8.1e-05,
      8.3e-05,
      7e-05,
      8.1e-05,
      7.9e-05,
      7.9e-05,
      7.9e-05,
      8e-05,
      8.1e-05,
      7.9e-05,
      8e-05,
      8e-05,
      8.1e-05,
      7.7e-05,
      6.6e-05,
      8.7e-05,
      8e-05,
      8.2e-05
    ],
    "min": 6.6e-05,
    "average": 7.925e-05,
    "geomean": 7.912673026408878e-05,
    "max": 8.7e-05,
    "stddev": 4.27638866334668e-06,
    "stddevPercent": 5.396074023150384
  },
  "run": {
    "values": [
      103.564422,
      108.361252,
      109.857428,
      108.483323,
      108.957855,
      108.767969,
      114.103975,
      109.147264,
      107.658196,
      113.746042,
      109.107027,
      108.914095,
      107.976329,
      111.746504,
      106.095586,
      109.416053,
      107.570417,
      110.125017,
      107.641665,
      111.058694
    ],
    "min": 103.564422,
    "average": 109.11495564999998,
    "geomean": 109.09030440720964,
    "max": 114.103975,
    "stddev": 2.3211631923725733,
    "stddevPercent": 2.1272640203584903
  },
  "runner-cooldown": {
    "values": [
      2.002082,
      2.002077,
      2.002014,
      2.002074,
      2.002405,
      2.002073,
      2.002081,
      2.002068,
      2.002067,
      2.000983,
      2.002069,
      2.000655,
      2.002071,
      2.002096,
      2.002071,
      2.002071,
      2.002059,
      2.002069,
      2.002055,
      2.002042
    ],
    "min": 2.000655,
    "average": 2.0019591000000005,
    "geomean": 2.0019590618329697,
    "max": 2.002405,
    "stddev": 0.00039085430789485826,
    "stddevPercent": 0.019523591061118988
  }
}