{
  "browser-setup": 3.337159,
  "browser-tear_down": 0.273259,
  "probes-creation": 0.000232,
  "probes-setup": 0.000184,
  "probes-start": 8.7e-05,
  "run": 109.752674,
  "runner-cooldown": 2.002394
}