{
  "Angular2-TypeScript-TodoMVC/Adding100Items/Async": 31.992665677252507,
  "Angular2-TypeScript-TodoMVC/Adding100Items/Sync": 42.13974983080976,
  "Angular2-TypeScript-TodoMVC/Adding100Items/total": 74.17619732393574,
  "Angular2-TypeScript-TodoMVC/CompletingAllItems/Async": 13.430885199841189,
  "Angular2-TypeScript-TodoMVC/CompletingAllItems/Sync": 8.515112784779177,
  "Angular2-TypeScript-TodoMVC/CompletingAllItems/total": 22.037678523982613,
  "Angular2-TypeScript-TodoMVC/DeletingItems/Async": 2.8415414178768503,
  "Angular2-TypeScript-TodoMVC/DeletingItems/Sync": 16.36509144728933,
  "Angular2-TypeScript-TodoMVC/DeletingItems/total": 19.209875506190915,
  "Angular2-TypeScript-TodoMVC/total": 115.62180410853294,
  "AngularJS-TodoMVC/Adding100Items/Async": 41.867516651392584,
  "AngularJS-TodoMVC/Adding100Items/Sync": 155.78371332291727,
  "AngularJS-TodoMVC/Adding100Items/total": 197.67058891131285,
  "AngularJS-TodoMVC/CompletingAllItems/Async": 24.601865378568377,
  "AngularJS-TodoMVC/CompletingAllItems/Sync": 54.57715667377665,
  "AngularJS-TodoMVC/CompletingAllItems/total": 79.2557811417657,
  "AngularJS-TodoMVC/DeletingAllItems/Async": 15.55241041730692,
  "AngularJS-TodoMVC/DeletingAllItems/Sync": 158.9761395392165,
  "AngularJS-TodoMVC/DeletingAllItems/total": 174.63172257642182,
  "AngularJS-TodoMVC/total": 451.63817334172927,
  "BackboneJS-TodoMVC/Adding100Items/Async": 42.68240701632433,
  "BackboneJS-TodoMVC/Adding100Items/Sync": 54.358779171131076,
  "BackboneJS-TodoMVC/Adding100Items/total": 97.22902270958784,
  "BackboneJS-TodoMVC/CompletingAllItems/Async": 32.0002784272296,
  "BackboneJS-TodoMVC/CompletingAllItems/Sync": 37.00651057421136,
  "BackboneJS-TodoMVC/CompletingAllItems/total": 69.11480055530635,
  "BackboneJS-TodoMVC/DeletingAllItems/Async": 4.9389244061059365,
  "BackboneJS-TodoMVC/DeletingAllItems/Sync": 26.37608371510332,
  "BackboneJS-TodoMVC/DeletingAllItems/total": 31.84221436239479,
  "BackboneJS-TodoMVC/total": 198.3441196025529,
  "Elm-TodoMVC/Adding100Items/Async": 48.49260686115651,
  "Elm-TodoMVC/Adding100Items/Sync": 85.86320798233359,
  "Elm-TodoMVC/Adding100Items/total": 134.49936575898326,
  "Elm-TodoMVC/CompletingAllItems/Async": 29.852019648733076,
  "Elm-TodoMVC/CompletingAllItems/Sync": 82.33127647431586,
  "Elm-TodoMVC/CompletingAllItems/total": 112.2135734053707,
  "Elm-TodoMVC/DeletingItems/Async": 9.180260349988501,
  "Elm-TodoMVC/DeletingItems/Sync": 102.29085247889606,
  "Elm-TodoMVC/DeletingItems/total": 111.58442804351245,
  "Elm-TodoMVC/total": 358.32010749967515,
  "EmberJS-Debug-TodoMVC/Adding100Items/Async": 46.15874548624036,
  "EmberJS-Debug-TodoMVC/Adding100Items/Sync": 750.6260864275581,
  "EmberJS-Debug-TodoMVC/Adding100Items/total": 797.3724591756073,
  "EmberJS-Debug-TodoMVC/CompletingAllItems/Async": 33.80983696724076,
  "EmberJS-Debug-TodoMVC/CompletingAllItems/Sync": 295.00763050866385,
  "EmberJS-Debug-TodoMVC/CompletingAllItems/total": 328.9448646808864,
  "EmberJS-Debug-TodoMVC/DeletingItems/Async": 15.299465579800039,
  "EmberJS-Debug-TodoMVC/DeletingItems/Sync": 291.70556462188426,
  "EmberJS-Debug-TodoMVC/DeletingItems/total": 314.0869460148419,
  "EmberJS-Debug-TodoMVC/total": 1447.1711755407953,
  "EmberJS-TodoMVC/Adding100Items/Async": 34.197848939562355,
  "EmberJS-TodoMVC/Adding100Items/Sync": 147.9902873375595,
  "EmberJS-TodoMVC/Adding100Items/total": 182.32499433623116,
  "EmberJS-TodoMVC/CompletingAllItems/Async": 29.208041511640793,
  "EmberJS-TodoMVC/CompletingAllItems/Sync": 107.03447535806555,
  "EmberJS-TodoMVC/CompletingAllItems/total": 136.88762735665742,
  "EmberJS-TodoMVC/DeletingItems/Async": 3.557727525987007,
  "EmberJS-TodoMVC/DeletingItems/Sync": 74.69613334799108,
  "EmberJS-TodoMVC/DeletingItems/total": 78.29106921346158,
  "EmberJS-TodoMVC/total": 399.06912767295603,
  "Flight-TodoMVC/Adding100Items/Async": 33.567573298587774,
  "Flight-TodoMVC/Adding100Items/Sync": 77.72524041837858,
  "Flight-TodoMVC/Adding100Items/total": 111.3098390861588,
  "Flight-TodoMVC/CompletingAllItems/Async": 24.926067700581722,
  "Flight-TodoMVC/CompletingAllItems/Sync": 84.4815673853879,
  "Flight-TodoMVC/CompletingAllItems/total": 109.41067019258867,
  "Flight-TodoMVC/DeletingItems/Async": 3.439827667704683,
  "Flight-TodoMVC/DeletingItems/Sync": 69.58013136669487,
  "Flight-TodoMVC/DeletingItems/total": 73.07816763487878,
  "Flight-TodoMVC/total": 293.8078982509534,
  "Inferno-TodoMVC/Adding100Items/Async": 39.359162277510215,
  "Inferno-TodoMVC/Adding100Items/Sync": 44.11961077216168,
  "Inferno-TodoMVC/Adding100Items/total": 83.56597795439257,
  "Inferno-TodoMVC/CompletingAllItems/Async": 6.798832765332736,
  "Inferno-TodoMVC/CompletingAllItems/Sync": 85.49135826434387,
  "Inferno-TodoMVC/CompletingAllItems/total": 92.40037501075565,
  "Inferno-TodoMVC/DeletingItems/Async": 3.2772506716375673,
  "Inferno-TodoMVC/DeletingItems/Sync": 201.82259244161025,
  "Inferno-TodoMVC/DeletingItems/total": 205.13969194309638,
  "Inferno-TodoMVC/total": 381.21844190725574,
  "Preact-TodoMVC/Adding100Items/Async": 38.826595461367695,
  "Preact-TodoMVC/Adding100Items/Sync": 5.134952493820087,
  "Preact-TodoMVC/Adding100Items/total": 43.9663142661289,
  "Preact-TodoMVC/CompletingAllItems/Async": 16.33589224843743,
  "Preact-TodoMVC/CompletingAllItems/Sync": 2.9833307692645805,
  "Preact-TodoMVC/CompletingAllItems/total": 19.32339240178873,
  "Preact-TodoMVC/DeletingItems/Async": 4.8386687366592716,
  "Preact-TodoMVC/DeletingItems/Sync": 1.6152771958924161,
  "Preact-TodoMVC/DeletingItems/total": 6.475716216717924,
  "Preact-TodoMVC/total": 69.8889565085562,
  "React-Redux-TodoMVC/Adding100Items/Async": 34.0752213439775,
  "React-Redux-TodoMVC/Adding100Items/Sync": 135.77181183950452,
  "React-Redux-TodoMVC/Adding100Items/total": 170.087466765567,
  "React-Redux-TodoMVC/CompletingAllItems/Async": 27.74111893764714,
  "React-Redux-TodoMVC/CompletingAllItems/Sync": 137.40007306176875,
  "React-Redux-TodoMVC/CompletingAllItems/total": 165.2343298282767,
  "React-Redux-TodoMVC/DeletingItems/Async": 3.625386407843363,
  "React-Redux-TodoMVC/DeletingItems/Sync": 95.0931577941254,
  "React-Redux-TodoMVC/DeletingItems/total": 98.83284132547247,
  "React-Redux-TodoMVC/total": 435.57294071979277,
  "React-TodoMVC/Adding100Items/Async": 35.619394022913845,
  "React-TodoMVC/Adding100Items/Sync": 104.24089180078592,
  "React-TodoMVC/Adding100Items/total": 139.87796407464162,
  "React-TodoMVC/CompletingAllItems/Async": 27.612503665786956,
  "React-TodoMVC/CompletingAllItems/Sync": 62.23159562125342,
  "React-TodoMVC/CompletingAllItems/total": 89.8558328221466,
  "React-TodoMVC/DeletingAllItems/Async": 2.993808072159429,
  "React-TodoMVC/DeletingAllItems/Sync": 47.01102266806483,
  "React-TodoMVC/DeletingAllItems/total": 50.05933311073653,
  "React-TodoMVC/total": 280.0789355422344,
  "Vanilla-ES2015-Babel-Webpack-TodoMVC/Adding100Items/Async": 35.232874391816765,
  "Vanilla-ES2015-Babel-Webpack-TodoMVC/Adding100Items/Sync": 290.65377943915627,
  "Vanilla-ES2015-Babel-Webpack-TodoMVC/Adding100Items/total": 325.94266502085935,
  "Vanilla-ES2015-Babel-Webpack-TodoMVC/CompletingAllItems/Async": 26.316639120231955,
  "Vanilla-ES2015-Babel-Webpack-TodoMVC/CompletingAllItems/Sync": 64.11137042362606,
  "Vanilla-ES2015-Babel-Webpack-TodoMVC/CompletingAllItems/total": 90.45583098316152,
  "Vanilla-ES2015-Babel-Webpack-TodoMVC/DeletingItems/Async": 5.347796971160315,
  "Vanilla-ES2015-Babel-Webpack-TodoMVC/DeletingItems/Sync": 40.18431744810034,
  "Vanilla-ES2015-Babel-Webpack-TodoMVC/DeletingItems/total": 49.81440788407531,
  "Vanilla-ES2015-Babel-Webpack-TodoMVC/total": 468.18649494694574,
  "Vanilla-ES2015-TodoMVC/Adding100Items/Async": 35.08706629412689,
  "Vanilla-ES2015-TodoMVC/Adding100Items/Sync": 296.11062218397836,
  "Vanilla-ES2015-TodoMVC/Adding100Items/total": 331.24593870461575,
  "Vanilla-ES2015-TodoMVC/CompletingAllItems/Async": 26.235237399932558,