{
  "browser-setup": 3.317622,
  "browser-tear_down": 0.232792,
  "probes-creation": 0.000198,
  "probes-setup": 0.000168,
  "probes-start": 7.9e-05,
  "run": 109.635791,
  "runner-cooldown": 2.00207
}