{
  "Angular2-TypeScript-TodoMVC/Adding100Items/Async": 31.64886302706935,
  "Angular2-TypeScript-TodoMVC/Adding100Items/Sync": 42.42481636391316,
  "Angular2-TypeScript-TodoMVC/Adding100Items/total": 74.13946268347536,
  "Angular2-TypeScript-TodoMVC/CompletingAllItems/Async": 12.95511935031782,
  "Angular2-TypeScript-TodoMVC/CompletingAllItems/Sync": 8.485612333876187,
  "Angular2-TypeScript-TodoMVC/CompletingAllItems/total": 21.443226205729896,
  "Angular2-TypeScript-TodoMVC/DeletingItems/Async": 2.7613583189996507,
  "Angular2-TypeScript-TodoMVC/DeletingItems/Sync": 16.240155672218,
  "Angular2-TypeScript-TodoMVC/DeletingItems/total": 19.00650762426728,
  "Angular2-TypeScript-TodoMVC/total": 114.61016239591956,
  "AngularJS-TodoMVC/Adding100Items/Async": 41.259921969815494,
  "AngularJS-TodoMVC/Adding100Items/Sync": 155.32428379145009,
  "AngularJS-TodoMVC/Adding100Items/total": 196.59052934751995,
  "AngularJS-TodoMVC/CompletingAllItems/Async": 24.093966020994625,
  "AngularJS-TodoMVC/CompletingAllItems/Sync": 54.709810204394024,
  "AngularJS-TodoMVC/CompletingAllItems/total": 78.90179696257276,
  "AngularJS-TodoMVC/DeletingAllItems/Async": 15.056780304038023,
  "AngularJS-TodoMVC/DeletingAllItems/Sync": 162.98782925901253,
  "AngularJS-TodoMVC/DeletingAllItems/total": 178.12252050946594,
  "AngularJS-TodoMVC/total": 453.85464408903914,
  "BackboneJS-TodoMVC/Adding100Items/Async": 40.71733372988883,
  "BackboneJS-TodoMVC/Adding100Items/Sync": 54.9407792963084,
  "BackboneJS-TodoMVC/Adding100Items/total": 95.77102932584046,
  "BackboneJS-TodoMVC/CompletingAllItems/Async": 30.291498261608055,
  "BackboneJS-TodoMVC/CompletingAllItems/Sync": 37.72624786818723,
  "BackboneJS-TodoMVC/CompletingAllItems/total": 68.13186750036914,
  "BackboneJS-TodoMVC/DeletingAllItems/Async": 4.009289369554284,
  "BackboneJS-TodoMVC/DeletingAllItems/Sync": 25.975512605940022,
  "BackboneJS-TodoMVC/DeletingAllItems/total": 30.171661350938596,
  "BackboneJS-TodoMVC/total": 194.16539805629566,
  "Elm-TodoMVC/Adding100Items/Async": 48.54562000893209,
  "Elm-TodoMVC/Adding100Items/Sync": 85.99825346817069,
  "Elm-TodoMVC/Adding100Items/total": 134.8062661706914,
  "Elm-TodoMVC/CompletingAllItems/Async": 30.468993772869105,
  "Elm-TodoMVC/CompletingAllItems/Sync": 83.207091846814,
  "Elm-TodoMVC/CompletingAllItems/total": 113.71049428182593,
  "Elm-TodoMVC/DeletingItems/Async": 8.611758353675686,
  "Elm-TodoMVC/DeletingItems/Sync": 101.90399026262644,
  "Elm-TodoMVC/DeletingItems/total": 110.6044749824568,
  "Elm-TodoMVC/total": 359.2707749067638,
  "EmberJS-Debug-TodoMVC/Adding100Items/Async": 45.748535062406226,
  "EmberJS-Debug-TodoMVC/Adding100Items/Sync": 658.7583957237484,
  "EmberJS-Debug-TodoMVC/Adding100Items/total": 705.3644778352075,
  "EmberJS-Debug-TodoMVC/CompletingAllItems/Async": 34.166644186266545,
  "EmberJS-Debug-TodoMVC/CompletingAllItems/Sync": 293.30614284260776,
  "EmberJS-Debug-TodoMVC/CompletingAllItems/total": 327.7600800998785,
  "EmberJS-Debug-TodoMVC/DeletingItems/Async": 9.299206733742896,
  "EmberJS-Debug-TodoMVC/DeletingItems/Sync": 283.4753703025582,
  "EmberJS-Debug-TodoMVC/DeletingItems/total": 293.2299784109271,
  "EmberJS-Debug-TodoMVC/total": 1332.7868016882082,
  "EmberJS-TodoMVC/Adding100Items/Async": 33.88597706762701,
  "EmberJS-TodoMVC/Adding100Items/Sync": 154.71967818888484,
  "EmberJS-TodoMVC/Adding100Items/total": 188.7827178064975,
  "EmberJS-TodoMVC/CompletingAllItems/Async": 28.217611214757675,
  "EmberJS-TodoMVC/CompletingAllItems/Sync": 109.17670516615641,
  "EmberJS-TodoMVC/CompletingAllItems/total": 137.71657454406798,
  "EmberJS-TodoMVC/DeletingItems/Async": 3.3199023872590594,
  "EmberJS-TodoMVC/DeletingItems/Sync": 71.26581357022482,
  "EmberJS-TodoMVC/DeletingItems/total": 74.5980098250895,
  "EmberJS-TodoMVC/total": 402.31783295492966,
  "Flight-TodoMVC/Adding100Items/Async": 33.244104052570435,
  "Flight-TodoMVC/Adding100Items/Sync": 78.82581966568193,
  "Flight-TodoMVC/Adding100Items/total": 112.0823888396041,
  "Flight-TodoMVC/CompletingAllItems/Async": 24.990624139892837,
  "Flight-TodoMVC/CompletingAllItems/Sync": 86.41482254176081,
  "Flight-TodoMVC/CompletingAllItems/total": 111.41136075225943,
  "Flight-TodoMVC/DeletingItems/Async": 3.1586146826447505,
  "Flight-TodoMVC/DeletingItems/Sync": 71.08454978959622,
  "Flight-TodoMVC/DeletingItems/total": 74.2695711088686,
  "Flight-TodoMVC/total": 297.81534862648357,
  "Inferno-TodoMVC/Adding100Items/Async": 38.33459998612365,
  "Inferno-TodoMVC/Adding100Items/Sync": 43.21966739616283,
  "Inferno-TodoMVC/Adding100Items/total": 81.69284449437815,
  "Inferno-TodoMVC/CompletingAllItems/Async": 6.320856259372207,
  "Inferno-TodoMVC/CompletingAllItems/Sync": 84.89369319484756,
  "Inferno-TodoMVC/CompletingAllItems/total": 91.22279694765034,
  "Inferno-TodoMVC/DeletingItems/Async": 3.1439461774711197,
  "Inferno-TodoMVC/DeletingItems/Sync": 198.49224931010016,
  "Inferno-TodoMVC/DeletingItems/total": 201.65829482265187,
  "Inferno-TodoMVC/total": 374.6271633696719,
  "Preact-TodoMVC/Adding100Items/Async": 37.29559171608122,
  "Preact-TodoMVC/Adding100Items/Sync": 4.931277460750909,
  "Preact-TodoMVC/Adding100Items/total": 42.23230689914481,
  "Preact-TodoMVC/CompletingAllItems/Async": 16.035905260383878,
  "Preact-TodoMVC/CompletingAllItems/Sync": 2.988527517865363,
  "Preact-TodoMVC/CompletingAllItems/total": 19.031609189919813,
  "Preact-TodoMVC/DeletingItems/Async": 4.397925785681444,
  "Preact-TodoMVC/DeletingItems/Sync": 1.6090740732593072,
  "Preact-TodoMVC/DeletingItems/total": 6.020420031311619,
  "Preact-TodoMVC/total": 67.31557414749773,
  "React-Redux-TodoMVC/Adding100Items/Async": 32.98651444912834,
  "React-Redux-TodoMVC/Adding100Items/Sync": 138.17707477413035,
  "React-Redux-TodoMVC/Adding100Items/total": 171.34261859542497,
  "React-Redux-TodoMVC/CompletingAllItems/Async": 27.297744348655655,
  "React-Redux-TodoMVC/CompletingAllItems/Sync": 146.01604384571993,
  "React-Redux-TodoMVC/CompletingAllItems/total": 173.51418152604106,
  "React-Redux-TodoMVC/DeletingItems/Async": 3.5941370965539017,
  "React-Redux-TodoMVC/DeletingItems/Sync": 106.42318069599405,
  "React-Redux-TodoMVC/DeletingItems/total": 110.17377444302328,
  "React-Redux-TodoMVC/total": 457.01232303435114,
  "React-TodoMVC/Adding100Items/Async": 35.07580935624345,
  "React-TodoMVC/Adding100Items/Sync": 108.60186804776427,
  "React-TodoMVC/Adding100Items/total": 143.8689041396567,
  "React-TodoMVC/CompletingAllItems/Async": 27.93859896635074,
  "React-TodoMVC/CompletingAllItems/Sync": 63.4847559467496,
  "React-TodoMVC/CompletingAllItems/total": 91.42972094162083,
  "React-TodoMVC/DeletingAllItems/Async": 2.9580653137916775,
  "React-TodoMVC/DeletingAllItems/Sync": 46.847800903083254,
  "React-TodoMVC/DeletingAllItems/total": 49.82570333032703,
  "React-TodoMVC/total": 285.31718291278776,
  "Vanilla-ES2015-Babel-Webpack-TodoMVC/Adding100Items/Async": 35.90220691134881,
  "Vanilla-ES2015-Babel-Webpack-TodoMVC/Adding100Items/Sync": 300.7368129768992,
  "Vanilla-ES2015-Babel-Webpack-TodoMVC/Adding100Items/total": 336.67332991658674,
  "Vanilla-ES2015-Babel-Webpack-TodoMVC/CompletingAllItems/Async": 26.74140679081419,
  "Vanilla-ES2015-Babel-Webpack-TodoMVC/CompletingAllItems/Sync": 64.81728823259137,
  "Vanilla-ES2015-Babel-Webpack-TodoMVC/CompletingAllItems/total": 91.56811761298033,
  "Vanilla-ES2015-Babel-Webpack-TodoMVC/DeletingItems/Async": 4.142984843303325,
  "Vanilla-ES2015-Babel-Webpack-TodoMVC/DeletingItems/Sync": 40.886277612541434,
  "Vanilla-ES2015-Babel-Webpack-TodoMVC/DeletingItems/total": 46.8226835397967,
  "Vanilla-ES2015-Babel-Webpack-TodoMVC/total": 475.87507868491167,
  "Vanilla-ES2015-TodoMVC/Adding100Items/Async": 34.759339790166045,
  "Vanilla-ES2015-TodoMVC/Adding100Items/Sync": 303.1323548447036,
  "Vanilla-ES2015-TodoMVC/Adding100Items/total": 337.9293726371281,
  "Vanilla-ES2015-TodoMVC/CompletingAllItems/Async": 26.35470888894219,