{
  "Angular2-TypeScript-TodoMVC/Adding100Items/Async": 37.94368860196268,
  "Angular2-TypeScript-TodoMVC/Adding100Items/Sync": 60.00782216157868,
  "Angular2-TypeScript-TodoMVC/Adding100Items/total": 98.0223845853089,
  "Angular2-TypeScript-TodoMVC/CompletingAllItems/Async": 19.45419808508854,
  "Angular2-TypeScript-TodoMVC/CompletingAllItems/Sync": 10.197414710477986,
  "Angular2-TypeScript-TodoMVC/CompletingAllItems/total": 29.813063194301428,
  "Angular2-TypeScript-TodoMVC/DeletingItems/Async": 3.701615939993731,
  "Angular2-TypeScript-TodoMVC/DeletingItems/Sync": 18.26486568811407,
  "Angular2-TypeScript-TodoMVC/DeletingItems/total": 21.971936268295433,
  "Angular2-TypeScript-TodoMVC/total": 150.0268711463131,
  "AngularJS-TodoMVC/Adding100Items/Async": 51.168281031881456,
  "AngularJS-TodoMVC/Adding100Items/Sync": 284.8605715422178,
  "AngularJS-TodoMVC/Adding100Items/total": 336.3505862100595,
  "AngularJS-TodoMVC/CompletingAllItems/Async": 36.311645761468185,
  "AngularJS-TodoMVC/CompletingAllItems/Sync": 85.92234631377514,
  "AngularJS-TodoMVC/CompletingAllItems/total": 123.1516573606632,
  "AngularJS-TodoMVC/DeletingAllItems/Async": 17.363879715841993,
  "AngularJS-TodoMVC/DeletingAllItems/Sync": 245.19978056544042,
  "AngularJS-TodoMVC/DeletingAllItems/total": 262.71928941757403,
  "AngularJS-TodoMVC/total": 723.5867659867018,
  "BackboneJS-TodoMVC/Adding100Items/Async": 45.62014959144997,
  "BackboneJS-TodoMVC/Adding100Items/Sync": 109.19143591214463,
  "BackboneJS-TodoMVC/Adding100Items/total": 155.44261794379577,
  "BackboneJS-TodoMVC/CompletingAllItems/Async": 33.96602360917828,
  "BackboneJS-TodoMVC/CompletingAllItems/Sync": 59.56246472196909,
  "BackboneJS-TodoMVC/CompletingAllItems/total": 93.69251606527881,
  "BackboneJS-TodoMVC/DeletingAllItems/Async": 4.923054721952413,
  "BackboneJS-TodoMVC/DeletingAllItems/Sync": 31.030341185658262,
  "BackboneJS-TodoMVC/DeletingAllItems/total": 36.00072888852966,
  "BackboneJS-TodoMVC/total": 285.4214634750041,
  "Elm-TodoMVC/Adding100Items/Async": 54.376296241269756,
  "Elm-TodoMVC/Adding100Items/Sync": 202.28391153783943,
  "Elm-TodoMVC/Adding100Items/total": 264.83904146456604,
  "Elm-TodoMVC/CompletingAllItems/Async": 41.05580342764255,
  "Elm-TodoMVC/CompletingAllItems/Sync": 128.56685501816725,
  "Elm-TodoMVC/CompletingAllItems/total": 170.25479295217832,
  "Elm-TodoMVC/DeletingItems/Async": 10.9915009756247,
  "Elm-TodoMVC/DeletingItems/Sync": 312.09241614090797,
  "Elm-TodoMVC/DeletingItems/total": 324.5502054709143,
  "Elm-TodoMVC/total": 848.5319094689025,
  "EmberJS-Debug-TodoMVC/Adding100Items/Async": 45.48425372195624,
  "EmberJS-Debug-TodoMVC/Adding100Items/Sync": 575.2667059522187,
  "EmberJS-Debug-TodoMVC/Adding100Items/total": 620.8124184348834,
  "EmberJS-Debug-TodoMVC/CompletingAllItems/Async": 33.58523949346292,
  "EmberJS-Debug-TodoMVC/CompletingAllItems/Sync": 359.18791302247445,
  "EmberJS-Debug-TodoMVC/CompletingAllItems/total": 392.96993130526977,
  "EmberJS-Debug-TodoMVC/DeletingItems/Async": 5.181963185816209,
  "EmberJS-Debug-TodoMVC/DeletingItems/Sync": 380.4570003491412,
  "EmberJS-Debug-TodoMVC/DeletingItems/total": 385.75726302129294,
  "EmberJS-Debug-TodoMVC/total": 1400.0998382120629,
  "EmberJS-TodoMVC/Adding100Items/Async": 42.25464581539006,
  "EmberJS-TodoMVC/Adding100Items/Sync": 235.3434354641918,
  "EmberJS-TodoMVC/Adding100Items/total": 277.647935834893,
  "EmberJS-TodoMVC/CompletingAllItems/Async": 33.96447457085677,
  "EmberJS-TodoMVC/CompletingAllItems/Sync": 123.793430183576,
  "EmberJS-TodoMVC/CompletingAllItems/total": 157.80476646356783,
  "EmberJS-TodoMVC/DeletingItems/Async": 5.048486354475326,
  "EmberJS-TodoMVC/DeletingItems/Sync": 81.36697036811725,
  "EmberJS-TodoMVC/DeletingItems/total": 86.57291664689535,
  "EmberJS-TodoMVC/total": 522.3403177593726,
  "Flight-TodoMVC/Adding100Items/Async": 40.78178728095714,
  "Flight-TodoMVC/Adding100Items/Sync": 116.83737319414601,
  "Flight-TodoMVC/Adding100Items/total": 157.868680283745,
  "Flight-TodoMVC/CompletingAllItems/Async": 32.752571279146785,
  "Flight-TodoMVC/CompletingAllItems/Sync": 123.29592642732943,
  "Flight-TodoMVC/CompletingAllItems/total": 156.23231038222934,
  "Flight-TodoMVC/DeletingItems/Async": 5.433000360061629,
  "Flight-TodoMVC/DeletingItems/Sync": 109.69775314901094,
  "Flight-TodoMVC/DeletingItems/total": 115.67219111780128,
  "Flight-TodoMVC/total": 429.89130475888976,
  "Inferno-TodoMVC/Adding100Items/Async": 42.473997179814724,
  "Inferno-TodoMVC/Adding100Items/Sync": 55.044267743456324,
  "Inferno-TodoMVC/Adding100Items/total": 97.54907555423534,
  "Inferno-TodoMVC/CompletingAllItems/Async": 9.89627850358153,
  "Inferno-TodoMVC/CompletingAllItems/Sync": 113.7365713972748,
  "Inferno-TodoMVC/CompletingAllItems/total": 124.0471406990923,
  "Inferno-TodoMVC/DeletingItems/Async": 3.937415590698788,
  "Inferno-TodoMVC/DeletingItems/Sync": 246.13964486673672,
  "Inferno-TodoMVC/DeletingItems/total": 250.10229244930997,
  "Inferno-TodoMVC/total": 471.7657580885471,
  "Preact-TodoMVC/Adding100Items/Async": 61.72998225716896,
  "Preact-TodoMVC/Adding100Items/Sync": 10.74628680348519,
  "Preact-TodoMVC/Adding100Items/total": 72.48538028620038,
  "Preact-TodoMVC/CompletingAllItems/Async": 27.327248376244796,
  "Preact-TodoMVC/CompletingAllItems/Sync": 3.9814798901928277,
  "Preact-TodoMVC/CompletingAllItems/total": 31.383390613854978,
  "Preact-TodoMVC/DeletingItems/Async": 7.526854294357954,
  "Preact-TodoMVC/DeletingItems/Sync": 2.182237811339389,
  "Preact-TodoMVC/DeletingItems/total": 9.718111082809509,
  "Preact-TodoMVC/total": 115.40324346596472,
  "React-Redux-TodoMVC/Adding100Items/Async": 42.66395667052848,
  "React-Redux-TodoMVC/Adding100Items/Sync": 196.9711707856787,
  "React-Redux-TodoMVC/Adding100Items/total": 239.86526285703587,
  "React-Redux-TodoMVC/CompletingAllItems/Async": 31.42172172258334,
  "React-Redux-TodoMVC/CompletingAllItems/Sync": 170.77949330375074,
  "React-Redux-TodoMVC/CompletingAllItems/total": 202.2235228236424,
  "React-Redux-TodoMVC/DeletingItems/Async": 4.403290937885899,
  "React-Redux-TodoMVC/DeletingItems/Sync": 113.21218289342484,
  "React-Redux-TodoMVC/DeletingItems/total": 117.75466540060268,
  "React-Redux-TodoMVC/total": 560.0253327744143,
  "React-TodoMVC/Adding100Items/Async": 42.67142790668372,
  "React-TodoMVC/Adding100Items/Sync": 149.20912339217728,
  "React-TodoMVC/Adding100Items/total": 191.94723057027053,
  "React-TodoMVC/CompletingAllItems/Async": 32.980981436349396,
  "React-TodoMVC/CompletingAllItems/Sync": 84.21610534110705,
  "React-TodoMVC/CompletingAllItems/total": 117.27731776432121,
  "React-TodoMVC/DeletingAllItems/Async": 4.300428474236314,
  "React-TodoMVC/DeletingAllItems/Sync": 57.27303019933353,
  "React-TodoMVC/DeletingAllItems/total": 61.639323514551236,
  "React-TodoMVC/total": 371.1037940156255,
  "Vanilla-ES2015-Babel-Webpack-TodoMVC/Adding100Items/Async": 38.23840963582488,
  "Vanilla-ES2015-Babel-Webpack-TodoMVC/Adding100Items/Sync": 345.5413801284153,
  "Vanilla-ES2015-Babel-Webpack-TodoMVC/Adding100Items/total": 383.8041163227782,
  "Vanilla-ES2015-Babel-Webpack-TodoMVC/CompletingAllItems/Async": 31.083311924216915,
  "Vanilla-ES2015-Babel-Webpack-TodoMVC/CompletingAllItems/Sync": 78.2998866989841,
  "Vanilla-ES2015-Babel-Webpack-TodoMVC/CompletingAllItems/total": 109.4008889219238,
  "Vanilla-ES2015-Babel-Webpack-TodoMVC/DeletingItems/Async": 4.560626587892968,
  "Vanilla-ES2015-Babel-Webpack-TodoMVC/DeletingItems/Sync": 52.550769169146456,
  "Vanilla-ES2015-Babel-Webpack-TodoMVC/DeletingItems/total": 57.1292802373198,
  "Vanilla-ES2015-Babel-Webpack-TodoMVC/total": 550.5080617851082,
  "Vanilla-ES2015-TodoMVC/Adding100Items/Async": 39.16554103839112,
  "Vanilla-ES2015-TodoMVC/Adding100Items/Sync": 355.75533158511496,
  "Vanilla-ES2015-TodoMVC/Adding100Items/total": 394.9754679174708,
  "Vanilla-ES2015-TodoMVC/CompletingAllItems/Async": 31.883329889119313,