{
  "browser-setup": 4.008735,
  "browser-tear_down": 0.226909,
  "probes-creation": 0.000123,
  "probes-setup": 0.000101,
  "probes-start": 5.6e-05,
  "run": 125.303747,
  "runner-cooldown": 2.002049
}