{
  "Angular2-TypeScript-TodoMVC/Adding100Items/Async": 37.8779425068985,
  "Angular2-TypeScript-TodoMVC/Adding100Items/Sync": 54.300155826986455,
  "Angular2-TypeScript-TodoMVC/Adding100Items/total": 92.239076288831,
  "Angular2-TypeScript-TodoMVC/CompletingAllItems/Async": 15.016288192781202,
  "Angular2-TypeScript-TodoMVC/CompletingAllItems/Sync": 9.940393553845407,
  "Angular2-TypeScript-TodoMVC/CompletingAllItems/total": 25.05314763351508,
  "Angular2-TypeScript-TodoMVC/DeletingItems/Async": 3.646942983093363,
  "Angular2-TypeScript-TodoMVC/DeletingItems/Sync": 18.603845887558524,
  "Angular2-TypeScript-TodoMVC/DeletingItems/total": 22.277785314054878,
  "Angular2-TypeScript-TodoMVC/total": 139.8048153686678,
  "AngularJS-TodoMVC/Adding100Items/Async": 52.19307966224517,
  "AngularJS-TodoMVC/Adding100Items/Sync": 239.4816292331849,
  "AngularJS-TodoMVC/Adding100Items/total": 292.339485456814,
  "AngularJS-TodoMVC/CompletingAllItems/Async": 38.13109056077233,
  "AngularJS-TodoMVC/CompletingAllItems/Sync": 69.77997158235362,
  "AngularJS-TodoMVC/CompletingAllItems/total": 108.5343607179622,
  "AngularJS-TodoMVC/DeletingAllItems/Async": 16.02771848395305,
  "AngularJS-TodoMVC/DeletingAllItems/Sync": 271.71877768988924,
  "AngularJS-TodoMVC/DeletingAllItems/total": 287.77192203198547,
  "AngularJS-TodoMVC/total": 696.9280564032038,
  "BackboneJS-TodoMVC/Adding100Items/Async": 43.749793765970466,
  "BackboneJS-TodoMVC/Adding100Items/Sync": 72.06608349192608,
  "BackboneJS-TodoMVC/Adding100Items/total": 115.84208179424928,
  "BackboneJS-TodoMVC/CompletingAllItems/Async": 33.13832282053238,
  "BackboneJS-TodoMVC/CompletingAllItems/Sync": 46.93328014950232,
  "BackboneJS-TodoMVC/CompletingAllItems/total": 80.07555873967672,
  "BackboneJS-TodoMVC/DeletingAllItems/Async": 4.815472063668651,
  "BackboneJS-TodoMVC/DeletingAllItems/Sync": 29.945187274482823,
  "BackboneJS-TodoMVC/DeletingAllItems/total": 34.76652427734172,
  "BackboneJS-TodoMVC/total": 230.7116038656054,
  "Elm-TodoMVC/Adding100Items/Async": 52.45511883226853,
  "Elm-TodoMVC/Adding100Items/Sync": 141.01758441465103,
  "Elm-TodoMVC/Adding100Items/total": 195.27230268454272,
  "Elm-TodoMVC/CompletingAllItems/Async": 35.2807087504473,
  "Elm-TodoMVC/CompletingAllItems/Sync": 141.4490130455135,
  "Elm-TodoMVC/CompletingAllItems/total": 177.81873835152587,
  "Elm-TodoMVC/DeletingItems/Async": 10.521987775111581,
  "Elm-TodoMVC/DeletingItems/Sync": 145.0929705499602,
  "Elm-TodoMVC/DeletingItems/total": 156.12678978991832,
  "Elm-TodoMVC/total": 542.6586045936941,
  "EmberJS-Debug-TodoMVC/Adding100Items/Async": 48.03357238112635,
  "EmberJS-Debug-TodoMVC/Adding100Items/Sync": 575.247723961858,
  "EmberJS-Debug-TodoMVC/Adding100Items/total": 623.3613891856301,
  "EmberJS-Debug-TodoMVC/CompletingAllItems/Async": 32.805046402728905,
  "EmberJS-Debug-TodoMVC/CompletingAllItems/Sync": 377.39327471930864,
  "EmberJS-Debug-TodoMVC/CompletingAllItems/total": 410.2943563269036,
  "EmberJS-Debug-TodoMVC/DeletingItems/Async": 11.33401674077642,
  "EmberJS-Debug-TodoMVC/DeletingItems/Sync": 412.81253944159397,
  "EmberJS-Debug-TodoMVC/DeletingItems/total": 425.54598693049405,
  "EmberJS-Debug-TodoMVC/total": 1472.9346889811352,
  "EmberJS-TodoMVC/Adding100Items/Async": 41.586226681141355,
  "EmberJS-TodoMVC/Adding100Items/Sync": 205.9152799111391,
  "EmberJS-TodoMVC/Adding100Items/total": 247.696031343214,
  "EmberJS-TodoMVC/CompletingAllItems/Async": 34.95403945056633,
  "EmberJS-TodoMVC/CompletingAllItems/Sync": 115.44050397812236,
  "EmberJS-TodoMVC/CompletingAllItems/total": 150.73724260152676,
  "EmberJS-TodoMVC/DeletingItems/Async": 4.342934183913315,
  "EmberJS-TodoMVC/DeletingItems/Sync": 78.2323894967357,
  "EmberJS-TodoMVC/DeletingItems/total": 82.85354017926338,
  "EmberJS-TodoMVC/total": 481.9936571109932,
  "Flight-TodoMVC/Adding100Items/Async": 39.01844994994251,
  "Flight-TodoMVC/Adding100Items/Sync": 97.19102768405116,
  "Flight-TodoMVC/Adding100Items/total": 136.21702007524792,
  "Flight-TodoMVC/CompletingAllItems/Async": 28.618541314152836,
  "Flight-TodoMVC/CompletingAllItems/Sync": 104.84610566564051,
  "Flight-TodoMVC/CompletingAllItems/total": 133.47423742226724,
  "Flight-TodoMVC/DeletingItems/Async": 4.047299671904828,
  "Flight-TodoMVC/DeletingItems/Sync": 95.51778510177283,
  "Flight-TodoMVC/DeletingItems/total": 99.57165264991346,
  "Flight-TodoMVC/total": 371.5517203671291,
  "Inferno-TodoMVC/Adding100Items/Async": 49.287217802227154,
  "Inferno-TodoMVC/Adding100Items/Sync": 49.88710361633431,
  "Inferno-TodoMVC/Adding100Items/total": 99.5039831799001,
  "Inferno-TodoMVC/CompletingAllItems/Async": 11.35932816638862,
  "Inferno-TodoMVC/CompletingAllItems/Sync": 111.64073814540849,
  "Inferno-TodoMVC/CompletingAllItems/total": 123.74436310392946,
  "Inferno-TodoMVC/DeletingItems/Async": 4.1071746362426,
  "Inferno-TodoMVC/DeletingItems/Sync": 245.7733866603589,
  "Inferno-TodoMVC/DeletingItems/total": 250.4880240165687,
  "Inferno-TodoMVC/total": 474.07530374545934,
  "Preact-TodoMVC/Adding100Items/Async": 43.294598964536775,
  "Preact-TodoMVC/Adding100Items/Sync": 6.484780393673977,
  "Preact-TodoMVC/Adding100Items/total": 49.780274205723,
  "Preact-TodoMVC/CompletingAllItems/Async": 31.029893290010445,
  "Preact-TodoMVC/CompletingAllItems/Sync": 3.9329000316704854,
  "Preact-TodoMVC/CompletingAllItems/total": 34.969890749025936,
  "Preact-TodoMVC/DeletingItems/Async": 7.708257634597662,
  "Preact-TodoMVC/DeletingItems/Sync": 2.311375420024342,
  "Preact-TodoMVC/DeletingItems/total": 10.051773918641278,
  "Preact-TodoMVC/total": 94.82005793335742,
  "React-Redux-TodoMVC/Adding100Items/Async": 45.11624223076818,
  "React-Redux-TodoMVC/Adding100Items/Sync": 191.51210597471425,
  "React-Redux-TodoMVC/Adding100Items/total": 237.32475592752618,
  "React-Redux-TodoMVC/CompletingAllItems/Async": 30.96176160218336,
  "React-Redux-TodoMVC/CompletingAllItems/Sync": 190.3841412382695,
  "React-Redux-TodoMVC/CompletingAllItems/total": 221.50684133777972,
  "React-Redux-TodoMVC/DeletingItems/Async": 5.46381619491142,
  "React-Redux-TodoMVC/DeletingItems/Sync": 111.87796223364394,
  "React-Redux-TodoMVC/DeletingItems/total": 117.960900300746,
  "React-Redux-TodoMVC/total": 581.0723115695332,
  "React-TodoMVC/Adding100Items/Async": 46.614445642214946,
  "React-TodoMVC/Adding100Items/Sync": 164.40730552500398,
  "React-TodoMVC/Adding100Items/total": 212.48855912204328,
  "React-TodoMVC/CompletingAllItems/Async": 31.982389757608924,
  "React-TodoMVC/CompletingAllItems/Sync": 86.32740250625749,
  "React-TodoMVC/CompletingAllItems/total": 118.53972994075302,
  "React-TodoMVC/DeletingAllItems/Async": 4.264942262092501,
  "React-TodoMVC/DeletingAllItems/Sync": 54.9684935065306,
  "React-TodoMVC/DeletingAllItems/total": 59.456301720950336,
  "React-TodoMVC/total": 393.4849337603681,
  "Vanilla-ES2015-Babel-Webpack-TodoMVC/Adding100Items/Async": 38.00446896800115,
  "Vanilla-ES2015-Babel-Webpack-TodoMVC/Adding100Items/Sync": 333.7591676906105,
  "Vanilla-ES2015-Babel-Webpack-TodoMVC/Adding100Items/total": 371.82302840886257,
  "Vanilla-ES2015-Babel-Webpack-TodoMVC/CompletingAllItems/Async": 29.03177261282503,
  "Vanilla-ES2015-Babel-Webpack-TodoMVC/CompletingAllItems/Sync": 75.16679599944862,
  "Vanilla-ES2015-Babel-Webpack-TodoMVC/CompletingAllItems/total": 104.33529428460577,
  "Vanilla-ES2015-Babel-Webpack-TodoMVC/DeletingItems/Async": 4.219793603060218,
  "Vanilla-ES2015-Babel-Webpack-TodoMVC/DeletingItems/Sync": 45.30895672171422,
  "Vanilla-ES2015-Babel-Webpack-TodoMVC/DeletingItems/total": 49.66396630062584,
  "Vanilla-ES2015-Babel-Webpack-TodoMVC/total": 527.409060104112,
  "Vanilla-ES2015-TodoMVC/Adding100Items/Async": 37.44754199340929,
  "Vanilla-ES2015-TodoMVC/Adding100Items/Sync": 343.7368593543982,
  "Vanilla-ES2015-TodoMVC/Adding100Items/total": 381.2823160142113,
  "Vanilla-ES2015-TodoMVC/CompletingAllItems/Async": 29.473304455482907,