{
  "browser-setup": 3.950015,
  "browser-tear_down": 0.285215,
  "probes-creation": 0.000121,
  "probes-setup": 9.9e-05,
  "probes-start": 5.7e-05,
  "run": 129.247143,
  "runner-cooldown": 2.00205
}