{
  "Angular2-TypeScript-TodoMVC/Adding100Items/Async": 37.126118091759544,
  "Angular2-TypeScript-TodoMVC/Adding100Items/Sync": 54.328748428689394,
  "Angular2-TypeScript-TodoMVC/Adding100Items/total": 91.49522635308725,
  "Angular2-TypeScript-TodoMVC/CompletingAllItems/Async": 14.038371436987838,
  "Angular2-TypeScript-TodoMVC/CompletingAllItems/Sync": 9.857115035367647,
  "Angular2-TypeScript-TodoMVC/CompletingAllItems/total": 23.896071176642092,
  "Angular2-TypeScript-TodoMVC/DeletingItems/Async": 3.6285910198630096,
  "Angular2-TypeScript-TodoMVC/DeletingItems/Sync": 17.94476599531532,
  "Angular2-TypeScript-TodoMVC/DeletingItems/total": 21.5873300848265,
  "Angular2-TypeScript-TodoMVC/total": 137.02067501621363,
  "AngularJS-TodoMVC/Adding100Items/Async": 55.08300937973209,
  "AngularJS-TodoMVC/Adding100Items/Sync": 257.461917698867,
  "AngularJS-TodoMVC/Adding100Items/total": 314.1467377468824,
  "AngularJS-TodoMVC/CompletingAllItems/Async": 31.707452743444186,
  "AngularJS-TodoMVC/CompletingAllItems/Sync": 75.67322486882743,
  "AngularJS-TodoMVC/CompletingAllItems/total": 107.99976188602251,
  "AngularJS-TodoMVC/DeletingAllItems/Async": 15.93005047728492,
  "AngularJS-TodoMVC/DeletingAllItems/Sync": 262.24084439696895,
  "AngularJS-TodoMVC/DeletingAllItems/total": 278.3121129125593,
  "AngularJS-TodoMVC/total": 708.1637434238061,
  "BackboneJS-TodoMVC/Adding100Items/Async": 43.25871644461268,
  "BackboneJS-TodoMVC/Adding100Items/Sync": 70.5102704994722,
  "BackboneJS-TodoMVC/Adding100Items/total": 113.78363652970393,
  "BackboneJS-TodoMVC/CompletingAllItems/Async": 32.9484613198237,
  "BackboneJS-TodoMVC/CompletingAllItems/Sync": 45.98421333838342,
  "BackboneJS-TodoMVC/CompletingAllItems/total": 78.93358774344728,
  "BackboneJS-TodoMVC/DeletingAllItems/Async": 4.791781328987344,
  "BackboneJS-TodoMVC/DeletingAllItems/Sync": 30.44212103161345,
  "BackboneJS-TodoMVC/DeletingAllItems/total": 35.317539612415075,
  "BackboneJS-TodoMVC/total": 228.29909476768225,
  "Elm-TodoMVC/Adding100Items/Async": 51.85488191444376,
  "Elm-TodoMVC/Adding100Items/Sync": 132.68807730948444,
  "Elm-TodoMVC/Adding100Items/total": 185.38482432759656,
  "Elm-TodoMVC/CompletingAllItems/Async": 35.764123939612865,
  "Elm-TodoMVC/CompletingAllItems/Sync": 153.3371435016027,
  "Elm-TodoMVC/CompletingAllItems/total": 190.42577990625963,
  "Elm-TodoMVC/DeletingItems/Async": 10.995661812572163,
  "Elm-TodoMVC/DeletingItems/Sync": 141.6506636628673,
  "Elm-TodoMVC/DeletingItems/total": 153.0437339142288,
  "Elm-TodoMVC/total": 539.6958690988056,
  "EmberJS-Debug-TodoMVC/Adding100Items/Async": 46.11923682401548,
  "EmberJS-Debug-TodoMVC/Adding100Items/Sync": 565.8155261682118,
  "EmberJS-Debug-TodoMVC/Adding100Items/total": 612.0037322362043,
  "EmberJS-Debug-TodoMVC/CompletingAllItems/Async": 30.956349715102398,
  "EmberJS-Debug-TodoMVC/CompletingAllItems/Sync": 357.73005303328006,
  "EmberJS-Debug-TodoMVC/CompletingAllItems/total": 388.7257126022028,
  "EmberJS-Debug-TodoMVC/DeletingItems/Async": 8.143361576296703,
  "EmberJS-Debug-TodoMVC/DeletingItems/Sync": 367.05348659348346,
  "EmberJS-Debug-TodoMVC/DeletingItems/total": 376.75723134055875,
  "EmberJS-Debug-TodoMVC/total": 1380.5752544123086,
  "EmberJS-TodoMVC/Adding100Items/Async": 43.751522178671436,
  "EmberJS-TodoMVC/Adding100Items/Sync": 212.69374170339592,
  "EmberJS-TodoMVC/Adding100Items/total": 256.7505405738912,
  "EmberJS-TodoMVC/CompletingAllItems/Async": 33.863629471985526,
  "EmberJS-TodoMVC/CompletingAllItems/Sync": 116.3478416126044,
  "EmberJS-TodoMVC/CompletingAllItems/total": 150.6249915660541,
  "EmberJS-TodoMVC/DeletingItems/Async": 5.319410420259343,
  "EmberJS-TodoMVC/DeletingItems/Sync": 85.35396793087999,
  "EmberJS-TodoMVC/DeletingItems/total": 91.70781088641826,
  "EmberJS-TodoMVC/total": 505.0238213135256,
  "Flight-TodoMVC/Adding100Items/Async": 38.67812230392808,
  "Flight-TodoMVC/Adding100Items/Sync": 98.04746880176127,
  "Flight-TodoMVC/Adding100Items/total": 136.73805742463074,
  "Flight-TodoMVC/CompletingAllItems/Async": 28.378146000064497,
  "Flight-TodoMVC/CompletingAllItems/Sync": 105.00844914214485,
  "Flight-TodoMVC/CompletingAllItems/total": 133.3929581624722,
  "Flight-TodoMVC/DeletingItems/Async": 3.7171537500330576,
  "Flight-TodoMVC/DeletingItems/Sync": 88.66639604724918,
  "Flight-TodoMVC/DeletingItems/total": 92.3866365571735,
  "Flight-TodoMVC/total": 362.539427561855,
  "Inferno-TodoMVC/Adding100Items/Async": 41.770672767600594,
  "Inferno-TodoMVC/Adding100Items/Sync": 47.89350365726426,
  "Inferno-TodoMVC/Adding100Items/total": 89.69133174526067,
  "Inferno-TodoMVC/CompletingAllItems/Async": 12.139777405793152,
  "Inferno-TodoMVC/CompletingAllItems/Sync": 115.52111216521982,
  "Inferno-TodoMVC/CompletingAllItems/total": 128.33514121677206,
  "Inferno-TodoMVC/DeletingItems/Async": 3.7294275426752828,
  "Inferno-TodoMVC/DeletingItems/Sync": 245.04596002683363,
  "Inferno-TodoMVC/DeletingItems/total": 248.96404534082677,
  "Inferno-TodoMVC/total": 470.3659806869278,
  "Preact-TodoMVC/Adding100Items/Async": 43.07905081547773,
  "Preact-TodoMVC/Adding100Items/Sync": 6.442764503795351,
  "Preact-TodoMVC/Adding100Items/total": 49.52431275454556,
  "Preact-TodoMVC/CompletingAllItems/Async": 30.867864516579118,
  "Preact-TodoMVC/CompletingAllItems/Sync": 3.8868797890945945,
  "Preact-TodoMVC/CompletingAllItems/total": 34.76411616591232,
  "Preact-TodoMVC/DeletingItems/Async": 7.2905946208821,
  "Preact-TodoMVC/DeletingItems/Sync": 2.057070877141652,
  "Preact-TodoMVC/DeletingItems/total": 9.370633655652355,
  "Preact-TodoMVC/total": 93.70256587956257,
  "React-Redux-TodoMVC/Adding100Items/Async": 45.168063947856844,
  "React-Redux-TodoMVC/Adding100Items/Sync": 184.32813836175254,
  "React-Redux-TodoMVC/Adding100Items/total": 230.10026096390854,
  "React-Redux-TodoMVC/CompletingAllItems/Async": 29.58319686261138,
  "React-Redux-TodoMVC/CompletingAllItems/Sync": 176.0215669621112,
  "React-Redux-TodoMVC/CompletingAllItems/total": 205.70900500052446,
  "React-Redux-TodoMVC/DeletingItems/Async": 4.882131790424254,
  "React-Redux-TodoMVC/DeletingItems/Sync": 108.90228741391692,
  "React-Redux-TodoMVC/DeletingItems/total": 114.16304558192266,
  "React-Redux-TodoMVC/total": 551.6015943958558,
  "React-TodoMVC/Adding100Items/Async": 42.77811127477833,
  "React-TodoMVC/Adding100Items/Sync": 150.37679698439078,
  "React-TodoMVC/Adding100Items/total": 193.87365186427456,
  "React-TodoMVC/CompletingAllItems/Async": 30.431650737772962,
  "React-TodoMVC/CompletingAllItems/Sync": 81.99547352053209,
  "React-TodoMVC/CompletingAllItems/total": 112.4606558384995,
  "React-TodoMVC/DeletingAllItems/Async": 5.371899100641351,
  "React-TodoMVC/DeletingAllItems/Sync": 72.64831779436489,
  "React-TodoMVC/DeletingAllItems/total": 78.37154181767195,
  "React-TodoMVC/total": 395.9460792754475,
  "Vanilla-ES2015-Babel-Webpack-TodoMVC/Adding100Items/Async": 38.25371310734225,
  "Vanilla-ES2015-Babel-Webpack-TodoMVC/Adding100Items/Sync": 330.18539369163557,
  "Vanilla-ES2015-Babel-Webpack-TodoMVC/Adding100Items/total": 368.5716152194862,
  "Vanilla-ES2015-Babel-Webpack-TodoMVC/CompletingAllItems/Async": 27.988329022431696,
  "Vanilla-ES2015-Babel-Webpack-TodoMVC/CompletingAllItems/Sync": 70.45228506490551,
  "Vanilla-ES2015-Babel-Webpack-TodoMVC/CompletingAllItems/total": 98.46105380723868,
  "Vanilla-ES2015-Babel-Webpack-TodoMVC/DeletingItems/Async": 3.8391700356708283,
  "Vanilla-ES2015-Babel-Webpack-TodoMVC/DeletingItems/Sync": 45.238646460348285,
  "Vanilla-ES2015-Babel-Webpack-TodoMVC/DeletingItems/total": 49.079888251889436,
  "Vanilla-ES2015-Babel-Webpack-TodoMVC/total": 516.1464972233583,
  "Vanilla-ES2015-TodoMVC/Adding100Items/Async": 37.60290584041947,
  "Vanilla-ES2015-TodoMVC/Adding100Items/Sync": 350.42702494594096,
  "Vanilla-ES2015-TodoMVC/Adding100Items/total": 388.09759430744924,
  "Vanilla-ES2015-TodoMVC/CompletingAllItems/Async": 29.89396822251329,