{
  "browser-setup": 3.265136,
  "browser-tear_down": 0.286442,
  "probes-creation": 0.000196,
  "probes-setup": 0.000169,
  "probes-start": 7.7e-05,
  "run": 107.023958,
  "runner-cooldown": 2.00207
}