{
  "Angular2-TypeScript-TodoMVC/Adding100Items/Async": 31.066093587721866,
  "Angular2-TypeScript-TodoMVC/Adding100Items/Sync": 41.78457486134359,
  "Angular2-TypeScript-TodoMVC/Adding100Items/total": 72.88937403102523,
  "Angular2-TypeScript-TodoMVC/CompletingAllItems/Async": 12.855879612780955,
  "Angular2-TypeScript-TodoMVC/CompletingAllItems/Sync": 8.196196327867854,
  "Angular2-TypeScript-TodoMVC/CompletingAllItems/total": 21.0528873189553,
  "Angular2-TypeScript-TodoMVC/DeletingItems/Async": 3.741582419753717,
  "Angular2-TypeScript-TodoMVC/DeletingItems/Sync": 16.197025268141385,
  "Angular2-TypeScript-TodoMVC/DeletingItems/total": 22.03604123197191,
  "Angular2-TypeScript-TodoMVC/total": 118.82566535355026,
  "AngularJS-TodoMVC/Adding100Items/Async": 40.22511731893081,
  "AngularJS-TodoMVC/Adding100Items/Sync": 152.98731570500922,
  "AngularJS-TodoMVC/Adding100Items/total": 193.24200394365812,
  "AngularJS-TodoMVC/CompletingAllItems/Async": 24.773534979472597,
  "AngularJS-TodoMVC/CompletingAllItems/Sync": 53.675552773977294,
  "AngularJS-TodoMVC/CompletingAllItems/total": 78.66981975487633,
  "AngularJS-TodoMVC/DeletingAllItems/Async": 14.395291800807652,
  "AngularJS-TodoMVC/DeletingAllItems/Sync": 168.43796685881148,
  "AngularJS-TodoMVC/DeletingAllItems/total": 182.8945539013728,
  "AngularJS-TodoMVC/total": 456.5286848073446,
  "BackboneJS-TodoMVC/Adding100Items/Async": 37.014604721274566,
  "BackboneJS-TodoMVC/Adding100Items/Sync": 60.0391367361468,
  "BackboneJS-TodoMVC/Adding100Items/total": 97.55017186651492,
  "BackboneJS-TodoMVC/CompletingAllItems/Async": 28.419969749212736,
  "BackboneJS-TodoMVC/CompletingAllItems/Sync": 37.55930425246811,
  "BackboneJS-TodoMVC/CompletingAllItems/total": 66.0520498660314,
  "BackboneJS-TodoMVC/DeletingAllItems/Async": 3.3686281799135496,
  "BackboneJS-TodoMVC/DeletingAllItems/Sync": 25.375040421292546,
  "BackboneJS-TodoMVC/DeletingAllItems/total": 28.76846470844278,
  "BackboneJS-TodoMVC/total": 193.12240131890943,
  "Elm-TodoMVC/Adding100Items/Async": 44.98459017408069,
  "Elm-TodoMVC/Adding100Items/Sync": 85.13917034121836,
  "Elm-TodoMVC/Adding100Items/total": 130.17611139905762,
  "Elm-TodoMVC/CompletingAllItems/Async": 29.421278865719135,
  "Elm-TodoMVC/CompletingAllItems/Sync": 90.1121666812746,
  "Elm-TodoMVC/CompletingAllItems/total": 120.13544966347561,
  "Elm-TodoMVC/DeletingItems/Async": 8.374811213607888,
  "Elm-TodoMVC/DeletingItems/Sync": 105.56748772339917,
  "Elm-TodoMVC/DeletingItems/total": 114.12190067516572,
  "Elm-TodoMVC/total": 371.0613513969566,
  "EmberJS-Debug-TodoMVC/Adding100Items/Async": 38.659519890607186,
  "EmberJS-Debug-TodoMVC/Adding100Items/Sync": 410.8490877714489,
  "EmberJS-Debug-TodoMVC/Adding100Items/total": 449.56640527026866,
  "EmberJS-Debug-TodoMVC/CompletingAllItems/Async": 28.605241283647587,
  "EmberJS-Debug-TodoMVC/CompletingAllItems/Sync": 279.9633003662522,
  "EmberJS-Debug-TodoMVC/CompletingAllItems/total": 309.5588741116143,
  "EmberJS-Debug-TodoMVC/DeletingItems/Async": 5.506679237673891,
  "EmberJS-Debug-TodoMVC/DeletingItems/Sync": 286.2360913375596,
  "EmberJS-Debug-TodoMVC/DeletingItems/total": 293.4070989331603,
  "EmberJS-Debug-TodoMVC/total": 1055.846994521144,
  "EmberJS-TodoMVC/Adding100Items/Async": 33.162677674374706,
  "EmberJS-TodoMVC/Adding100Items/Sync": 141.85093724067798,
  "EmberJS-TodoMVC/Adding100Items/total": 175.08288562496398,
  "EmberJS-TodoMVC/CompletingAllItems/Async": 26.11723615081766,
  "EmberJS-TodoMVC/CompletingAllItems/Sync": 93.75139439925647,
  "EmberJS-TodoMVC/CompletingAllItems/total": 119.91973941383327,
  "EmberJS-TodoMVC/DeletingItems/Async": 2.8776608760641054,
  "EmberJS-TodoMVC/DeletingItems/Sync": 63.864838026976926,
  "EmberJS-TodoMVC/DeletingItems/total": 66.74795518683166,
  "EmberJS-TodoMVC/total": 361.9416572330817,
  "Flight-TodoMVC/Adding100Items/Async": 32.29105227387539,
  "Flight-TodoMVC/Adding100Items/Sync": 78.53661916169342,
  "Flight-TodoMVC/Adding100Items/total": 110.83179277239873,
  "Flight-TodoMVC/CompletingAllItems/Async": 24.712349515140886,
  "Flight-TodoMVC/CompletingAllItems/Sync": 85.58510670710332,
  "Flight-TodoMVC/CompletingAllItems/total": 110.29971975851068,
  "Flight-TodoMVC/DeletingItems/Async": 3.2048255219290596,
  "Flight-TodoMVC/DeletingItems/Sync": 69.55980015425887,
  "Flight-TodoMVC/DeletingItems/total": 73.13363646298457,
  "Flight-TodoMVC/total": 294.29832348936355,
  "Inferno-TodoMVC/Adding100Items/Async": 36.350999287388234,
  "Inferno-TodoMVC/Adding100Items/Sync": 44.00818405301083,
  "Inferno-TodoMVC/Adding100Items/total": 80.54742816743149,
  "Inferno-TodoMVC/CompletingAllItems/Async": 6.608737363642869,
  "Inferno-TodoMVC/CompletingAllItems/Sync": 87.63444961200916,
  "Inferno-TodoMVC/CompletingAllItems/total": 94.35783869528998,
  "Inferno-TodoMVC/DeletingItems/Async": 2.897928122249177,
  "Inferno-TodoMVC/DeletingItems/Sync": 204.81256948714824,
  "Inferno-TodoMVC/DeletingItems/total": 207.7115846625335,
  "Inferno-TodoMVC/total": 382.72494709016246,
  "Preact-TodoMVC/Adding100Items/Async": 36.37989979264641,
  "Preact-TodoMVC/Adding100Items/Sync": 5.008938173187477,
  "Preact-TodoMVC/Adding100Items/total": 41.394688470582594,
  "Preact-TodoMVC/CompletingAllItems/Async": 16.297220003283915,
  "Preact-TodoMVC/CompletingAllItems/Sync": 3.0360068971210437,
  "Preact-TodoMVC/CompletingAllItems/total": 19.344813378921987,
  "Preact-TodoMVC/DeletingItems/Async": 4.379057642329637,
  "Preact-TodoMVC/DeletingItems/Sync": 1.6336180252474193,
  "Preact-TodoMVC/DeletingItems/total": 6.016470218129696,
  "Preact-TodoMVC/total": 66.78668238382862,
  "React-Redux-TodoMVC/Adding100Items/Async": 34.312575127223184,
  "React-Redux-TodoMVC/Adding100Items/Sync": 137.98698550981285,
  "React-Redux-TodoMVC/Adding100Items/total": 172.6756786801489,
  "React-Redux-TodoMVC/CompletingAllItems/Async": 26.483955073653302,
  "React-Redux-TodoMVC/CompletingAllItems/Sync": 143.01336514407706,
  "React-Redux-TodoMVC/CompletingAllItems/total": 169.78890061938475,
  "React-Redux-TodoMVC/DeletingItems/Async": 5.836097201996589,
  "React-Redux-TodoMVC/DeletingItems/Sync": 105.62572791747084,
  "React-Redux-TodoMVC/DeletingItems/total": 112.67369105516445,
  "React-Redux-TodoMVC/total": 466.2063849546353,
  "React-TodoMVC/Adding100Items/Async": 33.665074644380574,
  "React-TodoMVC/Adding100Items/Sync": 105.51017357960563,
  "React-TodoMVC/Adding100Items/total": 139.2451646240463,
  "React-TodoMVC/CompletingAllItems/Async": 28.700148296332795,
  "React-TodoMVC/CompletingAllItems/Sync": 78.84273104998873,
  "React-TodoMVC/CompletingAllItems/total": 108.85498975494731,
  "React-TodoMVC/DeletingAllItems/Async": 3.530198850898677,
  "React-TodoMVC/DeletingAllItems/Sync": 45.731874661720916,
  "React-TodoMVC/DeletingAllItems/total": 49.712175177570025,
  "React-TodoMVC/total": 302.2977059168405,
  "Vanilla-ES2015-Babel-Webpack-TodoMVC/Adding100Items/Async": 34.07014392178214,
  "Vanilla-ES2015-Babel-Webpack-TodoMVC/Adding100Items/Sync": 290.76573876115015,
  "Vanilla-ES2015-Babel-Webpack-TodoMVC/Adding100Items/total": 324.8621770696875,
  "Vanilla-ES2015-Babel-Webpack-TodoMVC/CompletingAllItems/Async": 24.358702580223945,
  "Vanilla-ES2015-Babel-Webpack-TodoMVC/CompletingAllItems/Sync": 64.03540633126357,
  "Vanilla-ES2015-Babel-Webpack-TodoMVC/CompletingAllItems/total": 88.40951402610023,
  "Vanilla-ES2015-Babel-Webpack-TodoMVC/DeletingItems/Async": 2.8066576307854487,
  "Vanilla-ES2015-Babel-Webpack-TodoMVC/DeletingItems/Sync": 40.018729743309365,
  "Vanilla-ES2015-Babel-Webpack-TodoMVC/DeletingItems/total": 42.82770574171812,
  "Vanilla-ES2015-Babel-Webpack-TodoMVC/total": 456.1110237994091,
  "Vanilla-ES2015-TodoMVC/Adding100Items/Async": 35.349947952215174,
  "Vanilla-ES2015-TodoMVC/Adding100Items/Sync": 309.9242708762799,
  "Vanilla-ES2015-TodoMVC/Adding100Items/total": 345.50611603809585,
  "Vanilla-ES2015-TodoMVC/CompletingAllItems/Async": 27.63126329082721,