{
  "browser-setup": {
    "values": [
      3.738085,
      3.272833,
      3.319593,
      3.289664,
      3.317215,
      3.288705,
      3.317403,
      3.311807,
      3.297402,
      3.310733,
      3.314482,
      3.327022,
      3.291407,
      3.291942,
      3.27772,
      3.254861,
      3.315243,
      3.328862,
      3.270513,
      3.275364
    ],
    "min": 3.254861,
    "average": 3.3205427999999997,
    "geomean": 3.319198019975375,
    "max": 3.738085,
    "stddev": 0.09794121811658253,
    "stddevPercent": 2.949554455873375
  },
  "browser-tear_down": {
    "values": [
      0.276905,
      0.231333,
      0.279714,
      0.292779,
      0.236222,
      0.292306,
      0.286383,
      0.276417,
      0.297987,
      0.225708,
      0.222415,
      0.295464,
      0.27291,
      0.285658,
      0.289785,
      0.225864,
      0.300229,
      0.274427,
      0.274317,
      0.22623
    ],
    "min": 0.222415,
    "average": 0.26815265,
    "geomean": 0.2666667279057162,
    "max": 0.300229,
    "stddev": 0.02752690766009688,
    "stddevPercent": 10.265387144261629
  },
  "probes-creation": {
    "values": [
      0.000219,
      0.000202,
      0.00019,
      0.000191,
      0.000204,
      0.000195,
      0.000196,
      0.000186,
      0.000195,
      0.000251,
      0.000195,
      0.0002,
      0.000198,
      0.000197,
      0.000168,
      0.000235,
      0.000198,
      0.000217,
      0.000198,
      0.000123
    ],
    "min": 0.000123,
    "average": 0.00019789999999999999,
    "geomean": 0.0001962228813564568,
    "max": 0.000251,
    "stddev": 2.4341117476401938e-05,
    "stddevPercent": 12.299705647499716
  },
  "probes-setup": {
    "values": [
      0.00031,
      0.000169,
      0.000162,
      0.000163,
      0.000305,
      0.000171,
      0.000169,
      0.000167,
      0.000166,
      0.000167,
      0.000166,
      0.000169,
      0.000161,
      0.000169,
      0.000142,
      0.000303,
      0.000169,
      0.000169,
      0.000165,
      0.000104
    ],
    "min": 0.000104,
    "average": 0.00018329999999999996,
    "geomean": 0.00017697836844718614,
    "max": 0.00031,
    "stddev": 5.356874088496014e-05,
    "stddevPercent": 29.224626778483444
  },
  "probes-start": {
    "values": [
      8.3e-05,
      8.3e-05,
      8.3e-05,
      8e-05,
      0.000101,
      8e-05,
      7.8e-05,
      8.1e-05,
      7.9e-05,
      8.1e-05,
      8.1e-05,
      8.2e-05,
      8.2e-05,
      7.8e-05,
      7.8e-05,
      7.8e-05,
      7.8e-05,
      7.9e-05,
      8.4e-05,
      7.7e-05
    ],
    "min": 7.7e-05,
    "average": 8.13e-05,
    "geomean": 8.116443684650448e-05,
    "max": 0.000101,
    "stddev": 4.960846701924985e-06,
    "stddevPercent": 6.1019024623923555
  },
  "run": {
    "values": [
      106.945572,
      108.496553,
      109.716314,
      106.245872,
      108.613033,
      110.679844,
      109.44132,
      108.094308,
      108.601006,
      108.596024,
      109.21159,
      109.24589,
      107.779407,
      108.932118,
      111.359645,
      109.271001,
      109.32898,
      108.773954,
      109.584545,
      112.04872
    ],
    "min": 106.245872,
    "average": 109.0482848,
    "geomean": 109.04053129002848,
    "max": 112.04872,
    "stddev": 1.3013771509211538,
    "stddevPercent": 1.1933953416213234
  },
  "runner-cooldown": {
    "values": [
      2.002442,
      2.002066,
      2.002054,
      2.00223,
      2.000942,
      2.002069,
      2.002071,
      2.002068,
      2.002067,
      2.001661,
      2.00207,
      2.002075,
      2.002067,
      2.00222,
      2.002053,
      2.002436,
      2.00057,
      2.002087,
      2.00207,
      2.002039
    ],
    "min": 2.00057,
    "average": 2.0019678500000007,
    "geomean": 2.001967802490913,
    "max": 2.002442,
    "stddev": 0.00043607754757603453,
    "stddevPercent": 0.021782445086519966
  }
}