{
  "browser-setup": 3.979362,
  "browser-tear_down": 0.286896,
  "probes-creation": 0.00013,
  "probes-setup": 0.0001,
  "probes-start": 5.8e-05,
  "run": 130.15477,
  "runner-cooldown": 2.002051
}