{
  "Angular2-TypeScript-TodoMVC/Adding100Items/Async": 37.7653151942353,
  "Angular2-TypeScript-TodoMVC/Adding100Items/Sync": 59.330467436640205,
  "Angular2-TypeScript-TodoMVC/Adding100Items/total": 97.12090158706938,
  "Angular2-TypeScript-TodoMVC/CompletingAllItems/Async": 19.46229893137156,
  "Angular2-TypeScript-TodoMVC/CompletingAllItems/Sync": 10.349711284411944,
  "Angular2-TypeScript-TodoMVC/CompletingAllItems/total": 29.967893089082274,
  "Angular2-TypeScript-TodoMVC/DeletingItems/Async": 3.7749689961563533,
  "Angular2-TypeScript-TodoMVC/DeletingItems/Sync": 18.36665084351036,
  "Angular2-TypeScript-TodoMVC/DeletingItems/total": 22.16874732280423,
  "Angular2-TypeScript-TodoMVC/total": 149.55775946515894,
  "AngularJS-TodoMVC/Adding100Items/Async": 53.327754466273774,
  "AngularJS-TodoMVC/Adding100Items/Sync": 285.03420188742655,
  "AngularJS-TodoMVC/Adding100Items/total": 339.14285842519786,
  "AngularJS-TodoMVC/CompletingAllItems/Async": 37.879379344835705,
  "AngularJS-TodoMVC/CompletingAllItems/Sync": 85.77316157198929,
  "AngularJS-TodoMVC/CompletingAllItems/total": 124.59694325582623,
  "AngularJS-TodoMVC/DeletingAllItems/Async": 16.57350042415887,
  "AngularJS-TodoMVC/DeletingAllItems/Sync": 245.73847343616143,
  "AngularJS-TodoMVC/DeletingAllItems/total": 262.51912527053554,
  "AngularJS-TodoMVC/total": 727.3712256718521,
  "BackboneJS-TodoMVC/Adding100Items/Async": 45.27893712096152,
  "BackboneJS-TodoMVC/Adding100Items/Sync": 109.14534462459935,
  "BackboneJS-TodoMVC/Adding100Items/total": 155.02736304485703,
  "BackboneJS-TodoMVC/CompletingAllItems/Async": 33.984063051626585,
  "BackboneJS-TodoMVC/CompletingAllItems/Sync": 59.61733019345336,
  "BackboneJS-TodoMVC/CompletingAllItems/total": 93.76625673615214,
  "BackboneJS-TodoMVC/DeletingAllItems/Async": 4.729690799089622,
  "BackboneJS-TodoMVC/DeletingAllItems/Sync": 31.28244923673094,
  "BackboneJS-TodoMVC/DeletingAllItems/total": 36.02585736024511,
  "BackboneJS-TodoMVC/total": 285.1168942535587,
  "Elm-TodoMVC/Adding100Items/Async": 51.44318033335374,
  "Elm-TodoMVC/Adding100Items/Sync": 145.04369589305364,
  "Elm-TodoMVC/Adding100Items/total": 196.52825595493056,
  "Elm-TodoMVC/CompletingAllItems/Async": 38.92074041676975,
  "Elm-TodoMVC/CompletingAllItems/Sync": 178.7767221027745,
  "Elm-TodoMVC/CompletingAllItems/total": 225.55721446359786,
  "Elm-TodoMVC/DeletingItems/Async": 11.182951034823372,
  "Elm-TodoMVC/DeletingItems/Sync": 312.74774466259754,
  "Elm-TodoMVC/DeletingItems/total": 326.0235849571817,
  "Elm-TodoMVC/total": 843.7037492862617,
  "EmberJS-Debug-TodoMVC/Adding100Items/Async": 45.23379995225416,
  "EmberJS-Debug-TodoMVC/Adding100Items/Sync": 597.8279317461179,
  "EmberJS-Debug-TodoMVC/Adding100Items/total": 643.0986216293305,
  "EmberJS-Debug-TodoMVC/CompletingAllItems/Async": 32.71359815880533,
  "EmberJS-Debug-TodoMVC/CompletingAllItems/Sync": 362.6576710638312,
  "EmberJS-Debug-TodoMVC/CompletingAllItems/total": 395.4673531700019,
  "EmberJS-Debug-TodoMVC/DeletingItems/Async": 5.7635636879285785,
  "EmberJS-Debug-TodoMVC/DeletingItems/Sync": 382.63679107991476,
  "EmberJS-Debug-TodoMVC/DeletingItems/total": 389.44887537711395,
  "EmberJS-Debug-TodoMVC/total": 1428.6281263730139,
  "EmberJS-TodoMVC/Adding100Items/Async": 43.311972582733134,
  "EmberJS-TodoMVC/Adding100Items/Sync": 221.55028963028204,
  "EmberJS-TodoMVC/Adding100Items/total": 264.9905332509279,
  "EmberJS-TodoMVC/CompletingAllItems/Async": 34.59692252670714,
  "EmberJS-TodoMVC/CompletingAllItems/Sync": 123.18076004691123,
  "EmberJS-TodoMVC/CompletingAllItems/total": 157.9772604463855,
  "EmberJS-TodoMVC/DeletingItems/Async": 4.3196128509687295,
  "EmberJS-TodoMVC/DeletingItems/Sync": 81.3432041493455,
  "EmberJS-TodoMVC/DeletingItems/total": 85.6921378334675,
  "EmberJS-TodoMVC/total": 508.8378611810298,
  "Flight-TodoMVC/Adding100Items/Async": 40.61842883410089,
  "Flight-TodoMVC/Adding100Items/Sync": 116.9819882655761,
  "Flight-TodoMVC/Adding100Items/total": 157.86857662178673,
  "Flight-TodoMVC/CompletingAllItems/Async": 32.787805871491095,
  "Flight-TodoMVC/CompletingAllItems/Sync": 124.18609887668009,
  "Flight-TodoMVC/CompletingAllItems/total": 157.15088294414676,
  "Flight-TodoMVC/DeletingItems/Async": 4.864149824794027,
  "Flight-TodoMVC/DeletingItems/Sync": 109.3681657692389,
  "Flight-TodoMVC/DeletingItems/total": 114.58616271891697,
  "Flight-TodoMVC/total": 429.6978245608156,
  "Inferno-TodoMVC/Adding100Items/Async": 45.62688075801907,
  "Inferno-TodoMVC/Adding100Items/Sync": 58.75676425209726,
  "Inferno-TodoMVC/Adding100Items/total": 104.62316058453676,
  "Inferno-TodoMVC/CompletingAllItems/Async": 10.660542674134495,
  "Inferno-TodoMVC/CompletingAllItems/Sync": 119.11343989334756,
  "Inferno-TodoMVC/CompletingAllItems/total": 130.25725286136188,
  "Inferno-TodoMVC/DeletingItems/Async": 4.00555893357592,
  "Inferno-TodoMVC/DeletingItems/Sync": 250.55940579817474,
  "Inferno-TodoMVC/DeletingItems/total": 254.59692463098162,
  "Inferno-TodoMVC/total": 490.30137800916845,
  "Preact-TodoMVC/Adding100Items/Async": 65.1064502949647,
  "Preact-TodoMVC/Adding100Items/Sync": 10.727121328792595,
  "Preact-TodoMVC/Adding100Items/total": 75.86540441245943,
  "Preact-TodoMVC/CompletingAllItems/Async": 24.826813769741104,
  "Preact-TodoMVC/CompletingAllItems/Sync": 3.9015046938498505,
  "Preact-TodoMVC/CompletingAllItems/total": 28.774508328262172,
  "Preact-TodoMVC/DeletingItems/Async": 7.521460380165579,
  "Preact-TodoMVC/DeletingItems/Sync": 2.272161482869113,
  "Preact-TodoMVC/DeletingItems/total": 9.826191409442652,
  "Preact-TodoMVC/total": 115.71190798954467,
  "React-Redux-TodoMVC/Adding100Items/Async": 41.782607366121454,
  "React-Redux-TodoMVC/Adding100Items/Sync": 195.98915423449256,
  "React-Redux-TodoMVC/Adding100Items/total": 237.94869389064658,
  "React-Redux-TodoMVC/CompletingAllItems/Async": 31.535776391502147,
  "React-Redux-TodoMVC/CompletingAllItems/Sync": 172.599574439133,
  "React-Redux-TodoMVC/CompletingAllItems/total": 204.16261456491927,
  "React-Redux-TodoMVC/DeletingItems/Async": 4.382560938031536,
  "React-Redux-TodoMVC/DeletingItems/Sync": 113.14704274507656,
  "React-Redux-TodoMVC/DeletingItems/total": 117.58929281577657,
  "React-Redux-TodoMVC/total": 559.9394650110429,
  "React-TodoMVC/Adding100Items/Async": 42.63061287933934,
  "React-TodoMVC/Adding100Items/Sync": 150.2637419381586,
  "React-TodoMVC/Adding100Items/total": 193.0153392848298,
  "React-TodoMVC/CompletingAllItems/Async": 34.289884861761514,
  "React-TodoMVC/CompletingAllItems/Sync": 82.289515315322,
  "React-TodoMVC/CompletingAllItems/total": 116.69299982505737,
  "React-TodoMVC/DeletingAllItems/Async": 4.129853229841463,
  "React-TodoMVC/DeletingAllItems/Sync": 56.42572276072234,
  "React-TodoMVC/DeletingAllItems/total": 60.60192329134389,
  "React-TodoMVC/total": 370.5387445218738,
  "Vanilla-ES2015-Babel-Webpack-TodoMVC/Adding100Items/Async": 39.097236525453475,
  "Vanilla-ES2015-Babel-Webpack-TodoMVC/Adding100Items/Sync": 343.4251806508386,
  "Vanilla-ES2015-Babel-Webpack-TodoMVC/Adding100Items/total": 382.5871549864347,
  "Vanilla-ES2015-Babel-Webpack-TodoMVC/CompletingAllItems/Async": 31.845914356346253,
  "Vanilla-ES2015-Babel-Webpack-TodoMVC/CompletingAllItems/Sync": 78.40283807429665,
  "Vanilla-ES2015-Babel-Webpack-TodoMVC/CompletingAllItems/total": 110.33886034997752,
  "Vanilla-ES2015-Babel-Webpack-TodoMVC/DeletingItems/Async": 4.453385558226838,
  "Vanilla-ES2015-Babel-Webpack-TodoMVC/DeletingItems/Sync": 52.84127823752955,
  "Vanilla-ES2015-Babel-Webpack-TodoMVC/DeletingItems/total": 57.32734308639403,
  "Vanilla-ES2015-Babel-Webpack-TodoMVC/total": 550.499910177122,
  "Vanilla-ES2015-TodoMVC/Adding100Items/Async": 37.98404866937149,
  "Vanilla-ES2015-TodoMVC/Adding100Items/Sync": 353.54293883774466,
  "Vanilla-ES2015-TodoMVC/Adding100Items/total": 391.550554810002,
  "Vanilla-ES2015-TodoMVC/CompletingAllItems/Async": 31.882814808042642,