{
  "browser-setup": 3.311957,
  "browser-tear_down": 0.261953,
  "probes-creation": 0.000221,
  "probes-setup": 0.000159,
  "probes-start": 8.7e-05,
  "run": 116.568728,
  "runner-cooldown": 2.002096
}