{
  "Angular2-TypeScript-TodoMVC/Adding100Items/Async": 32.30988884007883,
  "Angular2-TypeScript-TodoMVC/Adding100Items/Sync": 42.76655215648667,
  "Angular2-TypeScript-TodoMVC/Adding100Items/total": 75.10658033308978,
  "Angular2-TypeScript-TodoMVC/CompletingAllItems/Async": 12.947738431844671,
  "Angular2-TypeScript-TodoMVC/CompletingAllItems/Sync": 8.584198582760878,
  "Angular2-TypeScript-TodoMVC/CompletingAllItems/total": 21.533713079737375,
  "Angular2-TypeScript-TodoMVC/DeletingItems/Async": 2.734070426333102,
  "Angular2-TypeScript-TodoMVC/DeletingItems/Sync": 16.706078876976214,
  "Angular2-TypeScript-TodoMVC/DeletingItems/total": 19.443070883910913,
  "Angular2-TypeScript-TodoMVC/total": 116.09213764235642,
  "AngularJS-TodoMVC/Adding100Items/Async": 41.2246254713654,
  "AngularJS-TodoMVC/Adding100Items/Sync": 157.02029159610956,
  "AngularJS-TodoMVC/Adding100Items/total": 198.2592682356661,
  "AngularJS-TodoMVC/CompletingAllItems/Async": 27.181317347103224,
  "AngularJS-TodoMVC/CompletingAllItems/Sync": 55.16057395679244,
  "AngularJS-TodoMVC/CompletingAllItems/total": 82.95215775995557,
  "AngularJS-TodoMVC/DeletingAllItems/Async": 15.33631225477693,
  "AngularJS-TodoMVC/DeletingAllItems/Sync": 160.57790408051244,
  "AngularJS-TodoMVC/DeletingAllItems/total": 175.97895005219715,
  "AngularJS-TodoMVC/total": 457.5536559003946,
  "BackboneJS-TodoMVC/Adding100Items/Async": 42.50102396170422,
  "BackboneJS-TodoMVC/Adding100Items/Sync": 55.489521595261216,
  "BackboneJS-TodoMVC/Adding100Items/total": 98.10918612006267,
  "BackboneJS-TodoMVC/CompletingAllItems/Async": 34.15873387357275,
  "BackboneJS-TodoMVC/CompletingAllItems/Sync": 38.05403558180829,
  "BackboneJS-TodoMVC/CompletingAllItems/total": 73.0486047584322,
  "BackboneJS-TodoMVC/DeletingAllItems/Async": 4.789557082319474,
  "BackboneJS-TodoMVC/DeletingAllItems/Sync": 26.485190801429585,
  "BackboneJS-TodoMVC/DeletingAllItems/total": 31.69388213431826,
  "BackboneJS-TodoMVC/total": 203.5388376559468,
  "Elm-TodoMVC/Adding100Items/Async": 48.54602185150036,
  "Elm-TodoMVC/Adding100Items/Sync": 87.03728893316536,
  "Elm-TodoMVC/Adding100Items/total": 135.64770243494155,
  "Elm-TodoMVC/CompletingAllItems/Async": 30.65544084388833,
  "Elm-TodoMVC/CompletingAllItems/Sync": 84.11004255411262,
  "Elm-TodoMVC/CompletingAllItems/total": 114.77912926269802,
  "Elm-TodoMVC/DeletingItems/Async": 8.693766150168528,
  "Elm-TodoMVC/DeletingItems/Sync": 103.31386262344486,
  "Elm-TodoMVC/DeletingItems/total": 112.0525109412823,
  "Elm-TodoMVC/total": 362.50973632030326,
  "EmberJS-Debug-TodoMVC/Adding100Items/Async": 44.421817525672395,
  "EmberJS-Debug-TodoMVC/Adding100Items/Sync": 646.8094487036532,
  "EmberJS-Debug-TodoMVC/Adding100Items/total": 692.1117961622502,
  "EmberJS-Debug-TodoMVC/CompletingAllItems/Async": 36.32195790837704,
  "EmberJS-Debug-TodoMVC/CompletingAllItems/Sync": 337.93956526494526,
  "EmberJS-Debug-TodoMVC/CompletingAllItems/total": 377.2395062043798,
  "EmberJS-Debug-TodoMVC/DeletingItems/Async": 12.903986718297096,
  "EmberJS-Debug-TodoMVC/DeletingItems/Sync": 287.31619856982314,
  "EmberJS-Debug-TodoMVC/DeletingItems/total": 303.1899008913818,
  "EmberJS-Debug-TodoMVC/total": 1400.4438282587041,
  "EmberJS-TodoMVC/Adding100Items/Async": 34.563603231595174,
  "EmberJS-TodoMVC/Adding100Items/Sync": 154.8572523622183,
  "EmberJS-TodoMVC/Adding100Items/total": 189.5168907597434,
  "EmberJS-TodoMVC/CompletingAllItems/Async": 29.019819110076213,
  "EmberJS-TodoMVC/CompletingAllItems/Sync": 109.27040664741119,
  "EmberJS-TodoMVC/CompletingAllItems/total": 138.4750947376436,
  "EmberJS-TodoMVC/DeletingItems/Async": 3.8800612071296743,
  "EmberJS-TodoMVC/DeletingItems/Sync": 70.55637653851159,
  "EmberJS-TodoMVC/DeletingItems/total": 76.93030806907814,
  "EmberJS-TodoMVC/total": 407.1336497842719,
  "Flight-TodoMVC/Adding100Items/Async": 33.66680047126169,
  "Flight-TodoMVC/Adding100Items/Sync": 79.44862339811772,
  "Flight-TodoMVC/Adding100Items/total": 113.12923039545718,
  "Flight-TodoMVC/CompletingAllItems/Async": 25.446944162247533,
  "Flight-TodoMVC/CompletingAllItems/Sync": 87.03081454770968,
  "Flight-TodoMVC/CompletingAllItems/total": 112.48386571273849,
  "Flight-TodoMVC/DeletingItems/Async": 3.0234025692043294,
  "Flight-TodoMVC/DeletingItems/Sync": 71.64036171226654,
  "Flight-TodoMVC/DeletingItems/total": 74.66851497015438,
  "Flight-TodoMVC/total": 300.31507442256355,
  "Inferno-TodoMVC/Adding100Items/Async": 39.15857024208776,
  "Inferno-TodoMVC/Adding100Items/Sync": 43.48148170456242,
  "Inferno-TodoMVC/Adding100Items/total": 82.71452172818019,
  "Inferno-TodoMVC/CompletingAllItems/Async": 6.296073790156245,
  "Inferno-TodoMVC/CompletingAllItems/Sync": 85.19285165326474,
  "Inferno-TodoMVC/CompletingAllItems/total": 91.49264572421052,
  "Inferno-TodoMVC/DeletingItems/Async": 3.093205449615643,
  "Inferno-TodoMVC/DeletingItems/Sync": 210.52801667054558,
  "Inferno-TodoMVC/DeletingItems/total": 213.62932111736646,
  "Inferno-TodoMVC/total": 387.9601503703496,
  "Preact-TodoMVC/Adding100Items/Async": 38.65997880335556,
  "Preact-TodoMVC/Adding100Items/Sync": 5.258821988740433,
  "Preact-TodoMVC/Adding100Items/total": 43.92793874842367,
  "Preact-TodoMVC/CompletingAllItems/Async": 16.62556845299286,
  "Preact-TodoMVC/CompletingAllItems/Sync": 3.276401811237538,
  "Preact-TodoMVC/CompletingAllItems/total": 19.922924207235614,
  "Preact-TodoMVC/DeletingItems/Async": 5.291912995250012,
  "Preact-TodoMVC/DeletingItems/Sync": 1.9205662454972439,
  "Preact-TodoMVC/DeletingItems/total": 7.232397818449397,
  "Preact-TodoMVC/total": 71.19404566463307,
  "React-Redux-TodoMVC/Adding100Items/Async": 33.443885933547094,
  "React-Redux-TodoMVC/Adding100Items/Sync": 135.65638916105917,
  "React-Redux-TodoMVC/Adding100Items/total": 169.2128257458901,
  "React-Redux-TodoMVC/CompletingAllItems/Async": 27.165748292395307,
  "React-Redux-TodoMVC/CompletingAllItems/Sync": 156.65614049376816,
  "React-Redux-TodoMVC/CompletingAllItems/total": 184.34182439556372,
  "React-Redux-TodoMVC/DeletingItems/Async": 3.3959678815752357,
  "React-Redux-TodoMVC/DeletingItems/Sync": 116.93569700081869,
  "React-Redux-TodoMVC/DeletingItems/total": 120.45831106849059,
  "React-Redux-TodoMVC/total": 477.12603316975367,
  "React-TodoMVC/Adding100Items/Async": 35.55696417569103,
  "React-TodoMVC/Adding100Items/Sync": 108.92176834919927,
  "React-TodoMVC/Adding100Items/total": 144.6523812046605,
  "React-TodoMVC/CompletingAllItems/Async": 27.628392961713164,
  "React-TodoMVC/CompletingAllItems/Sync": 64.23432890132096,
  "React-TodoMVC/CompletingAllItems/total": 91.91854831640278,
  "React-TodoMVC/DeletingAllItems/Async": 2.786673048416518,
  "React-TodoMVC/DeletingAllItems/Sync": 46.621028565117015,
  "React-TodoMVC/DeletingAllItems/total": 49.414122209568454,
  "React-TodoMVC/total": 286.2388322505587,
  "Vanilla-ES2015-Babel-Webpack-TodoMVC/Adding100Items/Async": 35.711743125646585,
  "Vanilla-ES2015-Babel-Webpack-TodoMVC/Adding100Items/Sync": 302.2307393752348,
  "Vanilla-ES2015-Babel-Webpack-TodoMVC/Adding100Items/total": 338.01503181742083,
  "Vanilla-ES2015-Babel-Webpack-TodoMVC/CompletingAllItems/Async": 27.0431032324845,
  "Vanilla-ES2015-Babel-Webpack-TodoMVC/CompletingAllItems/Sync": 65.1943604481697,
  "Vanilla-ES2015-Babel-Webpack-TodoMVC/CompletingAllItems/total": 92.25457547928082,
  "Vanilla-ES2015-Babel-Webpack-TodoMVC/DeletingItems/Async": 3.077985509939667,
  "Vanilla-ES2015-Babel-Webpack-TodoMVC/DeletingItems/Sync": 41.885315168460906,
  "Vanilla-ES2015-Babel-Webpack-TodoMVC/DeletingItems/total": 44.969084534347786,
  "Vanilla-ES2015-Babel-Webpack-TodoMVC/total": 475.37995582951555,
  "Vanilla-ES2015-TodoMVC/Adding100Items/Async": 35.295333353674664,
  "Vanilla-ES2015-TodoMVC/Adding100Items/Sync": 307.74252887816857,
  "Vanilla-ES2015-TodoMVC/Adding100Items/total": 343.1119934803545,
  "Vanilla-ES2015-TodoMVC/CompletingAllItems/Async": 27.23943586322349,