{
  "Angular2-TypeScript-TodoMVC/Adding100Items/Async": 37.753420757073336,
  "Angular2-TypeScript-TodoMVC/Adding100Items/Sync": 59.20405844727797,
  "Angular2-TypeScript-TodoMVC/Adding100Items/total": 96.99846615687554,
  "Angular2-TypeScript-TodoMVC/CompletingAllItems/Async": 17.73465895626864,
  "Angular2-TypeScript-TodoMVC/CompletingAllItems/Sync": 10.126766965767281,
  "Angular2-TypeScript-TodoMVC/CompletingAllItems/total": 27.883258725287018,
  "Angular2-TypeScript-TodoMVC/DeletingItems/Async": 4.226778607258081,
  "Angular2-TypeScript-TodoMVC/DeletingItems/Sync": 18.32424711397206,
  "Angular2-TypeScript-TodoMVC/DeletingItems/total": 22.932886387953857,
  "Angular2-TypeScript-TodoMVC/total": 148.00395202326663,
  "AngularJS-TodoMVC/Adding100Items/Async": 49.499677247292865,
  "AngularJS-TodoMVC/Adding100Items/Sync": 267.3800192267504,
  "AngularJS-TodoMVC/Adding100Items/total": 317.230076487523,
  "AngularJS-TodoMVC/CompletingAllItems/Async": 38.3032725247011,
  "AngularJS-TodoMVC/CompletingAllItems/Sync": 87.0059117400153,
  "AngularJS-TodoMVC/CompletingAllItems/total": 126.0209426415949,
  "AngularJS-TodoMVC/DeletingAllItems/Async": 16.679193410527827,
  "AngularJS-TodoMVC/DeletingAllItems/Sync": 244.22708024252768,
  "AngularJS-TodoMVC/DeletingAllItems/total": 261.0726535841113,
  "AngularJS-TodoMVC/total": 705.9363514358573,
  "BackboneJS-TodoMVC/Adding100Items/Async": 45.363648240146446,
  "BackboneJS-TodoMVC/Adding100Items/Sync": 98.08238052055889,
  "BackboneJS-TodoMVC/Adding100Items/total": 143.7672330373597,
  "BackboneJS-TodoMVC/CompletingAllItems/Async": 33.80721039550862,
  "BackboneJS-TodoMVC/CompletingAllItems/Sync": 55.905309165559856,
  "BackboneJS-TodoMVC/CompletingAllItems/total": 89.81883846351649,
  "BackboneJS-TodoMVC/DeletingAllItems/Async": 4.910841008109686,
  "BackboneJS-TodoMVC/DeletingAllItems/Sync": 30.779782768792405,
  "BackboneJS-TodoMVC/DeletingAllItems/total": 35.707927820718304,
  "BackboneJS-TodoMVC/total": 269.44253687350357,
  "Elm-TodoMVC/Adding100Items/Async": 51.741045714691715,
  "Elm-TodoMVC/Adding100Items/Sync": 152.30411487077868,
  "Elm-TodoMVC/Adding100Items/total": 204.1608609403607,
  "Elm-TodoMVC/CompletingAllItems/Async": 42.29345091308014,
  "Elm-TodoMVC/CompletingAllItems/Sync": 178.14232762015564,
  "Elm-TodoMVC/CompletingAllItems/total": 226.80697028363207,
  "Elm-TodoMVC/DeletingItems/Async": 11.608065356195358,
  "Elm-TodoMVC/DeletingItems/Sync": 262.886790459774,
  "Elm-TodoMVC/DeletingItems/total": 276.32825609699677,
  "Elm-TodoMVC/total": 788.377197504883,
  "EmberJS-Debug-TodoMVC/Adding100Items/Async": 45.46991312995958,
  "EmberJS-Debug-TodoMVC/Adding100Items/Sync": 589.4631476466085,
  "EmberJS-Debug-TodoMVC/Adding100Items/total": 635.0293709301202,
  "EmberJS-Debug-TodoMVC/CompletingAllItems/Async": 32.161788442892025,
  "EmberJS-Debug-TodoMVC/CompletingAllItems/Sync": 358.5517973483436,
  "EmberJS-Debug-TodoMVC/CompletingAllItems/total": 390.73720684160253,
  "EmberJS-Debug-TodoMVC/DeletingItems/Async": 5.019702240379215,
  "EmberJS-Debug-TodoMVC/DeletingItems/Sync": 388.89411448310517,
  "EmberJS-Debug-TodoMVC/DeletingItems/total": 393.971637003754,
  "EmberJS-Debug-TodoMVC/total": 1420.3281356432185,
  "EmberJS-TodoMVC/Adding100Items/Async": 42.9457869837264,
  "EmberJS-TodoMVC/Adding100Items/Sync": 222.31204062959446,
  "EmberJS-TodoMVC/Adding100Items/total": 265.47629985702133,
  "EmberJS-TodoMVC/CompletingAllItems/Async": 38.134364852248275,
  "EmberJS-TodoMVC/CompletingAllItems/Sync": 123.21270829548332,
  "EmberJS-TodoMVC/CompletingAllItems/total": 161.61051179105533,
  "EmberJS-TodoMVC/DeletingItems/Async": 4.855788783578404,
  "EmberJS-TodoMVC/DeletingItems/Sync": 85.5956317314295,
  "EmberJS-TodoMVC/DeletingItems/total": 90.53682894086693,
  "EmberJS-TodoMVC/total": 518.3218461146643,
  "Flight-TodoMVC/Adding100Items/Async": 40.77667771368482,
  "Flight-TodoMVC/Adding100Items/Sync": 112.4313258773943,
  "Flight-TodoMVC/Adding100Items/total": 153.37786131836066,
  "Flight-TodoMVC/CompletingAllItems/Async": 32.78426335495857,
  "Flight-TodoMVC/CompletingAllItems/Sync": 120.17074265721811,
  "Flight-TodoMVC/CompletingAllItems/total": 153.08101930320794,
  "Flight-TodoMVC/DeletingItems/Async": 4.8819675981409025,
  "Flight-TodoMVC/DeletingItems/Sync": 104.77680794671065,
  "Flight-TodoMVC/DeletingItems/total": 110.00550385411708,
  "Flight-TodoMVC/total": 416.5489609371666,
  "Inferno-TodoMVC/Adding100Items/Async": 42.510081541877526,
  "Inferno-TodoMVC/Adding100Items/Sync": 53.641687019896224,
  "Inferno-TodoMVC/Adding100Items/total": 96.21434489974874,
  "Inferno-TodoMVC/CompletingAllItems/Async": 9.872611073711033,
  "Inferno-TodoMVC/CompletingAllItems/Sync": 115.09394061638876,
  "Inferno-TodoMVC/CompletingAllItems/total": 125.42528784384677,
  "Inferno-TodoMVC/DeletingItems/Async": 4.070305803093041,
  "Inferno-TodoMVC/DeletingItems/Sync": 240.7919847395492,
  "Inferno-TodoMVC/DeletingItems/total": 244.89793159819826,
  "Inferno-TodoMVC/total": 466.70724896761607,
  "Preact-TodoMVC/Adding100Items/Async": 53.689473290287644,
  "Preact-TodoMVC/Adding100Items/Sync": 9.175826356133273,
  "Preact-TodoMVC/Adding100Items/total": 62.88594754683266,
  "Preact-TodoMVC/CompletingAllItems/Async": 30.472689505838463,
  "Preact-TodoMVC/CompletingAllItems/Sync": 3.824051472594413,
  "Preact-TodoMVC/CompletingAllItems/total": 34.36514305069993,
  "Preact-TodoMVC/DeletingItems/Async": 7.719245604303248,
  "Preact-TodoMVC/DeletingItems/Sync": 2.06218153357631,
  "Preact-TodoMVC/DeletingItems/total": 9.786810631459824,
  "Preact-TodoMVC/total": 107.95791543267464,
  "React-Redux-TodoMVC/Adding100Items/Async": 41.42266858997915,
  "React-Redux-TodoMVC/Adding100Items/Sync": 195.66170447551653,
  "React-Redux-TodoMVC/Adding100Items/total": 237.2170732960448,
  "React-Redux-TodoMVC/CompletingAllItems/Async": 31.527538564497394,
  "React-Redux-TodoMVC/CompletingAllItems/Sync": 171.935512812113,
  "React-Redux-TodoMVC/CompletingAllItems/total": 203.48951844766128,
  "React-Redux-TodoMVC/DeletingItems/Async": 4.317389065129068,
  "React-Redux-TodoMVC/DeletingItems/Sync": 112.15858554453432,
  "React-Redux-TodoMVC/DeletingItems/total": 116.55510959074242,
  "React-Redux-TodoMVC/total": 557.6296716947297,
  "React-TodoMVC/Adding100Items/Async": 42.81549741130364,
  "React-TodoMVC/Adding100Items/Sync": 150.04572015126976,
  "React-TodoMVC/Adding100Items/total": 192.9914562947045,
  "React-TodoMVC/CompletingAllItems/Async": 32.46067456196712,
  "React-TodoMVC/CompletingAllItems/Sync": 85.99765929033173,
  "React-TodoMVC/CompletingAllItems/total": 118.54766162015814,
  "React-TodoMVC/DeletingAllItems/Async": 4.228111856897834,
  "React-TodoMVC/DeletingAllItems/Sync": 56.34838127860064,
  "React-TodoMVC/DeletingAllItems/total": 60.67645630624519,
  "React-TodoMVC/total": 372.4352811722935,
  "Vanilla-ES2015-Babel-Webpack-TodoMVC/Adding100Items/Async": 38.694447678610395,
  "Vanilla-ES2015-Babel-Webpack-TodoMVC/Adding100Items/Sync": 340.811347526721,
  "Vanilla-ES2015-Babel-Webpack-TodoMVC/Adding100Items/total": 379.5558799660103,
  "Vanilla-ES2015-Babel-Webpack-TodoMVC/CompletingAllItems/Async": 31.30369855353334,
  "Vanilla-ES2015-Babel-Webpack-TodoMVC/CompletingAllItems/Sync": 79.15704208101585,
  "Vanilla-ES2015-Babel-Webpack-TodoMVC/CompletingAllItems/total": 110.46903016510338,
  "Vanilla-ES2015-Babel-Webpack-TodoMVC/DeletingItems/Async": 4.35898923750411,
  "Vanilla-ES2015-Babel-Webpack-TodoMVC/DeletingItems/Sync": 51.62603199400084,
  "Vanilla-ES2015-Babel-Webpack-TodoMVC/DeletingItems/total": 56.01564012332118,
  "Vanilla-ES2015-Babel-Webpack-TodoMVC/total": 546.1547160458008,
  "Vanilla-ES2015-TodoMVC/Adding100Items/Async": 38.57674293957792,
  "Vanilla-ES2015-TodoMVC/Adding100Items/Sync": 350.0570264112913,
  "Vanilla-ES2015-TodoMVC/Adding100Items/total": 388.67986345346065,
  "Vanilla-ES2015-TodoMVC/CompletingAllItems/Async": 31.035936095275368,