{
  "browser-setup": 3.916452,
  "browser-tear_down": 0.276075,
  "probes-creation": 0.000122,
  "probes-setup": 9.9e-05,
  "probes-start": 6.9e-05,
  "run": 125.465767,
  "runner-cooldown": 2.002052
}