{
  "Angular2-TypeScript-TodoMVC/Adding100Items/Async": 38.366343048416056,
  "Angular2-TypeScript-TodoMVC/Adding100Items/Sync": 62.35633383594426,
  "Angular2-TypeScript-TodoMVC/Adding100Items/total": 102.83758926812781,
  "Angular2-TypeScript-TodoMVC/CompletingAllItems/Async": 15.44205328448905,
  "Angular2-TypeScript-TodoMVC/CompletingAllItems/Sync": 10.073632006674812,
  "Angular2-TypeScript-TodoMVC/CompletingAllItems/total": 25.664140084368608,
  "Angular2-TypeScript-TodoMVC/DeletingItems/Async": 3.5254648279337215,
  "Angular2-TypeScript-TodoMVC/DeletingItems/Sync": 17.812892203415668,
  "Angular2-TypeScript-TodoMVC/DeletingItems/total": 21.34861096986959,
  "Angular2-TypeScript-TodoMVC/total": 150.77699426947697,
  "AngularJS-TodoMVC/Adding100Items/Async": 49.21537036759121,
  "AngularJS-TodoMVC/Adding100Items/Sync": 254.83172531748528,
  "AngularJS-TodoMVC/Adding100Items/total": 305.15743249842166,
  "AngularJS-TodoMVC/CompletingAllItems/Async": 33.72479952820237,
  "AngularJS-TodoMVC/CompletingAllItems/Sync": 70.33953705912133,
  "AngularJS-TodoMVC/CompletingAllItems/total": 104.83471019881743,
  "AngularJS-TodoMVC/DeletingAllItems/Async": 16.08903542471519,
  "AngularJS-TodoMVC/DeletingAllItems/Sync": 254.02524919386087,
  "AngularJS-TodoMVC/DeletingAllItems/total": 270.4646071368035,
  "AngularJS-TodoMVC/total": 687.2163704214939,
  "BackboneJS-TodoMVC/Adding100Items/Async": 43.51898415194855,
  "BackboneJS-TodoMVC/Adding100Items/Sync": 69.62008050933586,
  "BackboneJS-TodoMVC/Adding100Items/total": 113.15494531207078,
  "BackboneJS-TodoMVC/CompletingAllItems/Async": 33.00846093514007,
  "BackboneJS-TodoMVC/CompletingAllItems/Sync": 46.0100727811874,
  "BackboneJS-TodoMVC/CompletingAllItems/total": 79.0286882998455,
  "BackboneJS-TodoMVC/DeletingAllItems/Async": 4.730628184034533,
  "BackboneJS-TodoMVC/DeletingAllItems/Sync": 29.47581112102587,
  "BackboneJS-TodoMVC/DeletingAllItems/total": 34.225790713068854,
  "BackboneJS-TodoMVC/total": 226.46107814628942,
  "Elm-TodoMVC/Adding100Items/Async": 52.29828969733435,
  "Elm-TodoMVC/Adding100Items/Sync": 136.07436154442692,
  "Elm-TodoMVC/Adding100Items/total": 189.7000049397483,
  "Elm-TodoMVC/CompletingAllItems/Async": 34.817819475700745,
  "Elm-TodoMVC/CompletingAllItems/Sync": 123.60980312315311,
  "Elm-TodoMVC/CompletingAllItems/total": 159.04104943543712,
  "Elm-TodoMVC/DeletingItems/Async": 10.28260236343213,
  "Elm-TodoMVC/DeletingItems/Sync": 153.37192521097185,
  "Elm-TodoMVC/DeletingItems/total": 163.98807197236744,
  "Elm-TodoMVC/total": 525.4676383677787,
  "EmberJS-Debug-TodoMVC/Adding100Items/Async": 47.53454615267398,
  "EmberJS-Debug-TodoMVC/Adding100Items/Sync": 567.4063669767856,
  "EmberJS-Debug-TodoMVC/Adding100Items/total": 614.9826999604061,
  "EmberJS-Debug-TodoMVC/CompletingAllItems/Async": 29.447736920559997,
  "EmberJS-Debug-TodoMVC/CompletingAllItems/Sync": 353.21404009694993,
  "EmberJS-Debug-TodoMVC/CompletingAllItems/total": 382.71305739337197,
  "EmberJS-Debug-TodoMVC/DeletingItems/Async": 7.030564695182099,
  "EmberJS-Debug-TodoMVC/DeletingItems/Sync": 400.7576304293084,
  "EmberJS-Debug-TodoMVC/DeletingItems/total": 408.4177714129741,
  "EmberJS-Debug-TodoMVC/total": 1415.0013152744955,
  "EmberJS-TodoMVC/Adding100Items/Async": 42.10124504523013,
  "EmberJS-TodoMVC/Adding100Items/Sync": 211.51445326529998,
  "EmberJS-TodoMVC/Adding100Items/total": 253.8130822974339,
  "EmberJS-TodoMVC/CompletingAllItems/Async": 31.96670293656075,
  "EmberJS-TodoMVC/CompletingAllItems/Sync": 138.1571362164143,
  "EmberJS-TodoMVC/CompletingAllItems/total": 171.18460184228582,
  "EmberJS-TodoMVC/DeletingItems/Async": 4.985635707713726,
  "EmberJS-TodoMVC/DeletingItems/Sync": 80.6069576931312,
  "EmberJS-TodoMVC/DeletingItems/total": 86.13955586864975,
  "EmberJS-TodoMVC/total": 516.481417503617,
  "Flight-TodoMVC/Adding100Items/Async": 38.917855974455186,
  "Flight-TodoMVC/Adding100Items/Sync": 97.5787812607112,
  "Flight-TodoMVC/Adding100Items/total": 136.520197695606,
  "Flight-TodoMVC/CompletingAllItems/Async": 28.6575013427058,
  "Flight-TodoMVC/CompletingAllItems/Sync": 108.86159277346353,
  "Flight-TodoMVC/CompletingAllItems/total": 137.6760540741057,
  "Flight-TodoMVC/DeletingItems/Async": 4.135338100464506,
  "Flight-TodoMVC/DeletingItems/Sync": 97.63916154746569,
  "Flight-TodoMVC/DeletingItems/total": 101.77650740249321,
  "Flight-TodoMVC/total": 379.085379755055,
  "Inferno-TodoMVC/Adding100Items/Async": 45.136833271193694,
  "Inferno-TodoMVC/Adding100Items/Sync": 48.41570370191013,
  "Inferno-TodoMVC/Adding100Items/total": 93.79197761312133,
  "Inferno-TodoMVC/CompletingAllItems/Async": 10.342161033297796,
  "Inferno-TodoMVC/CompletingAllItems/Sync": 109.37834932398745,
  "Inferno-TodoMVC/CompletingAllItems/total": 120.28284434043029,
  "Inferno-TodoMVC/DeletingItems/Async": 3.8434660361223476,
  "Inferno-TodoMVC/DeletingItems/Sync": 249.12586376304031,
  "Inferno-TodoMVC/DeletingItems/total": 253.03380307439986,
  "Inferno-TodoMVC/total": 468.9765237167127,
  "Preact-TodoMVC/Adding100Items/Async": 42.96042799411236,
  "Preact-TodoMVC/Adding100Items/Sync": 6.192792603889789,
  "Preact-TodoMVC/Adding100Items/total": 49.15721908838909,
  "Preact-TodoMVC/CompletingAllItems/Async": 31.098012198987803,
  "Preact-TodoMVC/CompletingAllItems/Sync": 3.944459175154681,
  "Preact-TodoMVC/CompletingAllItems/total": 35.046053994519504,
  "Preact-TodoMVC/DeletingItems/Async": 7.587453537967531,
  "Preact-TodoMVC/DeletingItems/Sync": 2.0421085066201767,
  "Preact-TodoMVC/DeletingItems/total": 9.63549552718697,
  "Preact-TodoMVC/total": 93.84439304641624,
  "React-Redux-TodoMVC/Adding100Items/Async": 43.365353247668864,
  "React-Redux-TodoMVC/Adding100Items/Sync": 185.23544480909908,
  "React-Redux-TodoMVC/Adding100Items/total": 228.88332700142368,
  "React-Redux-TodoMVC/CompletingAllItems/Async": 29.049533849803442,
  "React-Redux-TodoMVC/CompletingAllItems/Sync": 177.92910220104548,
  "React-Redux-TodoMVC/CompletingAllItems/total": 207.12211604844447,
  "React-Redux-TodoMVC/DeletingItems/Async": 4.960323391479354,
  "React-Redux-TodoMVC/DeletingItems/Sync": 120.8262511022717,
  "React-Redux-TodoMVC/DeletingItems/total": 126.07401661116636,
  "React-Redux-TodoMVC/total": 568.5283261179619,
  "React-TodoMVC/Adding100Items/Async": 42.53985665521515,
  "React-TodoMVC/Adding100Items/Sync": 141.89984127492758,
  "React-TodoMVC/Adding100Items/total": 184.5998573712949,
  "React-TodoMVC/CompletingAllItems/Async": 31.76546391396146,
  "React-TodoMVC/CompletingAllItems/Sync": 97.33505730146274,
  "React-TodoMVC/CompletingAllItems/total": 129.85432469042593,
  "React-TodoMVC/DeletingAllItems/Async": 4.972416453493419,
  "React-TodoMVC/DeletingAllItems/Sync": 55.52492322343556,
  "React-TodoMVC/DeletingAllItems/total": 61.1234598335451,
  "React-TodoMVC/total": 379.4946031667148,
  "Vanilla-ES2015-Babel-Webpack-TodoMVC/Adding100Items/Async": 37.5529733548746,
  "Vanilla-ES2015-Babel-Webpack-TodoMVC/Adding100Items/Sync": 327.0083427919507,
  "Vanilla-ES2015-Babel-Webpack-TodoMVC/Adding100Items/total": 364.6700420367681,
  "Vanilla-ES2015-Babel-Webpack-TodoMVC/CompletingAllItems/Async": 28.482864738991392,
  "Vanilla-ES2015-Babel-Webpack-TodoMVC/CompletingAllItems/Sync": 73.83102668583201,
  "Vanilla-ES2015-Babel-Webpack-TodoMVC/CompletingAllItems/total": 102.34391366683205,
  "Vanilla-ES2015-Babel-Webpack-TodoMVC/DeletingItems/Async": 4.300374740126475,
  "Vanilla-ES2015-Babel-Webpack-TodoMVC/DeletingItems/Sync": 54.01901834980879,
  "Vanilla-ES2015-Babel-Webpack-TodoMVC/DeletingItems/total": 58.36617377834157,
  "Vanilla-ES2015-Babel-Webpack-TodoMVC/total": 532.3449403348537,
  "Vanilla-ES2015-TodoMVC/Adding100Items/Async": 36.338268913113964,
  "Vanilla-ES2015-TodoMVC/Adding100Items/Sync": 336.66415703737374,
  "Vanilla-ES2015-TodoMVC/Adding100Items/total": 373.0037667926755,
  "Vanilla-ES2015-TodoMVC/CompletingAllItems/Async": 30.20281263686563,