{
  "browser-setup": 4.020574,
  "browser-tear_down": 0.216133,
  "probes-creation": 0.000128,
  "probes-setup": 9.9e-05,
  "probes-start": 5.7e-05,
  "run": 136.252659,
  "runner-cooldown": 2.002053
}