{
  "Angular2-TypeScript-TodoMVC/Adding100Items/Async": 38.23175353730857,
  "Angular2-TypeScript-TodoMVC/Adding100Items/Sync": 59.730691632805915,
  "Angular2-TypeScript-TodoMVC/Adding100Items/total": 97.99776705787386,
  "Angular2-TypeScript-TodoMVC/CompletingAllItems/Async": 17.852387545895485,
  "Angular2-TypeScript-TodoMVC/CompletingAllItems/Sync": 10.08826744931105,
  "Angular2-TypeScript-TodoMVC/CompletingAllItems/total": 27.958124475116247,
  "Angular2-TypeScript-TodoMVC/DeletingItems/Async": 3.771492240176249,
  "Angular2-TypeScript-TodoMVC/DeletingItems/Sync": 19.84735036059726,
  "Angular2-TypeScript-TodoMVC/DeletingItems/total": 23.659483481720546,
  "Angular2-TypeScript-TodoMVC/total": 149.87090592892562,
  "AngularJS-TodoMVC/Adding100Items/Async": 55.7964588977368,
  "AngularJS-TodoMVC/Adding100Items/Sync": 273.4749984197856,
  "AngularJS-TodoMVC/Adding100Items/total": 330.12878236962126,
  "AngularJS-TodoMVC/CompletingAllItems/Async": 34.20803548579099,
  "AngularJS-TodoMVC/CompletingAllItems/Sync": 81.13637580472461,
  "AngularJS-TodoMVC/CompletingAllItems/total": 115.40452514949513,
  "AngularJS-TodoMVC/DeletingAllItems/Async": 16.496980239586165,
  "AngularJS-TodoMVC/DeletingAllItems/Sync": 247.28046093381266,
  "AngularJS-TodoMVC/DeletingAllItems/total": 263.8569011776575,
  "AngularJS-TodoMVC/total": 710.0759884446126,
  "BackboneJS-TodoMVC/Adding100Items/Async": 45.83506433583767,
  "BackboneJS-TodoMVC/Adding100Items/Sync": 97.80811346467277,
  "BackboneJS-TodoMVC/Adding100Items/total": 143.95337797253282,
  "BackboneJS-TodoMVC/CompletingAllItems/Async": 34.22837107394159,
  "BackboneJS-TodoMVC/CompletingAllItems/Sync": 55.26377596091947,
  "BackboneJS-TodoMVC/CompletingAllItems/total": 89.60003520963082,
  "BackboneJS-TodoMVC/DeletingAllItems/Async": 5.141307680951529,
  "BackboneJS-TodoMVC/DeletingAllItems/Sync": 30.59068279308166,
  "BackboneJS-TodoMVC/DeletingAllItems/total": 35.76523903976042,
  "BackboneJS-TodoMVC/total": 269.47741173790627,
  "Elm-TodoMVC/Adding100Items/Async": 54.22799834944393,
  "Elm-TodoMVC/Adding100Items/Sync": 197.93132517093497,
  "Elm-TodoMVC/Adding100Items/total": 261.88093913756006,
  "Elm-TodoMVC/CompletingAllItems/Async": 44.804512920803525,
  "Elm-TodoMVC/CompletingAllItems/Sync": 136.65188770830216,
  "Elm-TodoMVC/CompletingAllItems/total": 181.63799358545728,
  "Elm-TodoMVC/DeletingItems/Async": 10.968888935215523,
  "Elm-TodoMVC/DeletingItems/Sync": 257.3301680476942,
  "Elm-TodoMVC/DeletingItems/total": 269.2575067407419,
  "Elm-TodoMVC/total": 781.0985283450409,
  "EmberJS-Debug-TodoMVC/Adding100Items/Async": 44.805340423263026,
  "EmberJS-Debug-TodoMVC/Adding100Items/Sync": 589.1459801754895,
  "EmberJS-Debug-TodoMVC/Adding100Items/total": 634.0137363537858,
  "EmberJS-Debug-TodoMVC/CompletingAllItems/Async": 32.43428295556309,
  "EmberJS-Debug-TodoMVC/CompletingAllItems/Sync": 361.2892771918424,
  "EmberJS-Debug-TodoMVC/CompletingAllItems/total": 393.7402284472032,
  "EmberJS-Debug-TodoMVC/DeletingItems/Async": 5.306227031900286,
  "EmberJS-Debug-TodoMVC/DeletingItems/Sync": 380.3638229138522,
  "EmberJS-Debug-TodoMVC/DeletingItems/total": 386.21469555691783,
  "EmberJS-Debug-TodoMVC/total": 1414.244076400117,
  "EmberJS-TodoMVC/Adding100Items/Async": 43.14858000680648,
  "EmberJS-TodoMVC/Adding100Items/Sync": 219.25336491954104,
  "EmberJS-TodoMVC/Adding100Items/total": 262.41384134959617,
  "EmberJS-TodoMVC/CompletingAllItems/Async": 37.351159555616455,
  "EmberJS-TodoMVC/CompletingAllItems/Sync": 123.4276501285396,
  "EmberJS-TodoMVC/CompletingAllItems/total": 160.9787190296194,
  "EmberJS-TodoMVC/DeletingItems/Async": 4.427637444895853,
  "EmberJS-TodoMVC/DeletingItems/Sync": 85.53933540548435,
  "EmberJS-TodoMVC/DeletingItems/total": 90.06244911547498,
  "EmberJS-TodoMVC/total": 513.7884802163759,
  "Flight-TodoMVC/Adding100Items/Async": 41.06763568947613,
  "Flight-TodoMVC/Adding100Items/Sync": 111.11902992209203,
  "Flight-TodoMVC/Adding100Items/total": 152.3254588270277,
  "Flight-TodoMVC/CompletingAllItems/Async": 33.091141810657504,
  "Flight-TodoMVC/CompletingAllItems/Sync": 119.09820649565472,
  "Flight-TodoMVC/CompletingAllItems/total": 152.29063624980768,
  "Flight-TodoMVC/DeletingItems/Async": 4.877746707869298,
  "Flight-TodoMVC/DeletingItems/Sync": 103.7814282844268,
  "Flight-TodoMVC/DeletingItems/total": 108.99841503397168,
  "Flight-TodoMVC/total": 413.7047062210991,
  "Inferno-TodoMVC/Adding100Items/Async": 46.370506402960345,
  "Inferno-TodoMVC/Adding100Items/Sync": 56.377020876264204,
  "Inferno-TodoMVC/Adding100Items/total": 103.16331116850036,
  "Inferno-TodoMVC/CompletingAllItems/Async": 10.620098396717884,
  "Inferno-TodoMVC/CompletingAllItems/Sync": 117.17770414542564,
  "Inferno-TodoMVC/CompletingAllItems/total": 128.31548288154883,
  "Inferno-TodoMVC/DeletingItems/Async": 3.9719404551390936,
  "Inferno-TodoMVC/DeletingItems/Sync": 241.63445319331026,
  "Inferno-TodoMVC/DeletingItems/total": 245.64451132097227,
  "Inferno-TodoMVC/total": 477.4860059667153,
  "Preact-TodoMVC/Adding100Items/Async": 54.85014494502296,
  "Preact-TodoMVC/Adding100Items/Sync": 9.134918954699932,
  "Preact-TodoMVC/Adding100Items/total": 63.99985029197302,
  "Preact-TodoMVC/CompletingAllItems/Async": 29.06187228668897,
  "Preact-TodoMVC/CompletingAllItems/Sync": 3.852320436543282,
  "Preact-TodoMVC/CompletingAllItems/total": 33.002824424832745,
  "Preact-TodoMVC/DeletingItems/Async": 7.816814678215755,
  "Preact-TodoMVC/DeletingItems/Sync": 2.0816774844102914,
  "Preact-TodoMVC/DeletingItems/total": 9.903695835072412,
  "Preact-TodoMVC/total": 108.03086413837791,
  "React-Redux-TodoMVC/Adding100Items/Async": 42.38579812573352,
  "React-Redux-TodoMVC/Adding100Items/Sync": 192.21167796580193,
  "React-Redux-TodoMVC/Adding100Items/total": 234.72182331370763,
  "React-Redux-TodoMVC/CompletingAllItems/Async": 32.44009884688726,
  "React-Redux-TodoMVC/CompletingAllItems/Sync": 170.71408330201288,
  "React-Redux-TodoMVC/CompletingAllItems/total": 203.27389931937256,
  "React-Redux-TodoMVC/DeletingItems/Async": 4.622384044352327,
  "React-Redux-TodoMVC/DeletingItems/Sync": 113.17431393409436,
  "React-Redux-TodoMVC/DeletingItems/total": 117.88567933758938,
  "React-Redux-TodoMVC/total": 556.081370347372,
  "React-TodoMVC/Adding100Items/Async": 42.85584256906047,
  "React-TodoMVC/Adding100Items/Sync": 152.89243454309863,
  "React-TodoMVC/Adding100Items/total": 195.84708331030492,
  "React-TodoMVC/CompletingAllItems/Async": 32.78225898254852,
  "React-TodoMVC/CompletingAllItems/Sync": 83.98971945406892,
  "React-TodoMVC/CompletingAllItems/total": 116.79638873186887,
  "React-TodoMVC/DeletingAllItems/Async": 4.1389616493494366,
  "React-TodoMVC/DeletingAllItems/Sync": 56.304718574999164,
  "React-TodoMVC/DeletingAllItems/total": 60.50267066652894,
  "React-TodoMVC/total": 373.39968523031575,
  "Vanilla-ES2015-Babel-Webpack-TodoMVC/Adding100Items/Async": 39.16041871617924,
  "Vanilla-ES2015-Babel-Webpack-TodoMVC/Adding100Items/Sync": 336.6742613065493,
  "Vanilla-ES2015-Babel-Webpack-TodoMVC/Adding100Items/total": 375.8807062752554,
  "Vanilla-ES2015-Babel-Webpack-TodoMVC/CompletingAllItems/Async": 32.12899156051017,
  "Vanilla-ES2015-Babel-Webpack-TodoMVC/CompletingAllItems/Sync": 78.25676745127252,
  "Vanilla-ES2015-Babel-Webpack-TodoMVC/CompletingAllItems/total": 110.42488243743345,
  "Vanilla-ES2015-Babel-Webpack-TodoMVC/DeletingItems/Async": 4.4671811202593865,
  "Vanilla-ES2015-Babel-Webpack-TodoMVC/DeletingItems/Sync": 51.03244714070561,
  "Vanilla-ES2015-Babel-Webpack-TodoMVC/DeletingItems/total": 55.53718276873987,
  "Vanilla-ES2015-Babel-Webpack-TodoMVC/total": 541.9829583452799,
  "Vanilla-ES2015-TodoMVC/Adding100Items/Async": 37.927429854186855,
  "Vanilla-ES2015-TodoMVC/Adding100Items/Sync": 346.38817369986276,
  "Vanilla-ES2015-TodoMVC/Adding100Items/total": 384.31644940815977,
  "Vanilla-ES2015-TodoMVC/CompletingAllItems/Async": 32.073766067693455,