{
  "browser-setup": 3.317317,
  "browser-tear_down": 0.236027,
  "probes-creation": 0.000201,
  "probes-setup": 0.000167,
  "probes-start": 8.1e-05,
  "run": 110.473387,
  "runner-cooldown": 2.002077
}