{
  "Angular2-TypeScript-TodoMVC/Adding100Items/Async": 31.789818390899836,
  "Angular2-TypeScript-TodoMVC/Adding100Items/Sync": 43.440700447818784,
  "Angular2-TypeScript-TodoMVC/Adding100Items/total": 75.28195745382178,
  "Angular2-TypeScript-TodoMVC/CompletingAllItems/Async": 12.819575365034003,
  "Angular2-TypeScript-TodoMVC/CompletingAllItems/Sync": 8.700022154948542,
  "Angular2-TypeScript-TodoMVC/CompletingAllItems/total": 21.522269504510614,
  "Angular2-TypeScript-TodoMVC/DeletingItems/Async": 3.5732442890916434,
  "Angular2-TypeScript-TodoMVC/DeletingItems/Sync": 16.72915867675095,
  "Angular2-TypeScript-TodoMVC/DeletingItems/total": 21.873727364310334,
  "Angular2-TypeScript-TodoMVC/total": 120.07499812846869,
  "AngularJS-TodoMVC/Adding100Items/Async": 40.8189946699933,
  "AngularJS-TodoMVC/Adding100Items/Sync": 155.58708520010586,
  "AngularJS-TodoMVC/Adding100Items/total": 196.41389212185882,
  "AngularJS-TodoMVC/CompletingAllItems/Async": 24.67649784853095,
  "AngularJS-TodoMVC/CompletingAllItems/Sync": 54.477533383293995,
  "AngularJS-TodoMVC/CompletingAllItems/total": 79.24594646968882,
  "AngularJS-TodoMVC/DeletingAllItems/Async": 16.145744987188337,
  "AngularJS-TodoMVC/DeletingAllItems/Sync": 158.79590653062525,
  "AngularJS-TodoMVC/DeletingAllItems/total": 174.9871914601127,
  "AngularJS-TodoMVC/total": 450.7176224642141,
  "BackboneJS-TodoMVC/Adding100Items/Async": 42.9109362371635,
  "BackboneJS-TodoMVC/Adding100Items/Sync": 55.05211848147903,
  "BackboneJS-TodoMVC/Adding100Items/total": 98.1982230029429,
  "BackboneJS-TodoMVC/CompletingAllItems/Async": 33.508205464864155,
  "BackboneJS-TodoMVC/CompletingAllItems/Sync": 37.67345583749571,
  "BackboneJS-TodoMVC/CompletingAllItems/total": 71.86804785429685,
  "BackboneJS-TodoMVC/DeletingAllItems/Async": 5.003175519173509,
  "BackboneJS-TodoMVC/DeletingAllItems/Sync": 25.987713407932198,
  "BackboneJS-TodoMVC/DeletingAllItems/total": 31.491339395843237,
  "BackboneJS-TodoMVC/total": 202.16244555981348,
  "Elm-TodoMVC/Adding100Items/Async": 47.77301118346505,
  "Elm-TodoMVC/Adding100Items/Sync": 85.12948256360323,
  "Elm-TodoMVC/Adding100Items/total": 132.94644853331232,
  "Elm-TodoMVC/CompletingAllItems/Async": 29.972641622352327,
  "Elm-TodoMVC/CompletingAllItems/Sync": 82.52555738130954,
  "Elm-TodoMVC/CompletingAllItems/total": 112.52930410948743,
  "Elm-TodoMVC/DeletingItems/Async": 9.115121371880354,
  "Elm-TodoMVC/DeletingItems/Sync": 100.79371406571896,
  "Elm-TodoMVC/DeletingItems/total": 110.01224747092793,
  "Elm-TodoMVC/total": 355.53528779172836,
  "EmberJS-Debug-TodoMVC/Adding100Items/Async": 45.635137022918414,
  "EmberJS-Debug-TodoMVC/Adding100Items/Sync": 740.9257911976862,
  "EmberJS-Debug-TodoMVC/Adding100Items/total": 787.356437033838,
  "EmberJS-Debug-TodoMVC/CompletingAllItems/Async": 35.82765609396475,
  "EmberJS-Debug-TodoMVC/CompletingAllItems/Sync": 301.5900784562765,
  "EmberJS-Debug-TodoMVC/CompletingAllItems/total": 338.555292140168,
  "EmberJS-Debug-TodoMVC/DeletingItems/Async": 10.942688972663005,
  "EmberJS-Debug-TodoMVC/DeletingItems/Sync": 285.53954246769877,
  "EmberJS-Debug-TodoMVC/DeletingItems/total": 300.22109118763893,
  "EmberJS-Debug-TodoMVC/total": 1433.7507506865818,
  "EmberJS-TodoMVC/Adding100Items/Async": 36.26705152576019,
  "EmberJS-TodoMVC/Adding100Items/Sync": 153.4701045775253,
  "EmberJS-TodoMVC/Adding100Items/total": 190.01387614008624,
  "EmberJS-TodoMVC/CompletingAllItems/Async": 28.980151176248313,
  "EmberJS-TodoMVC/CompletingAllItems/Sync": 111.76092735884502,
  "EmberJS-TodoMVC/CompletingAllItems/total": 141.07453829858315,
  "EmberJS-TodoMVC/DeletingItems/Async": 3.476858986922222,
  "EmberJS-TodoMVC/DeletingItems/Sync": 73.17174591387564,
  "EmberJS-TodoMVC/DeletingItems/total": 76.67569444019821,
  "EmberJS-TodoMVC/total": 409.08818138175866,
  "Flight-TodoMVC/Adding100Items/Async": 33.578892759372025,
  "Flight-TodoMVC/Adding100Items/Sync": 78.61373242493637,
  "Flight-TodoMVC/Adding100Items/total": 112.20477421055415,
  "Flight-TodoMVC/CompletingAllItems/Async": 25.54204336904478,
  "Flight-TodoMVC/CompletingAllItems/Sync": 87.18327145201509,
  "Flight-TodoMVC/CompletingAllItems/total": 112.73741271945617,
  "Flight-TodoMVC/DeletingItems/Async": 3.539370690741553,
  "Flight-TodoMVC/DeletingItems/Sync": 69.23867625831797,
  "Flight-TodoMVC/DeletingItems/total": 72.8422453052775,
  "Flight-TodoMVC/total": 297.9366056399347,
  "Inferno-TodoMVC/Adding100Items/Async": 38.51211421101062,
  "Inferno-TodoMVC/Adding100Items/Sync": 42.76345471502863,
  "Inferno-TodoMVC/Adding100Items/total": 81.34884393805763,
  "Inferno-TodoMVC/CompletingAllItems/Async": 6.678285720940306,
  "Inferno-TodoMVC/CompletingAllItems/Sync": 85.14200278461254,
  "Inferno-TodoMVC/CompletingAllItems/total": 91.97987369894103,
  "Inferno-TodoMVC/DeletingItems/Async": 3.355915315861355,
  "Inferno-TodoMVC/DeletingItems/Sync": 199.52198759267503,
  "Inferno-TodoMVC/DeletingItems/total": 202.91616469199394,
  "Inferno-TodoMVC/total": 376.2867979250176,
  "Preact-TodoMVC/Adding100Items/Async": 37.46417677295817,
  "Preact-TodoMVC/Adding100Items/Sync": 5.049421280042651,
  "Preact-TodoMVC/Adding100Items/total": 42.52429242625502,
  "Preact-TodoMVC/CompletingAllItems/Async": 16.111219488664158,
  "Preact-TodoMVC/CompletingAllItems/Sync": 2.9411451500420474,
  "Preact-TodoMVC/CompletingAllItems/total": 19.06573697166345,
  "Preact-TodoMVC/DeletingItems/Async": 4.6919869850335685,
  "Preact-TodoMVC/DeletingItems/Sync": 1.6707775399395492,
  "Preact-TodoMVC/DeletingItems/total": 6.377322565042366,
  "Preact-TodoMVC/total": 68.0216713388199,
  "React-Redux-TodoMVC/Adding100Items/Async": 33.490732542726356,
  "React-Redux-TodoMVC/Adding100Items/Sync": 134.80466548381528,
  "React-Redux-TodoMVC/Adding100Items/total": 168.36072893836922,
  "React-Redux-TodoMVC/CompletingAllItems/Async": 27.302150089574603,
  "React-Redux-TodoMVC/CompletingAllItems/Sync": 147.37165311247733,
  "React-Redux-TodoMVC/CompletingAllItems/total": 174.9612981331017,
  "React-Redux-TodoMVC/DeletingItems/Async": 3.8459528531461937,
  "React-Redux-TodoMVC/DeletingItems/Sync": 101.3597698358384,
  "React-Redux-TodoMVC/DeletingItems/total": 105.37560066187167,
  "React-Redux-TodoMVC/total": 450.43349867592514,
  "React-TodoMVC/Adding100Items/Async": 35.42568038484218,
  "React-TodoMVC/Adding100Items/Sync": 108.45664664364976,
  "React-TodoMVC/Adding100Items/total": 144.02626963421224,
  "React-TodoMVC/CompletingAllItems/Async": 27.707118156639215,
  "React-TodoMVC/CompletingAllItems/Sync": 63.83713802507784,
  "React-TodoMVC/CompletingAllItems/total": 91.56369234049379,
  "React-TodoMVC/DeletingAllItems/Async": 2.9888596038980624,
  "React-TodoMVC/DeletingAllItems/Sync": 46.76518986951061,
  "React-TodoMVC/DeletingAllItems/total": 49.789404550368275,
  "React-TodoMVC/total": 285.51646614036184,
  "Vanilla-ES2015-Babel-Webpack-TodoMVC/Adding100Items/Async": 34.65167869365706,
  "Vanilla-ES2015-Babel-Webpack-TodoMVC/Adding100Items/Sync": 298.420905384088,
  "Vanilla-ES2015-Babel-Webpack-TodoMVC/Adding100Items/total": 333.1458937348367,
  "Vanilla-ES2015-Babel-Webpack-TodoMVC/CompletingAllItems/Async": 26.6709881198969,
  "Vanilla-ES2015-Babel-Webpack-TodoMVC/CompletingAllItems/Sync": 65.46562732543147,
  "Vanilla-ES2015-Babel-Webpack-TodoMVC/CompletingAllItems/total": 92.15250723202324,
  "Vanilla-ES2015-Babel-Webpack-TodoMVC/DeletingItems/Async": 3.994574132948723,
  "Vanilla-ES2015-Babel-Webpack-TodoMVC/DeletingItems/Sync": 40.746731512881496,
  "Vanilla-ES2015-Babel-Webpack-TodoMVC/DeletingItems/total": 45.85488051622424,
  "Vanilla-ES2015-Babel-Webpack-TodoMVC/total": 471.50760957719615,
  "Vanilla-ES2015-TodoMVC/Adding100Items/Async": 34.852667202687066,
  "Vanilla-ES2015-TodoMVC/Adding100Items/Sync": 299.8389540449954,
  "Vanilla-ES2015-TodoMVC/Adding100Items/total": 334.7353400723627,
  "Vanilla-ES2015-TodoMVC/CompletingAllItems/Async": 26.28063524316191,