{
  "browser-setup": 3.291407,
  "browser-tear_down": 0.27291,
  "probes-creation": 0.000198,
  "probes-setup": 0.000161,
  "probes-start": 8.2e-05,
  "run": 107.779407,
  "runner-cooldown": 2.002067
}