{
  "Angular2-TypeScript-TodoMVC/Adding100Items/Async": 32.192370879901304,
  "Angular2-TypeScript-TodoMVC/Adding100Items/Sync": 42.337305842291414,
  "Angular2-TypeScript-TodoMVC/Adding100Items/total": 74.58725026656342,
  "Angular2-TypeScript-TodoMVC/CompletingAllItems/Async": 13.823471483264541,
  "Angular2-TypeScript-TodoMVC/CompletingAllItems/Sync": 8.624561684856305,
  "Angular2-TypeScript-TodoMVC/CompletingAllItems/total": 22.537123716846533,
  "Angular2-TypeScript-TodoMVC/DeletingItems/Async": 2.671771764177792,
  "Angular2-TypeScript-TodoMVC/DeletingItems/Sync": 16.114314932878308,
  "Angular2-TypeScript-TodoMVC/DeletingItems/total": 18.788278304983255,
  "Angular2-TypeScript-TodoMVC/total": 116.05587259663733,
  "AngularJS-TodoMVC/Adding100Items/Async": 41.26832826039466,
  "AngularJS-TodoMVC/Adding100Items/Sync": 152.84863183683885,
  "AngularJS-TodoMVC/Adding100Items/total": 194.13010624708258,
  "AngularJS-TodoMVC/CompletingAllItems/Async": 25.038381272576167,
  "AngularJS-TodoMVC/CompletingAllItems/Sync": 53.88952121834046,
  "AngularJS-TodoMVC/CompletingAllItems/total": 79.05527917926997,
  "AngularJS-TodoMVC/DeletingAllItems/Async": 14.605677244069796,
  "AngularJS-TodoMVC/DeletingAllItems/Sync": 158.3859826485203,
  "AngularJS-TodoMVC/DeletingAllItems/total": 173.0349271854304,
  "AngularJS-TodoMVC/total": 446.3106818931175,
  "BackboneJS-TodoMVC/Adding100Items/Async": 36.77137658392854,
  "BackboneJS-TodoMVC/Adding100Items/Sync": 55.6778112704352,
  "BackboneJS-TodoMVC/Adding100Items/total": 92.47019846645574,
  "BackboneJS-TodoMVC/CompletingAllItems/Async": 27.80890732828097,
  "BackboneJS-TodoMVC/CompletingAllItems/Sync": 37.914543043932596,
  "BackboneJS-TodoMVC/CompletingAllItems/total": 65.72462135387487,
  "BackboneJS-TodoMVC/DeletingAllItems/Async": 3.4071657668561146,
  "BackboneJS-TodoMVC/DeletingAllItems/Sync": 25.958243749587453,
  "BackboneJS-TodoMVC/DeletingAllItems/total": 29.383194145524378,
  "BackboneJS-TodoMVC/total": 187.60163307151495,
  "Elm-TodoMVC/Adding100Items/Async": 48.086619875255884,
  "Elm-TodoMVC/Adding100Items/Sync": 112.4156375962937,
  "Elm-TodoMVC/Adding100Items/total": 162.24089879050425,
  "Elm-TodoMVC/CompletingAllItems/Async": 30.929057098260785,
  "Elm-TodoMVC/CompletingAllItems/Sync": 97.10582373826529,
  "Elm-TodoMVC/CompletingAllItems/total": 128.71128466105517,
  "Elm-TodoMVC/DeletingItems/Async": 10.565896462618594,
  "Elm-TodoMVC/DeletingItems/Sync": 97.7248151540794,
  "Elm-TodoMVC/DeletingItems/total": 109.86265949160541,
  "Elm-TodoMVC/total": 408.94601779262894,
  "EmberJS-Debug-TodoMVC/Adding100Items/Async": 40.64579022418023,
  "EmberJS-Debug-TodoMVC/Adding100Items/Sync": 442.1410277717726,
  "EmberJS-Debug-TodoMVC/Adding100Items/total": 482.8578467320167,
  "EmberJS-Debug-TodoMVC/CompletingAllItems/Async": 28.87459722957916,
  "EmberJS-Debug-TodoMVC/CompletingAllItems/Sync": 274.36811462347924,
  "EmberJS-Debug-TodoMVC/CompletingAllItems/total": 303.95352971394726,
  "EmberJS-Debug-TodoMVC/DeletingItems/Async": 5.129515800361925,
  "EmberJS-Debug-TodoMVC/DeletingItems/Sync": 278.20222538442357,
  "EmberJS-Debug-TodoMVC/DeletingItems/total": 284.0277832317301,
  "EmberJS-Debug-TodoMVC/total": 1072.1699157497105,
  "EmberJS-TodoMVC/Adding100Items/Async": 35.609977999077984,
  "EmberJS-TodoMVC/Adding100Items/Sync": 153.8143260780757,
  "EmberJS-TodoMVC/Adding100Items/total": 189.8140530103801,
  "EmberJS-TodoMVC/CompletingAllItems/Async": 29.053949141584575,
  "EmberJS-TodoMVC/CompletingAllItems/Sync": 116.3553035883898,
  "EmberJS-TodoMVC/CompletingAllItems/total": 146.33727296146031,
  "EmberJS-TodoMVC/DeletingItems/Async": 4.605532555637619,
  "EmberJS-TodoMVC/DeletingItems/Sync": 66.10453821873524,
  "EmberJS-TodoMVC/DeletingItems/total": 71.36971486085386,
  "EmberJS-TodoMVC/total": 415.03227810301547,
  "Flight-TodoMVC/Adding100Items/Async": 32.71775229695864,
  "Flight-TodoMVC/Adding100Items/Sync": 78.54521677442395,
  "Flight-TodoMVC/Adding100Items/total": 111.2699845032278,
  "Flight-TodoMVC/CompletingAllItems/Async": 24.79640403713778,
  "Flight-TodoMVC/CompletingAllItems/Sync": 86.16507510454585,
  "Flight-TodoMVC/CompletingAllItems/total": 110.96407748066228,
  "Flight-TodoMVC/DeletingItems/Async": 2.846408048825558,
  "Flight-TodoMVC/DeletingItems/Sync": 69.43656211219636,
  "Flight-TodoMVC/DeletingItems/total": 72.28605135212284,
  "Flight-TodoMVC/total": 294.5217588172013,
  "Inferno-TodoMVC/Adding100Items/Async": 38.43753953154625,
  "Inferno-TodoMVC/Adding100Items/Sync": 45.010829143138814,
  "Inferno-TodoMVC/Adding100Items/total": 83.61851049205497,
  "Inferno-TodoMVC/CompletingAllItems/Async": 6.723468012798553,
  "Inferno-TodoMVC/CompletingAllItems/Sync": 88.18437237424425,
  "Inferno-TodoMVC/CompletingAllItems/total": 95.04425917537245,
  "Inferno-TodoMVC/DeletingItems/Async": 3.26569008000917,
  "Inferno-TodoMVC/DeletingItems/Sync": 220.81333768398292,
  "Inferno-TodoMVC/DeletingItems/total": 224.13762950871006,
  "Inferno-TodoMVC/total": 404.20274008132816,
  "Preact-TodoMVC/Adding100Items/Async": 39.63842226386486,
  "Preact-TodoMVC/Adding100Items/Sync": 5.2401463070621235,
  "Preact-TodoMVC/Adding100Items/total": 44.90571665296447,
  "Preact-TodoMVC/CompletingAllItems/Async": 16.28711010763028,
  "Preact-TodoMVC/CompletingAllItems/Sync": 3.0771532769046184,
  "Preact-TodoMVC/CompletingAllItems/total": 19.37877130167503,
  "Preact-TodoMVC/DeletingItems/Async": 4.548271637871333,
  "Preact-TodoMVC/DeletingItems/Sync": 1.6411005616626206,
  "Preact-TodoMVC/DeletingItems/total": 6.1976277844094705,
  "Preact-TodoMVC/total": 70.54270820580376,
  "React-Redux-TodoMVC/Adding100Items/Async": 33.774800239685845,
  "React-Redux-TodoMVC/Adding100Items/Sync": 128.8282605280799,
  "React-Redux-TodoMVC/Adding100Items/total": 162.63481664609338,
  "React-Redux-TodoMVC/CompletingAllItems/Async": 25.86655739364246,
  "React-Redux-TodoMVC/CompletingAllItems/Sync": 142.98491438990447,
  "React-Redux-TodoMVC/CompletingAllItems/total": 169.2205153071298,
  "React-Redux-TodoMVC/DeletingItems/Async": 4.211546791826822,
  "React-Redux-TodoMVC/DeletingItems/Sync": 88.23503255628151,
  "React-Redux-TodoMVC/DeletingItems/total": 92.97367525258225,
  "React-Redux-TodoMVC/total": 427.3657401237584,
  "React-TodoMVC/Adding100Items/Async": 34.346089122149834,
  "React-TodoMVC/Adding100Items/Sync": 104.3295111065993,
  "React-TodoMVC/Adding100Items/total": 138.69463309564668,
  "React-TodoMVC/CompletingAllItems/Async": 28.16746183503841,
  "React-TodoMVC/CompletingAllItems/Sync": 71.06490259359242,
  "React-TodoMVC/CompletingAllItems/total": 99.99232288084106,
  "React-TodoMVC/DeletingAllItems/Async": 3.0802083553177204,
  "React-TodoMVC/DeletingAllItems/Sync": 45.626876932180785,
  "React-TodoMVC/DeletingAllItems/total": 48.89122335564368,
  "React-TodoMVC/total": 290.4644904395627,
  "Vanilla-ES2015-Babel-Webpack-TodoMVC/Adding100Items/Async": 34.9848734429614,
  "Vanilla-ES2015-Babel-Webpack-TodoMVC/Adding100Items/Sync": 293.9448176504513,
  "Vanilla-ES2015-Babel-Webpack-TodoMVC/Adding100Items/total": 328.9332165997691,
  "Vanilla-ES2015-Babel-Webpack-TodoMVC/CompletingAllItems/Async": 26.193233392801563,
  "Vanilla-ES2015-Babel-Webpack-TodoMVC/CompletingAllItems/Sync": 63.00682092504757,
  "Vanilla-ES2015-Babel-Webpack-TodoMVC/CompletingAllItems/total": 89.48074917005349,
  "Vanilla-ES2015-Babel-Webpack-TodoMVC/DeletingItems/Async": 2.8627562887497136,
  "Vanilla-ES2015-Babel-Webpack-TodoMVC/DeletingItems/Sync": 39.7976989708802,
  "Vanilla-ES2015-Babel-Webpack-TodoMVC/DeletingItems/total": 42.66700944448603,
  "Vanilla-ES2015-Babel-Webpack-TodoMVC/total": 461.2354936561927,
  "Vanilla-ES2015-TodoMVC/Adding100Items/Async": 34.453498886357906,
  "Vanilla-ES2015-TodoMVC/Adding100Items/Sync": 298.74694384408656,
  "Vanilla-ES2015-TodoMVC/Adding100Items/total": 333.243962164121,
  "Vanilla-ES2015-TodoMVC/CompletingAllItems/Async": 27.111434423404006,