{
  "browser-setup": 3.332797,
  "browser-tear_down": 0.281267,
  "probes-creation": 0.0002,
  "probes-setup": 0.000167,
  "probes-start": 8e-05,
  "run": 108.188314,
  "runner-cooldown": 2.002072
}