{
  "Angular2-TypeScript-TodoMVC/Adding100Items/Async": 31.451328816210825,
  "Angular2-TypeScript-TodoMVC/Adding100Items/Sync": 42.59082410803504,
  "Angular2-TypeScript-TodoMVC/Adding100Items/total": 74.07082207892407,
  "Angular2-TypeScript-TodoMVC/CompletingAllItems/Async": 12.744082620686749,
  "Angular2-TypeScript-TodoMVC/CompletingAllItems/Sync": 8.4463112896373,
  "Angular2-TypeScript-TodoMVC/CompletingAllItems/total": 21.192436015314758,
  "Angular2-TypeScript-TodoMVC/DeletingItems/Async": 2.7602778583242356,
  "Angular2-TypeScript-TodoMVC/DeletingItems/Sync": 16.12664651761713,
  "Angular2-TypeScript-TodoMVC/DeletingItems/total": 18.89748173177481,
  "Angular2-TypeScript-TodoMVC/total": 114.17631351519805,
  "AngularJS-TodoMVC/Adding100Items/Async": 41.72281908862058,
  "AngularJS-TodoMVC/Adding100Items/Sync": 160.16391640481095,
  "AngularJS-TodoMVC/Adding100Items/total": 201.98529696676746,
  "AngularJS-TodoMVC/CompletingAllItems/Async": 25.03282552788253,
  "AngularJS-TodoMVC/CompletingAllItems/Sync": 60.08911865896516,
  "AngularJS-TodoMVC/CompletingAllItems/total": 85.41004842656854,
  "AngularJS-TodoMVC/DeletingAllItems/Async": 14.768311951831192,
  "AngularJS-TodoMVC/DeletingAllItems/Sync": 165.10437931996364,
  "AngularJS-TodoMVC/DeletingAllItems/total": 180.00780269450482,
  "AngularJS-TodoMVC/total": 471.8539377398013,
  "BackboneJS-TodoMVC/Adding100Items/Async": 36.881112663470766,
  "BackboneJS-TodoMVC/Adding100Items/Sync": 54.87543412010317,
  "BackboneJS-TodoMVC/Adding100Items/total": 91.81860496431823,
  "BackboneJS-TodoMVC/CompletingAllItems/Async": 27.548391615503142,
  "BackboneJS-TodoMVC/CompletingAllItems/Sync": 37.6220138360037,
  "BackboneJS-TodoMVC/CompletingAllItems/total": 65.1727439517715,
  "BackboneJS-TodoMVC/DeletingAllItems/Async": 3.3572560125039956,
  "BackboneJS-TodoMVC/DeletingAllItems/Sync": 25.410518574181683,
  "BackboneJS-TodoMVC/DeletingAllItems/total": 28.780053863230762,
  "BackboneJS-TodoMVC/total": 185.79622344785622,
  "Elm-TodoMVC/Adding100Items/Async": 47.56664436896556,
  "Elm-TodoMVC/Adding100Items/Sync": 95.08330643481784,
  "Elm-TodoMVC/Adding100Items/total": 143.5058752084026,
  "Elm-TodoMVC/CompletingAllItems/Async": 31.7855556284297,
  "Elm-TodoMVC/CompletingAllItems/Sync": 114.72145144937349,
  "Elm-TodoMVC/CompletingAllItems/total": 148.1694897087878,
  "Elm-TodoMVC/DeletingItems/Async": 10.371642514982243,
  "Elm-TodoMVC/DeletingItems/Sync": 109.2043160173204,
  "Elm-TodoMVC/DeletingItems/total": 120.14502460731839,
  "Elm-TodoMVC/total": 426.67889712812985,
  "EmberJS-Debug-TodoMVC/Adding100Items/Async": 40.34054081415923,
  "EmberJS-Debug-TodoMVC/Adding100Items/Sync": 420.1996881618217,
  "EmberJS-Debug-TodoMVC/Adding100Items/total": 460.6329759159502,
  "EmberJS-Debug-TodoMVC/CompletingAllItems/Async": 28.016936363439367,
  "EmberJS-Debug-TodoMVC/CompletingAllItems/Sync": 276.34217288724966,
  "EmberJS-Debug-TodoMVC/CompletingAllItems/total": 304.66629327501863,
  "EmberJS-Debug-TodoMVC/DeletingItems/Async": 7.90764398427883,
  "EmberJS-Debug-TodoMVC/DeletingItems/Sync": 296.6207828748974,
  "EmberJS-Debug-TodoMVC/DeletingItems/total": 305.6561555428385,
  "EmberJS-Debug-TodoMVC/total": 1076.9491009721353,
  "EmberJS-TodoMVC/Adding100Items/Async": 34.32356849906206,
  "EmberJS-TodoMVC/Adding100Items/Sync": 146.59217032530975,
  "EmberJS-TodoMVC/Adding100Items/total": 181.14311620212368,
  "EmberJS-TodoMVC/CompletingAllItems/Async": 26.665129607153002,
  "EmberJS-TodoMVC/CompletingAllItems/Sync": 99.23745596925366,
  "EmberJS-TodoMVC/CompletingAllItems/total": 126.1499870557694,
  "EmberJS-TodoMVC/DeletingItems/Async": 4.156363737954376,
  "EmberJS-TodoMVC/DeletingItems/Sync": 70.16041727915358,
  "EmberJS-TodoMVC/DeletingItems/total": 74.90646424622652,
  "EmberJS-TodoMVC/total": 389.0652733602163,
  "Flight-TodoMVC/Adding100Items/Async": 32.44695387682758,
  "Flight-TodoMVC/Adding100Items/Sync": 78.77633194105505,
  "Flight-TodoMVC/Adding100Items/total": 111.23209015084134,
  "Flight-TodoMVC/CompletingAllItems/Async": 24.694481862580854,
  "Flight-TodoMVC/CompletingAllItems/Sync": 86.33066978741815,
  "Flight-TodoMVC/CompletingAllItems/total": 111.03601346444353,
  "Flight-TodoMVC/DeletingItems/Async": 2.817559022325483,
  "Flight-TodoMVC/DeletingItems/Sync": 69.47983131673048,
  "Flight-TodoMVC/DeletingItems/total": 72.30089349907098,
  "Flight-TodoMVC/total": 294.5749658314987,
  "Inferno-TodoMVC/Adding100Items/Async": 36.89489226236195,
  "Inferno-TodoMVC/Adding100Items/Sync": 44.87262086628989,
  "Inferno-TodoMVC/Adding100Items/total": 82.01636642225388,
  "Inferno-TodoMVC/CompletingAllItems/Async": 7.513133648163858,
  "Inferno-TodoMVC/CompletingAllItems/Sync": 94.46818811707587,
  "Inferno-TodoMVC/CompletingAllItems/total": 102.19549910589278,
  "Inferno-TodoMVC/DeletingItems/Async": 3.2044399498765297,
  "Inferno-TodoMVC/DeletingItems/Sync": 206.01931317277982,
  "Inferno-TodoMVC/DeletingItems/total": 209.44817710279003,
  "Inferno-TodoMVC/total": 396.9262352986679,
  "Preact-TodoMVC/Adding100Items/Async": 37.42732258602616,
  "Preact-TodoMVC/Adding100Items/Sync": 4.982090428412123,
  "Preact-TodoMVC/Adding100Items/total": 42.42013099756967,
  "Preact-TodoMVC/CompletingAllItems/Async": 16.34379966113137,
  "Preact-TodoMVC/CompletingAllItems/Sync": 3.1875442041010857,
  "Preact-TodoMVC/CompletingAllItems/total": 19.538364018871302,
  "Preact-TodoMVC/DeletingItems/Async": 4.55567611222201,
  "Preact-TodoMVC/DeletingItems/Sync": 1.7654707727727406,
  "Preact-TodoMVC/DeletingItems/total": 6.327863505330747,
  "Preact-TodoMVC/total": 68.34160385488134,
  "React-Redux-TodoMVC/Adding100Items/Async": 34.51865197642808,
  "React-Redux-TodoMVC/Adding100Items/Sync": 130.75685273100217,
  "React-Redux-TodoMVC/Adding100Items/total": 165.49258847881015,
  "React-Redux-TodoMVC/CompletingAllItems/Async": 25.760216022665652,
  "React-Redux-TodoMVC/CompletingAllItems/Sync": 141.9433871448003,
  "React-Redux-TodoMVC/CompletingAllItems/total": 168.01060645281584,
  "React-Redux-TodoMVC/DeletingItems/Async": 3.8580214821025907,
  "React-Redux-TodoMVC/DeletingItems/Sync": 86.4230172964215,
  "React-Redux-TodoMVC/DeletingItems/total": 90.63696096378732,
  "React-Redux-TodoMVC/total": 426.01648450617677,
  "React-TodoMVC/Adding100Items/Async": 34.457777430313314,
  "React-TodoMVC/Adding100Items/Sync": 103.64452334856286,
  "React-TodoMVC/Adding100Items/total": 138.12667198829476,
  "React-TodoMVC/CompletingAllItems/Async": 27.35487915254762,
  "React-TodoMVC/CompletingAllItems/Sync": 77.63548384439383,
  "React-TodoMVC/CompletingAllItems/total": 105.99563260993746,
  "React-TodoMVC/DeletingAllItems/Async": 4.553166357046389,
  "React-TodoMVC/DeletingAllItems/Sync": 45.99588621840974,
  "React-TodoMVC/DeletingAllItems/total": 51.60156526365871,
  "React-TodoMVC/total": 300.5557703473847,
  "Vanilla-ES2015-Babel-Webpack-TodoMVC/Adding100Items/Async": 34.48191495258077,
  "Vanilla-ES2015-Babel-Webpack-TodoMVC/Adding100Items/Sync": 297.78357856590804,
  "Vanilla-ES2015-Babel-Webpack-TodoMVC/Adding100Items/total": 332.29210531351634,
  "Vanilla-ES2015-Babel-Webpack-TodoMVC/CompletingAllItems/Async": 24.53197644038854,
  "Vanilla-ES2015-Babel-Webpack-TodoMVC/CompletingAllItems/Sync": 62.90700171797848,
  "Vanilla-ES2015-Babel-Webpack-TodoMVC/CompletingAllItems/total": 87.45102662448436,
  "Vanilla-ES2015-Babel-Webpack-TodoMVC/DeletingItems/Async": 2.835013817607447,
  "Vanilla-ES2015-Babel-Webpack-TodoMVC/DeletingItems/Sync": 39.84522463184366,
  "Vanilla-ES2015-Babel-Webpack-TodoMVC/DeletingItems/total": 42.68472319242779,
  "Vanilla-ES2015-Babel-Webpack-TodoMVC/total": 462.4400760431114,
  "Vanilla-ES2015-TodoMVC/Adding100Items/Async": 34.85713075250273,
  "Vanilla-ES2015-TodoMVC/Adding100Items/Sync": 315.728057383645,
  "Vanilla-ES2015-TodoMVC/Adding100Items/total": 350.64031207988927,
  "Vanilla-ES2015-TodoMVC/CompletingAllItems/Async": 26.936082260066346,