{
  "Angular2-TypeScript-TodoMVC/Adding100Items/Async": 31.789683847174647,
  "Angular2-TypeScript-TodoMVC/Adding100Items/Sync": 42.31634849480772,
  "Angular2-TypeScript-TodoMVC/Adding100Items/total": 74.14159166693156,
  "Angular2-TypeScript-TodoMVC/CompletingAllItems/Async": 12.557601876229961,
  "Angular2-TypeScript-TodoMVC/CompletingAllItems/Sync": 8.507144141764446,
  "Angular2-TypeScript-TodoMVC/CompletingAllItems/total": 21.066261603053338,
  "Angular2-TypeScript-TodoMVC/DeletingItems/Async": 3.7908116489835506,
  "Angular2-TypeScript-TodoMVC/DeletingItems/Sync": 16.349732007626624,
  "Angular2-TypeScript-TodoMVC/DeletingItems/total": 21.785182206683967,
  "Angular2-TypeScript-TodoMVC/total": 118.65110207158946,
  "AngularJS-TodoMVC/Adding100Items/Async": 41.06470289375242,
  "AngularJS-TodoMVC/Adding100Items/Sync": 156.37608301132772,
  "AngularJS-TodoMVC/Adding100Items/total": 197.45316773175466,
  "AngularJS-TodoMVC/CompletingAllItems/Async": 24.655219589824508,
  "AngularJS-TodoMVC/CompletingAllItems/Sync": 54.9997668582645,
  "AngularJS-TodoMVC/CompletingAllItems/total": 79.7631792828256,
  "AngularJS-TodoMVC/DeletingAllItems/Async": 16.308011814682565,
  "AngularJS-TodoMVC/DeletingAllItems/Sync": 157.19591966105,
  "AngularJS-TodoMVC/DeletingAllItems/total": 173.54294702643872,
  "AngularJS-TodoMVC/total": 450.8436040669363,
  "BackboneJS-TodoMVC/Adding100Items/Async": 41.170129255173414,
  "BackboneJS-TodoMVC/Adding100Items/Sync": 54.86491627023897,
  "BackboneJS-TodoMVC/Adding100Items/total": 96.17519615501234,
  "BackboneJS-TodoMVC/CompletingAllItems/Async": 31.408282400395482,
  "BackboneJS-TodoMVC/CompletingAllItems/Sync": 37.38680789339205,
  "BackboneJS-TodoMVC/CompletingAllItems/total": 68.89985981104762,
  "BackboneJS-TodoMVC/DeletingAllItems/Async": 5.078011657672574,
  "BackboneJS-TodoMVC/DeletingAllItems/Sync": 25.706800091206244,
  "BackboneJS-TodoMVC/DeletingAllItems/total": 31.253757101712786,
  "BackboneJS-TodoMVC/total": 196.42535002758157,
  "Elm-TodoMVC/Adding100Items/Async": 47.79659405203086,
  "Elm-TodoMVC/Adding100Items/Sync": 83.67194947737912,
  "Elm-TodoMVC/Adding100Items/total": 131.5303503434118,
  "Elm-TodoMVC/CompletingAllItems/Async": 30.001854930913844,
  "Elm-TodoMVC/CompletingAllItems/Sync": 81.27008144990904,
  "Elm-TodoMVC/CompletingAllItems/total": 111.30750232790716,
  "Elm-TodoMVC/DeletingItems/Async": 9.207847744774282,
  "Elm-TodoMVC/DeletingItems/Sync": 99.57760878433643,
  "Elm-TodoMVC/DeletingItems/total": 108.87856063298658,
  "Elm-TodoMVC/total": 351.7395902582429,
  "EmberJS-Debug-TodoMVC/Adding100Items/Async": 44.96769637332324,
  "EmberJS-Debug-TodoMVC/Adding100Items/Sync": 695.5695698920797,
  "EmberJS-Debug-TodoMVC/Adding100Items/total": 741.4463749739065,
  "EmberJS-Debug-TodoMVC/CompletingAllItems/Async": 33.03032651722727,
  "EmberJS-Debug-TodoMVC/CompletingAllItems/Sync": 317.32026138521405,
  "EmberJS-Debug-TodoMVC/CompletingAllItems/total": 350.69584237130044,
  "EmberJS-Debug-TodoMVC/DeletingItems/Async": 15.966527474531421,
  "EmberJS-Debug-TodoMVC/DeletingItems/Sync": 286.1268783777919,
  "EmberJS-Debug-TodoMVC/DeletingItems/total": 310.3433818549334,
  "EmberJS-Debug-TodoMVC/total": 1418.9212471643175,
  "EmberJS-TodoMVC/Adding100Items/Async": 34.437186119297884,
  "EmberJS-TodoMVC/Adding100Items/Sync": 148.49807913800393,
  "EmberJS-TodoMVC/Adding100Items/total": 183.00597634722305,
  "EmberJS-TodoMVC/CompletingAllItems/Async": 29.15249204350438,
  "EmberJS-TodoMVC/CompletingAllItems/Sync": 100.9244811940833,
  "EmberJS-TodoMVC/CompletingAllItems/total": 130.181141283492,
  "EmberJS-TodoMVC/DeletingItems/Async": 3.694409753613264,
  "EmberJS-TodoMVC/DeletingItems/Sync": 70.46820022024522,
  "EmberJS-TodoMVC/DeletingItems/total": 74.2288870632876,
  "EmberJS-TodoMVC/total": 388.0181010913948,
  "Flight-TodoMVC/Adding100Items/Async": 33.3200955071318,
  "Flight-TodoMVC/Adding100Items/Sync": 78.37505905265228,
  "Flight-TodoMVC/Adding100Items/total": 111.71276541951887,
  "Flight-TodoMVC/CompletingAllItems/Async": 24.68791550925109,
  "Flight-TodoMVC/CompletingAllItems/Sync": 85.69253305380624,
  "Flight-TodoMVC/CompletingAllItems/total": 110.38242891859521,
  "Flight-TodoMVC/DeletingItems/Async": 3.6647995982197004,
  "Flight-TodoMVC/DeletingItems/Sync": 69.59744526502378,
  "Flight-TodoMVC/DeletingItems/total": 73.34419911777174,
  "Flight-TodoMVC/total": 295.448953474523,
  "Inferno-TodoMVC/Adding100Items/Async": 38.543502142893665,
  "Inferno-TodoMVC/Adding100Items/Sync": 43.18300094687902,
  "Inferno-TodoMVC/Adding100Items/total": 81.81169299103928,
  "Inferno-TodoMVC/CompletingAllItems/Async": 6.2455434420359985,
  "Inferno-TodoMVC/CompletingAllItems/Sync": 83.67134098620836,
  "Inferno-TodoMVC/CompletingAllItems/total": 89.92147355499753,
  "Inferno-TodoMVC/DeletingItems/Async": 3.2117593338238404,
  "Inferno-TodoMVC/DeletingItems/Sync": 202.33500628244138,
  "Inferno-TodoMVC/DeletingItems/total": 205.57140381065938,
  "Inferno-TodoMVC/total": 377.3638653576171,
  "Preact-TodoMVC/Adding100Items/Async": 37.04226984044979,
  "Preact-TodoMVC/Adding100Items/Sync": 4.8820965615750715,
  "Preact-TodoMVC/Adding100Items/total": 41.93201269378794,
  "Preact-TodoMVC/CompletingAllItems/Async": 15.92683977846554,
  "Preact-TodoMVC/CompletingAllItems/Sync": 3.020599322946167,
  "Preact-TodoMVC/CompletingAllItems/total": 18.956902393734158,
  "Preact-TodoMVC/DeletingItems/Async": 4.40429982886799,
  "Preact-TodoMVC/DeletingItems/Sync": 1.6748829975237651,
  "Preact-TodoMVC/DeletingItems/total": 6.093242219691885,
  "Preact-TodoMVC/total": 67.03935657616753,
  "React-Redux-TodoMVC/Adding100Items/Async": 33.48930818193697,
  "React-Redux-TodoMVC/Adding100Items/Sync": 135.58814035432493,
  "React-Redux-TodoMVC/Adding100Items/total": 169.26217206791063,
  "React-Redux-TodoMVC/CompletingAllItems/Async": 27.573974562595104,
  "React-Redux-TodoMVC/CompletingAllItems/Sync": 143.70081202525927,
  "React-Redux-TodoMVC/CompletingAllItems/total": 171.48398748971616,
  "React-Redux-TodoMVC/DeletingItems/Async": 3.840542701193287,
  "React-Redux-TodoMVC/DeletingItems/Sync": 97.66452223256977,
  "React-Redux-TodoMVC/DeletingItems/total": 101.58067401451854,
  "React-Redux-TodoMVC/total": 443.4063338572653,
  "React-TodoMVC/Adding100Items/Async": 35.08734494206686,
  "React-TodoMVC/Adding100Items/Sync": 107.14474141108117,
  "React-TodoMVC/Adding100Items/total": 142.26300697144652,
  "React-TodoMVC/CompletingAllItems/Async": 27.759846821600792,
  "React-TodoMVC/CompletingAllItems/Sync": 62.77309251891091,
  "React-TodoMVC/CompletingAllItems/total": 90.55623520415098,
  "React-TodoMVC/DeletingAllItems/Async": 2.9781230675420844,
  "React-TodoMVC/DeletingAllItems/Sync": 46.69886014877805,
  "React-TodoMVC/DeletingAllItems/total": 49.68710608422015,
  "React-TodoMVC/total": 282.72018610920145,
  "Vanilla-ES2015-Babel-Webpack-TodoMVC/Adding100Items/Async": 35.32114484986261,
  "Vanilla-ES2015-Babel-Webpack-TodoMVC/Adding100Items/Sync": 290.4386507839171,
  "Vanilla-ES2015-Babel-Webpack-TodoMVC/Adding100Items/total": 325.7713169253226,
  "Vanilla-ES2015-Babel-Webpack-TodoMVC/CompletingAllItems/Async": 26.664153784986077,
  "Vanilla-ES2015-Babel-Webpack-TodoMVC/CompletingAllItems/Sync": 64.17178387857193,
  "Vanilla-ES2015-Babel-Webpack-TodoMVC/CompletingAllItems/total": 90.84885935278106,
  "Vanilla-ES2015-Babel-Webpack-TodoMVC/DeletingItems/Async": 3.356231182214002,
  "Vanilla-ES2015-Babel-Webpack-TodoMVC/DeletingItems/Sync": 40.725155922016256,
  "Vanilla-ES2015-Babel-Webpack-TodoMVC/DeletingItems/total": 44.10423252681055,
  "Vanilla-ES2015-Babel-Webpack-TodoMVC/total": 460.72860018389827,
  "Vanilla-ES2015-TodoMVC/Adding100Items/Async": 34.16393670807019,
  "Vanilla-ES2015-TodoMVC/Adding100Items/Sync": 296.8489500383259,
  "Vanilla-ES2015-TodoMVC/Adding100Items/total": 331.0652287856675,
  "Vanilla-ES2015-TodoMVC/CompletingAllItems/Async": 26.48364118730927,