{
  "browser-setup": 4.148925,
  "browser-tear_down": 0.207194,
  "probes-creation": 0.00013,
  "probes-setup": 9.9e-05,
  "probes-start": 5.9e-05,
  "run": 133.056799,
  "runner-cooldown": 2.002049
}