{
  "Angular2-TypeScript-TodoMVC/Adding100Items/Async": 37.87420463338351,
  "Angular2-TypeScript-TodoMVC/Adding100Items/Sync": 59.572100890502064,
  "Angular2-TypeScript-TodoMVC/Adding100Items/total": 97.4984402815594,
  "Angular2-TypeScript-TodoMVC/CompletingAllItems/Async": 17.775550789564864,
  "Angular2-TypeScript-TodoMVC/CompletingAllItems/Sync": 10.076025363082785,
  "Angular2-TypeScript-TodoMVC/CompletingAllItems/total": 27.872494536328926,
  "Angular2-TypeScript-TodoMVC/DeletingItems/Async": 3.6884185635447526,
  "Angular2-TypeScript-TodoMVC/DeletingItems/Sync": 18.37794083837499,
  "Angular2-TypeScript-TodoMVC/DeletingItems/total": 22.074983960508828,
  "Angular2-TypeScript-TodoMVC/total": 147.4821929863912,
  "AngularJS-TodoMVC/Adding100Items/Async": 54.09341506121169,
  "AngularJS-TodoMVC/Adding100Items/Sync": 264.98223509300647,
  "AngularJS-TodoMVC/Adding100Items/total": 319.4280386902937,
  "AngularJS-TodoMVC/CompletingAllItems/Async": 36.287221175194915,
  "AngularJS-TodoMVC/CompletingAllItems/Sync": 86.2856798145671,
  "AngularJS-TodoMVC/CompletingAllItems/total": 123.25968799014102,
  "AngularJS-TodoMVC/DeletingAllItems/Async": 17.459266676287395,
  "AngularJS-TodoMVC/DeletingAllItems/Sync": 249.0327056381736,
  "AngularJS-TodoMVC/DeletingAllItems/total": 266.66381462036657,
  "AngularJS-TodoMVC/total": 710.6915118792117,
  "BackboneJS-TodoMVC/Adding100Items/Async": 45.375697663430515,
  "BackboneJS-TodoMVC/Adding100Items/Sync": 96.86903271045176,
  "BackboneJS-TodoMVC/Adding100Items/total": 142.55097190431954,
  "BackboneJS-TodoMVC/CompletingAllItems/Async": 33.836493673704275,
  "BackboneJS-TodoMVC/CompletingAllItems/Sync": 55.230976121326435,
  "BackboneJS-TodoMVC/CompletingAllItems/total": 89.16196806242611,
  "BackboneJS-TodoMVC/DeletingAllItems/Async": 4.912351593996407,
  "BackboneJS-TodoMVC/DeletingAllItems/Sync": 30.82134324047345,
  "BackboneJS-TodoMVC/DeletingAllItems/total": 35.764740635860726,
  "BackboneJS-TodoMVC/total": 267.63761730921317,
  "Elm-TodoMVC/Adding100Items/Async": 53.27853236221729,
  "Elm-TodoMVC/Adding100Items/Sync": 199.528849893257,
  "Elm-TodoMVC/Adding100Items/total": 261.91924497576514,
  "Elm-TodoMVC/CompletingAllItems/Async": 41.06408233767305,
  "Elm-TodoMVC/CompletingAllItems/Sync": 134.25651344828336,
  "Elm-TodoMVC/CompletingAllItems/total": 175.5600467025027,
  "Elm-TodoMVC/DeletingItems/Async": 10.78855229527079,
  "Elm-TodoMVC/DeletingItems/Sync": 256.2487753656213,
  "Elm-TodoMVC/DeletingItems/total": 267.9336669955229,
  "Elm-TodoMVC/total": 773.9376593446424,
  "EmberJS-Debug-TodoMVC/Adding100Items/Async": 46.04342701153974,
  "EmberJS-Debug-TodoMVC/Adding100Items/Sync": 583.3844874730048,
  "EmberJS-Debug-TodoMVC/Adding100Items/total": 629.5596087544421,
  "EmberJS-Debug-TodoMVC/CompletingAllItems/Async": 32.16994492933485,
  "EmberJS-Debug-TodoMVC/CompletingAllItems/Sync": 359.20937333167365,
  "EmberJS-Debug-TodoMVC/CompletingAllItems/total": 391.3974891157742,
  "EmberJS-Debug-TodoMVC/DeletingItems/Async": 4.7546271632115245,
  "EmberJS-Debug-TodoMVC/DeletingItems/Sync": 376.5560497900449,
  "EmberJS-Debug-TodoMVC/DeletingItems/total": 381.3544517005193,
  "EmberJS-Debug-TodoMVC/total": 1402.6139384338246,
  "EmberJS-TodoMVC/Adding100Items/Async": 43.26003732056135,
  "EmberJS-TodoMVC/Adding100Items/Sync": 222.12064416524726,
  "EmberJS-TodoMVC/Adding100Items/total": 265.50650246925585,
  "EmberJS-TodoMVC/CompletingAllItems/Async": 34.99865966388551,
  "EmberJS-TodoMVC/CompletingAllItems/Sync": 124.72020605683424,
  "EmberJS-TodoMVC/CompletingAllItems/total": 159.9656131682021,
  "EmberJS-TodoMVC/DeletingItems/Async": 4.618589192727825,
  "EmberJS-TodoMVC/DeletingItems/Sync": 83.31978154866952,
  "EmberJS-TodoMVC/DeletingItems/total": 88.05456149646785,
  "EmberJS-TodoMVC/total": 514.1672310835185,
  "Flight-TodoMVC/Adding100Items/Async": 40.742265673403935,
  "Flight-TodoMVC/Adding100Items/Sync": 111.19697235977377,
  "Flight-TodoMVC/Adding100Items/total": 152.09990961252277,
  "Flight-TodoMVC/CompletingAllItems/Async": 32.68499961777326,
  "Flight-TodoMVC/CompletingAllItems/Sync": 118.72756968380926,
  "Flight-TodoMVC/CompletingAllItems/total": 151.5037827263815,
  "Flight-TodoMVC/DeletingItems/Async": 4.919880584456957,
  "Flight-TodoMVC/DeletingItems/Sync": 104.00750776385966,
  "Flight-TodoMVC/DeletingItems/total": 109.20050126178025,
  "Flight-TodoMVC/total": 412.88664791872725,
  "Inferno-TodoMVC/Adding100Items/Async": 43.35251931855207,
  "Inferno-TodoMVC/Adding100Items/Sync": 54.82499080592635,
  "Inferno-TodoMVC/Adding100Items/total": 98.26556583187227,
  "Inferno-TodoMVC/CompletingAllItems/Async": 11.1961937280741,
  "Inferno-TodoMVC/CompletingAllItems/Sync": 115.79636622191244,
  "Inferno-TodoMVC/CompletingAllItems/total": 127.54327275660775,
  "Inferno-TodoMVC/DeletingItems/Async": 3.8946716438600038,
  "Inferno-TodoMVC/DeletingItems/Sync": 243.77592520939154,
  "Inferno-TodoMVC/DeletingItems/total": 247.68203096467911,
  "Inferno-TodoMVC/total": 473.664257717122,
  "Preact-TodoMVC/Adding100Items/Async": 53.56570915933637,
  "Preact-TodoMVC/Adding100Items/Sync": 9.230180727530339,
  "Preact-TodoMVC/Adding100Items/total": 62.81815278841779,
  "Preact-TodoMVC/CompletingAllItems/Async": 34.8930122061114,
  "Preact-TodoMVC/CompletingAllItems/Sync": 3.861094788969089,
  "Preact-TodoMVC/CompletingAllItems/total": 38.77399484263926,
  "Preact-TodoMVC/DeletingItems/Async": 7.369375191448955,
  "Preact-TodoMVC/DeletingItems/Sync": 2.031318526430199,
  "Preact-TodoMVC/DeletingItems/total": 9.41610168142831,
  "Preact-TodoMVC/total": 111.26729659804329,
  "React-Redux-TodoMVC/Adding100Items/Async": 43.0815743672972,
  "React-Redux-TodoMVC/Adding100Items/Sync": 191.22408567136378,
  "React-Redux-TodoMVC/Adding100Items/total": 234.53711021224706,
  "React-Redux-TodoMVC/CompletingAllItems/Async": 31.61410117251147,
  "React-Redux-TodoMVC/CompletingAllItems/Sync": 171.21795254297274,
  "React-Redux-TodoMVC/CompletingAllItems/total": 202.8490197782732,
  "React-Redux-TodoMVC/DeletingItems/Async": 4.47342366088423,
  "React-Redux-TodoMVC/DeletingItems/Sync": 112.9492077261967,
  "React-Redux-TodoMVC/DeletingItems/total": 117.48958972813595,
  "React-Redux-TodoMVC/total": 555.0858382946203,
  "React-TodoMVC/Adding100Items/Async": 43.150312640659685,
  "React-TodoMVC/Adding100Items/Sync": 146.5512262970227,
  "React-TodoMVC/Adding100Items/total": 189.777561566606,
  "React-TodoMVC/CompletingAllItems/Async": 32.58672068563249,
  "React-TodoMVC/CompletingAllItems/Sync": 86.3331892911941,
  "React-TodoMVC/CompletingAllItems/total": 118.99164805451612,
  "React-TodoMVC/DeletingAllItems/Async": 4.410919379923589,
  "React-TodoMVC/DeletingAllItems/Sync": 56.669011684891096,
  "React-TodoMVC/DeletingAllItems/total": 61.227390316333604,
  "React-TodoMVC/total": 370.2985355796803,
  "Vanilla-ES2015-Babel-Webpack-TodoMVC/Adding100Items/Async": 38.21223673765695,
  "Vanilla-ES2015-Babel-Webpack-TodoMVC/Adding100Items/Sync": 335.0788192860167,
  "Vanilla-ES2015-Babel-Webpack-TodoMVC/Adding100Items/total": 373.31922708858554,
  "Vanilla-ES2015-Babel-Webpack-TodoMVC/CompletingAllItems/Async": 31.097026668605675,
  "Vanilla-ES2015-Babel-Webpack-TodoMVC/CompletingAllItems/Sync": 77.83256008230813,
  "Vanilla-ES2015-Babel-Webpack-TodoMVC/CompletingAllItems/total": 108.93631306342792,
  "Vanilla-ES2015-Babel-Webpack-TodoMVC/DeletingItems/Async": 4.542540234773906,
  "Vanilla-ES2015-Babel-Webpack-TodoMVC/DeletingItems/Sync": 51.03686111324798,
  "Vanilla-ES2015-Babel-Webpack-TodoMVC/DeletingItems/total": 55.615014469272005,
  "Vanilla-ES2015-Babel-Webpack-TodoMVC/total": 537.9972030503666,
  "Vanilla-ES2015-TodoMVC/Adding100Items/Async": 39.15074650031847,
  "Vanilla-ES2015-TodoMVC/Adding100Items/Sync": 344.24485863018134,
  "Vanilla-ES2015-TodoMVC/Adding100Items/total": 383.4453520137904,
  "Vanilla-ES2015-TodoMVC/CompletingAllItems/Async": 31.18295277920459,