{
  "Angular2-TypeScript-TodoMVC/Adding100Items/Async": 32.760029875912544,
  "Angular2-TypeScript-TodoMVC/Adding100Items/Sync": 42.47568537445731,
  "Angular2-TypeScript-TodoMVC/Adding100Items/total": 75.29595678446955,
  "Angular2-TypeScript-TodoMVC/CompletingAllItems/Async": 13.034098469747208,
  "Angular2-TypeScript-TodoMVC/CompletingAllItems/Sync": 8.700296635336231,
  "Angular2-TypeScript-TodoMVC/CompletingAllItems/total": 21.73522560383064,
  "Angular2-TypeScript-TodoMVC/DeletingItems/Async": 2.864614092463051,
  "Angular2-TypeScript-TodoMVC/DeletingItems/Sync": 16.637140906940203,
  "Angular2-TypeScript-TodoMVC/DeletingItems/total": 19.50612007015582,
  "Angular2-TypeScript-TodoMVC/total": 116.57811529962534,
  "AngularJS-TodoMVC/Adding100Items/Async": 41.432902409278014,
  "AngularJS-TodoMVC/Adding100Items/Sync": 154.75380163235127,
  "AngularJS-TodoMVC/Adding100Items/total": 196.1949227987805,
  "AngularJS-TodoMVC/CompletingAllItems/Async": 23.226086532005933,
  "AngularJS-TodoMVC/CompletingAllItems/Sync": 54.849914891644836,
  "AngularJS-TodoMVC/CompletingAllItems/total": 78.21374882290405,
  "AngularJS-TodoMVC/DeletingAllItems/Async": 16.597819508005795,
  "AngularJS-TodoMVC/DeletingAllItems/Sync": 158.93538670376483,
  "AngularJS-TodoMVC/DeletingAllItems/total": 175.59896855736127,
  "AngularJS-TodoMVC/total": 450.067676699466,
  "BackboneJS-TodoMVC/Adding100Items/Async": 41.559792973093415,
  "BackboneJS-TodoMVC/Adding100Items/Sync": 54.105991254808636,
  "BackboneJS-TodoMVC/Adding100Items/total": 95.80612400733025,
  "BackboneJS-TodoMVC/CompletingAllItems/Async": 30.784134600385173,
  "BackboneJS-TodoMVC/CompletingAllItems/Sync": 36.80113753213947,
  "BackboneJS-TodoMVC/CompletingAllItems/total": 67.68360513240187,
  "BackboneJS-TodoMVC/DeletingAllItems/Async": 5.564836390357944,
  "BackboneJS-TodoMVC/DeletingAllItems/Sync": 25.466326827828265,
  "BackboneJS-TodoMVC/DeletingAllItems/total": 31.811300207702104,
  "BackboneJS-TodoMVC/total": 195.45867273643216,
  "Elm-TodoMVC/Adding100Items/Async": 47.71638723536657,
  "Elm-TodoMVC/Adding100Items/Sync": 85.14432751794013,
  "Elm-TodoMVC/Adding100Items/total": 132.91427410641035,
  "Elm-TodoMVC/CompletingAllItems/Async": 29.65050603774662,
  "Elm-TodoMVC/CompletingAllItems/Sync": 81.08081473697357,
  "Elm-TodoMVC/CompletingAllItems/total": 110.76594006102334,
  "Elm-TodoMVC/DeletingItems/Async": 9.105637714093463,
  "Elm-TodoMVC/DeletingItems/Sync": 99.12763651625217,
  "Elm-TodoMVC/DeletingItems/total": 108.32856760445189,
  "Elm-TodoMVC/total": 352.0300274593834,
  "EmberJS-Debug-TodoMVC/Adding100Items/Async": 45.21208912265797,
  "EmberJS-Debug-TodoMVC/Adding100Items/Sync": 732.5823228703495,
  "EmberJS-Debug-TodoMVC/Adding100Items/total": 778.6003466055131,
  "EmberJS-Debug-TodoMVC/CompletingAllItems/Async": 32.416829188285305,
  "EmberJS-Debug-TodoMVC/CompletingAllItems/Sync": 300.36793680037107,
  "EmberJS-Debug-TodoMVC/CompletingAllItems/total": 332.8619404617431,
  "EmberJS-Debug-TodoMVC/DeletingItems/Async": 9.721812031021278,
  "EmberJS-Debug-TodoMVC/DeletingItems/Sync": 288.38417162932245,
  "EmberJS-Debug-TodoMVC/DeletingItems/total": 298.81985783123736,
  "EmberJS-Debug-TodoMVC/total": 1418.0641502749777,
  "EmberJS-TodoMVC/Adding100Items/Async": 35.605478921300374,
  "EmberJS-TodoMVC/Adding100Items/Sync": 150.995781767757,
  "EmberJS-TodoMVC/Adding100Items/total": 186.85750596129986,
  "EmberJS-TodoMVC/CompletingAllItems/Async": 28.066932751280163,
  "EmberJS-TodoMVC/CompletingAllItems/Sync": 109.29383179143352,
  "EmberJS-TodoMVC/CompletingAllItems/total": 137.81436772820322,
  "EmberJS-TodoMVC/DeletingItems/Async": 3.622132521117978,
  "EmberJS-TodoMVC/DeletingItems/Sync": 75.11743706545687,
  "EmberJS-TodoMVC/DeletingItems/total": 78.81290763093405,
  "EmberJS-TodoMVC/total": 404.8222308381176,
  "Flight-TodoMVC/Adding100Items/Async": 32.891019263243244,
  "Flight-TodoMVC/Adding100Items/Sync": 77.30904337612354,
  "Flight-TodoMVC/Adding100Items/total": 110.22177811141707,
  "Flight-TodoMVC/CompletingAllItems/Async": 25.430456766265856,
  "Flight-TodoMVC/CompletingAllItems/Sync": 84.04692483749987,
  "Flight-TodoMVC/CompletingAllItems/total": 109.58760967734284,
  "Flight-TodoMVC/DeletingItems/Async": 3.3877789731336954,
  "Flight-TodoMVC/DeletingItems/Sync": 69.00879795076867,
  "Flight-TodoMVC/DeletingItems/total": 72.45800798493225,
  "Flight-TodoMVC/total": 292.2972723599809,
  "Inferno-TodoMVC/Adding100Items/Async": 38.381049872052174,
  "Inferno-TodoMVC/Adding100Items/Sync": 42.60705272450779,
  "Inferno-TodoMVC/Adding100Items/total": 81.08542273100505,
  "Inferno-TodoMVC/CompletingAllItems/Async": 7.506083279505792,
  "Inferno-TodoMVC/CompletingAllItems/Sync": 87.08202059973186,
  "Inferno-TodoMVC/CompletingAllItems/total": 94.94076997253772,
  "Inferno-TodoMVC/DeletingItems/Async": 3.2924915590630963,
  "Inferno-TodoMVC/DeletingItems/Sync": 203.91233675781876,
  "Inferno-TodoMVC/DeletingItems/total": 207.26187889288926,
  "Inferno-TodoMVC/total": 383.6814736547169,
  "Preact-TodoMVC/Adding100Items/Async": 37.15732283136518,
  "Preact-TodoMVC/Adding100Items/Sync": 4.833652065347678,
  "Preact-TodoMVC/Adding100Items/total": 41.99432558037988,
  "Preact-TodoMVC/CompletingAllItems/Async": 16.013205044812242,
  "Preact-TodoMVC/CompletingAllItems/Sync": 2.8815580480771508,
  "Preact-TodoMVC/CompletingAllItems/total": 18.9006804919336,
  "Preact-TodoMVC/DeletingItems/Async": 4.446726346558682,
  "Preact-TodoMVC/DeletingItems/Sync": 1.5938515584244184,
  "Preact-TodoMVC/DeletingItems/total": 6.059743130010603,
  "Preact-TodoMVC/total": 67.00664769929787,
  "React-Redux-TodoMVC/Adding100Items/Async": 32.73694651657999,
  "React-Redux-TodoMVC/Adding100Items/Sync": 133.57270708672823,
  "React-Redux-TodoMVC/Adding100Items/total": 166.37065384818774,
  "React-Redux-TodoMVC/CompletingAllItems/Async": 27.105661819983453,
  "React-Redux-TodoMVC/CompletingAllItems/Sync": 142.02439410069897,
  "React-Redux-TodoMVC/CompletingAllItems/total": 169.382405812589,
  "React-Redux-TodoMVC/DeletingItems/Async": 3.6308732975280984,
  "React-Redux-TodoMVC/DeletingItems/Sync": 99.73588112479813,
  "React-Redux-TodoMVC/DeletingItems/total": 103.50474319130062,
  "React-Redux-TodoMVC/total": 441.07250620777006,
  "React-TodoMVC/Adding100Items/Async": 34.6700459492831,
  "React-TodoMVC/Adding100Items/Sync": 110.42657021535628,
  "React-TodoMVC/Adding100Items/total": 145.31664910165804,
  "React-TodoMVC/CompletingAllItems/Async": 27.175478926573486,
  "React-TodoMVC/CompletingAllItems/Sync": 62.77078708736282,
  "React-TodoMVC/CompletingAllItems/total": 89.96953062646116,
  "React-TodoMVC/DeletingAllItems/Async": 2.9436126114986574,
  "React-TodoMVC/DeletingAllItems/Sync": 46.555544450809265,
  "React-TodoMVC/DeletingAllItems/total": 49.528122321269336,
  "React-TodoMVC/total": 285.0581517966371,
  "Vanilla-ES2015-Babel-Webpack-TodoMVC/Adding100Items/Async": 35.33428990751029,
  "Vanilla-ES2015-Babel-Webpack-TodoMVC/Adding100Items/Sync": 290.64184205591846,
  "Vanilla-ES2015-Babel-Webpack-TodoMVC/Adding100Items/total": 326.00280502192123,
  "Vanilla-ES2015-Babel-Webpack-TodoMVC/CompletingAllItems/Async": 26.528014325026554,
  "Vanilla-ES2015-Babel-Webpack-TodoMVC/CompletingAllItems/Sync": 63.83839035772615,
  "Vanilla-ES2015-Babel-Webpack-TodoMVC/CompletingAllItems/total": 90.38915189180037,
  "Vanilla-ES2015-Babel-Webpack-TodoMVC/DeletingItems/Async": 4.1386141518851645,
  "Vanilla-ES2015-Babel-Webpack-TodoMVC/DeletingItems/Sync": 40.16684718053408,
  "Vanilla-ES2015-Babel-Webpack-TodoMVC/DeletingItems/total": 46.56510105949154,
  "Vanilla-ES2015-Babel-Webpack-TodoMVC/total": 464.16691650285134,
  "Vanilla-ES2015-TodoMVC/Adding100Items/Async": 34.24919106900764,
  "Vanilla-ES2015-TodoMVC/Adding100Items/Sync": 292.9923825510237,
  "Vanilla-ES2015-TodoMVC/Adding100Items/total": 327.28060273525136,
  "Vanilla-ES2015-TodoMVC/CompletingAllItems/Async": 26.276001883741888,