{
  "browser-setup": 4.06997,
  "browser-tear_down": 0.281547,
  "probes-creation": 0.000119,
  "probes-setup": 9.8e-05,
  "probes-start": 5.4e-05,
  "run": 127.995849,
  "runner-cooldown": 2.00205
}