{
  "Angular2-TypeScript-TodoMVC/Adding100Items/Async": 37.25325368422089,
  "Angular2-TypeScript-TodoMVC/Adding100Items/Sync": 55.1441308664865,
  "Angular2-TypeScript-TodoMVC/Adding100Items/total": 92.44130940592026,
  "Angular2-TypeScript-TodoMVC/CompletingAllItems/Async": 14.207694716710341,
  "Angular2-TypeScript-TodoMVC/CompletingAllItems/Sync": 9.945365241355614,
  "Angular2-TypeScript-TodoMVC/CompletingAllItems/total": 24.154014704911706,
  "Angular2-TypeScript-TodoMVC/DeletingItems/Async": 3.547633611338536,
  "Angular2-TypeScript-TodoMVC/DeletingItems/Sync": 17.771723335564314,
  "Angular2-TypeScript-TodoMVC/DeletingItems/total": 21.325436628306885,
  "Angular2-TypeScript-TodoMVC/total": 137.9388268918481,
  "AngularJS-TodoMVC/Adding100Items/Async": 55.19599311593592,
  "AngularJS-TodoMVC/Adding100Items/Sync": 249.38963597894042,
  "AngularJS-TodoMVC/Adding100Items/total": 307.0127698084114,
  "AngularJS-TodoMVC/CompletingAllItems/Async": 30.828802204465106,
  "AngularJS-TodoMVC/CompletingAllItems/Sync": 76.36372717998155,
  "AngularJS-TodoMVC/CompletingAllItems/total": 107.54258358550376,
  "AngularJS-TodoMVC/DeletingAllItems/Async": 18.91481828654832,
  "AngularJS-TodoMVC/DeletingAllItems/Sync": 303.1052658755867,
  "AngularJS-TodoMVC/DeletingAllItems/total": 322.76886212082763,
  "AngularJS-TodoMVC/total": 749.5580112317779,
  "BackboneJS-TodoMVC/Adding100Items/Async": 43.59916024883995,
  "BackboneJS-TodoMVC/Adding100Items/Sync": 70.5940809808075,
  "BackboneJS-TodoMVC/Adding100Items/total": 114.21065576837707,
  "BackboneJS-TodoMVC/CompletingAllItems/Async": 32.94840044444276,
  "BackboneJS-TodoMVC/CompletingAllItems/Sync": 46.00255417683556,
  "BackboneJS-TodoMVC/CompletingAllItems/total": 78.95238371934883,
  "BackboneJS-TodoMVC/DeletingAllItems/Async": 4.651342887517638,
  "BackboneJS-TodoMVC/DeletingAllItems/Sync": 29.213665122990932,
  "BackboneJS-TodoMVC/DeletingAllItems/total": 33.873391464376745,
  "BackboneJS-TodoMVC/total": 227.05913563925657,
  "Elm-TodoMVC/Adding100Items/Async": 51.15576495870017,
  "Elm-TodoMVC/Adding100Items/Sync": 146.64382189815115,
  "Elm-TodoMVC/Adding100Items/total": 199.50035890411058,
  "Elm-TodoMVC/CompletingAllItems/Async": 35.5061964180262,
  "Elm-TodoMVC/CompletingAllItems/Sync": 127.87071713450854,
  "Elm-TodoMVC/CompletingAllItems/total": 164.4742591127854,
  "Elm-TodoMVC/DeletingItems/Async": 10.656249856611874,
  "Elm-TodoMVC/DeletingItems/Sync": 150.8422289578541,
  "Elm-TodoMVC/DeletingItems/total": 162.0205375230394,
  "Elm-TodoMVC/total": 536.6174405588573,
  "EmberJS-Debug-TodoMVC/Adding100Items/Async": 45.846024500291975,
  "EmberJS-Debug-TodoMVC/Adding100Items/Sync": 555.2099406266212,
  "EmberJS-Debug-TodoMVC/Adding100Items/total": 601.1141135926517,
  "EmberJS-Debug-TodoMVC/CompletingAllItems/Async": 30.997277379285634,
  "EmberJS-Debug-TodoMVC/CompletingAllItems/Sync": 370.0725180844875,
  "EmberJS-Debug-TodoMVC/CompletingAllItems/total": 401.17366815684,
  "EmberJS-Debug-TodoMVC/DeletingItems/Async": 8.290381565273384,
  "EmberJS-Debug-TodoMVC/DeletingItems/Sync": 371.88656708157094,
  "EmberJS-Debug-TodoMVC/DeletingItems/total": 381.4991098364069,
  "EmberJS-Debug-TodoMVC/total": 1389.4098986673107,
  "EmberJS-TodoMVC/Adding100Items/Async": 43.0402933449746,
  "EmberJS-TodoMVC/Adding100Items/Sync": 208.76234178097997,
  "EmberJS-TodoMVC/Adding100Items/total": 251.98643731989318,
  "EmberJS-TodoMVC/CompletingAllItems/Async": 36.573016329380984,
  "EmberJS-TodoMVC/CompletingAllItems/Sync": 121.78478382631974,
  "EmberJS-TodoMVC/CompletingAllItems/total": 158.9445440433581,
  "EmberJS-TodoMVC/DeletingItems/Async": 4.424632052337055,
  "EmberJS-TodoMVC/DeletingItems/Sync": 82.18264742655057,
  "EmberJS-TodoMVC/DeletingItems/total": 86.8154214991178,
  "EmberJS-TodoMVC/total": 498.1466826620236,
  "Flight-TodoMVC/Adding100Items/Async": 38.88746087717531,
  "Flight-TodoMVC/Adding100Items/Sync": 96.91021619009295,
  "Flight-TodoMVC/Adding100Items/total": 135.80937529500918,
  "Flight-TodoMVC/CompletingAllItems/Async": 28.56835483988982,
  "Flight-TodoMVC/CompletingAllItems/Sync": 105.53612370140067,
  "Flight-TodoMVC/CompletingAllItems/total": 134.13756304069085,
  "Flight-TodoMVC/DeletingItems/Async": 3.7766817154840573,
  "Flight-TodoMVC/DeletingItems/Sync": 88.51301508395899,
  "Flight-TodoMVC/DeletingItems/total": 92.29640892358017,
  "Flight-TodoMVC/total": 362.32931778670104,
  "Inferno-TodoMVC/Adding100Items/Async": 42.345890790076716,
  "Inferno-TodoMVC/Adding100Items/Sync": 51.05597709554815,
  "Inferno-TodoMVC/Adding100Items/total": 93.61973650088683,
  "Inferno-TodoMVC/CompletingAllItems/Async": 9.793669821374042,
  "Inferno-TodoMVC/CompletingAllItems/Sync": 112.46065100928325,
  "Inferno-TodoMVC/CompletingAllItems/total": 122.88033074813283,
  "Inferno-TodoMVC/DeletingItems/Async": 3.9872976203883757,
  "Inferno-TodoMVC/DeletingItems/Sync": 261.5308546083139,
  "Inferno-TodoMVC/DeletingItems/total": 265.5817558865805,
  "Inferno-TodoMVC/total": 484.27718410566325,
  "Preact-TodoMVC/Adding100Items/Async": 44.6227093377793,
  "Preact-TodoMVC/Adding100Items/Sync": 6.525304654836223,
  "Preact-TodoMVC/Adding100Items/total": 51.161561451449344,
  "Preact-TodoMVC/CompletingAllItems/Async": 31.29042943869517,
  "Preact-TodoMVC/CompletingAllItems/Sync": 3.977414356660208,
  "Preact-TodoMVC/CompletingAllItems/total": 35.276134178895326,
  "Preact-TodoMVC/DeletingItems/Async": 7.340075031804041,
  "Preact-TodoMVC/DeletingItems/Sync": 2.1210523865461317,
  "Preact-TodoMVC/DeletingItems/total": 9.492788902613077,
  "Preact-TodoMVC/total": 96.00552558770381,
  "React-Redux-TodoMVC/Adding100Items/Async": 43.29393707426552,
  "React-Redux-TodoMVC/Adding100Items/Sync": 220.4694782619013,
  "React-Redux-TodoMVC/Adding100Items/total": 264.56888094663503,
  "React-Redux-TodoMVC/CompletingAllItems/Async": 30.078432112008034,
  "React-Redux-TodoMVC/CompletingAllItems/Sync": 186.2064068807109,
  "React-Redux-TodoMVC/CompletingAllItems/total": 216.66260590482136,
  "React-Redux-TodoMVC/DeletingItems/Async": 5.761259179182282,
  "React-Redux-TodoMVC/DeletingItems/Sync": 131.62519292230363,
  "React-Redux-TodoMVC/DeletingItems/total": 137.88936398332868,
  "React-Redux-TodoMVC/total": 624.9878450583466,
  "React-TodoMVC/Adding100Items/Async": 45.89980943120721,
  "React-TodoMVC/Adding100Items/Sync": 180.1486198357082,
  "React-TodoMVC/Adding100Items/total": 227.3559081268001,
  "React-TodoMVC/CompletingAllItems/Async": 31.728524223484467,
  "React-TodoMVC/CompletingAllItems/Sync": 100.95117444675756,
  "React-TodoMVC/CompletingAllItems/total": 134.2431538539888,
  "React-TodoMVC/DeletingAllItems/Async": 7.031072720064131,
  "React-TodoMVC/DeletingAllItems/Sync": 60.764805564676045,
  "React-TodoMVC/DeletingAllItems/total": 68.8193092609931,
  "React-TodoMVC/total": 442.3425450230063,
  "Vanilla-ES2015-Babel-Webpack-TodoMVC/Adding100Items/Async": 37.1330508492966,
  "Vanilla-ES2015-Babel-Webpack-TodoMVC/Adding100Items/Sync": 332.37710676493896,
  "Vanilla-ES2015-Babel-Webpack-TodoMVC/Adding100Items/total": 369.53778491132516,
  "Vanilla-ES2015-Babel-Webpack-TodoMVC/CompletingAllItems/Async": 28.063944846882315,
  "Vanilla-ES2015-Babel-Webpack-TodoMVC/CompletingAllItems/Sync": 72.3029422574061,
  "Vanilla-ES2015-Babel-Webpack-TodoMVC/CompletingAllItems/total": 100.4003286132163,
  "Vanilla-ES2015-Babel-Webpack-TodoMVC/DeletingItems/Async": 3.8574260142682193,
  "Vanilla-ES2015-Babel-Webpack-TodoMVC/DeletingItems/Sync": 46.27480958915805,
  "Vanilla-ES2015-Babel-Webpack-TodoMVC/DeletingItems/total": 50.134531805807335,
  "Vanilla-ES2015-Babel-Webpack-TodoMVC/total": 520.1189597554463,
  "Vanilla-ES2015-TodoMVC/Adding100Items/Async": 37.461324566227375,
  "Vanilla-ES2015-TodoMVC/Adding100Items/Sync": 350.5333406517861,
  "Vanilla-ES2015-TodoMVC/Adding100Items/total": 388.0361731746581,
  "Vanilla-ES2015-TodoMVC/CompletingAllItems/Async": 30.26492777515077,