{
  "browser-setup": 3.289691,
  "browser-tear_down": 0.235221,
  "probes-creation": 0.000256,
  "probes-setup": 0.00017,
  "probes-start": 7.9e-05,
  "run": 114.318109,
  "runner-cooldown": 2.001217
}