{
  "Angular2-TypeScript-TodoMVC/Adding100Items/Async": 31.67267152625639,
  "Angular2-TypeScript-TodoMVC/Adding100Items/Sync": 41.54058429929112,
  "Angular2-TypeScript-TodoMVC/Adding100Items/total": 73.245273599453,
  "Angular2-TypeScript-TodoMVC/CompletingAllItems/Async": 12.627422643084259,
  "Angular2-TypeScript-TodoMVC/CompletingAllItems/Sync": 8.296911234043197,
  "Angular2-TypeScript-TodoMVC/CompletingAllItems/total": 20.92510215765431,
  "Angular2-TypeScript-TodoMVC/DeletingItems/Async": 2.6619862062047583,
  "Angular2-TypeScript-TodoMVC/DeletingItems/Sync": 16.077999564580832,
  "Angular2-TypeScript-TodoMVC/DeletingItems/total": 18.74559874213545,
  "Angular2-TypeScript-TodoMVC/total": 112.92146562066826,
  "AngularJS-TodoMVC/Adding100Items/Async": 41.105186236783176,
  "AngularJS-TodoMVC/Adding100Items/Sync": 155.63120049101155,
  "AngularJS-TodoMVC/Adding100Items/total": 196.77165364817859,
  "AngularJS-TodoMVC/CompletingAllItems/Async": 26.655841372450922,
  "AngularJS-TodoMVC/CompletingAllItems/Sync": 54.11149205696046,
  "AngularJS-TodoMVC/CompletingAllItems/total": 81.5115317715596,
  "AngularJS-TodoMVC/DeletingAllItems/Async": 15.818542432566852,
  "AngularJS-TodoMVC/DeletingAllItems/Sync": 156.71589712261175,
  "AngularJS-TodoMVC/DeletingAllItems/total": 172.5765212934051,
  "AngularJS-TodoMVC/total": 451.4027343829867,
  "BackboneJS-TodoMVC/Adding100Items/Async": 40.905622567239085,
  "BackboneJS-TodoMVC/Adding100Items/Sync": 54.6983533810027,
  "BackboneJS-TodoMVC/Adding100Items/total": 95.79197245202171,
  "BackboneJS-TodoMVC/CompletingAllItems/Async": 37.48196058145323,
  "BackboneJS-TodoMVC/CompletingAllItems/Sync": 37.33505071109975,
  "BackboneJS-TodoMVC/CompletingAllItems/total": 76.64071437670493,
  "BackboneJS-TodoMVC/DeletingAllItems/Async": 4.845189417380472,
  "BackboneJS-TodoMVC/DeletingAllItems/Sync": 25.712726988546596,
  "BackboneJS-TodoMVC/DeletingAllItems/total": 31.063803143134635,
  "BackboneJS-TodoMVC/total": 204.71408391594224,
  "Elm-TodoMVC/Adding100Items/Async": 47.079113473391125,
  "Elm-TodoMVC/Adding100Items/Sync": 83.81890529421,
  "Elm-TodoMVC/Adding100Items/total": 130.9514175838559,
  "Elm-TodoMVC/CompletingAllItems/Async": 29.50473618396054,
  "Elm-TodoMVC/CompletingAllItems/Sync": 81.20214984911672,
  "Elm-TodoMVC/CompletingAllItems/total": 110.72544105302715,
  "Elm-TodoMVC/DeletingItems/Async": 8.729668625892486,
  "Elm-TodoMVC/DeletingItems/Sync": 97.88772643468872,
  "Elm-TodoMVC/DeletingItems/total": 106.71259036477859,
  "Elm-TodoMVC/total": 348.4082553626868,
  "EmberJS-Debug-TodoMVC/Adding100Items/Async": 45.63990588088297,
  "EmberJS-Debug-TodoMVC/Adding100Items/Sync": 733.3692604065409,
  "EmberJS-Debug-TodoMVC/Adding100Items/total": 779.7356928445698,
  "EmberJS-Debug-TodoMVC/CompletingAllItems/Async": 33.52382575149482,
  "EmberJS-Debug-TodoMVC/CompletingAllItems/Sync": 301.7821399001822,
  "EmberJS-Debug-TodoMVC/CompletingAllItems/total": 335.4452813846159,
  "EmberJS-Debug-TodoMVC/DeletingItems/Async": 12.277499213180011,
  "EmberJS-Debug-TodoMVC/DeletingItems/Sync": 283.70324478312807,
  "EmberJS-Debug-TodoMVC/DeletingItems/total": 299.63818170351607,
  "EmberJS-Debug-TodoMVC/total": 1422.420396300433,
  "EmberJS-TodoMVC/Adding100Items/Async": 34.87740117324161,
  "EmberJS-TodoMVC/Adding100Items/Sync": 150.13990186268495,
  "EmberJS-TodoMVC/Adding100Items/total": 185.25692458688596,
  "EmberJS-TodoMVC/CompletingAllItems/Async": 29.050880178792887,
  "EmberJS-TodoMVC/CompletingAllItems/Sync": 108.67725287647312,
  "EmberJS-TodoMVC/CompletingAllItems/total": 138.2263439463726,
  "EmberJS-TodoMVC/DeletingItems/Async": 3.6483071281549964,
  "EmberJS-TodoMVC/DeletingItems/Sync": 74.7349001071825,
  "EmberJS-TodoMVC/DeletingItems/total": 78.43679977004354,
  "EmberJS-TodoMVC/total": 403.7726347796066,
  "Flight-TodoMVC/Adding100Items/Async": 32.90586374711664,
  "Flight-TodoMVC/Adding100Items/Sync": 77.8439116990077,
  "Flight-TodoMVC/Adding100Items/total": 110.76629854178032,
  "Flight-TodoMVC/CompletingAllItems/Async": 25.52971564077029,
  "Flight-TodoMVC/CompletingAllItems/Sync": 85.08721475710622,
  "Flight-TodoMVC/CompletingAllItems/total": 110.72182952153098,
  "Flight-TodoMVC/DeletingItems/Async": 4.520281857125033,
  "Flight-TodoMVC/DeletingItems/Sync": 68.92750630715732,
  "Flight-TodoMVC/DeletingItems/total": 76.1386662385144,
  "Flight-TodoMVC/total": 298.3002113978,
  "Inferno-TodoMVC/Adding100Items/Async": 38.29301847380472,
  "Inferno-TodoMVC/Adding100Items/Sync": 41.55881878292051,
  "Inferno-TodoMVC/Adding100Items/total": 79.9054266528378,
  "Inferno-TodoMVC/CompletingAllItems/Async": 6.924682616138359,
  "Inferno-TodoMVC/CompletingAllItems/Sync": 84.93193457834639,
  "Inferno-TodoMVC/CompletingAllItems/total": 92.01027242797029,
  "Inferno-TodoMVC/DeletingItems/Async": 3.2945899812743997,
  "Inferno-TodoMVC/DeletingItems/Sync": 202.01923468963764,
  "Inferno-TodoMVC/DeletingItems/total": 205.351395962137,
  "Inferno-TodoMVC/total": 377.3145427228949,
  "Preact-TodoMVC/Adding100Items/Async": 36.72361676535484,
  "Preact-TodoMVC/Adding100Items/Sync": 4.833027345579866,
  "Preact-TodoMVC/Adding100Items/total": 41.56033942166889,
  "Preact-TodoMVC/CompletingAllItems/Async": 15.873043163898531,
  "Preact-TodoMVC/CompletingAllItems/Sync": 2.8212870128714513,
  "Preact-TodoMVC/CompletingAllItems/total": 18.703134170455165,
  "Preact-TodoMVC/DeletingItems/Async": 4.285162391020332,
  "Preact-TodoMVC/DeletingItems/Sync": 1.5129792414703331,
  "Preact-TodoMVC/DeletingItems/total": 5.809865372441616,
  "Preact-TodoMVC/total": 66.09620128979364,
  "React-Redux-TodoMVC/Adding100Items/Async": 32.93655774853053,
  "React-Redux-TodoMVC/Adding100Items/Sync": 131.46861312597233,
  "React-Redux-TodoMVC/Adding100Items/total": 164.49371014654162,
  "React-Redux-TodoMVC/CompletingAllItems/Async": 27.265168328213043,
  "React-Redux-TodoMVC/CompletingAllItems/Sync": 136.9922452238765,
  "React-Redux-TodoMVC/CompletingAllItems/total": 164.3604063218361,
  "React-Redux-TodoMVC/DeletingItems/Async": 3.6440028148765995,
  "React-Redux-TodoMVC/DeletingItems/Sync": 94.66240930334276,
  "React-Redux-TodoMVC/DeletingItems/total": 98.40781553965441,
  "React-Redux-TodoMVC/total": 428.3793104698147,
  "React-TodoMVC/Adding100Items/Async": 34.55945119093005,
  "React-TodoMVC/Adding100Items/Sync": 108.1614767225072,
  "React-TodoMVC/Adding100Items/total": 142.9002257417781,
  "React-TodoMVC/CompletingAllItems/Async": 27.22616648141734,
  "React-TodoMVC/CompletingAllItems/Sync": 62.48176406068606,
  "React-TodoMVC/CompletingAllItems/total": 89.72094605954337,
  "React-TodoMVC/DeletingAllItems/Async": 2.8353554005687585,
  "React-TodoMVC/DeletingAllItems/Sync": 45.93887251665322,
  "React-TodoMVC/DeletingAllItems/total": 48.79530402566342,
  "React-TodoMVC/total": 281.5904172697608,
  "Vanilla-ES2015-Babel-Webpack-TodoMVC/Adding100Items/Async": 34.32979924662962,
  "Vanilla-ES2015-Babel-Webpack-TodoMVC/Adding100Items/Sync": 292.5868912485771,
  "Vanilla-ES2015-Babel-Webpack-TodoMVC/Adding100Items/total": 326.9635252574004,
  "Vanilla-ES2015-Babel-Webpack-TodoMVC/CompletingAllItems/Async": 26.383364856414303,
  "Vanilla-ES2015-Babel-Webpack-TodoMVC/CompletingAllItems/Sync": 64.34823866253859,
  "Vanilla-ES2015-Babel-Webpack-TodoMVC/CompletingAllItems/total": 90.77421267999027,
  "Vanilla-ES2015-Babel-Webpack-TodoMVC/DeletingItems/Async": 3.314768040450319,
  "Vanilla-ES2015-Babel-Webpack-TodoMVC/DeletingItems/Sync": 40.40833853264131,
  "Vanilla-ES2015-Babel-Webpack-TodoMVC/DeletingItems/total": 43.78495505917566,
  "Vanilla-ES2015-Babel-Webpack-TodoMVC/total": 461.5412871702074,
  "Vanilla-ES2015-TodoMVC/Adding100Items/Async": 35.9503723946307,
  "Vanilla-ES2015-TodoMVC/Adding100Items/Sync": 300.5740121592978,
  "Vanilla-ES2015-TodoMVC/Adding100Items/total": 336.6198085960457,
  "Vanilla-ES2015-TodoMVC/CompletingAllItems/Async": 26.146465600562188,