{
  "browser-setup": 3.316083,
  "browser-tear_down": 0.280196,
  "probes-creation": 0.000201,
  "probes-setup": 0.000169,
  "probes-start": 7.8e-05,
  "run": 110.363263,
  "runner-cooldown": 2.002072
}