{
  "Angular2-TypeScript-TodoMVC/Adding100Items/Async": 30.94426288969888,
  "Angular2-TypeScript-TodoMVC/Adding100Items/Sync": 42.036499450556555,
  "Angular2-TypeScript-TodoMVC/Adding100Items/total": 73.02173173902861,
  "Angular2-TypeScript-TodoMVC/CompletingAllItems/Async": 12.634822022385574,
  "Angular2-TypeScript-TodoMVC/CompletingAllItems/Sync": 8.435506605528289,
  "Angular2-TypeScript-TodoMVC/CompletingAllItems/total": 21.072104059866774,
  "Angular2-TypeScript-TodoMVC/DeletingItems/Async": 2.5649226242403445,
  "Angular2-TypeScript-TodoMVC/DeletingItems/Sync": 16.194355343404013,
  "Angular2-TypeScript-TodoMVC/DeletingItems/total": 18.764433677234546,
  "Angular2-TypeScript-TodoMVC/total": 112.87421319958163,
  "AngularJS-TodoMVC/Adding100Items/Async": 40.285767218005795,
  "AngularJS-TodoMVC/Adding100Items/Sync": 153.6363560237532,
  "AngularJS-TodoMVC/Adding100Items/total": 193.9494056199587,
  "AngularJS-TodoMVC/CompletingAllItems/Async": 22.85115957269211,
  "AngularJS-TodoMVC/CompletingAllItems/Sync": 54.04722438006314,
  "AngularJS-TodoMVC/CompletingAllItems/total": 77.03521819450012,
  "AngularJS-TodoMVC/DeletingAllItems/Async": 13.423499796342327,
  "AngularJS-TodoMVC/DeletingAllItems/Sync": 159.18944696098384,
  "AngularJS-TodoMVC/DeletingAllItems/total": 172.65647069612615,
  "AngularJS-TodoMVC/total": 443.6839129448279,
  "BackboneJS-TodoMVC/Adding100Items/Async": 38.52924803464506,
  "BackboneJS-TodoMVC/Adding100Items/Sync": 67.82150894832314,
  "BackboneJS-TodoMVC/Adding100Items/total": 107.30149121884476,
  "BackboneJS-TodoMVC/CompletingAllItems/Async": 29.674400126431834,
  "BackboneJS-TodoMVC/CompletingAllItems/Sync": 38.135736032128634,
  "BackboneJS-TodoMVC/CompletingAllItems/total": 67.93080259153257,
  "BackboneJS-TodoMVC/DeletingAllItems/Async": 3.306894103760887,
  "BackboneJS-TodoMVC/DeletingAllItems/Sync": 26.215264960385106,
  "BackboneJS-TodoMVC/DeletingAllItems/total": 29.536800920875898,
  "BackboneJS-TodoMVC/total": 206.35105663711843,
  "Elm-TodoMVC/Adding100Items/Async": 45.940822735218006,
  "Elm-TodoMVC/Adding100Items/Sync": 92.05026433140598,
  "Elm-TodoMVC/Adding100Items/total": 138.78756574391753,
  "Elm-TodoMVC/CompletingAllItems/Async": 30.09154540738209,
  "Elm-TodoMVC/CompletingAllItems/Sync": 91.44396655268051,
  "Elm-TodoMVC/CompletingAllItems/total": 122.10556734426245,
  "Elm-TodoMVC/DeletingItems/Async": 8.955787215348629,
  "Elm-TodoMVC/DeletingItems/Sync": 104.99017971376779,
  "Elm-TodoMVC/DeletingItems/total": 114.29522723153654,
  "Elm-TodoMVC/total": 383.7318752962336,
  "EmberJS-Debug-TodoMVC/Adding100Items/Async": 38.40306418841237,
  "EmberJS-Debug-TodoMVC/Adding100Items/Sync": 411.0998546652754,
  "EmberJS-Debug-TodoMVC/Adding100Items/total": 449.53679077178936,
  "EmberJS-Debug-TodoMVC/CompletingAllItems/Async": 26.809887276849043,
  "EmberJS-Debug-TodoMVC/CompletingAllItems/Sync": 302.94449174008776,
  "EmberJS-Debug-TodoMVC/CompletingAllItems/total": 329.8426692245204,
  "EmberJS-Debug-TodoMVC/DeletingItems/Async": 5.654831455530872,
  "EmberJS-Debug-TodoMVC/DeletingItems/Sync": 294.31840316669036,
  "EmberJS-Debug-TodoMVC/DeletingItems/total": 300.7318479350387,
  "EmberJS-Debug-TodoMVC/total": 1084.651855656413,
  "EmberJS-TodoMVC/Adding100Items/Async": 33.09610959169885,
  "EmberJS-TodoMVC/Adding100Items/Sync": 140.10525819948694,
  "EmberJS-TodoMVC/Adding100Items/total": 173.27073630758923,
  "EmberJS-TodoMVC/CompletingAllItems/Async": 25.354716991704496,
  "EmberJS-TodoMVC/CompletingAllItems/Sync": 93.09463442745694,
  "EmberJS-TodoMVC/CompletingAllItems/total": 118.46018109399951,
  "EmberJS-TodoMVC/DeletingItems/Async": 2.9135329563818773,
  "EmberJS-TodoMVC/DeletingItems/Sync": 62.273915843566805,
  "EmberJS-TodoMVC/DeletingItems/total": 65.19072729880072,
  "EmberJS-TodoMVC/total": 357.0588594999415,
  "Flight-TodoMVC/Adding100Items/Async": 32.11373150432359,
  "Flight-TodoMVC/Adding100Items/Sync": 77.82065619391483,
  "Flight-TodoMVC/Adding100Items/total": 109.93954014342502,
  "Flight-TodoMVC/CompletingAllItems/Async": 24.69221154915615,
  "Flight-TodoMVC/CompletingAllItems/Sync": 85.05734373542255,
  "Flight-TodoMVC/CompletingAllItems/total": 109.75347980713677,
  "Flight-TodoMVC/DeletingItems/Async": 2.7894795633253437,
  "Flight-TodoMVC/DeletingItems/Sync": 69.5057156760824,
  "Flight-TodoMVC/DeletingItems/total": 72.29580446526748,
  "Flight-TodoMVC/total": 291.99586998728614,
  "Inferno-TodoMVC/Adding100Items/Async": 37.67255059978616,
  "Inferno-TodoMVC/Adding100Items/Sync": 41.98389784164811,
  "Inferno-TodoMVC/Adding100Items/total": 79.744207034099,
  "Inferno-TodoMVC/CompletingAllItems/Async": 6.2304883718027595,
  "Inferno-TodoMVC/CompletingAllItems/Sync": 85.32214036700726,
  "Inferno-TodoMVC/CompletingAllItems/total": 91.56018291986294,
  "Inferno-TodoMVC/DeletingItems/Async": 2.8549577510060207,
  "Inferno-TodoMVC/DeletingItems/Sync": 201.35560701701027,
  "Inferno-TodoMVC/DeletingItems/total": 204.21465070287596,
  "Inferno-TodoMVC/total": 375.55264215268517,
  "Preact-TodoMVC/Adding100Items/Async": 36.81418429807306,
  "Preact-TodoMVC/Adding100Items/Sync": 4.8513990617462515,
  "Preact-TodoMVC/Adding100Items/total": 41.66955678227264,
  "Preact-TodoMVC/CompletingAllItems/Async": 16.21072823469749,
  "Preact-TodoMVC/CompletingAllItems/Sync": 2.962638401251927,
  "Preact-TodoMVC/CompletingAllItems/total": 19.177663803161032,
  "Preact-TodoMVC/DeletingItems/Async": 4.439933691632865,
  "Preact-TodoMVC/DeletingItems/Sync": 1.6705790542235506,
  "Preact-TodoMVC/DeletingItems/total": 6.121680887397913,
  "Preact-TodoMVC/total": 67.00315630137439,
  "React-Redux-TodoMVC/Adding100Items/Async": 33.92597839866653,
  "React-Redux-TodoMVC/Adding100Items/Sync": 129.2510989804751,
  "React-Redux-TodoMVC/Adding100Items/total": 163.21890398954787,
  "React-Redux-TodoMVC/CompletingAllItems/Async": 26.98173816244498,
  "React-Redux-TodoMVC/CompletingAllItems/Sync": 154.1955479096082,
  "React-Redux-TodoMVC/CompletingAllItems/total": 181.62449589360156,
  "React-Redux-TodoMVC/DeletingItems/Async": 4.780875745635557,
  "React-Redux-TodoMVC/DeletingItems/Sync": 89.33507225174279,
  "React-Redux-TodoMVC/DeletingItems/total": 94.68184707432295,
  "React-Redux-TodoMVC/total": 442.81383836550714,
  "React-TodoMVC/Adding100Items/Async": 35.17311272296093,
  "React-TodoMVC/Adding100Items/Sync": 112.81738966323411,
  "React-TodoMVC/Adding100Items/total": 148.4167206301029,
  "React-TodoMVC/CompletingAllItems/Async": 26.809655479137067,
  "React-TodoMVC/CompletingAllItems/Sync": 72.25109928335479,
  "React-TodoMVC/CompletingAllItems/total": 99.67389547628972,
  "React-TodoMVC/DeletingAllItems/Async": 3.5106717084282577,
  "React-TodoMVC/DeletingAllItems/Sync": 52.3385725721701,
  "React-TodoMVC/DeletingAllItems/total": 56.386435911877044,
  "React-TodoMVC/total": 313.0642450229318,
  "Vanilla-ES2015-Babel-Webpack-TodoMVC/Adding100Items/Async": 33.091456371004476,
  "Vanilla-ES2015-Babel-Webpack-TodoMVC/Adding100Items/Sync": 292.00984552255386,
  "Vanilla-ES2015-Babel-Webpack-TodoMVC/Adding100Items/total": 325.15080890353767,
  "Vanilla-ES2015-Babel-Webpack-TodoMVC/CompletingAllItems/Async": 26.304280273947477,
  "Vanilla-ES2015-Babel-Webpack-TodoMVC/CompletingAllItems/Sync": 63.86212326688003,
  "Vanilla-ES2015-Babel-Webpack-TodoMVC/CompletingAllItems/total": 90.18484240423447,
  "Vanilla-ES2015-Babel-Webpack-TodoMVC/DeletingItems/Async": 2.904251246609247,
  "Vanilla-ES2015-Babel-Webpack-TodoMVC/DeletingItems/Sync": 39.98301328691609,
  "Vanilla-ES2015-Babel-Webpack-TodoMVC/DeletingItems/total": 42.894162206193975,
  "Vanilla-ES2015-Babel-Webpack-TodoMVC/total": 458.2553183757799,
  "Vanilla-ES2015-TodoMVC/Adding100Items/Async": 34.619827789023475,
  "Vanilla-ES2015-TodoMVC/Adding100Items/Sync": 309.00052737826854,
  "Vanilla-ES2015-TodoMVC/Adding100Items/total": 343.6977133720858,
  "Vanilla-ES2015-TodoMVC/CompletingAllItems/Async": 27.900932909734834,