{
  "browser-setup": 3.316882,
  "browser-tear_down": 0.221297,
  "probes-creation": 0.000132,
  "probes-setup": 0.000111,
  "probes-start": 7.9e-05,
  "run": 108.924527,
  "runner-cooldown": 2.002202
}