{
  "Angular2-TypeScript-TodoMVC/Adding100Items/Async": 31.295757186426094,
  "Angular2-TypeScript-TodoMVC/Adding100Items/Sync": 42.14064398914153,
  "Angular2-TypeScript-TodoMVC/Adding100Items/total": 73.484959379646,
  "Angular2-TypeScript-TodoMVC/CompletingAllItems/Async": 13.770501739350875,
  "Angular2-TypeScript-TodoMVC/CompletingAllItems/Sync": 8.605353198210805,
  "Angular2-TypeScript-TodoMVC/CompletingAllItems/total": 22.470355923134186,
  "Angular2-TypeScript-TodoMVC/DeletingItems/Async": 2.7026373209080776,
  "Angular2-TypeScript-TodoMVC/DeletingItems/Sync": 16.410851847061082,
  "Angular2-TypeScript-TodoMVC/DeletingItems/total": 19.117127784498432,
  "Angular2-TypeScript-TodoMVC/total": 115.23462729104202,
  "AngularJS-TodoMVC/Adding100Items/Async": 42.87885200602103,
  "AngularJS-TodoMVC/Adding100Items/Sync": 171.4945879833099,
  "AngularJS-TodoMVC/Adding100Items/total": 214.6411527640753,
  "AngularJS-TodoMVC/CompletingAllItems/Async": 25.26992441107456,
  "AngularJS-TodoMVC/CompletingAllItems/Sync": 53.782752879092875,
  "AngularJS-TodoMVC/CompletingAllItems/total": 79.11038847097404,
  "AngularJS-TodoMVC/DeletingAllItems/Async": 14.494284853529507,
  "AngularJS-TodoMVC/DeletingAllItems/Sync": 173.50309695447862,
  "AngularJS-TodoMVC/DeletingAllItems/total": 188.05858530719874,
  "AngularJS-TodoMVC/total": 487.15960075211336,
  "BackboneJS-TodoMVC/Adding100Items/Async": 36.317099209418956,
  "BackboneJS-TodoMVC/Adding100Items/Sync": 55.335338188624384,
  "BackboneJS-TodoMVC/Adding100Items/total": 91.66848443736384,
  "BackboneJS-TodoMVC/CompletingAllItems/Async": 28.295474623224816,
  "BackboneJS-TodoMVC/CompletingAllItems/Sync": 37.80540980090896,
  "BackboneJS-TodoMVC/CompletingAllItems/total": 66.14869871525138,
  "BackboneJS-TodoMVC/DeletingAllItems/Async": 3.325219462971809,
  "BackboneJS-TodoMVC/DeletingAllItems/Sync": 26.53834568343925,
  "BackboneJS-TodoMVC/DeletingAllItems/total": 29.86620540583162,
  "BackboneJS-TodoMVC/total": 187.80051868924158,
  "Elm-TodoMVC/Adding100Items/Async": 46.96295913042495,
  "Elm-TodoMVC/Adding100Items/Sync": 94.36583698771925,
  "Elm-TodoMVC/Adding100Items/total": 142.24849087735058,
  "Elm-TodoMVC/CompletingAllItems/Async": 30.94822059198232,
  "Elm-TodoMVC/CompletingAllItems/Sync": 91.25359820545108,
  "Elm-TodoMVC/CompletingAllItems/total": 122.85202739857719,
  "Elm-TodoMVC/DeletingItems/Async": 11.727389042100508,
  "Elm-TodoMVC/DeletingItems/Sync": 99.31977432569983,
  "Elm-TodoMVC/DeletingItems/total": 116.35030979390956,
  "Elm-TodoMVC/total": 390.8905115327805,
  "EmberJS-Debug-TodoMVC/Adding100Items/Async": 39.07429396137763,
  "EmberJS-Debug-TodoMVC/Adding100Items/Sync": 408.4938763353342,
  "EmberJS-Debug-TodoMVC/Adding100Items/total": 447.60397156617336,
  "EmberJS-Debug-TodoMVC/CompletingAllItems/Async": 27.574834622118324,
  "EmberJS-Debug-TodoMVC/CompletingAllItems/Sync": 309.0527709548895,
  "EmberJS-Debug-TodoMVC/CompletingAllItems/total": 336.7669586389882,
  "EmberJS-Debug-TodoMVC/DeletingItems/Async": 8.698581926501895,
  "EmberJS-Debug-TodoMVC/DeletingItems/Sync": 298.437057279037,
  "EmberJS-Debug-TodoMVC/DeletingItems/total": 310.45417914942294,
  "EmberJS-Debug-TodoMVC/total": 1104.2808757847627,
  "EmberJS-TodoMVC/Adding100Items/Async": 34.30085814211583,
  "EmberJS-TodoMVC/Adding100Items/Sync": 148.440133039248,
  "EmberJS-TodoMVC/Adding100Items/total": 183.0233149998182,
  "EmberJS-TodoMVC/CompletingAllItems/Async": 26.259843290279903,
  "EmberJS-TodoMVC/CompletingAllItems/Sync": 93.82811682556,
  "EmberJS-TodoMVC/CompletingAllItems/total": 120.10006455591984,
  "EmberJS-TodoMVC/DeletingItems/Async": 3.978329715886285,
  "EmberJS-TodoMVC/DeletingItems/Sync": 62.752236447113745,
  "EmberJS-TodoMVC/DeletingItems/total": 67.93751910315662,
  "EmberJS-TodoMVC/total": 372.01622598951815,
  "Flight-TodoMVC/Adding100Items/Async": 32.829329720934794,
  "Flight-TodoMVC/Adding100Items/Sync": 79.28519326244486,
  "Flight-TodoMVC/Adding100Items/total": 112.12072170252786,
  "Flight-TodoMVC/CompletingAllItems/Async": 25.610114777393264,
  "Flight-TodoMVC/CompletingAllItems/Sync": 88.83821337770955,
  "Flight-TodoMVC/CompletingAllItems/total": 114.49403877843136,
  "Flight-TodoMVC/DeletingItems/Async": 3.2067966444388776,
  "Flight-TodoMVC/DeletingItems/Sync": 80.09817906530854,
  "Flight-TodoMVC/DeletingItems/total": 83.30856166714733,
  "Flight-TodoMVC/total": 314.0519739832805,
  "Inferno-TodoMVC/Adding100Items/Async": 38.726478655648435,
  "Inferno-TodoMVC/Adding100Items/Sync": 43.77038937486461,
  "Inferno-TodoMVC/Adding100Items/total": 82.64527972026809,
  "Inferno-TodoMVC/CompletingAllItems/Async": 7.59040713534936,
  "Inferno-TodoMVC/CompletingAllItems/Sync": 95.13968935715512,
  "Inferno-TodoMVC/CompletingAllItems/total": 102.88302273863356,
  "Inferno-TodoMVC/DeletingItems/Async": 3.30196279548799,
  "Inferno-TodoMVC/DeletingItems/Sync": 206.46852563711755,
  "Inferno-TodoMVC/DeletingItems/total": 210.00236786676786,
  "Inferno-TodoMVC/total": 399.0894896822414,
  "Preact-TodoMVC/Adding100Items/Async": 36.87337668650689,
  "Preact-TodoMVC/Adding100Items/Sync": 5.080303542759754,
  "Preact-TodoMVC/Adding100Items/total": 41.95931530701081,
  "Preact-TodoMVC/CompletingAllItems/Async": 16.33722900587161,
  "Preact-TodoMVC/CompletingAllItems/Sync": 3.1158031050713486,
  "Preact-TodoMVC/CompletingAllItems/total": 19.4697895694767,
  "Preact-TodoMVC/DeletingItems/Async": 4.6284469312833965,
  "Preact-TodoMVC/DeletingItems/Sync": 1.6762379379826866,
  "Preact-TodoMVC/DeletingItems/total": 6.319817175984353,
  "Preact-TodoMVC/total": 67.79871616154047,
  "React-Redux-TodoMVC/Adding100Items/Async": 34.987146460461354,
  "React-Redux-TodoMVC/Adding100Items/Sync": 139.24231826402524,
  "React-Redux-TodoMVC/Adding100Items/total": 174.50159024533139,
  "React-Redux-TodoMVC/CompletingAllItems/Async": 26.260016383131898,
  "React-Redux-TodoMVC/CompletingAllItems/Sync": 146.69513985048147,
  "React-Redux-TodoMVC/CompletingAllItems/total": 173.2082835221298,
  "React-Redux-TodoMVC/DeletingItems/Async": 4.616091979068441,
  "React-Redux-TodoMVC/DeletingItems/Sync": 89.49347100503206,
  "React-Redux-TodoMVC/DeletingItems/total": 94.533188000458,
  "React-Redux-TodoMVC/total": 445.13157650211633,
  "React-TodoMVC/Adding100Items/Async": 33.88546264532924,
  "React-TodoMVC/Adding100Items/Sync": 105.83806065092739,
  "React-TodoMVC/Adding100Items/total": 139.7295946111642,
  "React-TodoMVC/CompletingAllItems/Async": 27.930961536393365,
  "React-TodoMVC/CompletingAllItems/Sync": 71.78861014451975,
  "React-TodoMVC/CompletingAllItems/total": 100.41525515506743,
  "React-TodoMVC/DeletingAllItems/Async": 3.6399076768339422,
  "React-TodoMVC/DeletingAllItems/Sync": 54.375484943373024,
  "React-TodoMVC/DeletingAllItems/total": 58.23877065877921,
  "React-TodoMVC/total": 306.9328489470896,
  "Vanilla-ES2015-Babel-Webpack-TodoMVC/Adding100Items/Async": 34.72540433902651,
  "Vanilla-ES2015-Babel-Webpack-TodoMVC/Adding100Items/Sync": 296.80341465123695,
  "Vanilla-ES2015-Babel-Webpack-TodoMVC/Adding100Items/total": 331.5316537312443,
  "Vanilla-ES2015-Babel-Webpack-TodoMVC/CompletingAllItems/Async": 24.722681944546082,
  "Vanilla-ES2015-Babel-Webpack-TodoMVC/CompletingAllItems/Sync": 63.53574650758892,
  "Vanilla-ES2015-Babel-Webpack-TodoMVC/CompletingAllItems/total": 88.27094879106585,
  "Vanilla-ES2015-Babel-Webpack-TodoMVC/DeletingItems/Async": 3.0054905934757095,
  "Vanilla-ES2015-Babel-Webpack-TodoMVC/DeletingItems/Sync": 40.09724360148817,
  "Vanilla-ES2015-Babel-Webpack-TodoMVC/DeletingItems/total": 43.10629177672875,
  "Vanilla-ES2015-Babel-Webpack-TodoMVC/total": 462.9144880619913,
  "Vanilla-ES2015-TodoMVC/Adding100Items/Async": 34.56863224356145,
  "Vanilla-ES2015-TodoMVC/Adding100Items/Sync": 303.1586432346623,
  "Vanilla-ES2015-TodoMVC/Adding100Items/total": 337.9241976219529,
  "Vanilla-ES2015-TodoMVC/CompletingAllItems/Async": 26.97667126522174,