{
  "browser-setup": 3.288692,
  "browser-tear_down": 0.227129,
  "probes-creation": 0.00019,
  "probes-setup": 0.000162,
  "probes-start": 7.9e-05,
  "run": 109.147264,
  "runner-cooldown": 2.002068
}