{
  "Angular2-TypeScript-TodoMVC/Adding100Items/Async": 31.108767315571644,
  "Angular2-TypeScript-TodoMVC/Adding100Items/Sync": 41.13927733761299,
  "Angular2-TypeScript-TodoMVC/Adding100Items/total": 72.28215362747098,
  "Angular2-TypeScript-TodoMVC/CompletingAllItems/Async": 12.82728670318382,
  "Angular2-TypeScript-TodoMVC/CompletingAllItems/Sync": 8.350650006588701,
  "Angular2-TypeScript-TodoMVC/CompletingAllItems/total": 21.18051373829922,
  "Angular2-TypeScript-TodoMVC/DeletingItems/Async": 2.956392511531516,
  "Angular2-TypeScript-TodoMVC/DeletingItems/Sync": 18.955956839645424,
  "Angular2-TypeScript-TodoMVC/DeletingItems/total": 21.924932831951182,
  "Angular2-TypeScript-TodoMVC/total": 118.93750801134587,
  "AngularJS-TodoMVC/Adding100Items/Async": 40.31738147908576,
  "AngularJS-TodoMVC/Adding100Items/Sync": 153.37118327655386,
  "AngularJS-TodoMVC/Adding100Items/total": 193.73325275961952,
  "AngularJS-TodoMVC/CompletingAllItems/Async": 24.462186367740067,
  "AngularJS-TodoMVC/CompletingAllItems/Sync": 54.03813748190344,
  "AngularJS-TodoMVC/CompletingAllItems/total": 78.59472272444505,
  "AngularJS-TodoMVC/DeletingAllItems/Async": 14.145320438396256,
  "AngularJS-TodoMVC/DeletingAllItems/Sync": 157.2076594070225,
  "AngularJS-TodoMVC/DeletingAllItems/total": 171.37089513899852,
  "AngularJS-TodoMVC/total": 443.8312542704106,
  "BackboneJS-TodoMVC/Adding100Items/Async": 36.594415373956764,
  "BackboneJS-TodoMVC/Adding100Items/Sync": 55.38388361079026,
  "BackboneJS-TodoMVC/Adding100Items/total": 91.99463087980466,
  "BackboneJS-TodoMVC/CompletingAllItems/Async": 28.646764204900823,
  "BackboneJS-TodoMVC/CompletingAllItems/Sync": 38.301562559960765,
  "BackboneJS-TodoMVC/CompletingAllItems/total": 66.95948763109814,
  "BackboneJS-TodoMVC/DeletingAllItems/Async": 3.6726051551894203,
  "BackboneJS-TodoMVC/DeletingAllItems/Sync": 26.382392089704606,
  "BackboneJS-TodoMVC/DeletingAllItems/total": 30.0722202178109,
  "BackboneJS-TodoMVC/total": 189.21350596130404,
  "Elm-TodoMVC/Adding100Items/Async": 45.80220575210952,
  "Elm-TodoMVC/Adding100Items/Sync": 83.60726745950099,
  "Elm-TodoMVC/Adding100Items/total": 129.467325372171,
  "Elm-TodoMVC/CompletingAllItems/Async": 31.08010079417572,
  "Elm-TodoMVC/CompletingAllItems/Sync": 111.29782168714223,
  "Elm-TodoMVC/CompletingAllItems/total": 143.8421065697624,
  "Elm-TodoMVC/DeletingItems/Async": 11.169839414725319,
  "Elm-TodoMVC/DeletingItems/Sync": 114.986645125178,
  "Elm-TodoMVC/DeletingItems/total": 127.64316319985359,
  "Elm-TodoMVC/total": 415.8255763000513,
  "EmberJS-Debug-TodoMVC/Adding100Items/Async": 39.54468335431477,
  "EmberJS-Debug-TodoMVC/Adding100Items/Sync": 416.516753790566,
  "EmberJS-Debug-TodoMVC/Adding100Items/total": 456.12417345459556,
  "EmberJS-Debug-TodoMVC/CompletingAllItems/Async": 28.781823722691442,
  "EmberJS-Debug-TodoMVC/CompletingAllItems/Sync": 291.00912279149867,
  "EmberJS-Debug-TodoMVC/CompletingAllItems/total": 320.3834588957324,
  "EmberJS-Debug-TodoMVC/DeletingItems/Async": 8.66267293711109,
  "EmberJS-Debug-TodoMVC/DeletingItems/Sync": 316.91470328268014,
  "EmberJS-Debug-TodoMVC/DeletingItems/total": 326.4376003477383,
  "EmberJS-Debug-TodoMVC/total": 1113.200216010291,
  "EmberJS-TodoMVC/Adding100Items/Async": 34.39918908916117,
  "EmberJS-TodoMVC/Adding100Items/Sync": 145.5346033460244,
  "EmberJS-TodoMVC/Adding100Items/total": 180.12791264398697,
  "EmberJS-TodoMVC/CompletingAllItems/Async": 25.88753737682358,
  "EmberJS-TodoMVC/CompletingAllItems/Sync": 93.28170597824437,
  "EmberJS-TodoMVC/CompletingAllItems/total": 119.1787860238794,
  "EmberJS-TodoMVC/DeletingItems/Async": 3.4411271452926018,
  "EmberJS-TodoMVC/DeletingItems/Sync": 62.54396642525133,
  "EmberJS-TodoMVC/DeletingItems/total": 66.33707386448062,
  "EmberJS-TodoMVC/total": 366.185614110748,
  "Flight-TodoMVC/Adding100Items/Async": 32.67811867467443,
  "Flight-TodoMVC/Adding100Items/Sync": 79.51002539573761,
  "Flight-TodoMVC/Adding100Items/total": 112.19574001156047,
  "Flight-TodoMVC/CompletingAllItems/Async": 24.65865716177255,
  "Flight-TodoMVC/CompletingAllItems/Sync": 86.96120834121746,
  "Flight-TodoMVC/CompletingAllItems/total": 111.62298135874425,
  "Flight-TodoMVC/DeletingItems/Async": 3.3627877101915646,
  "Flight-TodoMVC/DeletingItems/Sync": 69.4842556799338,
  "Flight-TodoMVC/DeletingItems/total": 73.7958726326402,
  "Flight-TodoMVC/total": 297.73675817994575,
  "Inferno-TodoMVC/Adding100Items/Async": 44.11897855060432,
  "Inferno-TodoMVC/Adding100Items/Sync": 41.86108598817972,
  "Inferno-TodoMVC/Adding100Items/total": 88.19527859938917,
  "Inferno-TodoMVC/CompletingAllItems/Async": 7.40325255901207,
  "Inferno-TodoMVC/CompletingAllItems/Sync": 86.34284812149086,
  "Inferno-TodoMVC/CompletingAllItems/total": 94.20670980530015,
  "Inferno-TodoMVC/DeletingItems/Async": 3.199756020093158,
  "Inferno-TodoMVC/DeletingItems/Sync": 202.0428887184001,
  "Inferno-TodoMVC/DeletingItems/total": 205.40867357097423,
  "Inferno-TodoMVC/total": 390.0835077817508,
  "Preact-TodoMVC/Adding100Items/Async": 36.561232986990184,
  "Preact-TodoMVC/Adding100Items/Sync": 4.857882056756757,
  "Preact-TodoMVC/Adding100Items/total": 41.42638946436017,
  "Preact-TodoMVC/CompletingAllItems/Async": 16.034500521858142,
  "Preact-TodoMVC/CompletingAllItems/Sync": 2.9487092270701467,
  "Preact-TodoMVC/CompletingAllItems/total": 18.989322501342073,
  "Preact-TodoMVC/DeletingItems/Async": 4.361561060460369,
  "Preact-TodoMVC/DeletingItems/Sync": 1.548465607841609,
  "Preact-TodoMVC/DeletingItems/total": 5.912882599418445,
  "Preact-TodoMVC/total": 66.35646333276819,
  "React-Redux-TodoMVC/Adding100Items/Async": 33.41898084067224,
  "React-Redux-TodoMVC/Adding100Items/Sync": 128.90473453020965,
  "React-Redux-TodoMVC/Adding100Items/total": 162.36072029709678,
  "React-Redux-TodoMVC/CompletingAllItems/Async": 25.542687326801456,
  "React-Redux-TodoMVC/CompletingAllItems/Sync": 142.4317258512903,
  "React-Redux-TodoMVC/CompletingAllItems/total": 168.1849081592067,
  "React-Redux-TodoMVC/DeletingItems/Async": 4.543166675291721,
  "React-Redux-TodoMVC/DeletingItems/Sync": 88.35741408852334,
  "React-Redux-TodoMVC/DeletingItems/total": 93.6953006494556,
  "React-Redux-TodoMVC/total": 426.0858134065049,
  "React-TodoMVC/Adding100Items/Async": 36.01434453003892,
  "React-TodoMVC/Adding100Items/Sync": 126.39982226388432,
  "React-TodoMVC/Adding100Items/total": 163.18386845327208,
  "React-TodoMVC/CompletingAllItems/Async": 28.45353377408839,
  "React-TodoMVC/CompletingAllItems/Sync": 72.09163965720526,
  "React-TodoMVC/CompletingAllItems/total": 101.25848367615733,
  "React-TodoMVC/DeletingAllItems/Async": 3.9501432706561985,
  "React-TodoMVC/DeletingAllItems/Sync": 46.936208510859785,
  "React-TodoMVC/DeletingAllItems/total": 51.4691823535866,
  "React-TodoMVC/total": 320.8515623830803,
  "Vanilla-ES2015-Babel-Webpack-TodoMVC/Adding100Items/Async": 35.568710843948985,
  "Vanilla-ES2015-Babel-Webpack-TodoMVC/Adding100Items/Sync": 307.91560510106194,
  "Vanilla-ES2015-Babel-Webpack-TodoMVC/Adding100Items/total": 343.53438093825923,
  "Vanilla-ES2015-Babel-Webpack-TodoMVC/CompletingAllItems/Async": 26.044322248356035,
  "Vanilla-ES2015-Babel-Webpack-TodoMVC/CompletingAllItems/Sync": 64.5055754158222,
  "Vanilla-ES2015-Babel-Webpack-TodoMVC/CompletingAllItems/total": 90.68082987384817,
  "Vanilla-ES2015-Babel-Webpack-TodoMVC/DeletingItems/Async": 3.2321555713850536,
  "Vanilla-ES2015-Babel-Webpack-TodoMVC/DeletingItems/Sync": 40.54464667533731,
  "Vanilla-ES2015-Babel-Webpack-TodoMVC/DeletingItems/total": 43.9658604167134,
  "Vanilla-ES2015-Babel-Webpack-TodoMVC/total": 478.30606537219336,
  "Vanilla-ES2015-TodoMVC/Adding100Items/Async": 34.18246637653619,
  "Vanilla-ES2015-TodoMVC/Adding100Items/Sync": 302.1479433051755,
  "Vanilla-ES2015-TodoMVC/Adding100Items/total": 336.3550166621066,
  "Vanilla-ES2015-TodoMVC/CompletingAllItems/Async": 26.463688487223788,