{
  "browser-setup": 3.327194,
  "browser-tear_down": 0.297813,
  "probes-creation": 0.000198,
  "probes-setup": 0.000166,
  "probes-start": 8.1e-05,
  "run": 112.254156,
  "runner-cooldown": 2.002073
}