{
  "Angular2-TypeScript-TodoMVC/Adding100Items/Async": 32.45800349823595,
  "Angular2-TypeScript-TodoMVC/Adding100Items/Sync": 42.88302588114483,
  "Angular2-TypeScript-TodoMVC/Adding100Items/total": 75.37826077836266,
  "Angular2-TypeScript-TodoMVC/CompletingAllItems/Async": 13.010866031543285,
  "Angular2-TypeScript-TodoMVC/CompletingAllItems/Sync": 8.803936698420634,
  "Angular2-TypeScript-TodoMVC/CompletingAllItems/total": 21.81780649029393,
  "Angular2-TypeScript-TodoMVC/DeletingItems/Async": 2.864965859827407,
  "Angular2-TypeScript-TodoMVC/DeletingItems/Sync": 16.99277053771606,
  "Angular2-TypeScript-TodoMVC/DeletingItems/total": 19.86611879270986,
  "Angular2-TypeScript-TodoMVC/total": 117.07229888612022,
  "AngularJS-TodoMVC/Adding100Items/Async": 41.58702549055746,
  "AngularJS-TodoMVC/Adding100Items/Sync": 159.47462294779322,
  "AngularJS-TodoMVC/Adding100Items/total": 201.07541394601586,
  "AngularJS-TodoMVC/CompletingAllItems/Async": 26.92391228529176,
  "AngularJS-TodoMVC/CompletingAllItems/Sync": 55.6837329511289,
  "AngularJS-TodoMVC/CompletingAllItems/total": 82.67421608510521,
  "AngularJS-TodoMVC/DeletingAllItems/Async": 14.937191528505453,
  "AngularJS-TodoMVC/DeletingAllItems/Sync": 160.28626075934028,
  "AngularJS-TodoMVC/DeletingAllItems/total": 175.3110083581932,
  "AngularJS-TodoMVC/total": 459.11862041277436,
  "BackboneJS-TodoMVC/Adding100Items/Async": 44.096343426059796,
  "BackboneJS-TodoMVC/Adding100Items/Sync": 57.8543728189866,
  "BackboneJS-TodoMVC/Adding100Items/total": 102.06959379910698,
  "BackboneJS-TodoMVC/CompletingAllItems/Async": 32.75797523259871,
  "BackboneJS-TodoMVC/CompletingAllItems/Sync": 39.48929108610691,
  "BackboneJS-TodoMVC/CompletingAllItems/total": 72.34729885626624,
  "BackboneJS-TodoMVC/DeletingAllItems/Async": 6.5671709810382985,
  "BackboneJS-TodoMVC/DeletingAllItems/Sync": 26.437219287335825,
  "BackboneJS-TodoMVC/DeletingAllItems/total": 34.55903515409075,
  "BackboneJS-TodoMVC/total": 209.80230699183122,
  "Elm-TodoMVC/Adding100Items/Async": 48.34268347928152,
  "Elm-TodoMVC/Adding100Items/Sync": 86.3752613519611,
  "Elm-TodoMVC/Adding100Items/total": 134.8014304003834,
  "Elm-TodoMVC/CompletingAllItems/Async": 29.82248113706791,
  "Elm-TodoMVC/CompletingAllItems/Sync": 82.86948115136698,
  "Elm-TodoMVC/CompletingAllItems/total": 112.72370537280896,
  "Elm-TodoMVC/DeletingItems/Async": 9.059564647756401,
  "Elm-TodoMVC/DeletingItems/Sync": 102.40011951316356,
  "Elm-TodoMVC/DeletingItems/total": 111.55028909031029,
  "Elm-TodoMVC/total": 359.1176590546184,
  "EmberJS-Debug-TodoMVC/Adding100Items/Async": 45.731006261621,
  "EmberJS-Debug-TodoMVC/Adding100Items/Sync": 755.3288766230118,
  "EmberJS-Debug-TodoMVC/Adding100Items/total": 801.5868569225598,
  "EmberJS-Debug-TodoMVC/CompletingAllItems/Async": 36.546750304868056,
  "EmberJS-Debug-TodoMVC/CompletingAllItems/Sync": 296.54965189134924,
  "EmberJS-Debug-TodoMVC/CompletingAllItems/total": 334.17985105095926,
  "EmberJS-Debug-TodoMVC/DeletingItems/Async": 11.456410723097951,
  "EmberJS-Debug-TodoMVC/DeletingItems/Sync": 285.79745023891275,
  "EmberJS-Debug-TodoMVC/DeletingItems/total": 299.7531092610989,
  "EmberJS-Debug-TodoMVC/total": 1443.5683637022144,
  "EmberJS-TodoMVC/Adding100Items/Async": 34.73165130229931,
  "EmberJS-TodoMVC/Adding100Items/Sync": 147.35533891118325,
  "EmberJS-TodoMVC/Adding100Items/total": 182.17457329825086,
  "EmberJS-TodoMVC/CompletingAllItems/Async": 29.065108602352538,
  "EmberJS-TodoMVC/CompletingAllItems/Sync": 106.78241448380501,
  "EmberJS-TodoMVC/CompletingAllItems/total": 136.46469325961962,
  "EmberJS-TodoMVC/DeletingItems/Async": 3.5707700026724245,
  "EmberJS-TodoMVC/DeletingItems/Sync": 74.94507776385367,
  "EmberJS-TodoMVC/DeletingItems/total": 78.55807778307386,
  "EmberJS-TodoMVC/total": 399.6601581006799,
  "Flight-TodoMVC/Adding100Items/Async": 33.67629648516034,
  "Flight-TodoMVC/Adding100Items/Sync": 78.64533578469747,
  "Flight-TodoMVC/Adding100Items/total": 112.33701474773795,
  "Flight-TodoMVC/CompletingAllItems/Async": 25.87980760768872,
  "Flight-TodoMVC/CompletingAllItems/Sync": 85.99718892650854,
  "Flight-TodoMVC/CompletingAllItems/total": 111.99165415283302,
  "Flight-TodoMVC/DeletingItems/Async": 4.447640492524918,
  "Flight-TodoMVC/DeletingItems/Sync": 69.88813721710633,
  "Flight-TodoMVC/DeletingItems/total": 76.8069308093825,
  "Flight-TodoMVC/total": 301.7281279176875,
  "Inferno-TodoMVC/Adding100Items/Async": 38.76524634327011,
  "Inferno-TodoMVC/Adding100Items/Sync": 42.577838549915754,
  "Inferno-TodoMVC/Adding100Items/total": 81.42076168725045,
  "Inferno-TodoMVC/CompletingAllItems/Async": 6.353435481203879,
  "Inferno-TodoMVC/CompletingAllItems/Sync": 83.98987575205021,
  "Inferno-TodoMVC/CompletingAllItems/total": 90.34808382167026,
  "Inferno-TodoMVC/DeletingItems/Async": 3.297707450105004,
  "Inferno-TodoMVC/DeletingItems/Sync": 208.2652652842088,
  "Inferno-TodoMVC/DeletingItems/total": 211.62727153172787,
  "Inferno-TodoMVC/total": 383.575972651276,
  "Preact-TodoMVC/Adding100Items/Async": 37.7423832508306,
  "Preact-TodoMVC/Adding100Items/Sync": 5.023474397497451,
  "Preact-TodoMVC/Adding100Items/total": 42.76977234167098,
  "Preact-TodoMVC/CompletingAllItems/Async": 16.2055218754748,
  "Preact-TodoMVC/CompletingAllItems/Sync": 2.98973257034835,
  "Preact-TodoMVC/CompletingAllItems/total": 19.203593366057866,
  "Preact-TodoMVC/DeletingItems/Async": 4.469263228965745,
  "Preact-TodoMVC/DeletingItems/Sync": 1.6340429397413165,
  "Preact-TodoMVC/DeletingItems/total": 6.114883933753782,
  "Preact-TodoMVC/total": 68.09899383119904,
  "React-Redux-TodoMVC/Adding100Items/Async": 33.47198544293129,
  "React-Redux-TodoMVC/Adding100Items/Sync": 134.61576021617964,
  "React-Redux-TodoMVC/Adding100Items/total": 168.23682507674368,
  "React-Redux-TodoMVC/CompletingAllItems/Async": 27.29287535849229,
  "React-Redux-TodoMVC/CompletingAllItems/Sync": 142.08583897637192,
  "React-Redux-TodoMVC/CompletingAllItems/total": 169.5932940676993,
  "React-Redux-TodoMVC/DeletingItems/Async": 3.6203857737748835,
  "React-Redux-TodoMVC/DeletingItems/Sync": 99.536585502086,
  "React-Redux-TodoMVC/DeletingItems/total": 103.26378918129745,
  "React-Redux-TodoMVC/total": 442.6845259687552,
  "React-TodoMVC/Adding100Items/Async": 35.23434957274607,
  "React-TodoMVC/Adding100Items/Sync": 106.19177831616175,
  "React-TodoMVC/Adding100Items/total": 141.44794663369066,
  "React-TodoMVC/CompletingAllItems/Async": 27.667031246653913,
  "React-TodoMVC/CompletingAllItems/Sync": 62.7554819822201,
  "React-TodoMVC/CompletingAllItems/total": 90.43891953883194,
  "React-TodoMVC/DeletingAllItems/Async": 2.9388383599697807,
  "React-TodoMVC/DeletingAllItems/Sync": 47.46681709599495,
  "React-TodoMVC/DeletingAllItems/total": 50.471113623516494,
  "React-TodoMVC/total": 282.9022099654356,
  "Vanilla-ES2015-Babel-Webpack-TodoMVC/Adding100Items/Async": 35.290299687917305,
  "Vanilla-ES2015-Babel-Webpack-TodoMVC/Adding100Items/Sync": 294.4728839914633,
  "Vanilla-ES2015-Babel-Webpack-TodoMVC/Adding100Items/total": 329.7841632566189,
  "Vanilla-ES2015-Babel-Webpack-TodoMVC/CompletingAllItems/Async": 26.7477170582243,
  "Vanilla-ES2015-Babel-Webpack-TodoMVC/CompletingAllItems/Sync": 63.96594981867631,
  "Vanilla-ES2015-Babel-Webpack-TodoMVC/CompletingAllItems/total": 90.72541008289502,
  "Vanilla-ES2015-Babel-Webpack-TodoMVC/DeletingItems/Async": 3.338580857358834,
  "Vanilla-ES2015-Babel-Webpack-TodoMVC/DeletingItems/Sync": 40.076189898415066,
  "Vanilla-ES2015-Babel-Webpack-TodoMVC/DeletingItems/total": 43.47333905877697,
  "Vanilla-ES2015-Babel-Webpack-TodoMVC/total": 464.0004784448745,
  "Vanilla-ES2015-TodoMVC/Adding100Items/Async": 35.14472147359959,
  "Vanilla-ES2015-TodoMVC/Adding100Items/Sync": 301.1803751924812,
  "Vanilla-ES2015-TodoMVC/Adding100Items/total": 336.36880555086736,
  "Vanilla-ES2015-TodoMVC/CompletingAllItems/Async": 26.549869473178127,