{
  "browser-setup": 3.298943,
  "browser-tear_down": 0.231892,
  "probes-creation": 0.000202,
  "probes-setup": 0.000168,
  "probes-start": 8.3e-05,
  "run": 110.98699,
  "runner-cooldown": 2.000606
}