{
  "Angular2-TypeScript-TodoMVC/Adding100Items/Async": 31.935955777698595,
  "Angular2-TypeScript-TodoMVC/Adding100Items/Sync": 42.32807117157029,
  "Angular2-TypeScript-TodoMVC/Adding100Items/total": 74.30734707918651,
  "Angular2-TypeScript-TodoMVC/CompletingAllItems/Async": 13.379627443942203,
  "Angular2-TypeScript-TodoMVC/CompletingAllItems/Sync": 8.288016446103473,
  "Angular2-TypeScript-TodoMVC/CompletingAllItems/total": 21.7409005600839,
  "Angular2-TypeScript-TodoMVC/DeletingItems/Async": 2.6750059457900677,
  "Angular2-TypeScript-TodoMVC/DeletingItems/Sync": 16.17088402337839,
  "Angular2-TypeScript-TodoMVC/DeletingItems/total": 18.848994412230358,
  "Angular2-TypeScript-TodoMVC/total": 115.03387825469063,
  "AngularJS-TodoMVC/Adding100Items/Async": 41.34250720247024,
  "AngularJS-TodoMVC/Adding100Items/Sync": 154.98726475265113,
  "AngularJS-TodoMVC/Adding100Items/total": 196.34187388311187,
  "AngularJS-TodoMVC/CompletingAllItems/Async": 25.686365320089372,
  "AngularJS-TodoMVC/CompletingAllItems/Sync": 54.45520233862057,
  "AngularJS-TodoMVC/CompletingAllItems/total": 80.33739990119751,
  "AngularJS-TodoMVC/DeletingAllItems/Async": 15.757082384597442,
  "AngularJS-TodoMVC/DeletingAllItems/Sync": 159.45050655026458,
  "AngularJS-TodoMVC/DeletingAllItems/total": 175.29693710945045,
  "AngularJS-TodoMVC/total": 452.06693977802007,
  "BackboneJS-TodoMVC/Adding100Items/Async": 41.48709988526522,
  "BackboneJS-TodoMVC/Adding100Items/Sync": 54.63223418845563,
  "BackboneJS-TodoMVC/Adding100Items/total": 96.26686166204163,
  "BackboneJS-TodoMVC/CompletingAllItems/Async": 31.46904985970285,
  "BackboneJS-TodoMVC/CompletingAllItems/Sync": 37.06473349360396,
  "BackboneJS-TodoMVC/CompletingAllItems/total": 68.6537353991387,
  "BackboneJS-TodoMVC/DeletingAllItems/Async": 4.845339955915781,
  "BackboneJS-TodoMVC/DeletingAllItems/Sync": 25.55742560158997,
  "BackboneJS-TodoMVC/DeletingAllItems/total": 30.85635382565016,
  "BackboneJS-TodoMVC/total": 195.85643889383425,
  "Elm-TodoMVC/Adding100Items/Async": 47.948354465756466,
  "Elm-TodoMVC/Adding100Items/Sync": 86.20050139924618,
  "Elm-TodoMVC/Adding100Items/total": 134.20453035323203,
  "Elm-TodoMVC/CompletingAllItems/Async": 29.483974039524316,
  "Elm-TodoMVC/CompletingAllItems/Sync": 81.04374331628223,
  "Elm-TodoMVC/CompletingAllItems/total": 110.55207321793868,
  "Elm-TodoMVC/DeletingItems/Async": 8.924908993023845,
  "Elm-TodoMVC/DeletingItems/Sync": 100.20091639952227,
  "Elm-TodoMVC/DeletingItems/total": 109.24155740165656,
  "Elm-TodoMVC/total": 354.12045434538504,
  "EmberJS-Debug-TodoMVC/Adding100Items/Async": 44.68215039225963,
  "EmberJS-Debug-TodoMVC/Adding100Items/Sync": 706.7628885074375,
  "EmberJS-Debug-TodoMVC/Adding100Items/total": 752.4169852653706,
  "EmberJS-Debug-TodoMVC/CompletingAllItems/Async": 33.0282998555183,
  "EmberJS-Debug-TodoMVC/CompletingAllItems/Sync": 311.09270234358786,
  "EmberJS-Debug-TodoMVC/CompletingAllItems/total": 344.47438595493026,
  "EmberJS-Debug-TodoMVC/DeletingItems/Async": 11.827981181398943,
  "EmberJS-Debug-TodoMVC/DeletingItems/Sync": 285.06726183704563,
  "EmberJS-Debug-TodoMVC/DeletingItems/total": 299.34518247565813,
  "EmberJS-Debug-TodoMVC/total": 1414.9437326859513,
  "EmberJS-TodoMVC/Adding100Items/Async": 34.28031104793004,
  "EmberJS-TodoMVC/Adding100Items/Sync": 151.80877508534266,
  "EmberJS-TodoMVC/Adding100Items/total": 186.15016234870276,
  "EmberJS-TodoMVC/CompletingAllItems/Async": 28.460994938467284,
  "EmberJS-TodoMVC/CompletingAllItems/Sync": 102.2256638442741,
  "EmberJS-TodoMVC/CompletingAllItems/total": 130.74087691063204,
  "EmberJS-TodoMVC/DeletingItems/Async": 3.481962725135474,
  "EmberJS-TodoMVC/DeletingItems/Sync": 74.91052739633002,
  "EmberJS-TodoMVC/DeletingItems/total": 78.42788697983266,
  "EmberJS-TodoMVC/total": 395.87819947885225,
  "Flight-TodoMVC/Adding100Items/Async": 33.03057403144124,
  "Flight-TodoMVC/Adding100Items/Sync": 77.81878408073936,
  "Flight-TodoMVC/Adding100Items/total": 110.86528269809212,
  "Flight-TodoMVC/CompletingAllItems/Async": 25.412853573111438,
  "Flight-TodoMVC/CompletingAllItems/Sync": 84.50226791589061,
  "Flight-TodoMVC/CompletingAllItems/total": 110.02115909342425,
  "Flight-TodoMVC/DeletingItems/Async": 3.3170507135184772,
  "Flight-TodoMVC/DeletingItems/Sync": 68.80082686197126,
  "Flight-TodoMVC/DeletingItems/total": 72.1720326343229,
  "Flight-TodoMVC/total": 293.0866065080324,
  "Inferno-TodoMVC/Adding100Items/Async": 38.85094052751646,
  "Inferno-TodoMVC/Adding100Items/Sync": 44.62763348803616,
  "Inferno-TodoMVC/Adding100Items/total": 83.53598404408369,
  "Inferno-TodoMVC/CompletingAllItems/Async": 6.286478214540108,
  "Inferno-TodoMVC/CompletingAllItems/Sync": 85.06509277424219,
  "Inferno-TodoMVC/CompletingAllItems/total": 91.35818867591152,
  "Inferno-TodoMVC/DeletingItems/Async": 3.360208741407143,
  "Inferno-TodoMVC/DeletingItems/Sync": 195.9199035905012,
  "Inferno-TodoMVC/DeletingItems/total": 199.3299231255514,
  "Inferno-TodoMVC/total": 374.30697732710206,
  "Preact-TodoMVC/Adding100Items/Async": 36.78738233114177,
  "Preact-TodoMVC/Adding100Items/Sync": 4.849435410361062,
  "Preact-TodoMVC/Adding100Items/total": 41.644305043731414,
  "Preact-TodoMVC/CompletingAllItems/Async": 15.8994872092128,
  "Preact-TodoMVC/CompletingAllItems/Sync": 2.978048498629874,
  "Preact-TodoMVC/CompletingAllItems/total": 18.88544846012038,
  "Preact-TodoMVC/DeletingItems/Async": 4.120363464299209,
  "Preact-TodoMVC/DeletingItems/Sync": 1.5030783123477112,
  "Preact-TodoMVC/DeletingItems/total": 5.626912305635898,
  "Preact-TodoMVC/total": 66.16519751386961,
  "React-Redux-TodoMVC/Adding100Items/Async": 33.02384775970327,
  "React-Redux-TodoMVC/Adding100Items/Sync": 135.10458624061616,
  "React-Redux-TodoMVC/Adding100Items/total": 168.27414992545047,
  "React-Redux-TodoMVC/CompletingAllItems/Async": 28.488160096248066,
  "React-Redux-TodoMVC/CompletingAllItems/Sync": 145.97576465753727,
  "React-Redux-TodoMVC/CompletingAllItems/total": 174.6032417882326,
  "React-Redux-TodoMVC/DeletingItems/Async": 3.6118423682935488,
  "React-Redux-TodoMVC/DeletingItems/Sync": 104.32894927428165,
  "React-Redux-TodoMVC/DeletingItems/total": 108.12293773379159,
  "React-Redux-TodoMVC/total": 453.3367965803039,
  "React-TodoMVC/Adding100Items/Async": 34.78199471341223,
  "React-TodoMVC/Adding100Items/Sync": 105.67886314122705,
  "React-TodoMVC/Adding100Items/total": 140.47895702194927,
  "React-TodoMVC/CompletingAllItems/Async": 27.494871759057716,
  "React-TodoMVC/CompletingAllItems/Sync": 63.094905896756295,
  "React-TodoMVC/CompletingAllItems/total": 90.60647930033953,
  "React-TodoMVC/DeletingAllItems/Async": 2.930270911881906,
  "React-TodoMVC/DeletingAllItems/Sync": 46.810181286922536,
  "React-TodoMVC/DeletingAllItems/total": 49.77413448616396,
  "React-TodoMVC/total": 281.27820808515776,
  "Vanilla-ES2015-Babel-Webpack-TodoMVC/Adding100Items/Async": 34.10854064066475,
  "Vanilla-ES2015-Babel-Webpack-TodoMVC/Adding100Items/Sync": 289.65115767629237,
  "Vanilla-ES2015-Babel-Webpack-TodoMVC/Adding100Items/total": 323.8323596310708,
  "Vanilla-ES2015-Babel-Webpack-TodoMVC/CompletingAllItems/Async": 26.34771483055084,
  "Vanilla-ES2015-Babel-Webpack-TodoMVC/CompletingAllItems/Sync": 63.721382278963695,
  "Vanilla-ES2015-Babel-Webpack-TodoMVC/CompletingAllItems/total": 90.08835829834631,
  "Vanilla-ES2015-Babel-Webpack-TodoMVC/DeletingItems/Async": 3.31513590091583,
  "Vanilla-ES2015-Babel-Webpack-TodoMVC/DeletingItems/Sync": 40.12667448282001,
  "Vanilla-ES2015-Babel-Webpack-TodoMVC/DeletingItems/total": 43.51221934150444,
  "Vanilla-ES2015-Babel-Webpack-TodoMVC/total": 457.4451344495847,
  "Vanilla-ES2015-TodoMVC/Adding100Items/Async": 34.30780199887055,
  "Vanilla-ES2015-TodoMVC/Adding100Items/Sync": 295.3121774817023,
  "Vanilla-ES2015-TodoMVC/Adding100Items/total": 329.65621973447725,
  "Vanilla-ES2015-TodoMVC/CompletingAllItems/Async": 26.017857910156984,