{
  "browser-setup": 4.149661,
  "browser-tear_down": 0.254987,
  "probes-creation": 0.000132,
  "probes-setup": 0.0001,
  "probes-start": 5.8e-05,
  "run": 135.726922,
  "runner-cooldown": 2.002049
}