{
  "Angular2-TypeScript-TodoMVC/Adding100Items/Async": 37.992516791373966,
  "Angular2-TypeScript-TodoMVC/Adding100Items/Sync": 58.58301091007976,
  "Angular2-TypeScript-TodoMVC/Adding100Items/total": 96.59988573018833,
  "Angular2-TypeScript-TodoMVC/CompletingAllItems/Async": 18.745738081487666,
  "Angular2-TypeScript-TodoMVC/CompletingAllItems/Sync": 10.227572956618115,
  "Angular2-TypeScript-TodoMVC/CompletingAllItems/total": 29.076765120272,
  "Angular2-TypeScript-TodoMVC/DeletingItems/Async": 4.245811043902261,
  "Angular2-TypeScript-TodoMVC/DeletingItems/Sync": 18.318202686728977,
  "Angular2-TypeScript-TodoMVC/DeletingItems/total": 22.973073805565537,
  "Angular2-TypeScript-TodoMVC/total": 148.98667125793662,
  "AngularJS-TodoMVC/Adding100Items/Async": 52.97895451462152,
  "AngularJS-TodoMVC/Adding100Items/Sync": 266.23406136666694,
  "AngularJS-TodoMVC/Adding100Items/total": 319.65102736041547,
  "AngularJS-TodoMVC/CompletingAllItems/Async": 40.312851289888194,
  "AngularJS-TodoMVC/CompletingAllItems/Sync": 83.9942650008249,
  "AngularJS-TodoMVC/CompletingAllItems/total": 125.65587671455869,
  "AngularJS-TodoMVC/DeletingAllItems/Async": 16.824093939634878,
  "AngularJS-TodoMVC/DeletingAllItems/Sync": 252.50514723092542,
  "AngularJS-TodoMVC/DeletingAllItems/total": 269.5386951409682,
  "AngularJS-TodoMVC/total": 716.2502983017263,
  "BackboneJS-TodoMVC/Adding100Items/Async": 45.66053839155436,
  "BackboneJS-TodoMVC/Adding100Items/Sync": 97.82324103543249,
  "BackboneJS-TodoMVC/Adding100Items/total": 143.80023853043733,
  "BackboneJS-TodoMVC/CompletingAllItems/Async": 34.23821407246936,
  "BackboneJS-TodoMVC/CompletingAllItems/Sync": 55.56112121762966,
  "BackboneJS-TodoMVC/CompletingAllItems/total": 89.9019757065635,
  "BackboneJS-TodoMVC/DeletingAllItems/Async": 5.04295981982147,
  "BackboneJS-TodoMVC/DeletingAllItems/Sync": 30.750820147223557,
  "BackboneJS-TodoMVC/DeletingAllItems/total": 35.8121461096302,
  "BackboneJS-TodoMVC/total": 269.6482463409216,
  "Elm-TodoMVC/Adding100Items/Async": 54.66274903884728,
  "Elm-TodoMVC/Adding100Items/Sync": 198.77936116680317,
  "Elm-TodoMVC/Adding100Items/total": 262.2314236293542,
  "Elm-TodoMVC/CompletingAllItems/Async": 43.72658085300301,
  "Elm-TodoMVC/CompletingAllItems/Sync": 135.06594594030992,
  "Elm-TodoMVC/CompletingAllItems/total": 179.19614251765128,
  "Elm-TodoMVC/DeletingItems/Async": 10.798600007662086,
  "Elm-TodoMVC/DeletingItems/Sync": 257.22919333322943,
  "Elm-TodoMVC/DeletingItems/total": 268.9044498242258,
  "Elm-TodoMVC/total": 780.2533028234221,
  "EmberJS-Debug-TodoMVC/Adding100Items/Async": 46.61859679226226,
  "EmberJS-Debug-TodoMVC/Adding100Items/Sync": 593.5469159791519,
  "EmberJS-Debug-TodoMVC/Adding100Items/total": 640.2200277409278,
  "EmberJS-Debug-TodoMVC/CompletingAllItems/Async": 32.169919587826435,
  "EmberJS-Debug-TodoMVC/CompletingAllItems/Sync": 361.92750458165307,
  "EmberJS-Debug-TodoMVC/CompletingAllItems/total": 394.1284718962182,
  "EmberJS-Debug-TodoMVC/DeletingItems/Async": 5.668533196765121,
  "EmberJS-Debug-TodoMVC/DeletingItems/Sync": 392.86339367538244,
  "EmberJS-Debug-TodoMVC/DeletingItems/total": 399.08257550416835,
  "EmberJS-Debug-TodoMVC/total": 1433.7961598118143,
  "EmberJS-TodoMVC/Adding100Items/Async": 43.36443979374692,
  "EmberJS-TodoMVC/Adding100Items/Sync": 228.14296126495532,
  "EmberJS-TodoMVC/Adding100Items/total": 271.6022544757826,
  "EmberJS-TodoMVC/CompletingAllItems/Async": 39.342268329415056,
  "EmberJS-TodoMVC/CompletingAllItems/Sync": 125.84668149502733,
  "EmberJS-TodoMVC/CompletingAllItems/total": 165.59643774054908,
  "EmberJS-TodoMVC/DeletingItems/Async": 4.584380680952216,
  "EmberJS-TodoMVC/DeletingItems/Sync": 84.06587605127095,
  "EmberJS-TodoMVC/DeletingItems/total": 88.76904796507995,
  "EmberJS-TodoMVC/total": 526.5033636569576,
  "Flight-TodoMVC/Adding100Items/Async": 40.78732700176892,
  "Flight-TodoMVC/Adding100Items/Sync": 111.6209011986186,
  "Flight-TodoMVC/Adding100Items/total": 152.53722601424053,
  "Flight-TodoMVC/CompletingAllItems/Async": 35.299136724336165,
  "Flight-TodoMVC/CompletingAllItems/Sync": 118.9429155501672,
  "Flight-TodoMVC/CompletingAllItems/total": 155.43895330236342,
  "Flight-TodoMVC/DeletingItems/Async": 4.989160694388899,
  "Flight-TodoMVC/DeletingItems/Sync": 104.01976809497201,
  "Flight-TodoMVC/DeletingItems/total": 109.31523291033938,
  "Flight-TodoMVC/total": 417.6186296023872,
  "Inferno-TodoMVC/Adding100Items/Async": 42.91237777306097,
  "Inferno-TodoMVC/Adding100Items/Sync": 54.72594441147858,
  "Inferno-TodoMVC/Adding100Items/total": 97.79030323995354,
  "Inferno-TodoMVC/CompletingAllItems/Async": 11.536934747742349,
  "Inferno-TodoMVC/CompletingAllItems/Sync": 118.72759784175445,
  "Inferno-TodoMVC/CompletingAllItems/total": 130.83604254221947,
  "Inferno-TodoMVC/DeletingItems/Async": 3.973670716080417,
  "Inferno-TodoMVC/DeletingItems/Sync": 243.70728825658898,
  "Inferno-TodoMVC/DeletingItems/total": 247.71709644778747,
  "Inferno-TodoMVC/total": 476.5324149739294,
  "Preact-TodoMVC/Adding100Items/Async": 54.859507255896496,
  "Preact-TodoMVC/Adding100Items/Sync": 9.202099198622868,
  "Preact-TodoMVC/Adding100Items/total": 64.08101227165342,
  "Preact-TodoMVC/CompletingAllItems/Async": 31.78067966698485,
  "Preact-TodoMVC/CompletingAllItems/Sync": 3.91060746408296,
  "Preact-TodoMVC/CompletingAllItems/total": 35.741119641271084,
  "Preact-TodoMVC/DeletingItems/Async": 7.482495729846123,
  "Preact-TodoMVC/DeletingItems/Sync": 2.166027482999016,
  "Preact-TodoMVC/DeletingItems/total": 9.660127776066636,
  "Preact-TodoMVC/total": 110.38828360882184,
  "React-Redux-TodoMVC/Adding100Items/Async": 44.21187637185496,
  "React-Redux-TodoMVC/Adding100Items/Sync": 190.2024351526649,
  "React-Redux-TodoMVC/Adding100Items/total": 234.67469336182495,
  "React-Redux-TodoMVC/CompletingAllItems/Async": 31.735459954528373,
  "React-Redux-TodoMVC/CompletingAllItems/Sync": 170.7454504249066,
  "React-Redux-TodoMVC/CompletingAllItems/total": 202.50262394535605,
  "React-Redux-TodoMVC/DeletingItems/Async": 4.470782440976983,
  "React-Redux-TodoMVC/DeletingItems/Sync": 112.11862946402167,
  "React-Redux-TodoMVC/DeletingItems/total": 116.63978713572223,
  "React-Redux-TodoMVC/total": 554.0125523553256,
  "React-TodoMVC/Adding100Items/Async": 42.68442862072634,
  "React-TodoMVC/Adding100Items/Sync": 147.75940306254174,
  "React-TodoMVC/Adding100Items/total": 190.51346504887175,
  "React-TodoMVC/CompletingAllItems/Async": 33.24179933067209,
  "React-TodoMVC/CompletingAllItems/Sync": 86.66124629993999,
  "React-TodoMVC/CompletingAllItems/total": 119.95196805962065,
  "React-TodoMVC/DeletingAllItems/Async": 4.087337874166438,
  "React-TodoMVC/DeletingAllItems/Sync": 55.84486036750785,
  "React-TodoMVC/DeletingAllItems/total": 60.01220273775347,
  "React-TodoMVC/total": 370.87917206970957,
  "Vanilla-ES2015-Babel-Webpack-TodoMVC/Adding100Items/Async": 39.38481747992849,
  "Vanilla-ES2015-Babel-Webpack-TodoMVC/Adding100Items/Sync": 342.9606194178797,
  "Vanilla-ES2015-Babel-Webpack-TodoMVC/Adding100Items/total": 382.40780071658907,
  "Vanilla-ES2015-Babel-Webpack-TodoMVC/CompletingAllItems/Async": 31.53394475582942,
  "Vanilla-ES2015-Babel-Webpack-TodoMVC/CompletingAllItems/Sync": 78.36040115778566,
  "Vanilla-ES2015-Babel-Webpack-TodoMVC/CompletingAllItems/total": 109.90192348233943,
  "Vanilla-ES2015-Babel-Webpack-TodoMVC/DeletingItems/Async": 4.5241770144498945,
  "Vanilla-ES2015-Babel-Webpack-TodoMVC/DeletingItems/Sync": 51.247737104513405,
  "Vanilla-ES2015-Babel-Webpack-TodoMVC/DeletingItems/total": 55.82684343040502,
  "Vanilla-ES2015-Babel-Webpack-TodoMVC/total": 548.2572520098195,
  "Vanilla-ES2015-TodoMVC/Adding100Items/Async": 38.77449294706722,
  "Vanilla-ES2015-TodoMVC/Adding100Items/Sync": 352.76391089110865,
  "Vanilla-ES2015-TodoMVC/Adding100Items/total": 391.58847444324005,
  "Vanilla-ES2015-TodoMVC/CompletingAllItems/Async": 32.11182119191677,