{
  "browser-setup": 4.003741,
  "browser-tear_down": 0.295401,
  "probes-creation": 0.000131,
  "probes-setup": 9.9e-05,
  "probes-start": 5.9e-05,
  "run": 132.338322,
  "runner-cooldown": 2.000086
}