{
  "browser-setup": 3.991747,
  "browser-tear_down": 0.280089,
  "probes-creation": 0.000125,
  "probes-setup": 0.000101,
  "probes-start": 5.5e-05,
  "run": 128.668324,
  "runner-cooldown": 2.001671
}