{
  "Angular2-TypeScript-TodoMVC/Adding100Items/Async": 37.07528136494927,
  "Angular2-TypeScript-TodoMVC/Adding100Items/Sync": 53.696254643694296,
  "Angular2-TypeScript-TodoMVC/Adding100Items/total": 90.82240767785883,
  "Angular2-TypeScript-TodoMVC/CompletingAllItems/Async": 14.237096745518887,
  "Angular2-TypeScript-TodoMVC/CompletingAllItems/Sync": 9.925176911171464,
  "Angular2-TypeScript-TodoMVC/CompletingAllItems/total": 24.16409694593795,
  "Angular2-TypeScript-TodoMVC/DeletingItems/Async": 3.790719617576286,
  "Angular2-TypeScript-TodoMVC/DeletingItems/Sync": 18.55681104757306,
  "Angular2-TypeScript-TodoMVC/DeletingItems/total": 22.37111183658041,
  "Angular2-TypeScript-TodoMVC/total": 137.55726487709413,
  "AngularJS-TodoMVC/Adding100Items/Async": 49.926445218009164,
  "AngularJS-TodoMVC/Adding100Items/Sync": 236.74503510209686,
  "AngularJS-TodoMVC/Adding100Items/total": 286.9937543463301,
  "AngularJS-TodoMVC/CompletingAllItems/Async": 37.35098026578629,
  "AngularJS-TodoMVC/CompletingAllItems/Sync": 79.77547290966169,
  "AngularJS-TodoMVC/CompletingAllItems/total": 117.83752008980738,
  "AngularJS-TodoMVC/DeletingAllItems/Async": 16.059037453140828,
  "AngularJS-TodoMVC/DeletingAllItems/Sync": 255.44206132065943,
  "AngularJS-TodoMVC/DeletingAllItems/total": 271.58081332510307,
  "AngularJS-TodoMVC/total": 683.4225948718363,
  "BackboneJS-TodoMVC/Adding100Items/Async": 43.479693003325046,
  "BackboneJS-TodoMVC/Adding100Items/Sync": 74.5145217017707,
  "BackboneJS-TodoMVC/Adding100Items/total": 118.1625125211641,
  "BackboneJS-TodoMVC/CompletingAllItems/Async": 32.968801965316196,
  "BackboneJS-TodoMVC/CompletingAllItems/Sync": 48.3776585254745,
  "BackboneJS-TodoMVC/CompletingAllItems/total": 81.49413223383428,
  "BackboneJS-TodoMVC/DeletingAllItems/Async": 5.064930745858815,
  "BackboneJS-TodoMVC/DeletingAllItems/Sync": 30.579592285857327,
  "BackboneJS-TodoMVC/DeletingAllItems/total": 35.745626012058054,
  "BackboneJS-TodoMVC/total": 235.44333063805317,
  "Elm-TodoMVC/Adding100Items/Async": 51.31604086359797,
  "Elm-TodoMVC/Adding100Items/Sync": 133.80089498563848,
  "Elm-TodoMVC/Adding100Items/total": 185.69518262919453,
  "Elm-TodoMVC/CompletingAllItems/Async": 35.96475062404051,
  "Elm-TodoMVC/CompletingAllItems/Sync": 151.43652468982648,
  "Elm-TodoMVC/CompletingAllItems/total": 188.6012284379882,
  "Elm-TodoMVC/DeletingItems/Async": 11.424544994171034,
  "Elm-TodoMVC/DeletingItems/Sync": 155.09121743043028,
  "Elm-TodoMVC/DeletingItems/total": 166.99225531139055,
  "Elm-TodoMVC/total": 559.5307535414838,
  "EmberJS-Debug-TodoMVC/Adding100Items/Async": 47.22598726693568,
  "EmberJS-Debug-TodoMVC/Adding100Items/Sync": 588.5277826138621,
  "EmberJS-Debug-TodoMVC/Adding100Items/total": 635.8446123393878,
  "EmberJS-Debug-TodoMVC/CompletingAllItems/Async": 31.615098798898376,
  "EmberJS-Debug-TodoMVC/CompletingAllItems/Sync": 364.56470778096013,
  "EmberJS-Debug-TodoMVC/CompletingAllItems/total": 396.2666419294399,
  "EmberJS-Debug-TodoMVC/DeletingItems/Async": 7.7995711005680075,
  "EmberJS-Debug-TodoMVC/DeletingItems/Sync": 406.88686144416596,
  "EmberJS-Debug-TodoMVC/DeletingItems/total": 416.3998253959104,
  "EmberJS-Debug-TodoMVC/total": 1458.7952790227812,
  "EmberJS-TodoMVC/Adding100Items/Async": 42.733162037991896,
  "EmberJS-TodoMVC/Adding100Items/Sync": 207.43532766654693,
  "EmberJS-TodoMVC/Adding100Items/total": 250.2939051707042,
  "EmberJS-TodoMVC/CompletingAllItems/Async": 31.902850294286885,
  "EmberJS-TodoMVC/CompletingAllItems/Sync": 117.40322275210656,
  "EmberJS-TodoMVC/CompletingAllItems/total": 149.52110923171205,
  "EmberJS-TodoMVC/DeletingItems/Async": 3.914705049315999,
  "EmberJS-TodoMVC/DeletingItems/Sync": 78.79547179524239,
  "EmberJS-TodoMVC/DeletingItems/total": 82.77690938797276,
  "EmberJS-TodoMVC/total": 483.1222932850512,
  "Flight-TodoMVC/Adding100Items/Async": 38.799509213034746,
  "Flight-TodoMVC/Adding100Items/Sync": 97.14857914012785,
  "Flight-TodoMVC/Adding100Items/total": 135.95569285203482,
  "Flight-TodoMVC/CompletingAllItems/Async": 28.578618201465634,
  "Flight-TodoMVC/CompletingAllItems/Sync": 106.47206260460679,
  "Flight-TodoMVC/CompletingAllItems/total": 135.06740696533794,
  "Flight-TodoMVC/DeletingItems/Async": 3.717940380463723,
  "Flight-TodoMVC/DeletingItems/Sync": 90.00773649882747,
  "Flight-TodoMVC/DeletingItems/total": 93.73115087573902,
  "Flight-TodoMVC/total": 364.8342103858013,
  "Inferno-TodoMVC/Adding100Items/Async": 45.59665592591198,
  "Inferno-TodoMVC/Adding100Items/Sync": 47.87209634408401,
  "Inferno-TodoMVC/Adding100Items/total": 93.54856130194473,
  "Inferno-TodoMVC/CompletingAllItems/Async": 11.825865965374433,
  "Inferno-TodoMVC/CompletingAllItems/Sync": 130.93148164633726,
  "Inferno-TodoMVC/CompletingAllItems/total": 143.36562559450937,
  "Inferno-TodoMVC/DeletingItems/Async": 4.400084101841731,
  "Inferno-TodoMVC/DeletingItems/Sync": 243.00774050363364,
  "Inferno-TodoMVC/DeletingItems/total": 247.81910015427383,
  "Inferno-TodoMVC/total": 494.1382285467953,
  "Preact-TodoMVC/Adding100Items/Async": 44.04075426714788,
  "Preact-TodoMVC/Adding100Items/Sync": 6.482262586007572,
  "Preact-TodoMVC/Adding100Items/total": 50.529466230013995,
  "Preact-TodoMVC/CompletingAllItems/Async": 29.342795730182367,
  "Preact-TodoMVC/CompletingAllItems/Sync": 3.97286367069127,
  "Preact-TodoMVC/CompletingAllItems/total": 33.39105087851861,
  "Preact-TodoMVC/DeletingItems/Async": 7.618583074904659,
  "Preact-TodoMVC/DeletingItems/Sync": 2.1239266291520416,
  "Preact-TodoMVC/DeletingItems/total": 9.753046246855499,
  "Preact-TodoMVC/total": 94.06611762171609,
  "React-Redux-TodoMVC/Adding100Items/Async": 43.789256314516976,
  "React-Redux-TodoMVC/Adding100Items/Sync": 179.17659833647437,
  "React-Redux-TodoMVC/Adding100Items/total": 223.0250829756681,
  "React-Redux-TodoMVC/CompletingAllItems/Async": 30.728523395979803,
  "React-Redux-TodoMVC/CompletingAllItems/Sync": 189.34303554505055,
  "React-Redux-TodoMVC/CompletingAllItems/total": 220.33060141171677,
  "React-Redux-TodoMVC/DeletingItems/Async": 6.200928986383548,
  "React-Redux-TodoMVC/DeletingItems/Sync": 120.99618474666244,
  "React-Redux-TodoMVC/DeletingItems/total": 127.94223126666765,
  "React-Redux-TodoMVC/total": 578.178293286328,
  "React-TodoMVC/Adding100Items/Async": 43.6645591873038,
  "React-TodoMVC/Adding100Items/Sync": 151.40449014096794,
  "React-TodoMVC/Adding100Items/total": 195.79609672863225,
  "React-TodoMVC/CompletingAllItems/Async": 30.915420944907343,
  "React-TodoMVC/CompletingAllItems/Sync": 91.5546018690325,
  "React-TodoMVC/CompletingAllItems/total": 123.31877703519937,
  "React-TodoMVC/DeletingAllItems/Async": 4.990636379151488,
  "React-TodoMVC/DeletingAllItems/Sync": 54.878041233372734,
  "React-TodoMVC/DeletingAllItems/total": 60.803593667486005,
  "React-TodoMVC/total": 385.96592078674036,
  "Vanilla-ES2015-Babel-Webpack-TodoMVC/Adding100Items/Async": 37.491941135038516,
  "Vanilla-ES2015-Babel-Webpack-TodoMVC/Adding100Items/Sync": 339.383734880719,
  "Vanilla-ES2015-Babel-Webpack-TodoMVC/Adding100Items/total": 376.8786070038998,
  "Vanilla-ES2015-Babel-Webpack-TodoMVC/CompletingAllItems/Async": 28.32555582611178,
  "Vanilla-ES2015-Babel-Webpack-TodoMVC/CompletingAllItems/Sync": 71.19118142742592,
  "Vanilla-ES2015-Babel-Webpack-TodoMVC/CompletingAllItems/total": 99.5425031584669,
  "Vanilla-ES2015-Babel-Webpack-TodoMVC/DeletingItems/Async": 4.1521257329660655,
  "Vanilla-ES2015-Babel-Webpack-TodoMVC/DeletingItems/Sync": 45.38913542570676,
  "Vanilla-ES2015-Babel-Webpack-TodoMVC/DeletingItems/total": 49.69273458031535,
  "Vanilla-ES2015-Babel-Webpack-TodoMVC/total": 526.256163600553,
  "Vanilla-ES2015-TodoMVC/Adding100Items/Async": 37.20460379336525,
  "Vanilla-ES2015-TodoMVC/Adding100Items/Sync": 346.1689809216951,
  "Vanilla-ES2015-TodoMVC/Adding100Items/total": 383.39570763257007,
  "Vanilla-ES2015-TodoMVC/CompletingAllItems/Async": 30.080886806542253,