{
  "browser-setup": 4.053533,
  "browser-tear_down": 0.283638,
  "probes-creation": 0.000122,
  "probes-setup": 9.9e-05,
  "probes-start": 5.3e-05,
  "run": 125.999527,
  "runner-cooldown": 2.002048
}