{
  "Angular2-TypeScript-TodoMVC/Adding100Items/Async": 37.249751579564,
  "Angular2-TypeScript-TodoMVC/Adding100Items/Sync": 53.748745181327685,
  "Angular2-TypeScript-TodoMVC/Adding100Items/total": 91.0457588815941,
  "Angular2-TypeScript-TodoMVC/CompletingAllItems/Async": 14.12751876522334,
  "Angular2-TypeScript-TodoMVC/CompletingAllItems/Sync": 9.955688650544428,
  "Angular2-TypeScript-TodoMVC/CompletingAllItems/total": 24.084224910436106,
  "Angular2-TypeScript-TodoMVC/DeletingItems/Async": 3.7077380743722363,
  "Angular2-TypeScript-TodoMVC/DeletingItems/Sync": 17.59851357485689,
  "Angular2-TypeScript-TodoMVC/DeletingItems/total": 21.334017819868222,
  "Angular2-TypeScript-TodoMVC/total": 136.47625633193917,
  "AngularJS-TodoMVC/Adding100Items/Async": 54.55443936664473,
  "AngularJS-TodoMVC/Adding100Items/Sync": 229.25768733335462,
  "AngularJS-TodoMVC/Adding100Items/total": 284.55990890108103,
  "AngularJS-TodoMVC/CompletingAllItems/Async": 33.598409171994305,
  "AngularJS-TodoMVC/CompletingAllItems/Sync": 80.32623604112455,
  "AngularJS-TodoMVC/CompletingAllItems/total": 115.94367639832396,
  "AngularJS-TodoMVC/DeletingAllItems/Async": 17.188008589091382,
  "AngularJS-TodoMVC/DeletingAllItems/Sync": 275.93640912132395,
  "AngularJS-TodoMVC/DeletingAllItems/total": 293.326213904381,
  "AngularJS-TodoMVC/total": 706.3060338427047,
  "BackboneJS-TodoMVC/Adding100Items/Async": 43.52010533754579,
  "BackboneJS-TodoMVC/Adding100Items/Sync": 70.55015032534368,
  "BackboneJS-TodoMVC/Adding100Items/total": 114.08492600836314,
  "BackboneJS-TodoMVC/CompletingAllItems/Async": 33.109206590300936,
  "BackboneJS-TodoMVC/CompletingAllItems/Sync": 46.16504555904403,
  "BackboneJS-TodoMVC/CompletingAllItems/total": 79.27559918078181,
  "BackboneJS-TodoMVC/DeletingAllItems/Async": 4.971574076774031,
  "BackboneJS-TodoMVC/DeletingAllItems/Sync": 33.062581864303844,
  "BackboneJS-TodoMVC/DeletingAllItems/total": 38.22541936284491,
  "BackboneJS-TodoMVC/total": 233.8820649801208,
  "Elm-TodoMVC/Adding100Items/Async": 49.89204967942595,
  "Elm-TodoMVC/Adding100Items/Sync": 128.83345645168671,
  "Elm-TodoMVC/Adding100Items/total": 179.67566835771336,
  "Elm-TodoMVC/CompletingAllItems/Async": 35.60243862792971,
  "Elm-TodoMVC/CompletingAllItems/Sync": 142.15102935944526,
  "Elm-TodoMVC/CompletingAllItems/total": 178.81011526251336,
  "Elm-TodoMVC/DeletingItems/Async": 10.588600461921667,
  "Elm-TodoMVC/DeletingItems/Sync": 168.94627044463428,
  "Elm-TodoMVC/DeletingItems/total": 179.91135572041009,
  "Elm-TodoMVC/total": 551.4848204936239,
  "EmberJS-Debug-TodoMVC/Adding100Items/Async": 47.17126112173376,
  "EmberJS-Debug-TodoMVC/Adding100Items/Sync": 588.019715074152,
  "EmberJS-Debug-TodoMVC/Adding100Items/total": 635.324162519724,
  "EmberJS-Debug-TodoMVC/CompletingAllItems/Async": 31.82453253357387,
  "EmberJS-Debug-TodoMVC/CompletingAllItems/Sync": 358.27935783465927,
  "EmberJS-Debug-TodoMVC/CompletingAllItems/total": 390.29600161494807,
  "EmberJS-Debug-TodoMVC/DeletingItems/Async": 7.924522243907825,
  "EmberJS-Debug-TodoMVC/DeletingItems/Sync": 376.9751129162993,
  "EmberJS-Debug-TodoMVC/DeletingItems/total": 386.0192280086407,
  "EmberJS-Debug-TodoMVC/total": 1418.3877374143706,
  "EmberJS-TodoMVC/Adding100Items/Async": 45.309898110321456,
  "EmberJS-TodoMVC/Adding100Items/Sync": 237.37292630813283,
  "EmberJS-TodoMVC/Adding100Items/total": 283.1688307508911,
  "EmberJS-TodoMVC/CompletingAllItems/Async": 36.4202686053248,
  "EmberJS-TodoMVC/CompletingAllItems/Sync": 117.18475931707297,
  "EmberJS-TodoMVC/CompletingAllItems/total": 153.91857982778725,
  "EmberJS-TodoMVC/DeletingItems/Async": 6.392077208737682,
  "EmberJS-TodoMVC/DeletingItems/Sync": 77.46861673421176,
  "EmberJS-TodoMVC/DeletingItems/total": 84.5618762575152,
  "EmberJS-TodoMVC/total": 525.647607595676,
  "Flight-TodoMVC/Adding100Items/Async": 39.008602790749535,
  "Flight-TodoMVC/Adding100Items/Sync": 97.98664607728111,
  "Flight-TodoMVC/Adding100Items/total": 137.0057300813541,
  "Flight-TodoMVC/CompletingAllItems/Async": 28.608760409250344,
  "Flight-TodoMVC/CompletingAllItems/Sync": 109.893828642985,
  "Flight-TodoMVC/CompletingAllItems/total": 138.56372942161144,
  "Flight-TodoMVC/DeletingItems/Async": 4.3323279377942,
  "Flight-TodoMVC/DeletingItems/Sync": 97.037910155052,
  "Flight-TodoMVC/DeletingItems/total": 101.43908574398574,
  "Flight-TodoMVC/total": 378.9768799444188,
  "Inferno-TodoMVC/Adding100Items/Async": 43.487572629066314,
  "Inferno-TodoMVC/Adding100Items/Sync": 50.856712697857205,
  "Inferno-TodoMVC/Adding100Items/total": 94.58533579604273,
  "Inferno-TodoMVC/CompletingAllItems/Async": 10.696782076931065,
  "Inferno-TodoMVC/CompletingAllItems/Sync": 109.09615954504768,
  "Inferno-TodoMVC/CompletingAllItems/total": 120.35240669684774,
  "Inferno-TodoMVC/DeletingItems/Async": 3.4841151117448295,
  "Inferno-TodoMVC/DeletingItems/Sync": 241.67962097495214,
  "Inferno-TodoMVC/DeletingItems/total": 245.1693873885342,
  "Inferno-TodoMVC/total": 460.2788949290707,
  "Preact-TodoMVC/Adding100Items/Async": 43.105585304415726,
  "Preact-TodoMVC/Adding100Items/Sync": 6.442149474340089,
  "Preact-TodoMVC/Adding100Items/total": 49.550400103306096,
  "Preact-TodoMVC/CompletingAllItems/Async": 30.927586724172436,
  "Preact-TodoMVC/CompletingAllItems/Sync": 3.939371512913131,
  "Preact-TodoMVC/CompletingAllItems/total": 34.874049605363936,
  "Preact-TodoMVC/DeletingItems/Async": 7.618583071079289,
  "Preact-TodoMVC/DeletingItems/Sync": 2.1020506348949266,
  "Preact-TodoMVC/DeletingItems/total": 9.72612235700706,
  "Preact-TodoMVC/total": 94.15450510374282,
  "React-Redux-TodoMVC/Adding100Items/Async": 42.86913561027436,
  "React-Redux-TodoMVC/Adding100Items/Sync": 185.63227264391872,
  "React-Redux-TodoMVC/Adding100Items/total": 228.8033951462518,
  "React-Redux-TodoMVC/CompletingAllItems/Async": 28.87196271715386,
  "React-Redux-TodoMVC/CompletingAllItems/Sync": 176.08744029287016,
  "React-Redux-TodoMVC/CompletingAllItems/total": 205.2472962367567,
  "React-Redux-TodoMVC/DeletingItems/Async": 4.348742060636634,
  "React-Redux-TodoMVC/DeletingItems/Sync": 114.30730654186527,
  "React-Redux-TodoMVC/DeletingItems/total": 119.00754189368068,
  "React-Redux-TodoMVC/total": 553.2072335333213,
  "React-TodoMVC/Adding100Items/Async": 43.82060541591818,
  "React-TodoMVC/Adding100Items/Sync": 155.85918365570208,
  "React-TodoMVC/Adding100Items/total": 199.98133325076492,
  "React-TodoMVC/CompletingAllItems/Async": 30.444879366124372,
  "React-TodoMVC/CompletingAllItems/Sync": 82.36882696222524,
  "React-TodoMVC/CompletingAllItems/total": 112.8822115260896,
  "React-TodoMVC/DeletingAllItems/Async": 4.1540150941278595,
  "React-TodoMVC/DeletingAllItems/Sync": 63.53151288429482,
  "React-TodoMVC/DeletingAllItems/total": 68.16680959259608,
  "React-TodoMVC/total": 389.2157822783758,
  "Vanilla-ES2015-Babel-Webpack-TodoMVC/Adding100Items/Async": 37.97447858650833,
  "Vanilla-ES2015-Babel-Webpack-TodoMVC/Adding100Items/Sync": 329.93129156556813,
  "Vanilla-ES2015-Babel-Webpack-TodoMVC/Adding100Items/total": 367.97655043597354,
  "Vanilla-ES2015-Babel-Webpack-TodoMVC/CompletingAllItems/Async": 29.496182745269365,
  "Vanilla-ES2015-Babel-Webpack-TodoMVC/CompletingAllItems/Sync": 71.2052467902699,
  "Vanilla-ES2015-Babel-Webpack-TodoMVC/CompletingAllItems/total": 100.72825346849979,
  "Vanilla-ES2015-Babel-Webpack-TodoMVC/DeletingItems/Async": 4.193276296800637,
  "Vanilla-ES2015-Babel-Webpack-TodoMVC/DeletingItems/Sync": 45.71132745059486,
  "Vanilla-ES2015-Babel-Webpack-TodoMVC/DeletingItems/total": 50.02696921316018,
  "Vanilla-ES2015-Babel-Webpack-TodoMVC/total": 518.835397818391,
  "Vanilla-ES2015-TodoMVC/Adding100Items/Async": 36.43862303764749,
  "Vanilla-ES2015-TodoMVC/Adding100Items/Sync": 339.8226873716066,
  "Vanilla-ES2015-TodoMVC/Adding100Items/total": 376.2633610348594,
  "Vanilla-ES2015-TodoMVC/CompletingAllItems/Async": 30.365394604944285,