{
  "browser-setup": 3.280141,
  "browser-tear_down": 0.310102,
  "probes-creation": 0.00019,
  "probes-setup": 0.000163,
  "probes-start": 7.8e-05,
  "run": 114.432741,
  "runner-cooldown": 2.002057
}