{
  "Angular2-TypeScript-TodoMVC/Adding100Items/Async": 32.43244215832336,
  "Angular2-TypeScript-TodoMVC/Adding100Items/Sync": 42.35240807966147,
  "Angular2-TypeScript-TodoMVC/Adding100Items/total": 74.82255264032251,
  "Angular2-TypeScript-TodoMVC/CompletingAllItems/Async": 12.877699302644078,
  "Angular2-TypeScript-TodoMVC/CompletingAllItems/Sync": 8.627538164239224,
  "Angular2-TypeScript-TodoMVC/CompletingAllItems/total": 21.50652466121593,
  "Angular2-TypeScript-TodoMVC/DeletingItems/Async": 3.7425857345030376,
  "Angular2-TypeScript-TodoMVC/DeletingItems/Sync": 16.63208814586439,
  "Angular2-TypeScript-TodoMVC/DeletingItems/total": 21.95158565884166,
  "Angular2-TypeScript-TodoMVC/total": 119.70398377361593,
  "AngularJS-TodoMVC/Adding100Items/Async": 41.84688431533214,
  "AngularJS-TodoMVC/Adding100Items/Sync": 157.2314026011002,
  "AngularJS-TodoMVC/Adding100Items/total": 199.0841245406666,
  "AngularJS-TodoMVC/CompletingAllItems/Async": 26.34760553538237,
  "AngularJS-TodoMVC/CompletingAllItems/Sync": 55.324518693419414,
  "AngularJS-TodoMVC/CompletingAllItems/total": 81.68119916397242,
  "AngularJS-TodoMVC/DeletingAllItems/Async": 16.612543171233586,
  "AngularJS-TodoMVC/DeletingAllItems/Sync": 158.94112145224892,
  "AngularJS-TodoMVC/DeletingAllItems/total": 175.6509464415423,
  "AngularJS-TodoMVC/total": 456.46061396115374,
  "BackboneJS-TodoMVC/Adding100Items/Async": 42.73992382797607,
  "BackboneJS-TodoMVC/Adding100Items/Sync": 55.21688765714824,
  "BackboneJS-TodoMVC/Adding100Items/total": 98.18521991125046,
  "BackboneJS-TodoMVC/CompletingAllItems/Async": 30.940288337240347,
  "BackboneJS-TodoMVC/CompletingAllItems/Sync": 37.80268462970032,
  "BackboneJS-TodoMVC/CompletingAllItems/total": 68.8402595761811,
  "BackboneJS-TodoMVC/DeletingAllItems/Async": 4.860843232499538,
  "BackboneJS-TodoMVC/DeletingAllItems/Sync": 26.00816456457199,
  "BackboneJS-TodoMVC/DeletingAllItems/total": 31.38356159213125,
  "BackboneJS-TodoMVC/total": 198.48623771403783,
  "Elm-TodoMVC/Adding100Items/Async": 49.44305105119598,
  "Elm-TodoMVC/Adding100Items/Sync": 89.20013862169357,
  "Elm-TodoMVC/Adding100Items/total": 138.74124637448614,
  "Elm-TodoMVC/CompletingAllItems/Async": 30.39593613377499,
  "Elm-TodoMVC/CompletingAllItems/Sync": 82.10965068091775,
  "Elm-TodoMVC/CompletingAllItems/total": 112.54289043914332,
  "Elm-TodoMVC/DeletingItems/Async": 9.303381749348578,
  "Elm-TodoMVC/DeletingItems/Sync": 101.82830715054496,
  "Elm-TodoMVC/DeletingItems/total": 111.2450653322699,
  "Elm-TodoMVC/total": 362.8809671471786,
  "EmberJS-Debug-TodoMVC/Adding100Items/Async": 46.677541820681334,
  "EmberJS-Debug-TodoMVC/Adding100Items/Sync": 733.7830288090577,
  "EmberJS-Debug-TodoMVC/Adding100Items/total": 781.1221401568195,
  "EmberJS-Debug-TodoMVC/CompletingAllItems/Async": 33.956029000707204,
  "EmberJS-Debug-TodoMVC/CompletingAllItems/Sync": 296.73462761112904,
  "EmberJS-Debug-TodoMVC/CompletingAllItems/total": 330.86603920757744,
  "EmberJS-Debug-TodoMVC/DeletingItems/Async": 13.645228971449697,
  "EmberJS-Debug-TodoMVC/DeletingItems/Sync": 284.2596553618637,
  "EmberJS-Debug-TodoMVC/DeletingItems/total": 300.9348113153026,
  "EmberJS-Debug-TodoMVC/total": 1419.3568385783892,
  "EmberJS-TodoMVC/Adding100Items/Async": 36.20092775903882,
  "EmberJS-TodoMVC/Adding100Items/Sync": 152.23595323525464,
  "EmberJS-TodoMVC/Adding100Items/total": 188.53255060556182,
  "EmberJS-TodoMVC/CompletingAllItems/Async": 29.446831572333664,
  "EmberJS-TodoMVC/CompletingAllItems/Sync": 103.7940827120677,
  "EmberJS-TodoMVC/CompletingAllItems/total": 133.3093045208211,
  "EmberJS-TodoMVC/DeletingItems/Async": 3.6607360323446,
  "EmberJS-TodoMVC/DeletingItems/Sync": 72.85115734813073,
  "EmberJS-TodoMVC/DeletingItems/total": 76.55464897328149,
  "EmberJS-TodoMVC/total": 399.8673847651524,
  "Flight-TodoMVC/Adding100Items/Async": 34.048603303061,
  "Flight-TodoMVC/Adding100Items/Sync": 79.26760792628556,
  "Flight-TodoMVC/Adding100Items/total": 113.32939595994239,
  "Flight-TodoMVC/CompletingAllItems/Async": 26.243197241333394,
  "Flight-TodoMVC/CompletingAllItems/Sync": 86.69374287480703,
  "Flight-TodoMVC/CompletingAllItems/total": 113.04148563327382,
  "Flight-TodoMVC/DeletingItems/Async": 3.601174149980817,
  "Flight-TodoMVC/DeletingItems/Sync": 70.48133298013596,
  "Flight-TodoMVC/DeletingItems/total": 74.15954975450178,
  "Flight-TodoMVC/total": 300.56335035814425,
  "Inferno-TodoMVC/Adding100Items/Async": 38.775050892598145,
  "Inferno-TodoMVC/Adding100Items/Sync": 43.024695341017626,
  "Inferno-TodoMVC/Adding100Items/total": 81.9314559969378,
  "Inferno-TodoMVC/CompletingAllItems/Async": 6.900736395277821,
  "Inferno-TodoMVC/CompletingAllItems/Sync": 86.32892699810257,
  "Inferno-TodoMVC/CompletingAllItems/total": 93.32757823061405,
  "Inferno-TodoMVC/DeletingItems/Async": 3.48871786323748,
  "Inferno-TodoMVC/DeletingItems/Sync": 204.35042837682948,
  "Inferno-TodoMVC/DeletingItems/total": 207.89348664130208,
  "Inferno-TodoMVC/total": 383.25898378517434,
  "Preact-TodoMVC/Adding100Items/Async": 37.96807210994775,
  "Preact-TodoMVC/Adding100Items/Sync": 5.039373900863314,
  "Preact-TodoMVC/Adding100Items/total": 43.013960056127004,
  "Preact-TodoMVC/CompletingAllItems/Async": 16.46978692992298,
  "Preact-TodoMVC/CompletingAllItems/Sync": 3.1447930511684445,
  "Preact-TodoMVC/CompletingAllItems/total": 19.627411617704336,
  "Preact-TodoMVC/DeletingItems/Async": 4.8547861044079585,
  "Preact-TodoMVC/DeletingItems/Sync": 1.7972217384961453,
  "Preact-TodoMVC/DeletingItems/total": 6.65379308078935,
  "Preact-TodoMVC/total": 69.36688262153295,
  "React-Redux-TodoMVC/Adding100Items/Async": 34.047225246642235,
  "React-Redux-TodoMVC/Adding100Items/Sync": 138.2125584653342,
  "React-Redux-TodoMVC/Adding100Items/total": 172.4630794426719,
  "React-Redux-TodoMVC/CompletingAllItems/Async": 27.711761204655772,
  "React-Redux-TodoMVC/CompletingAllItems/Sync": 150.1726632780949,
  "React-Redux-TodoMVC/CompletingAllItems/total": 178.40619008947948,
  "React-Redux-TodoMVC/DeletingItems/Async": 3.589646452677345,
  "React-Redux-TodoMVC/DeletingItems/Sync": 105.43294152007138,
  "React-Redux-TodoMVC/DeletingItems/total": 109.22169953364718,
  "React-Redux-TodoMVC/total": 462.2368314918306,
  "React-TodoMVC/Adding100Items/Async": 35.95692660346292,
  "React-TodoMVC/Adding100Items/Sync": 108.41095086073717,
  "React-TodoMVC/Adding100Items/total": 144.55677727787648,
  "React-TodoMVC/CompletingAllItems/Async": 28.118970254637976,
  "React-TodoMVC/CompletingAllItems/Sync": 63.98078990138758,
  "React-TodoMVC/CompletingAllItems/total": 92.11808082186955,
  "React-TodoMVC/DeletingAllItems/Async": 3.162541990462542,
  "React-TodoMVC/DeletingAllItems/Sync": 48.63269212967056,
  "React-TodoMVC/DeletingAllItems/total": 51.86249624625941,
  "React-TodoMVC/total": 288.99802025167645,
  "Vanilla-ES2015-Babel-Webpack-TodoMVC/Adding100Items/Async": 36.00765130407517,
  "Vanilla-ES2015-Babel-Webpack-TodoMVC/Adding100Items/Sync": 301.20380661038575,
  "Vanilla-ES2015-Babel-Webpack-TodoMVC/Adding100Items/total": 337.24135847125325,
  "Vanilla-ES2015-Babel-Webpack-TodoMVC/CompletingAllItems/Async": 27.28177420837293,
  "Vanilla-ES2015-Babel-Webpack-TodoMVC/CompletingAllItems/Sync": 64.55216723828705,
  "Vanilla-ES2015-Babel-Webpack-TodoMVC/CompletingAllItems/total": 91.85732762559671,
  "Vanilla-ES2015-Babel-Webpack-TodoMVC/DeletingItems/Async": 3.161473007425967,
  "Vanilla-ES2015-Babel-Webpack-TodoMVC/DeletingItems/Sync": 40.87340218408738,
  "Vanilla-ES2015-Babel-Webpack-TodoMVC/DeletingItems/total": 44.0434949296679,
  "Vanilla-ES2015-Babel-Webpack-TodoMVC/total": 473.1570294603575,
  "Vanilla-ES2015-TodoMVC/Adding100Items/Async": 35.442710159630614,
  "Vanilla-ES2015-TodoMVC/Adding100Items/Sync": 306.6904049028219,
  "Vanilla-ES2015-TodoMVC/Adding100Items/total": 342.1998546069779,
  "Vanilla-ES2015-TodoMVC/CompletingAllItems/Async": 26.082597347865615,