{
  "browser-setup": 3.329889,
  "browser-tear_down": 0.261244,
  "probes-creation": 0.000223,
  "probes-setup": 0.00032,
  "probes-start": 8.3e-05,
  "run": 114.99738,
  "runner-cooldown": 2.002441
}