{
  "Angular2-TypeScript-TodoMVC/Adding100Items/Async": 32.48524593755331,
  "Angular2-TypeScript-TodoMVC/Adding100Items/Sync": 43.30074365617086,
  "Angular2-TypeScript-TodoMVC/Adding100Items/total": 75.84997089077741,
  "Angular2-TypeScript-TodoMVC/CompletingAllItems/Async": 13.630460584469457,
  "Angular2-TypeScript-TodoMVC/CompletingAllItems/Sync": 8.636625231622228,
  "Angular2-TypeScript-TodoMVC/CompletingAllItems/total": 22.347172970004614,
  "Angular2-TypeScript-TodoMVC/DeletingItems/Async": 2.694559513591416,
  "Angular2-TypeScript-TodoMVC/DeletingItems/Sync": 16.445616436625574,
  "Angular2-TypeScript-TodoMVC/DeletingItems/total": 19.147541577659812,
  "Angular2-TypeScript-TodoMVC/total": 117.48051513248998,
  "AngularJS-TodoMVC/Adding100Items/Async": 42.23089082407318,
  "AngularJS-TodoMVC/Adding100Items/Sync": 156.28762285468582,
  "AngularJS-TodoMVC/Adding100Items/total": 198.5310032725173,
  "AngularJS-TodoMVC/CompletingAllItems/Async": 25.845871208745812,
  "AngularJS-TodoMVC/CompletingAllItems/Sync": 54.82571390481003,
  "AngularJS-TodoMVC/CompletingAllItems/total": 80.73555433959272,
  "AngularJS-TodoMVC/DeletingAllItems/Async": 15.608470444046148,
  "AngularJS-TodoMVC/DeletingAllItems/Sync": 159.89580396269287,
  "AngularJS-TodoMVC/DeletingAllItems/total": 175.61727430703428,
  "AngularJS-TodoMVC/total": 454.9545513877422,
  "BackboneJS-TodoMVC/Adding100Items/Async": 43.134283592788606,
  "BackboneJS-TodoMVC/Adding100Items/Sync": 56.06837515645215,
  "BackboneJS-TodoMVC/Adding100Items/total": 99.41245375820942,
  "BackboneJS-TodoMVC/CompletingAllItems/Async": 35.60389978563954,
  "BackboneJS-TodoMVC/CompletingAllItems/Sync": 37.654502637014104,
  "BackboneJS-TodoMVC/CompletingAllItems/total": 74.3521453971726,
  "BackboneJS-TodoMVC/DeletingAllItems/Async": 5.571512345546662,
  "BackboneJS-TodoMVC/DeletingAllItems/Sync": 26.1537594330614,
  "BackboneJS-TodoMVC/DeletingAllItems/total": 32.29843650932524,
  "BackboneJS-TodoMVC/total": 206.86787410205852,
  "Elm-TodoMVC/Adding100Items/Async": 49.06079949669033,
  "Elm-TodoMVC/Adding100Items/Sync": 87.47180807191961,
  "Elm-TodoMVC/Adding100Items/total": 136.60917649651822,
  "Elm-TodoMVC/CompletingAllItems/Async": 30.316516749523622,
  "Elm-TodoMVC/CompletingAllItems/Sync": 84.04565418610618,
  "Elm-TodoMVC/CompletingAllItems/total": 114.4130265987504,
  "Elm-TodoMVC/DeletingItems/Async": 9.100015048850565,
  "Elm-TodoMVC/DeletingItems/Sync": 105.26966220673296,
  "Elm-TodoMVC/DeletingItems/total": 114.4573455655892,
  "Elm-TodoMVC/total": 365.58355214427286,
  "EmberJS-Debug-TodoMVC/Adding100Items/Async": 46.21408848726275,
  "EmberJS-Debug-TodoMVC/Adding100Items/Sync": 754.6528755373116,
  "EmberJS-Debug-TodoMVC/Adding100Items/total": 801.6769393588875,
  "EmberJS-Debug-TodoMVC/CompletingAllItems/Async": 34.22802994655535,
  "EmberJS-Debug-TodoMVC/CompletingAllItems/Sync": 295.93662953068974,
  "EmberJS-Debug-TodoMVC/CompletingAllItems/total": 330.4583083846524,
  "EmberJS-Debug-TodoMVC/DeletingItems/Async": 11.081967016848068,
  "EmberJS-Debug-TodoMVC/DeletingItems/Sync": 284.50788658704056,
  "EmberJS-Debug-TodoMVC/DeletingItems/total": 298.7882642204889,
  "EmberJS-Debug-TodoMVC/total": 1438.5330521775504,
  "EmberJS-TodoMVC/Adding100Items/Async": 34.81883098021182,
  "EmberJS-TodoMVC/Adding100Items/Sync": 158.87089934483538,
  "EmberJS-TodoMVC/Adding100Items/total": 193.94053265912248,
  "EmberJS-TodoMVC/CompletingAllItems/Async": 28.867697181920047,
  "EmberJS-TodoMVC/CompletingAllItems/Sync": 110.64323077777644,
  "EmberJS-TodoMVC/CompletingAllItems/total": 139.7715599738712,
  "EmberJS-TodoMVC/DeletingItems/Async": 3.6220986468208167,
  "EmberJS-TodoMVC/DeletingItems/Sync": 75.01735394821985,
  "EmberJS-TodoMVC/DeletingItems/total": 78.71234321730793,
  "EmberJS-TodoMVC/total": 413.4580965387035,
  "Flight-TodoMVC/Adding100Items/Async": 33.2193087275579,
  "Flight-TodoMVC/Adding100Items/Sync": 78.2913906020515,
  "Flight-TodoMVC/Adding100Items/total": 111.5210858401423,
  "Flight-TodoMVC/CompletingAllItems/Async": 27.23254215558961,
  "Flight-TodoMVC/CompletingAllItems/Sync": 85.21059150089545,
  "Flight-TodoMVC/CompletingAllItems/total": 112.46523464020228,
  "Flight-TodoMVC/DeletingItems/Async": 4.36735662012221,
  "Flight-TodoMVC/DeletingItems/Sync": 69.8050338004109,
  "Flight-TodoMVC/DeletingItems/total": 77.35417170520638,
  "Flight-TodoMVC/total": 302.23454173500426,
  "Inferno-TodoMVC/Adding100Items/Async": 39.24303350521148,
  "Inferno-TodoMVC/Adding100Items/Sync": 44.93374948320494,
  "Inferno-TodoMVC/Adding100Items/total": 84.27473534301276,
  "Inferno-TodoMVC/CompletingAllItems/Async": 7.153212763297106,
  "Inferno-TodoMVC/CompletingAllItems/Sync": 85.77926111501912,
  "Inferno-TodoMVC/CompletingAllItems/total": 93.18348742409309,
  "Inferno-TodoMVC/DeletingItems/Async": 3.341129752488589,
  "Inferno-TodoMVC/DeletingItems/Sync": 203.933324079603,
  "Inferno-TodoMVC/DeletingItems/total": 207.32604982005077,
  "Inferno-TodoMVC/total": 384.9389609648693,
  "Preact-TodoMVC/Adding100Items/Async": 38.19052485419357,
  "Preact-TodoMVC/Adding100Items/Sync": 4.986198267663678,
  "Preact-TodoMVC/Adding100Items/total": 43.179601097898015,
  "Preact-TodoMVC/CompletingAllItems/Async": 16.35128621009892,
  "Preact-TodoMVC/CompletingAllItems/Sync": 2.9937062042842717,
  "Preact-TodoMVC/CompletingAllItems/total": 19.35178368184431,
  "Preact-TodoMVC/DeletingItems/Async": 4.3818862746184335,
  "Preact-TodoMVC/DeletingItems/Sync": 1.6655557062146962,
  "Preact-TodoMVC/DeletingItems/total": 6.060703745905455,
  "Preact-TodoMVC/total": 68.63380991876878,
  "React-Redux-TodoMVC/Adding100Items/Async": 34.12577953096137,
  "React-Redux-TodoMVC/Adding100Items/Sync": 138.3851942755121,
  "React-Redux-TodoMVC/Adding100Items/total": 172.71044248788343,
  "React-Redux-TodoMVC/CompletingAllItems/Async": 27.697858112485566,
  "React-Redux-TodoMVC/CompletingAllItems/Sync": 144.44970173000556,
  "React-Redux-TodoMVC/CompletingAllItems/total": 172.37457035998023,
  "React-Redux-TodoMVC/DeletingItems/Async": 3.7563588484845853,
  "React-Redux-TodoMVC/DeletingItems/Sync": 103.64125038854694,
  "React-Redux-TodoMVC/DeletingItems/total": 107.58679613434103,
  "React-Redux-TodoMVC/total": 454.99145065798206,
  "React-TodoMVC/Adding100Items/Async": 35.63466276865555,
  "React-TodoMVC/Adding100Items/Sync": 110.13230566728384,
  "React-TodoMVC/Adding100Items/total": 145.97616873248876,
  "React-TodoMVC/CompletingAllItems/Async": 27.757773544954357,
  "React-TodoMVC/CompletingAllItems/Sync": 63.187823116188575,
  "React-TodoMVC/CompletingAllItems/total": 90.9625495710323,
  "React-TodoMVC/DeletingAllItems/Async": 3.0571539406753363,
  "React-TodoMVC/DeletingAllItems/Sync": 48.3492045797445,
  "React-TodoMVC/DeletingAllItems/total": 51.474830250922544,
  "React-TodoMVC/total": 288.75917521077855,
  "Vanilla-ES2015-Babel-Webpack-TodoMVC/Adding100Items/Async": 35.84870276512647,
  "Vanilla-ES2015-Babel-Webpack-TodoMVC/Adding100Items/Sync": 296.2642692614397,
  "Vanilla-ES2015-Babel-Webpack-TodoMVC/Adding100Items/total": 332.1532485872174,
  "Vanilla-ES2015-Babel-Webpack-TodoMVC/CompletingAllItems/Async": 26.95714327558078,
  "Vanilla-ES2015-Babel-Webpack-TodoMVC/CompletingAllItems/Sync": 64.34030762457897,
  "Vanilla-ES2015-Babel-Webpack-TodoMVC/CompletingAllItems/total": 91.32650187621087,
  "Vanilla-ES2015-Babel-Webpack-TodoMVC/DeletingItems/Async": 4.073760796386675,
  "Vanilla-ES2015-Babel-Webpack-TodoMVC/DeletingItems/Sync": 40.380255443752255,
  "Vanilla-ES2015-Babel-Webpack-TodoMVC/DeletingItems/total": 46.55416052662324,
  "Vanilla-ES2015-Babel-Webpack-TodoMVC/total": 471.11432042072755,
  "Vanilla-ES2015-TodoMVC/Adding100Items/Async": 34.767102635101594,
  "Vanilla-ES2015-TodoMVC/Adding100Items/Sync": 301.37572913310544,
  "Vanilla-ES2015-TodoMVC/Adding100Items/total": 336.20521272663314,
  "Vanilla-ES2015-TodoMVC/CompletingAllItems/Async": 26.878925210580682,