{
  "browser-setup": {
    "values": [
      3.916452,
      3.963363,
      3.860491,
      3.982651,
      3.951179,
      3.892375,
      3.990942,
      3.902803,
      3.893097,
      4.008712,
      4.044931,
      3.954771,
      3.987832,
      3.960322,
      4.019677,
      4.04397,
      3.90469,
      4.116086,
      4.001059,
      3.934715,
      3.905115,
      3.935783,
      3.977723,
      3.871449,
      3.889914,
      4.067792,
      4.003144,
      4.033089,
      4.100954,
      3.943556
    ],
    "min": 3.860491,
    "average": 3.968621233333333,
    "geomean": 3.968078242490572,
    "max": 4.116086,
    "stddev": 0.06578345080017378,
    "stddevPercent": 1.657589548925555
  },
  "browser-tear_down": {
    "values": [
      0.276075,
      0.278625,
      0.246135,
      0.279307,
      0.284372,
      0.278482,
      0.18867,
      0.282909,
      0.279627,
      0.232501,
      0.284772,
      0.277093,
      0.285122,
      0.225059,
      0.248758,
      0.27599,
      0.242276,
      0.278586,
      0.226792,
      0.289066,
      0.278898,
      0.194329,
      0.227441,
      0.27877,
      0.185647,
      0.225687,
      0.230018,
      0.230521,
      0.276816,
      0.281027
    ],
    "min": 0.185647,
    "average": 0.2556457,
    "geomean": 0.253572381475752,
    "max": 0.289066,
    "stddev": 0.03126187704766516,
    "stddevPercent": 12.228594906022343
  },
  "probes-creation": {
    "values": [
      0.000122,
      0.000126,
      0.000125,
      0.000115,
      0.00012,
      0.00012,
      0.000119,
      0.000126,
      0.000121,
      0.00012,
      0.000121,
      0.000121,
      0.000127,
      0.000118,
      0.000118,
      0.00012,
      0.000142,
      0.000122,
      0.000123,
      0.000125,
      0.000122,
      0.00012,
      0.00012,
      0.000122,
      0.000121,
      0.000122,
      0.000122,
      0.00012,
      0.000121,
      0.00012
    ],
    "min": 0.000115,
    "average": 0.00012203333333333335,
    "geomean": 0.00012195607268041802,
    "max": 0.000142,
    "stddev": 4.483178435985891e-06,
    "stddevPercent": 3.6737326708433953
  },
  "probes-setup": {
    "values": [
      9.9e-05,
      0.000101,
      0.000102,
      0.000102,
      9.9e-05,
      9.8e-05,
      9.8e-05,
      9.9e-05,
      9.8e-05,
      9.9e-05,
      9.8e-05,
      0.000104,
      9.9e-05,
      9.7e-05,
      9.9e-05,
      0.000101,
      0.000114,
      0.0001,
      9.9e-05,
      0.000104,
      9.8e-05,
      9.8e-05,
      9.9e-05,
      0.0001,
      9.8e-05,
      0.000105,
      9.9e-05,
      0.000103,
      9.9e-05,
      0.0001
    ],
    "min": 9.7e-05,
    "average": 0.00010029999999999998,
    "geomean": 0.00010025012246621889,
    "max": 0.000114,
    "stddev": 3.2470499431535307e-06,
    "stddevPercent": 3.237337929365435
  },
  "probes-start": {
    "values": [
      6.9e-05,
      7.2e-05,
      7.3e-05,
      5.2e-05,
      5.4e-05,
      5.3e-05,
      5.5e-05,
      5.4e-05,
      5.4e-05,
      5.3e-05,
      5.4e-05,
      5.5e-05,
      5.4e-05,
      5.3e-05,
      6e-05,
      5.4e-05,
      5.4e-05,
      5.2e-05,
      5.4e-05,
      5.5e-05,
      5.4e-05,
      5.5e-05,
      5.4e-05,
      5.6e-05,
      5.2e-05,
      5.5e-05,
      5.4e-05,
      5.5e-05,
      5.4e-05,
      5.4e-05
    ],
    "min": 5.2e-05,
    "average": 5.59e-05,
    "geomean": 5.567572477545943e-05,
    "max": 7.3e-05,
    "stddev": 5.362524281219308e-06,
    "stddevPercent": 9.593066692700015
  },
  "run": {
    "values": [
      125.465767,
      125.551208,
      125.533306,
      129.491918,
      125.953668,
      126.315905,
      126.380536,
      126.638607,
      126.168882,
      126.669136,
      126.970939,
      126.141241,
      126.137647,
      129.404508,
      126.33131,
      125.294363,
      126.294884,
      126.67228,
      124.903048,
      131.627457,
      126.02278,
      130.194144,
      126.295744,
      131.195111,
      132.46766,
      126.163527,
      126.789304,
      126.632526,
      125.065731,
      130.83365
    ],
    "min": 124.903048,
    "average": 127.1868929,
    "geomean": 127.17006899957619,
    "max": 132.46766,
    "stddev": 2.0828143909691246,
    "stddevPercent": 1.6376014410594382
  },
  "runner-cooldown": {
    "values": [
      2.002052,
      2.00205,
      2.002049,
      2.002051,
      2.00205,
      2.002058,
      2.002056,
      2.002051,
      2.00205,
      2.002048,
      2.00205,
      2.002052,
      2.002049,
      2.00205,
      2.00205,
      2.002049,
      2.002056,
      2.002052,
      2.002049,
      2.002051,
      2.002054,
      2.001282,
      2.002048,
      2.00205,
      2.002049,
      2.002051,
      2.002052,
      2.002052,
      2.002051,
      2.002049
    ],
    "min": 2.001282,
    "average": 2.0020253666666665,
    "geomean": 2.0020253619052584,
    "max": 2.002058,
    "stddev": 0.00013805928275767657,
    "stddevPercent": 0.006895980693168868
  }
}