{
  "browser-setup": 4.136556,
  "browser-tear_down": 0.291161,
  "probes-creation": 0.000136,
  "probes-setup": 0.000105,
  "probes-start": 6.9e-05,
  "run": 133.659692,
  "runner-cooldown": 2.002051
}