{
  "Angular2-TypeScript-TodoMVC/Adding100Items/Async": 37.83196217483372,
  "Angular2-TypeScript-TodoMVC/Adding100Items/Sync": 60.13353170445501,
  "Angular2-TypeScript-TodoMVC/Adding100Items/total": 97.99046383128454,
  "Angular2-TypeScript-TodoMVC/CompletingAllItems/Async": 17.71286237653218,
  "Angular2-TypeScript-TodoMVC/CompletingAllItems/Sync": 10.046954813344538,
  "Angular2-TypeScript-TodoMVC/CompletingAllItems/total": 27.775998970365507,
  "Angular2-TypeScript-TodoMVC/DeletingItems/Async": 3.798285706398728,
  "Angular2-TypeScript-TodoMVC/DeletingItems/Sync": 19.614883128258146,
  "Angular2-TypeScript-TodoMVC/DeletingItems/total": 23.450759868187603,
  "Angular2-TypeScript-TodoMVC/total": 149.44007428230762,
  "AngularJS-TodoMVC/Adding100Items/Async": 49.747197481683635,
  "AngularJS-TodoMVC/Adding100Items/Sync": 272.37485756755854,
  "AngularJS-TodoMVC/Adding100Items/total": 322.5374009970603,
  "AngularJS-TodoMVC/CompletingAllItems/Async": 34.400995682219175,
  "AngularJS-TodoMVC/CompletingAllItems/Sync": 82.30649987082569,
  "AngularJS-TodoMVC/CompletingAllItems/total": 116.82559652760834,
  "AngularJS-TodoMVC/DeletingAllItems/Async": 18.280864432126315,
  "AngularJS-TodoMVC/DeletingAllItems/Sync": 242.07900802285116,
  "AngularJS-TodoMVC/DeletingAllItems/total": 260.67189175245255,
  "AngularJS-TodoMVC/total": 700.6636623606671,
  "BackboneJS-TodoMVC/Adding100Items/Async": 45.44382759029109,
  "BackboneJS-TodoMVC/Adding100Items/Sync": 97.6752939632681,
  "BackboneJS-TodoMVC/Adding100Items/total": 143.4236811809801,
  "BackboneJS-TodoMVC/CompletingAllItems/Async": 33.877808868989014,
  "BackboneJS-TodoMVC/CompletingAllItems/Sync": 55.687146218462,
  "BackboneJS-TodoMVC/CompletingAllItems/total": 89.66034117441498,
  "BackboneJS-TodoMVC/DeletingAllItems/Async": 4.875056523723139,
  "BackboneJS-TodoMVC/DeletingAllItems/Sync": 30.74871132745559,
  "BackboneJS-TodoMVC/DeletingAllItems/total": 35.64747532101209,
  "BackboneJS-TodoMVC/total": 268.8755722035666,
  "Elm-TodoMVC/Adding100Items/Async": 51.84144166588496,
  "Elm-TodoMVC/Adding100Items/Sync": 146.4303419399068,
  "Elm-TodoMVC/Adding100Items/total": 198.3289222840392,
  "Elm-TodoMVC/CompletingAllItems/Async": 40.86179276397042,
  "Elm-TodoMVC/CompletingAllItems/Sync": 173.314835689744,
  "Elm-TodoMVC/CompletingAllItems/total": 222.82874271592283,
  "Elm-TodoMVC/DeletingItems/Async": 12.203733494480502,
  "Elm-TodoMVC/DeletingItems/Sync": 255.76195578543476,
  "Elm-TodoMVC/DeletingItems/total": 273.64843020826237,
  "Elm-TodoMVC/total": 774.7259284110878,
  "EmberJS-Debug-TodoMVC/Adding100Items/Async": 45.053836524077155,
  "EmberJS-Debug-TodoMVC/Adding100Items/Sync": 580.8745436766069,
  "EmberJS-Debug-TodoMVC/Adding100Items/total": 626.0111660099836,
  "EmberJS-Debug-TodoMVC/CompletingAllItems/Async": 32.04127064750899,
  "EmberJS-Debug-TodoMVC/CompletingAllItems/Sync": 357.53943870513433,
  "EmberJS-Debug-TodoMVC/CompletingAllItems/total": 389.5999191751472,
  "EmberJS-Debug-TodoMVC/DeletingItems/Async": 5.684740789423391,
  "EmberJS-Debug-TodoMVC/DeletingItems/Sync": 375.37202254208677,
  "EmberJS-Debug-TodoMVC/DeletingItems/total": 381.9300558165095,
  "EmberJS-Debug-TodoMVC/total": 1397.6869615188048,
  "EmberJS-TodoMVC/Adding100Items/Async": 42.377953231814374,
  "EmberJS-TodoMVC/Adding100Items/Sync": 221.81070565174767,
  "EmberJS-TodoMVC/Adding100Items/total": 264.31470856008633,
  "EmberJS-TodoMVC/CompletingAllItems/Async": 35.980969956121335,
  "EmberJS-TodoMVC/CompletingAllItems/Sync": 127.63311404472394,
  "EmberJS-TodoMVC/CompletingAllItems/total": 163.94363845112306,
  "EmberJS-TodoMVC/DeletingItems/Async": 4.559656512371753,
  "EmberJS-TodoMVC/DeletingItems/Sync": 82.80377977321707,
  "EmberJS-TodoMVC/DeletingItems/total": 87.41110260454148,
  "EmberJS-TodoMVC/total": 516.2989183996702,
  "Flight-TodoMVC/Adding100Items/Async": 40.64978649777632,
  "Flight-TodoMVC/Adding100Items/Sync": 111.86851724446618,
  "Flight-TodoMVC/Adding100Items/total": 152.65880391926774,
  "Flight-TodoMVC/CompletingAllItems/Async": 32.64896402702322,
  "Flight-TodoMVC/CompletingAllItems/Sync": 120.75323201582175,
  "Flight-TodoMVC/CompletingAllItems/total": 153.47821251174892,
  "Flight-TodoMVC/DeletingItems/Async": 4.852997219368429,
  "Flight-TodoMVC/DeletingItems/Sync": 105.05435845971338,
  "Flight-TodoMVC/DeletingItems/total": 110.2212487011889,
  "Flight-TodoMVC/total": 416.43291505101246,
  "Inferno-TodoMVC/Adding100Items/Async": 44.805641121643255,
  "Inferno-TodoMVC/Adding100Items/Sync": 56.62549821006045,
  "Inferno-TodoMVC/Adding100Items/total": 101.70072323274026,
  "Inferno-TodoMVC/CompletingAllItems/Async": 10.409456645290359,
  "Inferno-TodoMVC/CompletingAllItems/Sync": 117.02210907634445,
  "Inferno-TodoMVC/CompletingAllItems/total": 127.91931382058614,
  "Inferno-TodoMVC/DeletingItems/Async": 4.0968696429666025,
  "Inferno-TodoMVC/DeletingItems/Sync": 239.0953775358378,
  "Inferno-TodoMVC/DeletingItems/total": 243.2864579941405,
  "Inferno-TodoMVC/total": 473.0916897232525,
  "Preact-TodoMVC/Adding100Items/Async": 54.59080981782267,
  "Preact-TodoMVC/Adding100Items/Sync": 9.163566165074792,
  "Preact-TodoMVC/Adding100Items/total": 63.79745589632057,
  "Preact-TodoMVC/CompletingAllItems/Async": 30.386566127185606,
  "Preact-TodoMVC/CompletingAllItems/Sync": 3.8623841938776966,
  "Preact-TodoMVC/CompletingAllItems/total": 34.321117195616324,
  "Preact-TodoMVC/DeletingItems/Async": 7.393163676109163,
  "Preact-TodoMVC/DeletingItems/Sync": 2.135236394557919,
  "Preact-TodoMVC/DeletingItems/total": 9.546336324024052,
  "Preact-TodoMVC/total": 108.39858753696551,
  "React-Redux-TodoMVC/Adding100Items/Async": 42.790423007178354,
  "React-Redux-TodoMVC/Adding100Items/Sync": 199.9333703498422,
  "React-Redux-TodoMVC/Adding100Items/total": 243.17215659466424,
  "React-Redux-TodoMVC/CompletingAllItems/Async": 31.443388109518754,
  "React-Redux-TodoMVC/CompletingAllItems/Sync": 169.5256351519072,
  "React-Redux-TodoMVC/CompletingAllItems/total": 200.9925112431295,
  "React-Redux-TodoMVC/DeletingItems/Async": 4.465173102476845,
  "React-Redux-TodoMVC/DeletingItems/Sync": 112.63541355718743,
  "React-Redux-TodoMVC/DeletingItems/total": 117.22085825351476,
  "React-Redux-TodoMVC/total": 561.6178513643753,
  "React-TodoMVC/Adding100Items/Async": 43.08620132584938,
  "React-TodoMVC/Adding100Items/Sync": 149.2537009554456,
  "React-TodoMVC/Adding100Items/total": 192.51989133868327,
  "React-TodoMVC/CompletingAllItems/Async": 33.15148516247505,
  "React-TodoMVC/CompletingAllItems/Sync": 85.03587783874015,
  "React-TodoMVC/CompletingAllItems/total": 118.22200079490875,
  "React-TodoMVC/DeletingAllItems/Async": 4.129134190187765,
  "React-TodoMVC/DeletingAllItems/Sync": 55.91762923006254,
  "React-TodoMVC/DeletingAllItems/total": 60.091155802252686,
  "React-TodoMVC/total": 371.1655846155387,
  "Vanilla-ES2015-Babel-Webpack-TodoMVC/Adding100Items/Async": 38.84704780958091,
  "Vanilla-ES2015-Babel-Webpack-TodoMVC/Adding100Items/Sync": 336.32104295165334,
  "Vanilla-ES2015-Babel-Webpack-TodoMVC/Adding100Items/total": 375.21129641150753,
  "Vanilla-ES2015-Babel-Webpack-TodoMVC/CompletingAllItems/Async": 31.34515284307804,
  "Vanilla-ES2015-Babel-Webpack-TodoMVC/CompletingAllItems/Sync": 78.52389779475011,
  "Vanilla-ES2015-Babel-Webpack-TodoMVC/CompletingAllItems/total": 109.87810941104809,
  "Vanilla-ES2015-Babel-Webpack-TodoMVC/DeletingItems/Async": 4.531911830321528,
  "Vanilla-ES2015-Babel-Webpack-TodoMVC/DeletingItems/Sync": 51.37686581125695,
  "Vanilla-ES2015-Babel-Webpack-TodoMVC/DeletingItems/total": 55.9457664535723,
  "Vanilla-ES2015-Babel-Webpack-TodoMVC/total": 541.176404017479,
  "Vanilla-ES2015-TodoMVC/Adding100Items/Async": 37.724091446266634,
  "Vanilla-ES2015-TodoMVC/Adding100Items/Sync": 346.02462221490475,
  "Vanilla-ES2015-TodoMVC/Adding100Items/total": 383.7500857568939,
  "Vanilla-ES2015-TodoMVC/CompletingAllItems/Async": 31.07508755682606,