{
  "browser-setup": 3.988028,
  "browser-tear_down": 0.284653,
  "probes-creation": 0.00013,
  "probes-setup": 9.9e-05,
  "probes-start": 6e-05,
  "run": 136.245222,
  "runner-cooldown": 2.002049
}