{
  "Angular2-TypeScript-TodoMVC/Adding100Items/Async": 38.20330068236944,
  "Angular2-TypeScript-TodoMVC/Adding100Items/Sync": 59.83122457078448,
  "Angular2-TypeScript-TodoMVC/Adding100Items/total": 98.06367547754509,
  "Angular2-TypeScript-TodoMVC/CompletingAllItems/Async": 17.595231601500572,
  "Angular2-TypeScript-TodoMVC/CompletingAllItems/Sync": 10.244204281644071,
  "Angular2-TypeScript-TodoMVC/CompletingAllItems/total": 27.86196595754408,
  "Angular2-TypeScript-TodoMVC/DeletingItems/Async": 4.9426439167708045,
  "Angular2-TypeScript-TodoMVC/DeletingItems/Sync": 18.793627453718607,
  "Angular2-TypeScript-TodoMVC/DeletingItems/total": 24.274491443958205,
  "Angular2-TypeScript-TodoMVC/total": 150.41955368469172,
  "AngularJS-TodoMVC/Adding100Items/Async": 51.49030761787999,
  "AngularJS-TodoMVC/Adding100Items/Sync": 286.67545483999584,
  "AngularJS-TodoMVC/Adding100Items/total": 338.4814914469657,
  "AngularJS-TodoMVC/CompletingAllItems/Async": 35.92372543099445,
  "AngularJS-TodoMVC/CompletingAllItems/Sync": 88.44000509526128,
  "AngularJS-TodoMVC/CompletingAllItems/total": 124.85640007964228,
  "AngularJS-TodoMVC/DeletingAllItems/Async": 17.693797147449576,
  "AngularJS-TodoMVC/DeletingAllItems/Sync": 244.54567927946937,
  "AngularJS-TodoMVC/DeletingAllItems/total": 262.48410518895037,
  "AngularJS-TodoMVC/total": 726.7255212742919,
  "BackboneJS-TodoMVC/Adding100Items/Async": 45.86858907018733,
  "BackboneJS-TodoMVC/Adding100Items/Sync": 109.16172350880483,
  "BackboneJS-TodoMVC/Adding100Items/total": 155.62958865160812,
  "BackboneJS-TodoMVC/CompletingAllItems/Async": 34.216075484870984,
  "BackboneJS-TodoMVC/CompletingAllItems/Sync": 59.42733896954258,
  "BackboneJS-TodoMVC/CompletingAllItems/total": 93.8156901845552,
  "BackboneJS-TodoMVC/DeletingAllItems/Async": 4.972455107256908,
  "BackboneJS-TodoMVC/DeletingAllItems/Sync": 30.842412288875874,
  "BackboneJS-TodoMVC/DeletingAllItems/total": 35.833343604513516,
  "BackboneJS-TodoMVC/total": 285.58695641202206,
  "Elm-TodoMVC/Adding100Items/Async": 52.27521910491555,
  "Elm-TodoMVC/Adding100Items/Sync": 143.77268386121668,
  "Elm-TodoMVC/Adding100Items/total": 196.13701422411685,
  "Elm-TodoMVC/CompletingAllItems/Async": 40.867585401929915,
  "Elm-TodoMVC/CompletingAllItems/Sync": 180.0451476377833,
  "Elm-TodoMVC/CompletingAllItems/total": 228.1092526621648,
  "Elm-TodoMVC/DeletingItems/Async": 11.329432904745278,
  "Elm-TodoMVC/DeletingItems/Sync": 307.84062335017967,
  "Elm-TodoMVC/DeletingItems/total": 322.08733966800145,
  "Elm-TodoMVC/total": 844.0599258041402,
  "EmberJS-Debug-TodoMVC/Adding100Items/Async": 46.333788214295986,
  "EmberJS-Debug-TodoMVC/Adding100Items/Sync": 590.5014515821422,
  "EmberJS-Debug-TodoMVC/Adding100Items/total": 636.8786611040065,
  "EmberJS-Debug-TodoMVC/CompletingAllItems/Async": 32.08043901620938,
  "EmberJS-Debug-TodoMVC/CompletingAllItems/Sync": 357.20625151217666,
  "EmberJS-Debug-TodoMVC/CompletingAllItems/total": 389.3055730930212,
  "EmberJS-Debug-TodoMVC/DeletingItems/Async": 6.59836679147229,
  "EmberJS-Debug-TodoMVC/DeletingItems/Sync": 381.728270649906,
  "EmberJS-Debug-TodoMVC/DeletingItems/total": 388.8736115876616,
  "EmberJS-Debug-TodoMVC/total": 1415.6001300413407,
  "EmberJS-TodoMVC/Adding100Items/Async": 43.635090751060496,
  "EmberJS-TodoMVC/Adding100Items/Sync": 222.71492362903942,
  "EmberJS-TodoMVC/Adding100Items/total": 266.43735286471787,
  "EmberJS-TodoMVC/CompletingAllItems/Async": 36.42802124998691,
  "EmberJS-TodoMVC/CompletingAllItems/Sync": 123.2128736551006,
  "EmberJS-TodoMVC/CompletingAllItems/total": 159.83655214846922,
  "EmberJS-TodoMVC/DeletingItems/Async": 5.0286682829384555,
  "EmberJS-TodoMVC/DeletingItems/Sync": 82.91202719512397,
  "EmberJS-TodoMVC/DeletingItems/total": 88.18909748385067,
  "EmberJS-TodoMVC/total": 514.9066039726906,
  "Flight-TodoMVC/Adding100Items/Async": 40.99227120180786,
  "Flight-TodoMVC/Adding100Items/Sync": 117.87011367595798,
  "Flight-TodoMVC/Adding100Items/total": 159.15763741276984,
  "Flight-TodoMVC/CompletingAllItems/Async": 32.7316715169562,
  "Flight-TodoMVC/CompletingAllItems/Sync": 125.4448701530302,
  "Flight-TodoMVC/CompletingAllItems/total": 158.378308933974,
  "Flight-TodoMVC/DeletingItems/Async": 4.917953500353599,
  "Flight-TodoMVC/DeletingItems/Sync": 110.27777044340282,
  "Flight-TodoMVC/DeletingItems/total": 115.58445878118586,
  "Flight-TodoMVC/total": 433.2328780831511,
  "Inferno-TodoMVC/Adding100Items/Async": 43.33244278315263,
  "Inferno-TodoMVC/Adding100Items/Sync": 58.59901424464182,
  "Inferno-TodoMVC/Adding100Items/total": 102.25155422998793,
  "Inferno-TodoMVC/CompletingAllItems/Async": 9.486827981393995,
  "Inferno-TodoMVC/CompletingAllItems/Sync": 115.59801704848057,
  "Inferno-TodoMVC/CompletingAllItems/total": 125.38135738079157,
  "Inferno-TodoMVC/DeletingItems/Async": 3.9663094570093844,
  "Inferno-TodoMVC/DeletingItems/Sync": 250.7192874806308,
  "Inferno-TodoMVC/DeletingItems/total": 254.72309262758964,
  "Inferno-TodoMVC/total": 482.7770433025663,
  "Preact-TodoMVC/Adding100Items/Async": 60.55099417474478,
  "Preact-TodoMVC/Adding100Items/Sync": 10.603326071844807,
  "Preact-TodoMVC/Adding100Items/total": 71.17394899801437,
  "Preact-TodoMVC/CompletingAllItems/Async": 26.370366657873095,
  "Preact-TodoMVC/CompletingAllItems/Sync": 3.9328173206972967,
  "Preact-TodoMVC/CompletingAllItems/total": 30.37228034935922,
  "Preact-TodoMVC/DeletingItems/Async": 7.572365179646503,
  "Preact-TodoMVC/DeletingItems/Sync": 2.273041401412484,
  "Preact-TodoMVC/DeletingItems/total": 9.870086593597033,
  "Preact-TodoMVC/total": 112.97491716077646,
  "React-Redux-TodoMVC/Adding100Items/Async": 42.0525501438405,
  "React-Redux-TodoMVC/Adding100Items/Sync": 196.0683981744443,
  "React-Redux-TodoMVC/Adding100Items/total": 238.31227045268244,
  "React-Redux-TodoMVC/CompletingAllItems/Async": 31.446718799882373,
  "React-Redux-TodoMVC/CompletingAllItems/Sync": 172.58238470322968,
  "React-Redux-TodoMVC/CompletingAllItems/total": 204.0465528557467,
  "React-Redux-TodoMVC/DeletingItems/Async": 4.597565498626508,
  "React-Redux-TodoMVC/DeletingItems/Sync": 115.15649174568249,
  "React-Redux-TodoMVC/DeletingItems/total": 119.8051481719616,
  "React-Redux-TodoMVC/total": 562.5274442481439,
  "React-TodoMVC/Adding100Items/Async": 42.88032518338371,
  "React-TodoMVC/Adding100Items/Sync": 149.877284943889,
  "React-TodoMVC/Adding100Items/total": 192.8621890368375,
  "React-TodoMVC/CompletingAllItems/Async": 32.90983759880591,
  "React-TodoMVC/CompletingAllItems/Sync": 85.38377295838625,
  "React-TodoMVC/CompletingAllItems/total": 118.33910429509825,
  "React-TodoMVC/DeletingAllItems/Async": 4.93969591339336,
  "React-TodoMVC/DeletingAllItems/Sync": 56.93177181642353,
  "React-TodoMVC/DeletingAllItems/total": 62.093401996726335,
  "React-TodoMVC/total": 373.61966088775296,
  "Vanilla-ES2015-Babel-Webpack-TodoMVC/Adding100Items/Async": 39.103205723374735,
  "Vanilla-ES2015-Babel-Webpack-TodoMVC/Adding100Items/Sync": 350.9146016167532,
  "Vanilla-ES2015-Babel-Webpack-TodoMVC/Adding100Items/total": 390.0659809615576,
  "Vanilla-ES2015-Babel-Webpack-TodoMVC/CompletingAllItems/Async": 31.170169975160697,
  "Vanilla-ES2015-Babel-Webpack-TodoMVC/CompletingAllItems/Sync": 78.3200138302973,
  "Vanilla-ES2015-Babel-Webpack-TodoMVC/CompletingAllItems/total": 109.50669038526642,
  "Vanilla-ES2015-Babel-Webpack-TodoMVC/DeletingItems/Async": 4.560351335948077,
  "Vanilla-ES2015-Babel-Webpack-TodoMVC/DeletingItems/Sync": 52.726987070280124,
  "Vanilla-ES2015-Babel-Webpack-TodoMVC/DeletingItems/total": 57.317630387887924,
  "Vanilla-ES2015-Babel-Webpack-TodoMVC/total": 557.0898649577111,
  "Vanilla-ES2015-TodoMVC/Adding100Items/Async": 40.00552049816086,
  "Vanilla-ES2015-TodoMVC/Adding100Items/Sync": 361.8061240302601,
  "Vanilla-ES2015-TodoMVC/Adding100Items/total": 401.8697530781096,
  "Vanilla-ES2015-TodoMVC/CompletingAllItems/Async": 31.157980719559358,