{
  "browser-setup": 4.055724,
  "browser-tear_down": 0.295606,
  "probes-creation": 0.000133,
  "probes-setup": 0.000101,
  "probes-start": 5.9e-05,
  "run": 131.385945,
  "runner-cooldown": 2.002054
}