{
  "Angular2-TypeScript-TodoMVC/Adding100Items/Async": 37.67154768104625,
  "Angular2-TypeScript-TodoMVC/Adding100Items/Sync": 59.656736448683866,
  "Angular2-TypeScript-TodoMVC/Adding100Items/total": 97.35302071739136,
  "Angular2-TypeScript-TodoMVC/CompletingAllItems/Async": 17.7346118475438,
  "Angular2-TypeScript-TodoMVC/CompletingAllItems/Sync": 10.145483450353677,
  "Angular2-TypeScript-TodoMVC/CompletingAllItems/total": 27.900160756273547,
  "Angular2-TypeScript-TodoMVC/DeletingItems/Async": 4.135186661400893,
  "Angular2-TypeScript-TodoMVC/DeletingItems/Sync": 18.329728382107056,
  "Angular2-TypeScript-TodoMVC/DeletingItems/total": 22.7708735252061,
  "Angular2-TypeScript-TodoMVC/total": 148.16720485298953,
  "AngularJS-TodoMVC/Adding100Items/Async": 55.11448241576674,
  "AngularJS-TodoMVC/Adding100Items/Sync": 270.77805086376776,
  "AngularJS-TodoMVC/Adding100Items/total": 327.37261512460867,
  "AngularJS-TodoMVC/CompletingAllItems/Async": 34.091488649898274,
  "AngularJS-TodoMVC/CompletingAllItems/Sync": 81.11698409590687,
  "AngularJS-TodoMVC/CompletingAllItems/total": 115.30933232635283,
  "AngularJS-TodoMVC/DeletingAllItems/Async": 17.017818508294834,
  "AngularJS-TodoMVC/DeletingAllItems/Sync": 244.67942175730028,
  "AngularJS-TodoMVC/DeletingAllItems/total": 261.92752257587216,
  "AngularJS-TodoMVC/total": 705.5503311782112,
  "BackboneJS-TodoMVC/Adding100Items/Async": 45.21700193572737,
  "BackboneJS-TodoMVC/Adding100Items/Sync": 97.64245383321737,
  "BackboneJS-TodoMVC/Adding100Items/total": 143.17177768331084,
  "BackboneJS-TodoMVC/CompletingAllItems/Async": 33.86629558797574,
  "BackboneJS-TodoMVC/CompletingAllItems/Sync": 55.31379653778839,
  "BackboneJS-TodoMVC/CompletingAllItems/total": 89.27531903823746,
  "BackboneJS-TodoMVC/DeletingAllItems/Async": 5.117723923164672,
  "BackboneJS-TodoMVC/DeletingAllItems/Sync": 30.831696439624878,
  "BackboneJS-TodoMVC/DeletingAllItems/total": 35.98128993625555,
  "BackboneJS-TodoMVC/total": 268.5764782053858,
  "Elm-TodoMVC/Adding100Items/Async": 51.8553884730291,
  "Elm-TodoMVC/Adding100Items/Sync": 148.96415955422887,
  "Elm-TodoMVC/Adding100Items/total": 200.92673774064764,
  "Elm-TodoMVC/CompletingAllItems/Async": 38.958098721902076,
  "Elm-TodoMVC/CompletingAllItems/Sync": 175.9017509091792,
  "Elm-TodoMVC/CompletingAllItems/total": 222.8975254216876,
  "Elm-TodoMVC/DeletingItems/Async": 12.30753557062068,
  "Elm-TodoMVC/DeletingItems/Sync": 254.18206456757096,
  "Elm-TodoMVC/DeletingItems/total": 272.5977357768541,
  "Elm-TodoMVC/total": 775.9211475216828,
  "EmberJS-Debug-TodoMVC/Adding100Items/Async": 44.80264485256874,
  "EmberJS-Debug-TodoMVC/Adding100Items/Sync": 610.067925214333,
  "EmberJS-Debug-TodoMVC/Adding100Items/total": 654.9329056266829,
  "EmberJS-Debug-TodoMVC/CompletingAllItems/Async": 32.07654085915965,
  "EmberJS-Debug-TodoMVC/CompletingAllItems/Sync": 358.51709011262284,
  "EmberJS-Debug-TodoMVC/CompletingAllItems/total": 390.6160983321562,
  "EmberJS-Debug-TodoMVC/DeletingItems/Async": 5.29105699000889,
  "EmberJS-Debug-TodoMVC/DeletingItems/Sync": 382.94506401923707,
  "EmberJS-Debug-TodoMVC/DeletingItems/total": 388.456187679346,
  "EmberJS-Debug-TodoMVC/total": 1434.271006603154,
  "EmberJS-TodoMVC/Adding100Items/Async": 43.229007803157344,
  "EmberJS-TodoMVC/Adding100Items/Sync": 215.76225494360997,
  "EmberJS-TodoMVC/Adding100Items/total": 259.12628741168953,
  "EmberJS-TodoMVC/CompletingAllItems/Async": 37.582416055464094,
  "EmberJS-TodoMVC/CompletingAllItems/Sync": 124.75606030100167,
  "EmberJS-TodoMVC/CompletingAllItems/total": 162.68710810650262,
  "EmberJS-TodoMVC/DeletingItems/Async": 4.7718885630709575,
  "EmberJS-TodoMVC/DeletingItems/Sync": 84.16744643387428,
  "EmberJS-TodoMVC/DeletingItems/total": 88.9911998645544,
  "EmberJS-TodoMVC/total": 511.3827297229986,
  "Flight-TodoMVC/Adding100Items/Async": 40.808114812306385,
  "Flight-TodoMVC/Adding100Items/Sync": 112.28089916143921,
  "Flight-TodoMVC/Adding100Items/total": 153.25151184378984,
  "Flight-TodoMVC/CompletingAllItems/Async": 32.63915359586844,
  "Flight-TodoMVC/CompletingAllItems/Sync": 121.61384054022956,
  "Flight-TodoMVC/CompletingAllItems/total": 154.32825380194964,
  "Flight-TodoMVC/DeletingItems/Async": 4.796094586247182,
  "Flight-TodoMVC/DeletingItems/Sync": 105.4149393274172,
  "Flight-TodoMVC/DeletingItems/total": 110.54442145497802,
  "Flight-TodoMVC/total": 418.22603087488466,
  "Inferno-TodoMVC/Adding100Items/Async": 43.838255657117244,
  "Inferno-TodoMVC/Adding100Items/Sync": 55.548449121231954,
  "Inferno-TodoMVC/Adding100Items/total": 99.45761723121572,
  "Inferno-TodoMVC/CompletingAllItems/Async": 10.027525681711692,
  "Inferno-TodoMVC/CompletingAllItems/Sync": 117.19898826187404,
  "Inferno-TodoMVC/CompletingAllItems/total": 127.6686062092807,
  "Inferno-TodoMVC/DeletingItems/Async": 4.0212000147263085,
  "Inferno-TodoMVC/DeletingItems/Sync": 242.83315107067827,
  "Inferno-TodoMVC/DeletingItems/total": 246.89796427005365,
  "Inferno-TodoMVC/total": 474.40132208172076,
  "Preact-TodoMVC/Adding100Items/Async": 55.4446986965037,
  "Preact-TodoMVC/Adding100Items/Sync": 9.174496791715555,
  "Preact-TodoMVC/Adding100Items/total": 64.65524208544959,
  "Preact-TodoMVC/CompletingAllItems/Async": 27.5293173923731,
  "Preact-TodoMVC/CompletingAllItems/Sync": 3.8015420269193254,
  "Preact-TodoMVC/CompletingAllItems/total": 31.39800935397242,
  "Preact-TodoMVC/DeletingItems/Async": 7.443627119216777,
  "Preact-TodoMVC/DeletingItems/Sync": 2.1357708280980976,
  "Preact-TodoMVC/DeletingItems/total": 9.593235830411158,
  "Preact-TodoMVC/total": 106.78703307336878,
  "React-Redux-TodoMVC/Adding100Items/Async": 44.04325704559654,
  "React-Redux-TodoMVC/Adding100Items/Sync": 196.6790669880461,
  "React-Redux-TodoMVC/Adding100Items/total": 241.26341667793955,
  "React-Redux-TodoMVC/CompletingAllItems/Async": 31.458291886146963,
  "React-Redux-TodoMVC/CompletingAllItems/Sync": 170.59507486150375,
  "React-Redux-TodoMVC/CompletingAllItems/total": 202.07679666602027,
  "React-Redux-TodoMVC/DeletingItems/Async": 4.513464736126648,
  "React-Redux-TodoMVC/DeletingItems/Sync": 112.3364457862562,
  "React-Redux-TodoMVC/DeletingItems/total": 116.94592041117653,
  "React-Redux-TodoMVC/total": 560.5396670476376,
  "React-TodoMVC/Adding100Items/Async": 42.67335861793362,
  "React-TodoMVC/Adding100Items/Sync": 152.87700717860503,
  "React-TodoMVC/Adding100Items/total": 195.72303187910984,
  "React-TodoMVC/CompletingAllItems/Async": 32.52681133730652,
  "React-TodoMVC/CompletingAllItems/Sync": 82.43630013402824,
  "React-TodoMVC/CompletingAllItems/total": 114.97517806303838,
  "React-TodoMVC/DeletingAllItems/Async": 4.684108812025923,
  "React-TodoMVC/DeletingAllItems/Sync": 55.93227807870287,
  "React-TodoMVC/DeletingAllItems/total": 60.97380967451833,
  "React-TodoMVC/total": 371.9501926407707,
  "Vanilla-ES2015-Babel-Webpack-TodoMVC/Adding100Items/Async": 39.234064021437,
  "Vanilla-ES2015-Babel-Webpack-TodoMVC/Adding100Items/Sync": 335.0004900342031,
  "Vanilla-ES2015-Babel-Webpack-TodoMVC/Adding100Items/total": 374.2868250933095,
  "Vanilla-ES2015-Babel-Webpack-TodoMVC/CompletingAllItems/Async": 31.078546648056147,
  "Vanilla-ES2015-Babel-Webpack-TodoMVC/CompletingAllItems/Sync": 78.06766487994821,
  "Vanilla-ES2015-Babel-Webpack-TodoMVC/CompletingAllItems/total": 109.1545976857244,
  "Vanilla-ES2015-Babel-Webpack-TodoMVC/DeletingItems/Async": 4.3604121028697325,
  "Vanilla-ES2015-Babel-Webpack-TodoMVC/DeletingItems/Sync": 51.01136451474282,
  "Vanilla-ES2015-Babel-Webpack-TodoMVC/DeletingItems/total": 55.39648033425613,
  "Vanilla-ES2015-Babel-Webpack-TodoMVC/total": 538.9363727659776,
  "Vanilla-ES2015-TodoMVC/Adding100Items/Async": 38.102334370829475,
  "Vanilla-ES2015-TodoMVC/Adding100Items/Sync": 344.2680304518658,
  "Vanilla-ES2015-TodoMVC/Adding100Items/total": 382.39410986968943,
  "Vanilla-ES2015-TodoMVC/CompletingAllItems/Async": 31.727361330142028,