{
  "browser-setup": 3.889376,
  "browser-tear_down": 0.325845,
  "probes-creation": 0.000122,
  "probes-setup": 0.000101,
  "probes-start": 5.5e-05,
  "run": 130.385483,
  "runner-cooldown": 2.002049
}