{
  "Angular2-TypeScript-TodoMVC/Adding100Items/Async": 36.92772721833661,
  "Angular2-TypeScript-TodoMVC/Adding100Items/Sync": 54.676565027669824,
  "Angular2-TypeScript-TodoMVC/Adding100Items/total": 91.69753322924375,
  "Angular2-TypeScript-TodoMVC/CompletingAllItems/Async": 14.007876723529398,
  "Angular2-TypeScript-TodoMVC/CompletingAllItems/Sync": 9.916241769874128,
  "Angular2-TypeScript-TodoMVC/CompletingAllItems/total": 23.925652316302116,
  "Angular2-TypeScript-TodoMVC/DeletingItems/Async": 3.607597244843156,
  "Angular2-TypeScript-TodoMVC/DeletingItems/Sync": 17.501544415416863,
  "Angular2-TypeScript-TodoMVC/DeletingItems/total": 21.118391319535824,
  "Angular2-TypeScript-TodoMVC/total": 136.76311705576188,
  "AngularJS-TodoMVC/Adding100Items/Async": 50.11898834660538,
  "AngularJS-TodoMVC/Adding100Items/Sync": 248.96421816839336,
  "AngularJS-TodoMVC/Adding100Items/total": 299.2191396197402,
  "AngularJS-TodoMVC/CompletingAllItems/Async": 34.6659828763649,
  "AngularJS-TodoMVC/CompletingAllItems/Sync": 68.51170177441837,
  "AngularJS-TodoMVC/CompletingAllItems/total": 103.91973195612843,
  "AngularJS-TodoMVC/DeletingAllItems/Async": 17.10893976644839,
  "AngularJS-TodoMVC/DeletingAllItems/Sync": 269.73889650327504,
  "AngularJS-TodoMVC/DeletingAllItems/total": 287.0335396396758,
  "AngularJS-TodoMVC/total": 697.7484144740602,
  "BackboneJS-TodoMVC/Adding100Items/Async": 43.37804836823711,
  "BackboneJS-TodoMVC/Adding100Items/Sync": 70.97036543953784,
  "BackboneJS-TodoMVC/Adding100Items/total": 114.36077242605715,
  "BackboneJS-TodoMVC/CompletingAllItems/Async": 32.82849357689276,
  "BackboneJS-TodoMVC/CompletingAllItems/Sync": 46.512045116347856,
  "BackboneJS-TodoMVC/CompletingAllItems/total": 79.34235188722897,
  "BackboneJS-TodoMVC/DeletingAllItems/Async": 4.761703683571364,
  "BackboneJS-TodoMVC/DeletingAllItems/Sync": 29.371097808667717,
  "BackboneJS-TodoMVC/DeletingAllItems/total": 34.1416915158277,
  "BackboneJS-TodoMVC/total": 227.86710754445963,
  "Elm-TodoMVC/Adding100Items/Async": 49.34566886018361,
  "Elm-TodoMVC/Adding100Items/Sync": 122.37594247229917,
  "Elm-TodoMVC/Adding100Items/total": 171.81811339324094,
  "Elm-TodoMVC/CompletingAllItems/Async": 33.548670277180044,
  "Elm-TodoMVC/CompletingAllItems/Sync": 133.31812072851926,
  "Elm-TodoMVC/CompletingAllItems/total": 167.9920348800681,
  "Elm-TodoMVC/DeletingItems/Async": 9.32126698824285,
  "Elm-TodoMVC/DeletingItems/Sync": 144.18031991627268,
  "Elm-TodoMVC/DeletingItems/total": 153.8017510295657,
  "Elm-TodoMVC/total": 500.7892649837708,
  "EmberJS-Debug-TodoMVC/Adding100Items/Async": 48.23920999505977,
  "EmberJS-Debug-TodoMVC/Adding100Items/Sync": 568.1044104626994,
  "EmberJS-Debug-TodoMVC/Adding100Items/total": 616.3770589050579,
  "EmberJS-Debug-TodoMVC/CompletingAllItems/Async": 34.79660601888165,
  "EmberJS-Debug-TodoMVC/CompletingAllItems/Sync": 419.3847163831769,
  "EmberJS-Debug-TodoMVC/CompletingAllItems/total": 454.4478949631492,
  "EmberJS-Debug-TodoMVC/DeletingItems/Async": 8.993251326166462,
  "EmberJS-Debug-TodoMVC/DeletingItems/Sync": 374.1614579665833,
  "EmberJS-Debug-TodoMVC/DeletingItems/total": 384.52620941778326,
  "EmberJS-Debug-TodoMVC/total": 1464.1405059185004,
  "EmberJS-TodoMVC/Adding100Items/Async": 43.146456873294014,
  "EmberJS-TodoMVC/Adding100Items/Sync": 203.87127114364557,
  "EmberJS-TodoMVC/Adding100Items/total": 247.3809394131917,
  "EmberJS-TodoMVC/CompletingAllItems/Async": 34.95844071694889,
  "EmberJS-TodoMVC/CompletingAllItems/Sync": 114.58243837281086,
  "EmberJS-TodoMVC/CompletingAllItems/total": 150.02890022137106,
  "EmberJS-TodoMVC/DeletingItems/Async": 3.9144804824877557,
  "EmberJS-TodoMVC/DeletingItems/Sync": 81.55330690056532,
  "EmberJS-TodoMVC/DeletingItems/total": 85.51037910788054,
  "EmberJS-TodoMVC/total": 483.8088730225566,
  "Flight-TodoMVC/Adding100Items/Async": 38.539292750546274,
  "Flight-TodoMVC/Adding100Items/Sync": 97.57706656993886,
  "Flight-TodoMVC/Adding100Items/total": 136.1236020736442,
  "Flight-TodoMVC/CompletingAllItems/Async": 28.388127286542915,
  "Flight-TodoMVC/CompletingAllItems/Sync": 104.7747567552268,
  "Flight-TodoMVC/CompletingAllItems/total": 133.1648758807499,
  "Flight-TodoMVC/DeletingItems/Async": 3.668892186358774,
  "Flight-TodoMVC/DeletingItems/Sync": 87.21291181873515,
  "Flight-TodoMVC/DeletingItems/total": 90.88357270539511,
  "Flight-TodoMVC/total": 360.17697141687665,
  "Inferno-TodoMVC/Adding100Items/Async": 42.46254584349512,
  "Inferno-TodoMVC/Adding100Items/Sync": 51.01960812071743,
  "Inferno-TodoMVC/Adding100Items/total": 93.71931927081482,
  "Inferno-TodoMVC/CompletingAllItems/Async": 11.66293104494174,
  "Inferno-TodoMVC/CompletingAllItems/Sync": 109.0663787455324,
  "Inferno-TodoMVC/CompletingAllItems/total": 121.39724743637943,
  "Inferno-TodoMVC/DeletingItems/Async": 4.0568676867038995,
  "Inferno-TodoMVC/DeletingItems/Sync": 257.56290806354446,
  "Inferno-TodoMVC/DeletingItems/total": 261.72156219888416,
  "Inferno-TodoMVC/total": 477.978069147843,
  "Preact-TodoMVC/Adding100Items/Async": 43.095163300972864,
  "Preact-TodoMVC/Adding100Items/Sync": 6.512332747601781,
  "Preact-TodoMVC/Adding100Items/total": 49.61083025801256,
  "Preact-TodoMVC/CompletingAllItems/Async": 31.110441058400614,
  "Preact-TodoMVC/CompletingAllItems/Sync": 3.941461701508988,
  "Preact-TodoMVC/CompletingAllItems/total": 35.06057746206848,
  "Preact-TodoMVC/DeletingItems/Async": 7.618062077423459,
  "Preact-TodoMVC/DeletingItems/Sync": 2.2887470067656874,
  "Preact-TodoMVC/DeletingItems/total": 9.958818053547127,
  "Preact-TodoMVC/total": 94.66203937832562,
  "React-Redux-TodoMVC/Adding100Items/Async": 43.34506503154935,
  "React-Redux-TodoMVC/Adding100Items/Sync": 194.2843174961565,
  "React-Redux-TodoMVC/Adding100Items/total": 238.2503409553081,
  "React-Redux-TodoMVC/CompletingAllItems/Async": 29.03510555286774,
  "React-Redux-TodoMVC/CompletingAllItems/Sync": 174.63568252110727,
  "React-Redux-TodoMVC/CompletingAllItems/total": 203.75759144010462,
  "React-Redux-TodoMVC/DeletingItems/Async": 4.77886565109528,
  "React-Redux-TodoMVC/DeletingItems/Sync": 110.3247920301853,
  "React-Redux-TodoMVC/DeletingItems/total": 115.52670364398188,
  "React-Redux-TodoMVC/total": 559.7355354747493,
  "React-TodoMVC/Adding100Items/Async": 43.74778449883639,
  "React-TodoMVC/Adding100Items/Sync": 169.13575764389424,
  "React-TodoMVC/Adding100Items/total": 213.92286322211083,
  "React-TodoMVC/CompletingAllItems/Async": 31.78262274071848,
  "React-TodoMVC/CompletingAllItems/Sync": 109.62725354752196,
  "React-TodoMVC/CompletingAllItems/total": 143.37537609166296,
  "React-TodoMVC/DeletingAllItems/Async": 6.3772427026344065,
  "React-TodoMVC/DeletingAllItems/Sync": 63.13954908518554,
  "React-TodoMVC/DeletingAllItems/total": 70.38808926807444,
  "React-TodoMVC/total": 444.72378687728917,
  "Vanilla-ES2015-Babel-Webpack-TodoMVC/Adding100Items/Async": 36.308908875288814,
  "Vanilla-ES2015-Babel-Webpack-TodoMVC/Adding100Items/Sync": 329.01454804717395,
  "Vanilla-ES2015-Babel-Webpack-TodoMVC/Adding100Items/total": 365.3244264704749,
  "Vanilla-ES2015-Babel-Webpack-TodoMVC/CompletingAllItems/Async": 27.968104229456046,
  "Vanilla-ES2015-Babel-Webpack-TodoMVC/CompletingAllItems/Sync": 70.8247040432597,
  "Vanilla-ES2015-Babel-Webpack-TodoMVC/CompletingAllItems/total": 98.81703222965719,
  "Vanilla-ES2015-Babel-Webpack-TodoMVC/DeletingItems/Async": 4.152413176800202,
  "Vanilla-ES2015-Babel-Webpack-TodoMVC/DeletingItems/Sync": 49.634417399833936,
  "Vanilla-ES2015-Babel-Webpack-TodoMVC/DeletingItems/total": 53.78849079062667,
  "Vanilla-ES2015-Babel-Webpack-TodoMVC/total": 520.4839173118675,
  "Vanilla-ES2015-TodoMVC/Adding100Items/Async": 37.069664093417344,
  "Vanilla-ES2015-TodoMVC/Adding100Items/Sync": 338.4257386825277,
  "Vanilla-ES2015-TodoMVC/Adding100Items/total": 375.56320350465944,
  "Vanilla-ES2015-TodoMVC/CompletingAllItems/Async": 29.815584757347843,