{
  "browser-setup": 4.049729,
  "browser-tear_down": 0.287314,
  "probes-creation": 0.000187,
  "probes-setup": 0.000133,
  "probes-start": 7.3e-05,
  "run": 126.862646,
  "runner-cooldown": 2.002064
}