{
  "Angular2-TypeScript-TodoMVC/Adding100Items/Async": 37.51653223136858,
  "Angular2-TypeScript-TodoMVC/Adding100Items/Sync": 55.2512946486909,
  "Angular2-TypeScript-TodoMVC/Adding100Items/total": 92.82268212496388,
  "Angular2-TypeScript-TodoMVC/CompletingAllItems/Async": 14.208582045201574,
  "Angular2-TypeScript-TodoMVC/CompletingAllItems/Sync": 9.895018339339325,
  "Angular2-TypeScript-TodoMVC/CompletingAllItems/total": 24.10570386518895,
  "Angular2-TypeScript-TodoMVC/DeletingItems/Async": 4.212548329646113,
  "Angular2-TypeScript-TodoMVC/DeletingItems/Sync": 17.616442438703398,
  "Angular2-TypeScript-TodoMVC/DeletingItems/total": 22.06561649358546,
  "Angular2-TypeScript-TodoMVC/total": 139.10591375501377,
  "AngularJS-TodoMVC/Adding100Items/Async": 53.9168138909128,
  "AngularJS-TodoMVC/Adding100Items/Sync": 247.36527122434498,
  "AngularJS-TodoMVC/Adding100Items/total": 302.53173868600635,
  "AngularJS-TodoMVC/CompletingAllItems/Async": 31.211149878362832,
  "AngularJS-TodoMVC/CompletingAllItems/Sync": 71.74369564311522,
  "AngularJS-TodoMVC/CompletingAllItems/total": 103.27985159694668,
  "AngularJS-TodoMVC/DeletingAllItems/Async": 16.050651344696725,
  "AngularJS-TodoMVC/DeletingAllItems/Sync": 270.92747045782676,
  "AngularJS-TodoMVC/DeletingAllItems/total": 287.0466287595175,
  "AngularJS-TodoMVC/total": 697.964147477916,
  "BackboneJS-TodoMVC/Adding100Items/Async": 43.66905257226653,
  "BackboneJS-TodoMVC/Adding100Items/Sync": 70.54892042008807,
  "BackboneJS-TodoMVC/Adding100Items/total": 114.23551443612604,
  "BackboneJS-TodoMVC/CompletingAllItems/Async": 33.118485509091386,
  "BackboneJS-TodoMVC/CompletingAllItems/Sync": 46.25256748238325,
  "BackboneJS-TodoMVC/CompletingAllItems/total": 79.37327629674823,
  "BackboneJS-TodoMVC/DeletingAllItems/Async": 4.7577980361347825,
  "BackboneJS-TodoMVC/DeletingAllItems/Sync": 29.719522109826734,
  "BackboneJS-TodoMVC/DeletingAllItems/total": 34.49083838597088,
  "BackboneJS-TodoMVC/total": 228.12382391150277,
  "Elm-TodoMVC/Adding100Items/Async": 56.075561336180705,
  "Elm-TodoMVC/Adding100Items/Sync": 199.8934382619595,
  "Elm-TodoMVC/Adding100Items/total": 260.17132179187837,
  "Elm-TodoMVC/CompletingAllItems/Async": 35.591171342797104,
  "Elm-TodoMVC/CompletingAllItems/Sync": 119.3926510543753,
  "Elm-TodoMVC/CompletingAllItems/total": 155.0519730495227,
  "Elm-TodoMVC/DeletingItems/Async": 11.206695236360485,
  "Elm-TodoMVC/DeletingItems/Sync": 142.39393603595758,
  "Elm-TodoMVC/DeletingItems/total": 154.0644283040568,
  "Elm-TodoMVC/total": 579.6633713413288,
  "EmberJS-Debug-TodoMVC/Adding100Items/Async": 47.20949935221944,
  "EmberJS-Debug-TodoMVC/Adding100Items/Sync": 576.5561900319897,
  "EmberJS-Debug-TodoMVC/Adding100Items/total": 623.9088896925128,
  "EmberJS-Debug-TodoMVC/CompletingAllItems/Async": 30.63847521774821,
  "EmberJS-Debug-TodoMVC/CompletingAllItems/Sync": 363.52844043144535,
  "EmberJS-Debug-TodoMVC/CompletingAllItems/total": 394.2394236705596,
  "EmberJS-Debug-TodoMVC/DeletingItems/Async": 10.183166580812024,
  "EmberJS-Debug-TodoMVC/DeletingItems/Sync": 407.7425469153667,
  "EmberJS-Debug-TodoMVC/DeletingItems/total": 419.35718761538664,
  "EmberJS-Debug-TodoMVC/total": 1446.4216678327018,
  "EmberJS-TodoMVC/Adding100Items/Async": 44.16492816828743,
  "EmberJS-TodoMVC/Adding100Items/Sync": 205.04164094147956,
  "EmberJS-TodoMVC/Adding100Items/total": 249.39924730883524,
  "EmberJS-TodoMVC/CompletingAllItems/Async": 36.881593401507786,
  "EmberJS-TodoMVC/CompletingAllItems/Sync": 116.99428810370095,
  "EmberJS-TodoMVC/CompletingAllItems/total": 154.2485622388119,
  "EmberJS-TodoMVC/DeletingItems/Async": 4.67165754346638,
  "EmberJS-TodoMVC/DeletingItems/Sync": 84.42849218579526,
  "EmberJS-TodoMVC/DeletingItems/total": 89.62984402125402,
  "EmberJS-TodoMVC/total": 494.15730001779707,
  "Flight-TodoMVC/Adding100Items/Async": 39.04886816251771,
  "Flight-TodoMVC/Adding100Items/Sync": 97.01911247954067,
  "Flight-TodoMVC/Adding100Items/total": 136.08353992314883,
  "Flight-TodoMVC/CompletingAllItems/Async": 28.618750952004042,
  "Flight-TodoMVC/CompletingAllItems/Sync": 105.74850755074303,
  "Flight-TodoMVC/CompletingAllItems/total": 134.38888838166793,
  "Flight-TodoMVC/DeletingItems/Async": 3.7684129431554063,
  "Flight-TodoMVC/DeletingItems/Sync": 89.16482865022448,
  "Flight-TodoMVC/DeletingItems/total": 92.93783658544743,
  "Flight-TodoMVC/total": 363.4424242829586,
  "Inferno-TodoMVC/Adding100Items/Async": 43.20214454342862,
  "Inferno-TodoMVC/Adding100Items/Sync": 48.92251953444405,
  "Inferno-TodoMVC/Adding100Items/total": 92.20600990393898,
  "Inferno-TodoMVC/CompletingAllItems/Async": 11.48395839796656,
  "Inferno-TodoMVC/CompletingAllItems/Sync": 119.37988044209379,
  "Inferno-TodoMVC/CompletingAllItems/total": 131.58608809329024,
  "Inferno-TodoMVC/DeletingItems/Async": 3.8361179436455957,
  "Inferno-TodoMVC/DeletingItems/Sync": 242.2970442926393,
  "Inferno-TodoMVC/DeletingItems/total": 246.28811603579376,
  "Inferno-TodoMVC/total": 474.09924625589537,
  "Preact-TodoMVC/Adding100Items/Async": 43.56809410728283,
  "Preact-TodoMVC/Adding100Items/Sync": 6.5211199531680935,
  "Preact-TodoMVC/Adding100Items/total": 50.09284178136343,
  "Preact-TodoMVC/CompletingAllItems/Async": 31.026393358097266,
  "Preact-TodoMVC/CompletingAllItems/Sync": 3.9214116429031063,
  "Preact-TodoMVC/CompletingAllItems/total": 34.95396857415025,
  "Preact-TodoMVC/DeletingItems/Async": 7.383623667174125,
  "Preact-TodoMVC/DeletingItems/Sync": 2.0552751871009027,
  "Preact-TodoMVC/DeletingItems/total": 9.465702363433326,
  "Preact-TodoMVC/total": 94.5506906240628,
  "React-Redux-TodoMVC/Adding100Items/Async": 44.45284731793961,
  "React-Redux-TodoMVC/Adding100Items/Sync": 194.51594152910204,
  "React-Redux-TodoMVC/Adding100Items/total": 239.53431504816433,
  "React-Redux-TodoMVC/CompletingAllItems/Async": 30.784760303553444,
  "React-Redux-TodoMVC/CompletingAllItems/Sync": 199.57309223660266,
  "React-Redux-TodoMVC/CompletingAllItems/total": 230.76460155827954,
  "React-Redux-TodoMVC/DeletingItems/Async": 5.796343436705041,
  "React-Redux-TodoMVC/DeletingItems/Sync": 112.44441603905796,
  "React-Redux-TodoMVC/DeletingItems/total": 118.78128602682237,
  "React-Redux-TodoMVC/total": 594.7791653789942,
  "React-TodoMVC/Adding100Items/Async": 47.83099234919178,
  "React-TodoMVC/Adding100Items/Sync": 162.07376438227874,
  "React-TodoMVC/Adding100Items/total": 210.82543327252483,
  "React-TodoMVC/CompletingAllItems/Async": 30.593662523765783,
  "React-TodoMVC/CompletingAllItems/Sync": 96.64381074730922,
  "React-TodoMVC/CompletingAllItems/total": 128.63613691417274,
  "React-TodoMVC/DeletingAllItems/Async": 5.9624228315222885,
  "React-TodoMVC/DeletingAllItems/Sync": 63.83776365105158,
  "React-TodoMVC/DeletingAllItems/total": 70.3535465280748,
  "React-TodoMVC/total": 423.46717967046027,
  "Vanilla-ES2015-Babel-Webpack-TodoMVC/Adding100Items/Async": 37.39394040481219,
  "Vanilla-ES2015-Babel-Webpack-TodoMVC/Adding100Items/Sync": 331.3123681489579,
  "Vanilla-ES2015-Babel-Webpack-TodoMVC/Adding100Items/total": 368.7321759164508,
  "Vanilla-ES2015-Babel-Webpack-TodoMVC/CompletingAllItems/Async": 28.031204176032055,
  "Vanilla-ES2015-Babel-Webpack-TodoMVC/CompletingAllItems/Sync": 70.79886054117846,
  "Vanilla-ES2015-Babel-Webpack-TodoMVC/CompletingAllItems/total": 98.84313762033443,
  "Vanilla-ES2015-Babel-Webpack-TodoMVC/DeletingItems/Async": 3.90737853228293,
  "Vanilla-ES2015-Babel-Webpack-TodoMVC/DeletingItems/Sync": 45.20633033579722,
  "Vanilla-ES2015-Babel-Webpack-TodoMVC/DeletingItems/total": 49.11569628315938,
  "Vanilla-ES2015-Babel-Webpack-TodoMVC/total": 516.7022054358956,
  "Vanilla-ES2015-TodoMVC/Adding100Items/Async": 37.031649995307134,
  "Vanilla-ES2015-TodoMVC/Adding100Items/Sync": 350.2995577507007,
  "Vanilla-ES2015-TodoMVC/Adding100Items/total": 387.3480751017721,
  "Vanilla-ES2015-TodoMVC/CompletingAllItems/Async": 30.702314507423633,