{
  "browser-setup": 4.083273,
  "browser-tear_down": 0.285085,
  "probes-creation": 0.000131,
  "probes-setup": 9.9e-05,
  "probes-start": 5.8e-05,
  "run": 131.72466,
  "runner-cooldown": 2.002051
}