{
  "Angular2-TypeScript-TodoMVC/Adding100Items/Async": 37.95198958807652,
  "Angular2-TypeScript-TodoMVC/Adding100Items/Sync": 60.35967312310479,
  "Angular2-TypeScript-TodoMVC/Adding100Items/total": 98.3857142518354,
  "Angular2-TypeScript-TodoMVC/CompletingAllItems/Async": 18.643861171181026,
  "Angular2-TypeScript-TodoMVC/CompletingAllItems/Sync": 10.108280471529703,
  "Angular2-TypeScript-TodoMVC/CompletingAllItems/total": 28.85296573818339,
  "Angular2-TypeScript-TodoMVC/DeletingItems/Async": 3.758146664308508,
  "Angular2-TypeScript-TodoMVC/DeletingItems/Sync": 20.14986578044233,
  "Angular2-TypeScript-TodoMVC/DeletingItems/total": 23.92574815970322,
  "Angular2-TypeScript-TodoMVC/total": 151.4490169521109,
  "AngularJS-TodoMVC/Adding100Items/Async": 53.511526776680064,
  "AngularJS-TodoMVC/Adding100Items/Sync": 269.62176310134186,
  "AngularJS-TodoMVC/Adding100Items/total": 323.5900360078572,
  "AngularJS-TodoMVC/CompletingAllItems/Async": 34.700492751290774,
  "AngularJS-TodoMVC/CompletingAllItems/Sync": 82.1340942957332,
  "AngularJS-TodoMVC/CompletingAllItems/total": 116.9303626922296,
  "AngularJS-TodoMVC/DeletingAllItems/Async": 17.432972959609373,
  "AngularJS-TodoMVC/DeletingAllItems/Sync": 247.23191741349697,
  "AngularJS-TodoMVC/DeletingAllItems/total": 264.97693770637886,
  "AngularJS-TodoMVC/total": 706.1627688558181,
  "BackboneJS-TodoMVC/Adding100Items/Async": 45.17682102081786,
  "BackboneJS-TodoMVC/Adding100Items/Sync": 98.22651907851396,
  "BackboneJS-TodoMVC/Adding100Items/total": 143.71900934766938,
  "BackboneJS-TodoMVC/CompletingAllItems/Async": 33.90301640762046,
  "BackboneJS-TodoMVC/CompletingAllItems/Sync": 55.563308184435115,
  "BackboneJS-TodoMVC/CompletingAllItems/total": 89.55120544369538,
  "BackboneJS-TodoMVC/DeletingAllItems/Async": 4.961204728095187,
  "BackboneJS-TodoMVC/DeletingAllItems/Sync": 30.949818449008696,
  "BackboneJS-TodoMVC/DeletingAllItems/total": 35.958455150836706,
  "BackboneJS-TodoMVC/total": 269.3656563163146,
  "Elm-TodoMVC/Adding100Items/Async": 53.44680391675587,
  "Elm-TodoMVC/Adding100Items/Sync": 196.92889374079292,
  "Elm-TodoMVC/Adding100Items/total": 260.5389000950784,
  "Elm-TodoMVC/CompletingAllItems/Async": 40.77854841432103,
  "Elm-TodoMVC/CompletingAllItems/Sync": 127.11532747280214,
  "Elm-TodoMVC/CompletingAllItems/total": 168.96578738728348,
  "Elm-TodoMVC/DeletingItems/Async": 10.972252537435049,
  "Elm-TodoMVC/DeletingItems/Sync": 269.95473041335185,
  "Elm-TodoMVC/DeletingItems/total": 281.31831730638663,
  "Elm-TodoMVC/total": 777.5461155298672,
  "EmberJS-Debug-TodoMVC/Adding100Items/Async": 44.24259328756524,
  "EmberJS-Debug-TodoMVC/Adding100Items/Sync": 586.0953820951989,
  "EmberJS-Debug-TodoMVC/Adding100Items/total": 630.3897504166421,
  "EmberJS-Debug-TodoMVC/CompletingAllItems/Async": 32.70094077534347,
  "EmberJS-Debug-TodoMVC/CompletingAllItems/Sync": 356.965432275426,
  "EmberJS-Debug-TodoMVC/CompletingAllItems/total": 389.7502085093231,
  "EmberJS-Debug-TodoMVC/DeletingItems/Async": 5.763144716672126,
  "EmberJS-Debug-TodoMVC/DeletingItems/Sync": 382.1051435659869,
  "EmberJS-Debug-TodoMVC/DeletingItems/total": 388.50986534404893,
  "EmberJS-Debug-TodoMVC/total": 1408.8422974178548,
  "EmberJS-TodoMVC/Adding100Items/Async": 43.35793948507197,
  "EmberJS-TodoMVC/Adding100Items/Sync": 224.35793378558702,
  "EmberJS-TodoMVC/Adding100Items/total": 267.8725795075621,
  "EmberJS-TodoMVC/CompletingAllItems/Async": 35.44493421658292,
  "EmberJS-TodoMVC/CompletingAllItems/Sync": 122.74039021710112,
  "EmberJS-TodoMVC/CompletingAllItems/total": 158.38347443336585,
  "EmberJS-TodoMVC/DeletingItems/Async": 4.9566412093198755,
  "EmberJS-TodoMVC/DeletingItems/Sync": 79.57758304882128,
  "EmberJS-TodoMVC/DeletingItems/total": 84.65341875677264,
  "EmberJS-TodoMVC/total": 511.5675435365569,
  "Flight-TodoMVC/Adding100Items/Async": 40.53609822616479,
  "Flight-TodoMVC/Adding100Items/Sync": 111.58575876958434,
  "Flight-TodoMVC/Adding100Items/total": 152.26799416992614,
  "Flight-TodoMVC/CompletingAllItems/Async": 32.68777511030574,
  "Flight-TodoMVC/CompletingAllItems/Sync": 119.43379198509415,
  "Flight-TodoMVC/CompletingAllItems/total": 152.23070404026063,
  "Flight-TodoMVC/DeletingItems/Async": 5.059317132401817,
  "Flight-TodoMVC/DeletingItems/Sync": 104.34960579599863,
  "Flight-TodoMVC/DeletingItems/total": 109.77050565836933,
  "Flight-TodoMVC/total": 414.37606611018384,
  "Inferno-TodoMVC/Adding100Items/Async": 42.32859162419447,
  "Inferno-TodoMVC/Adding100Items/Sync": 57.36075413998794,
  "Inferno-TodoMVC/Adding100Items/total": 99.88799641746495,
  "Inferno-TodoMVC/CompletingAllItems/Async": 9.404062319134567,
  "Inferno-TodoMVC/CompletingAllItems/Sync": 116.37333877638754,
  "Inferno-TodoMVC/CompletingAllItems/total": 126.07462320180895,
  "Inferno-TodoMVC/DeletingItems/Async": 3.9292905859440728,
  "Inferno-TodoMVC/DeletingItems/Sync": 246.95686921629172,
  "Inferno-TodoMVC/DeletingItems/total": 250.91275905228528,
  "Inferno-TodoMVC/total": 477.1945992003003,
  "Preact-TodoMVC/Adding100Items/Async": 55.637285424144075,
  "Preact-TodoMVC/Adding100Items/Sync": 9.185063797641352,
  "Preact-TodoMVC/Adding100Items/total": 64.84797182544352,
  "Preact-TodoMVC/CompletingAllItems/Async": 27.485219120104908,
  "Preact-TodoMVC/CompletingAllItems/Sync": 3.979313356208482,
  "Preact-TodoMVC/CompletingAllItems/total": 31.54062793236629,
  "Preact-TodoMVC/DeletingItems/Async": 7.496067556887461,
  "Preact-TodoMVC/DeletingItems/Sync": 2.2239282952408925,
  "Preact-TodoMVC/DeletingItems/total": 9.741067944333762,
  "Preact-TodoMVC/total": 107.21809971067853,
  "React-Redux-TodoMVC/Adding100Items/Async": 42.83688246571941,
  "React-Redux-TodoMVC/Adding100Items/Sync": 195.82373922179988,
  "React-Redux-TodoMVC/Adding100Items/total": 238.90686996146022,
  "React-Redux-TodoMVC/CompletingAllItems/Async": 31.72308341341671,
  "React-Redux-TodoMVC/CompletingAllItems/Sync": 172.38182200558126,
  "React-Redux-TodoMVC/CompletingAllItems/total": 204.147729262252,
  "React-Redux-TodoMVC/DeletingItems/Async": 4.403773429027106,
  "React-Redux-TodoMVC/DeletingItems/Sync": 114.05870808595253,
  "React-Redux-TodoMVC/DeletingItems/total": 118.54143790034578,
  "React-Redux-TodoMVC/total": 561.866835662681,
  "React-TodoMVC/Adding100Items/Async": 42.899016435760956,
  "React-TodoMVC/Adding100Items/Sync": 151.06118156809183,
  "React-TodoMVC/Adding100Items/total": 194.10060568940065,
  "React-TodoMVC/CompletingAllItems/Async": 32.44443728283973,
  "React-TodoMVC/CompletingAllItems/Sync": 82.48578254431393,
  "React-TodoMVC/CompletingAllItems/total": 114.93658095652361,
  "React-TodoMVC/DeletingAllItems/Async": 4.328142542112121,
  "React-TodoMVC/DeletingAllItems/Sync": 55.9756200918361,
  "React-TodoMVC/DeletingAllItems/total": 60.340123008528124,
  "React-TodoMVC/total": 369.57075894821986,
  "Vanilla-ES2015-Babel-Webpack-TodoMVC/Adding100Items/Async": 38.73374165118118,
  "Vanilla-ES2015-Babel-Webpack-TodoMVC/Adding100Items/Sync": 335.60646285012604,
  "Vanilla-ES2015-Babel-Webpack-TodoMVC/Adding100Items/total": 374.3867662215401,
  "Vanilla-ES2015-Babel-Webpack-TodoMVC/CompletingAllItems/Async": 31.76583882260776,
  "Vanilla-ES2015-Babel-Webpack-TodoMVC/CompletingAllItems/Sync": 78.07434377992654,
  "Vanilla-ES2015-Babel-Webpack-TodoMVC/CompletingAllItems/total": 109.86994244878582,
  "Vanilla-ES2015-Babel-Webpack-TodoMVC/DeletingItems/Async": 4.499775295201201,
  "Vanilla-ES2015-Babel-Webpack-TodoMVC/DeletingItems/Sync": 51.16250368575798,
  "Vanilla-ES2015-Babel-Webpack-TodoMVC/DeletingItems/total": 55.71186183206384,
  "Vanilla-ES2015-Babel-Webpack-TodoMVC/total": 540.122263033577,
  "Vanilla-ES2015-TodoMVC/Adding100Items/Async": 37.993136505492494,
  "Vanilla-ES2015-TodoMVC/Adding100Items/Sync": 344.87264107922704,
  "Vanilla-ES2015-TodoMVC/Adding100Items/total": 382.8938925019471,
  "Vanilla-ES2015-TodoMVC/CompletingAllItems/Async": 31.140243657399967,