{
  "browser-setup": 3.32896,
  "browser-tear_down": 0.291559,
  "probes-creation": 0.000199,
  "probes-setup": 0.000167,
  "probes-start": 8.2e-05,
  "run": 109.352713,
  "runner-cooldown": 2.002074
}