{
  "Angular2-TypeScript-TodoMVC/Adding100Items/Async": 31.909736656830713,
  "Angular2-TypeScript-TodoMVC/Adding100Items/Sync": 42.06441606869571,
  "Angular2-TypeScript-TodoMVC/Adding100Items/total": 74.01509372645555,
  "Angular2-TypeScript-TodoMVC/CompletingAllItems/Async": 13.302801713693999,
  "Angular2-TypeScript-TodoMVC/CompletingAllItems/Sync": 8.397609067453816,
  "Angular2-TypeScript-TodoMVC/CompletingAllItems/total": 21.768610120769,
  "Angular2-TypeScript-TodoMVC/DeletingItems/Async": 2.71540862727795,
  "Angular2-TypeScript-TodoMVC/DeletingItems/Sync": 16.199958029522758,
  "Angular2-TypeScript-TodoMVC/DeletingItems/total": 18.920426775471736,
  "Angular2-TypeScript-TodoMVC/total": 114.83761703480897,
  "AngularJS-TodoMVC/Adding100Items/Async": 41.139090105999244,
  "AngularJS-TodoMVC/Adding100Items/Sync": 155.4421680077915,
  "AngularJS-TodoMVC/Adding100Items/total": 196.58787354397452,
  "AngularJS-TodoMVC/CompletingAllItems/Async": 26.005135374217964,
  "AngularJS-TodoMVC/CompletingAllItems/Sync": 54.84654912132412,
  "AngularJS-TodoMVC/CompletingAllItems/total": 81.51550861033255,
  "AngularJS-TodoMVC/DeletingAllItems/Async": 15.669205714972572,
  "AngularJS-TodoMVC/DeletingAllItems/Sync": 156.94806752884114,
  "AngularJS-TodoMVC/DeletingAllItems/total": 172.71540751988422,
  "AngularJS-TodoMVC/total": 451.2465773777324,
  "BackboneJS-TodoMVC/Adding100Items/Async": 42.20562407307977,
  "BackboneJS-TodoMVC/Adding100Items/Sync": 54.91404546421385,
  "BackboneJS-TodoMVC/Adding100Items/total": 97.33618003051157,
  "BackboneJS-TodoMVC/CompletingAllItems/Async": 31.72906875335723,
  "BackboneJS-TodoMVC/CompletingAllItems/Sync": 37.44318602836894,
  "BackboneJS-TodoMVC/CompletingAllItems/total": 69.27814598142871,
  "BackboneJS-TodoMVC/DeletingAllItems/Async": 5.291326233746244,
  "BackboneJS-TodoMVC/DeletingAllItems/Sync": 25.953603437860824,
  "BackboneJS-TodoMVC/DeletingAllItems/total": 31.798549393332234,
  "BackboneJS-TodoMVC/total": 198.5119562015188,
  "Elm-TodoMVC/Adding100Items/Async": 47.63839519090778,
  "Elm-TodoMVC/Adding100Items/Sync": 85.01956352287142,
  "Elm-TodoMVC/Adding100Items/total": 132.7270923009196,
  "Elm-TodoMVC/CompletingAllItems/Async": 29.70984265984167,
  "Elm-TodoMVC/CompletingAllItems/Sync": 81.40112624190427,
  "Elm-TodoMVC/CompletingAllItems/total": 111.1488768151893,
  "Elm-TodoMVC/DeletingItems/Async": 9.103339047373215,
  "Elm-TodoMVC/DeletingItems/Sync": 98.71107273758331,
  "Elm-TodoMVC/DeletingItems/total": 107.91516092583575,
  "Elm-TodoMVC/total": 351.841881224677,
  "EmberJS-Debug-TodoMVC/Adding100Items/Async": 44.61440794425093,
  "EmberJS-Debug-TodoMVC/Adding100Items/Sync": 714.4175188453529,
  "EmberJS-Debug-TodoMVC/Adding100Items/total": 759.9449098052482,
  "EmberJS-Debug-TodoMVC/CompletingAllItems/Async": 33.870139685701155,
  "EmberJS-Debug-TodoMVC/CompletingAllItems/Sync": 321.5465522383923,
  "EmberJS-Debug-TodoMVC/CompletingAllItems/total": 355.81970789784555,
  "EmberJS-Debug-TodoMVC/DeletingItems/Async": 11.777730903097392,
  "EmberJS-Debug-TodoMVC/DeletingItems/Sync": 285.9397907156331,
  "EmberJS-Debug-TodoMVC/DeletingItems/total": 300.4799660526402,
  "EmberJS-Debug-TodoMVC/total": 1434.2734625577232,
  "EmberJS-TodoMVC/Adding100Items/Async": 34.54772898093688,
  "EmberJS-TodoMVC/Adding100Items/Sync": 149.56024287077747,
  "EmberJS-TodoMVC/Adding100Items/total": 184.20160549573072,
  "EmberJS-TodoMVC/CompletingAllItems/Async": 28.24738743788776,
  "EmberJS-TodoMVC/CompletingAllItems/Sync": 103.94872310110027,
  "EmberJS-TodoMVC/CompletingAllItems/total": 132.30320563458395,
  "EmberJS-TodoMVC/DeletingItems/Async": 3.6295182199199894,
  "EmberJS-TodoMVC/DeletingItems/Sync": 75.47032223532027,
  "EmberJS-TodoMVC/DeletingItems/total": 79.17740317447772,
  "EmberJS-TodoMVC/total": 396.2391351297501,
  "Flight-TodoMVC/Adding100Items/Async": 33.478945801314914,
  "Flight-TodoMVC/Adding100Items/Sync": 78.15883188045176,
  "Flight-TodoMVC/Adding100Items/total": 111.65720086711717,
  "Flight-TodoMVC/CompletingAllItems/Async": 25.159167637708467,
  "Flight-TodoMVC/CompletingAllItems/Sync": 85.52100752418475,
  "Flight-TodoMVC/CompletingAllItems/total": 110.68734696582833,
  "Flight-TodoMVC/DeletingItems/Async": 3.490011381137106,
  "Flight-TodoMVC/DeletingItems/Sync": 69.69719153363027,
  "Flight-TodoMVC/DeletingItems/total": 73.25221104379193,
  "Flight-TodoMVC/total": 295.60914296224956,
  "Inferno-TodoMVC/Adding100Items/Async": 38.60367609527985,
  "Inferno-TodoMVC/Adding100Items/Sync": 42.91838733473545,
  "Inferno-TodoMVC/Adding100Items/total": 81.60083382773772,
  "Inferno-TodoMVC/CompletingAllItems/Async": 6.420977123066018,
  "Inferno-TodoMVC/CompletingAllItems/Sync": 85.63571688383492,
  "Inferno-TodoMVC/CompletingAllItems/total": 92.07040063531785,
  "Inferno-TodoMVC/DeletingItems/Async": 3.2946234761120547,
  "Inferno-TodoMVC/DeletingItems/Sync": 198.31197509920761,
  "Inferno-TodoMVC/DeletingItems/total": 201.645553831842,
  "Inferno-TodoMVC/total": 375.41343427833084,
  "Preact-TodoMVC/Adding100Items/Async": 37.16604123731104,
  "Preact-TodoMVC/Adding100Items/Sync": 4.921161661457348,
  "Preact-TodoMVC/Adding100Items/total": 42.09633606403051,
  "Preact-TodoMVC/CompletingAllItems/Async": 16.064889781754374,
  "Preact-TodoMVC/CompletingAllItems/Sync": 2.897825226327137,
  "Preact-TodoMVC/CompletingAllItems/total": 18.97330629912686,
  "Preact-TodoMVC/DeletingItems/Async": 4.185146563051551,
  "Preact-TodoMVC/DeletingItems/Sync": 1.5918278900182727,
  "Preact-TodoMVC/DeletingItems/total": 5.784679938111081,
  "Preact-TodoMVC/total": 66.85712869128328,
  "React-Redux-TodoMVC/Adding100Items/Async": 33.80033734143798,
  "React-Redux-TodoMVC/Adding100Items/Sync": 134.51881409323963,
  "React-Redux-TodoMVC/Adding100Items/total": 168.50759435306762,
  "React-Redux-TodoMVC/CompletingAllItems/Async": 27.68146943509289,
  "React-Redux-TodoMVC/CompletingAllItems/Sync": 140.90056499069192,
  "React-Redux-TodoMVC/CompletingAllItems/total": 168.83260467179775,
  "React-Redux-TodoMVC/DeletingItems/Async": 3.8281706298617544,
  "React-Redux-TodoMVC/DeletingItems/Sync": 96.89497271746303,
  "React-Redux-TodoMVC/DeletingItems/total": 100.82842210338517,
  "React-Redux-TodoMVC/total": 439.32395197602773,
  "React-TodoMVC/Adding100Items/Async": 35.348186455881255,
  "React-TodoMVC/Adding100Items/Sync": 108.46417184929068,
  "React-TodoMVC/Adding100Items/total": 143.89294982208799,
  "React-TodoMVC/CompletingAllItems/Async": 27.636244798400135,
  "React-TodoMVC/CompletingAllItems/Sync": 62.77238836567529,
  "React-TodoMVC/CompletingAllItems/total": 90.42019003954026,
  "React-TodoMVC/DeletingAllItems/Async": 3.0188289244470594,
  "React-TodoMVC/DeletingAllItems/Sync": 45.5155827128059,
  "React-TodoMVC/DeletingAllItems/total": 48.54468781478241,
  "React-TodoMVC/total": 283.00854693625325,
  "Vanilla-ES2015-Babel-Webpack-TodoMVC/Adding100Items/Async": 35.74506681797849,
  "Vanilla-ES2015-Babel-Webpack-TodoMVC/Adding100Items/Sync": 294.33740282572484,
  "Vanilla-ES2015-Babel-Webpack-TodoMVC/Adding100Items/total": 330.09884015111624,
  "Vanilla-ES2015-Babel-Webpack-TodoMVC/CompletingAllItems/Async": 26.7059556122228,
  "Vanilla-ES2015-Babel-Webpack-TodoMVC/CompletingAllItems/Sync": 64.71642835036526,
  "Vanilla-ES2015-Babel-Webpack-TodoMVC/CompletingAllItems/total": 91.56577333423083,
  "Vanilla-ES2015-Babel-Webpack-TodoMVC/DeletingItems/Async": 5.341030087458314,
  "Vanilla-ES2015-Babel-Webpack-TodoMVC/DeletingItems/Sync": 40.71698916640643,
  "Vanilla-ES2015-Babel-Webpack-TodoMVC/DeletingItems/total": 49.38882272253621,
  "Vanilla-ES2015-Babel-Webpack-TodoMVC/total": 472.505835743408,
  "Vanilla-ES2015-TodoMVC/Adding100Items/Async": 35.12913743367849,
  "Vanilla-ES2015-TodoMVC/Adding100Items/Sync": 298.8375660380598,
  "Vanilla-ES2015-TodoMVC/Adding100Items/total": 334.0030319178067,
  "Vanilla-ES2015-TodoMVC/CompletingAllItems/Async": 26.454748444248118,