{
  "browser-setup": 3.303945,
  "browser-tear_down": 0.294234,
  "probes-creation": 0.000196,
  "probes-setup": 0.000164,
  "probes-start": 7.1e-05,
  "run": 109.862881,
  "runner-cooldown": 2.002056
}