{
  "Angular2-TypeScript-TodoMVC/Adding100Items/Async": 31.61694140946199,
  "Angular2-TypeScript-TodoMVC/Adding100Items/Sync": 41.33507184704827,
  "Angular2-TypeScript-TodoMVC/Adding100Items/total": 72.99747805657125,
  "Angular2-TypeScript-TodoMVC/CompletingAllItems/Async": 12.776235073405422,
  "Angular2-TypeScript-TodoMVC/CompletingAllItems/Sync": 8.406724037114007,
  "Angular2-TypeScript-TodoMVC/CompletingAllItems/total": 21.184710192878,
  "Angular2-TypeScript-TodoMVC/DeletingItems/Async": 2.581245503003331,
  "Angular2-TypeScript-TodoMVC/DeletingItems/Sync": 15.881951033498108,
  "Angular2-TypeScript-TodoMVC/DeletingItems/total": 18.469118651558553,
  "Angular2-TypeScript-TodoMVC/total": 112.66329545168722,
  "AngularJS-TodoMVC/Adding100Items/Async": 41.121832676950824,
  "AngularJS-TodoMVC/Adding100Items/Sync": 153.42937697246114,
  "AngularJS-TodoMVC/Adding100Items/total": 194.56193762192254,
  "AngularJS-TodoMVC/CompletingAllItems/Async": 26.433093211893432,
  "AngularJS-TodoMVC/CompletingAllItems/Sync": 54.628965430009,
  "AngularJS-TodoMVC/CompletingAllItems/total": 81.18112400696651,
  "AngularJS-TodoMVC/DeletingAllItems/Async": 14.739913346278302,
  "AngularJS-TodoMVC/DeletingAllItems/Sync": 161.63542969281175,
  "AngularJS-TodoMVC/DeletingAllItems/total": 176.4084938978182,
  "AngularJS-TodoMVC/total": 452.4563729862841,
  "BackboneJS-TodoMVC/Adding100Items/Async": 36.92886184670422,
  "BackboneJS-TodoMVC/Adding100Items/Sync": 55.32092753983393,
  "BackboneJS-TodoMVC/Adding100Items/total": 92.2756543023571,
  "BackboneJS-TodoMVC/CompletingAllItems/Async": 27.828554931038266,
  "BackboneJS-TodoMVC/CompletingAllItems/Sync": 37.85455005662608,
  "BackboneJS-TodoMVC/CompletingAllItems/total": 65.68677249389441,
  "BackboneJS-TodoMVC/DeletingAllItems/Async": 3.271503235870654,
  "BackboneJS-TodoMVC/DeletingAllItems/Sync": 25.850229800676843,
  "BackboneJS-TodoMVC/DeletingAllItems/total": 29.12988547856046,
  "BackboneJS-TodoMVC/total": 187.11553068957434,
  "Elm-TodoMVC/Adding100Items/Async": 48.282599668276205,
  "Elm-TodoMVC/Adding100Items/Sync": 89.0480127430477,
  "Elm-TodoMVC/Adding100Items/total": 137.41477278820275,
  "Elm-TodoMVC/CompletingAllItems/Async": 29.83392414205176,
  "Elm-TodoMVC/CompletingAllItems/Sync": 104.22708893132335,
  "Elm-TodoMVC/CompletingAllItems/total": 135.37119404401582,
  "Elm-TodoMVC/DeletingItems/Async": 9.205891711838484,
  "Elm-TodoMVC/DeletingItems/Sync": 116.9486498700803,
  "Elm-TodoMVC/DeletingItems/total": 126.6432789625173,
  "Elm-TodoMVC/total": 412.06871314309376,
  "EmberJS-Debug-TodoMVC/Adding100Items/Async": 40.77136428602128,
  "EmberJS-Debug-TodoMVC/Adding100Items/Sync": 431.84989436833393,
  "EmberJS-Debug-TodoMVC/Adding100Items/total": 472.664463315865,
  "EmberJS-Debug-TodoMVC/CompletingAllItems/Async": 29.782344792807745,
  "EmberJS-Debug-TodoMVC/CompletingAllItems/Sync": 280.98909135248283,
  "EmberJS-Debug-TodoMVC/CompletingAllItems/total": 311.4410148743665,
  "EmberJS-Debug-TodoMVC/DeletingItems/Async": 11.858317686507052,
  "EmberJS-Debug-TodoMVC/DeletingItems/Sync": 329.9144815548612,
  "EmberJS-Debug-TodoMVC/DeletingItems/total": 345.03158260210256,
  "EmberJS-Debug-TodoMVC/total": 1140.6496192959983,
  "EmberJS-TodoMVC/Adding100Items/Async": 34.74415065938547,
  "EmberJS-TodoMVC/Adding100Items/Sync": 139.62738735837942,
  "EmberJS-TodoMVC/Adding100Items/total": 174.4525092036847,
  "EmberJS-TodoMVC/CompletingAllItems/Async": 26.74172771726071,
  "EmberJS-TodoMVC/CompletingAllItems/Sync": 93.13596537247336,
  "EmberJS-TodoMVC/CompletingAllItems/total": 119.95043871920912,
  "EmberJS-TodoMVC/DeletingItems/Async": 2.9887580505233213,
  "EmberJS-TodoMVC/DeletingItems/Sync": 63.16305876449747,
  "EmberJS-TodoMVC/DeletingItems/total": 66.16814017134335,
  "EmberJS-TodoMVC/total": 360.673829299313,
  "Flight-TodoMVC/Adding100Items/Async": 33.53270143094036,
  "Flight-TodoMVC/Adding100Items/Sync": 87.9699679662874,
  "Flight-TodoMVC/Adding100Items/total": 122.40545263698256,
  "Flight-TodoMVC/CompletingAllItems/Async": 25.280416138131002,
  "Flight-TodoMVC/CompletingAllItems/Sync": 86.33091518526726,
  "Flight-TodoMVC/CompletingAllItems/total": 111.6340297368158,
  "Flight-TodoMVC/DeletingItems/Async": 3.8305570331392427,
  "Flight-TodoMVC/DeletingItems/Sync": 69.4251900903422,
  "Flight-TodoMVC/DeletingItems/total": 74.46422189468895,
  "Flight-TodoMVC/total": 311.44331929587344,
  "Inferno-TodoMVC/Adding100Items/Async": 38.811906451646124,
  "Inferno-TodoMVC/Adding100Items/Sync": 50.531827464993064,
  "Inferno-TodoMVC/Adding100Items/total": 90.8521367251198,
  "Inferno-TodoMVC/CompletingAllItems/Async": 7.510899878241337,
  "Inferno-TodoMVC/CompletingAllItems/Sync": 88.5290838774913,
  "Inferno-TodoMVC/CompletingAllItems/total": 96.49745420777455,
  "Inferno-TodoMVC/DeletingItems/Async": 4.097298039908227,
  "Inferno-TodoMVC/DeletingItems/Sync": 233.8817323546696,
  "Inferno-TodoMVC/DeletingItems/total": 238.23676324525454,
  "Inferno-TodoMVC/total": 431.9717927444204,
  "Preact-TodoMVC/Adding100Items/Async": 37.3244071790712,
  "Preact-TodoMVC/Adding100Items/Sync": 5.129666181954293,
  "Preact-TodoMVC/Adding100Items/total": 42.46161370562401,
  "Preact-TodoMVC/CompletingAllItems/Async": 16.404499836719815,
  "Preact-TodoMVC/CompletingAllItems/Sync": 3.179529130011144,
  "Preact-TodoMVC/CompletingAllItems/total": 19.597818673131886,
  "Preact-TodoMVC/DeletingItems/Async": 4.90798073303425,
  "Preact-TodoMVC/DeletingItems/Sync": 1.747255530429496,
  "Preact-TodoMVC/DeletingItems/total": 6.660943517523783,
  "Preact-TodoMVC/total": 68.79232807411499,
  "React-Redux-TodoMVC/Adding100Items/Async": 35.11950996177264,
  "React-Redux-TodoMVC/Adding100Items/Sync": 144.5605340515153,
  "React-Redux-TodoMVC/Adding100Items/total": 180.17741655464013,
  "React-Redux-TodoMVC/CompletingAllItems/Async": 26.413162893170014,
  "React-Redux-TodoMVC/CompletingAllItems/Sync": 145.11417121064486,
  "React-Redux-TodoMVC/CompletingAllItems/total": 171.85487022720642,
  "React-Redux-TodoMVC/DeletingItems/Async": 4.375786852549011,
  "React-Redux-TodoMVC/DeletingItems/Sync": 87.47518589709114,
  "React-Redux-TodoMVC/DeletingItems/total": 92.39040612215965,
  "React-Redux-TodoMVC/total": 449.0137386393522,
  "React-TodoMVC/Adding100Items/Async": 35.46522178298171,
  "React-TodoMVC/Adding100Items/Sync": 111.66139348191264,
  "React-TodoMVC/Adding100Items/total": 147.23526077678156,
  "React-TodoMVC/CompletingAllItems/Async": 27.774555275670245,
  "React-TodoMVC/CompletingAllItems/Sync": 78.52894762074108,
  "React-TodoMVC/CompletingAllItems/total": 107.33542741464689,
  "React-TodoMVC/DeletingAllItems/Async": 3.951114880147654,
  "React-TodoMVC/DeletingAllItems/Sync": 55.04031933778565,
  "React-TodoMVC/DeletingAllItems/total": 59.3628294270525,
  "React-TodoMVC/total": 324.69425760070504,
  "Vanilla-ES2015-Babel-Webpack-TodoMVC/Adding100Items/Async": 34.35407842425273,
  "Vanilla-ES2015-Babel-Webpack-TodoMVC/Adding100Items/Sync": 292.9380785883327,
  "Vanilla-ES2015-Babel-Webpack-TodoMVC/Adding100Items/total": 327.3167394056456,
  "Vanilla-ES2015-Babel-Webpack-TodoMVC/CompletingAllItems/Async": 26.11101376285496,
  "Vanilla-ES2015-Babel-Webpack-TodoMVC/CompletingAllItems/Sync": 62.603848817555594,
  "Vanilla-ES2015-Babel-Webpack-TodoMVC/CompletingAllItems/total": 88.72562850468218,
  "Vanilla-ES2015-Babel-Webpack-TodoMVC/DeletingItems/Async": 3.018538179406876,
  "Vanilla-ES2015-Babel-Webpack-TodoMVC/DeletingItems/Sync": 40.949474980313106,
  "Vanilla-ES2015-Babel-Webpack-TodoMVC/DeletingItems/total": 43.97109457755455,
  "Vanilla-ES2015-Babel-Webpack-TodoMVC/total": 460.2115512485627,
  "Vanilla-ES2015-TodoMVC/Adding100Items/Async": 34.38597287959627,
  "Vanilla-ES2015-TodoMVC/Adding100Items/Sync": 298.9278563978014,
  "Vanilla-ES2015-TodoMVC/Adding100Items/total": 333.3375605210142,
  "Vanilla-ES2015-TodoMVC/CompletingAllItems/Async": 26.226707389959735,