{
  "browser-setup": 4.021282,
  "browser-tear_down": 0.198224,
  "probes-creation": 0.000128,
  "probes-setup": 0.0001,
  "probes-start": 5.8e-05,
  "run": 132.983207,
  "runner-cooldown": 2.00205
}