{
  "Angular2-TypeScript-TodoMVC/Adding100Items/Async": 37.95177591969077,
  "Angular2-TypeScript-TodoMVC/Adding100Items/Sync": 58.05388673079526,
  "Angular2-TypeScript-TodoMVC/Adding100Items/total": 96.02163755040637,
  "Angular2-TypeScript-TodoMVC/CompletingAllItems/Async": 18.802336231218792,
  "Angular2-TypeScript-TodoMVC/CompletingAllItems/Sync": 10.194490788948578,
  "Angular2-TypeScript-TodoMVC/CompletingAllItems/total": 29.07148084214424,
  "Angular2-TypeScript-TodoMVC/DeletingItems/Async": 3.889932241164699,
  "Angular2-TypeScript-TodoMVC/DeletingItems/Sync": 18.217152704211298,
  "Angular2-TypeScript-TodoMVC/DeletingItems/total": 22.156773171734617,
  "Angular2-TypeScript-TodoMVC/total": 147.42852094866984,
  "AngularJS-TodoMVC/Adding100Items/Async": 51.91458374726627,
  "AngularJS-TodoMVC/Adding100Items/Sync": 272.61392959771126,
  "AngularJS-TodoMVC/Adding100Items/total": 325.1331191887591,
  "AngularJS-TodoMVC/CompletingAllItems/Async": 38.44224759666377,
  "AngularJS-TodoMVC/CompletingAllItems/Sync": 81.5438820873885,
  "AngularJS-TodoMVC/CompletingAllItems/total": 120.77831503535518,
  "AngularJS-TodoMVC/DeletingAllItems/Async": 17.741251889007795,
  "AngularJS-TodoMVC/DeletingAllItems/Sync": 242.80220975335635,
  "AngularJS-TodoMVC/DeletingAllItems/total": 260.8318339260391,
  "AngularJS-TodoMVC/total": 707.8502519577208,
  "BackboneJS-TodoMVC/Adding100Items/Async": 45.167141801975205,
  "BackboneJS-TodoMVC/Adding100Items/Sync": 97.29222851866574,
  "BackboneJS-TodoMVC/Adding100Items/total": 142.76893858862078,
  "BackboneJS-TodoMVC/CompletingAllItems/Async": 33.77808808516329,
  "BackboneJS-TodoMVC/CompletingAllItems/Sync": 55.05654772221213,
  "BackboneJS-TodoMVC/CompletingAllItems/total": 88.92863135390094,
  "BackboneJS-TodoMVC/DeletingAllItems/Async": 5.032139760022476,
  "BackboneJS-TodoMVC/DeletingAllItems/Sync": 30.637924792692587,
  "BackboneJS-TodoMVC/DeletingAllItems/total": 35.723805434791366,
  "BackboneJS-TodoMVC/total": 267.54742349719277,
  "Elm-TodoMVC/Adding100Items/Async": 55.14653806187222,
  "Elm-TodoMVC/Adding100Items/Sync": 197.21564763834368,
  "Elm-TodoMVC/Adding100Items/total": 260.2528265829767,
  "Elm-TodoMVC/CompletingAllItems/Async": 42.7550280232738,
  "Elm-TodoMVC/CompletingAllItems/Sync": 135.21670405240206,
  "Elm-TodoMVC/CompletingAllItems/total": 178.3005672420854,
  "Elm-TodoMVC/DeletingItems/Async": 10.746330003594146,
  "Elm-TodoMVC/DeletingItems/Sync": 254.051659718225,
  "Elm-TodoMVC/DeletingItems/total": 265.72467052828733,
  "Elm-TodoMVC/total": 771.7909274544492,
  "EmberJS-Debug-TodoMVC/Adding100Items/Async": 44.774236169289985,
  "EmberJS-Debug-TodoMVC/Adding100Items/Sync": 606.8708232982149,
  "EmberJS-Debug-TodoMVC/Adding100Items/total": 651.7091638354583,
  "EmberJS-Debug-TodoMVC/CompletingAllItems/Async": 33.797784059847956,
  "EmberJS-Debug-TodoMVC/CompletingAllItems/Sync": 356.81182143878505,
  "EmberJS-Debug-TodoMVC/CompletingAllItems/total": 390.8200535763656,
  "EmberJS-Debug-TodoMVC/DeletingItems/Async": 4.740338166745069,
  "EmberJS-Debug-TodoMVC/DeletingItems/Sync": 377.25408004072483,
  "EmberJS-Debug-TodoMVC/DeletingItems/total": 382.04365164857865,
  "EmberJS-Debug-TodoMVC/total": 1424.8760654240652,
  "EmberJS-TodoMVC/Adding100Items/Async": 42.519777681521575,
  "EmberJS-TodoMVC/Adding100Items/Sync": 219.143183116309,
  "EmberJS-TodoMVC/Adding100Items/total": 261.7189415585053,
  "EmberJS-TodoMVC/CompletingAllItems/Async": 35.93271819288716,
  "EmberJS-TodoMVC/CompletingAllItems/Sync": 123.24954947559532,
  "EmberJS-TodoMVC/CompletingAllItems/total": 159.30595970038277,
  "EmberJS-TodoMVC/DeletingItems/Async": 5.052759423878968,
  "EmberJS-TodoMVC/DeletingItems/Sync": 82.38847515115957,
  "EmberJS-TodoMVC/DeletingItems/total": 87.54465612890274,
  "EmberJS-TodoMVC/total": 508.90294127058576,
  "Flight-TodoMVC/Adding100Items/Async": 40.651313562761814,
  "Flight-TodoMVC/Adding100Items/Sync": 111.47479839263649,
  "Flight-TodoMVC/Adding100Items/total": 152.2729836220422,
  "Flight-TodoMVC/CompletingAllItems/Async": 32.919461838133614,
  "Flight-TodoMVC/CompletingAllItems/Sync": 119.10394764801075,
  "Flight-TodoMVC/CompletingAllItems/total": 152.11500196388153,
  "Flight-TodoMVC/DeletingItems/Async": 4.829617779165239,
  "Flight-TodoMVC/DeletingItems/Sync": 104.51305049694078,
  "Flight-TodoMVC/DeletingItems/total": 109.6509260802475,
  "Flight-TodoMVC/total": 414.13165189447545,
  "Inferno-TodoMVC/Adding100Items/Async": 44.4491934214731,
  "Inferno-TodoMVC/Adding100Items/Sync": 54.61906798225642,
  "Inferno-TodoMVC/Adding100Items/total": 99.19052404016716,
  "Inferno-TodoMVC/CompletingAllItems/Async": 10.467330778612626,
  "Inferno-TodoMVC/CompletingAllItems/Sync": 117.14005304969847,
  "Inferno-TodoMVC/CompletingAllItems/total": 128.14946777517716,
  "Inferno-TodoMVC/DeletingItems/Async": 3.910657953780813,
  "Inferno-TodoMVC/DeletingItems/Sync": 241.20945947941044,
  "Inferno-TodoMVC/DeletingItems/total": 245.14216533249117,
  "Inferno-TodoMVC/total": 472.6748865074487,
  "Preact-TodoMVC/Adding100Items/Async": 54.7201329394736,
  "Preact-TodoMVC/Adding100Items/Sync": 9.154002435632977,
  "Preact-TodoMVC/Adding100Items/total": 63.92118286206929,
  "Preact-TodoMVC/CompletingAllItems/Async": 27.76570633852991,
  "Preact-TodoMVC/CompletingAllItems/Sync": 3.8243537954021516,
  "Preact-TodoMVC/CompletingAllItems/total": 31.67421162875962,
  "Preact-TodoMVC/DeletingItems/Async": 7.238074820804113,
  "Preact-TodoMVC/DeletingItems/Sync": 2.1120898591141883,
  "Preact-TodoMVC/DeletingItems/total": 9.366400950235489,
  "Preact-TodoMVC/total": 105.86227697270103,
  "React-Redux-TodoMVC/Adding100Items/Async": 41.47641460816589,
  "React-Redux-TodoMVC/Adding100Items/Sync": 203.24923742211408,
  "React-Redux-TodoMVC/Adding100Items/total": 245.05769633477664,
  "React-Redux-TodoMVC/CompletingAllItems/Async": 31.64209494231233,
  "React-Redux-TodoMVC/CompletingAllItems/Sync": 170.9058609492121,
  "React-Redux-TodoMVC/CompletingAllItems/total": 202.56963979054822,
  "React-Redux-TodoMVC/DeletingItems/Async": 4.57447583662781,
  "React-Redux-TodoMVC/DeletingItems/Sync": 114.87787648908164,
  "React-Redux-TodoMVC/DeletingItems/total": 119.5391773360401,
  "React-Redux-TodoMVC/total": 567.7453153565605,
  "React-TodoMVC/Adding100Items/Async": 43.12500075040102,
  "React-TodoMVC/Adding100Items/Sync": 151.12917702662116,
  "React-TodoMVC/Adding100Items/total": 194.40678975404765,
  "React-TodoMVC/CompletingAllItems/Async": 34.55221025695569,
  "React-TodoMVC/CompletingAllItems/Sync": 88.00259942267422,
  "React-TodoMVC/CompletingAllItems/total": 122.8028925424703,
  "React-TodoMVC/DeletingAllItems/Async": 4.377705913876248,
  "React-TodoMVC/DeletingAllItems/Sync": 56.642075966662155,
  "React-TodoMVC/DeletingAllItems/total": 61.10752472816935,
  "React-TodoMVC/total": 378.61104678299085,
  "Vanilla-ES2015-Babel-Webpack-TodoMVC/Adding100Items/Async": 38.759021260365586,
  "Vanilla-ES2015-Babel-Webpack-TodoMVC/Adding100Items/Sync": 335.3074209961911,
  "Vanilla-ES2015-Babel-Webpack-TodoMVC/Adding100Items/total": 374.1077502001918,
  "Vanilla-ES2015-Babel-Webpack-TodoMVC/CompletingAllItems/Async": 31.434491153474617,
  "Vanilla-ES2015-Babel-Webpack-TodoMVC/CompletingAllItems/Sync": 77.79815432746321,
  "Vanilla-ES2015-Babel-Webpack-TodoMVC/CompletingAllItems/total": 109.24229657732808,
  "Vanilla-ES2015-Babel-Webpack-TodoMVC/DeletingItems/Async": 4.447733529288221,
  "Vanilla-ES2015-Babel-Webpack-TodoMVC/DeletingItems/Sync": 50.81642483125169,
  "Vanilla-ES2015-Babel-Webpack-TodoMVC/DeletingItems/total": 55.29955713615463,
  "Vanilla-ES2015-Babel-Webpack-TodoMVC/total": 538.7938215245997,
  "Vanilla-ES2015-TodoMVC/Adding100Items/Async": 38.09798006695128,
  "Vanilla-ES2015-TodoMVC/Adding100Items/Sync": 344.3935733228186,
  "Vanilla-ES2015-TodoMVC/Adding100Items/total": 382.5193568855771,
  "Vanilla-ES2015-TodoMVC/CompletingAllItems/Async": 30.802005500249546,