{
  "browser-setup": 3.288231,
  "browser-tear_down": 0.284541,
  "probes-creation": 0.000198,
  "probes-setup": 0.00016,
  "probes-start": 9e-05,
  "run": 111.927672,
  "runner-cooldown": 2.00236
}