{
  "Angular2-TypeScript-TodoMVC/Adding100Items/Async": 31.795143652083258,
  "Angular2-TypeScript-TodoMVC/Adding100Items/Sync": 42.0894801053279,
  "Angular2-TypeScript-TodoMVC/Adding100Items/total": 73.92691772300165,
  "Angular2-TypeScript-TodoMVC/CompletingAllItems/Async": 12.666944318981656,
  "Angular2-TypeScript-TodoMVC/CompletingAllItems/Sync": 8.416706453397078,
  "Angular2-TypeScript-TodoMVC/CompletingAllItems/total": 21.085949302030958,
  "Angular2-TypeScript-TodoMVC/DeletingItems/Async": 3.6221572641056934,
  "Angular2-TypeScript-TodoMVC/DeletingItems/Sync": 16.16280544347122,
  "Angular2-TypeScript-TodoMVC/DeletingItems/total": 21.47350883121518,
  "Angular2-TypeScript-TodoMVC/total": 118.12645558752563,
  "AngularJS-TodoMVC/Adding100Items/Async": 41.155174802255786,
  "AngularJS-TodoMVC/Adding100Items/Sync": 155.3815872738849,
  "AngularJS-TodoMVC/Adding100Items/total": 196.5509044510881,
  "AngularJS-TodoMVC/CompletingAllItems/Async": 24.773712389251276,
  "AngularJS-TodoMVC/CompletingAllItems/Sync": 54.62241852898062,
  "AngularJS-TodoMVC/CompletingAllItems/total": 79.49395894395296,
  "AngularJS-TodoMVC/DeletingAllItems/Async": 15.64755188984567,
  "AngularJS-TodoMVC/DeletingAllItems/Sync": 158.8405398598494,
  "AngularJS-TodoMVC/DeletingAllItems/total": 174.58028664384932,
  "AngularJS-TodoMVC/total": 450.69856080766897,
  "BackboneJS-TodoMVC/Adding100Items/Async": 40.31270233780528,
  "BackboneJS-TodoMVC/Adding100Items/Sync": 54.43329584967223,
  "BackboneJS-TodoMVC/Adding100Items/total": 94.86830301214206,
  "BackboneJS-TodoMVC/CompletingAllItems/Async": 33.9447245316236,
  "BackboneJS-TodoMVC/CompletingAllItems/Sync": 37.09605311448244,
  "BackboneJS-TodoMVC/CompletingAllItems/total": 71.88067690827636,
  "BackboneJS-TodoMVC/DeletingAllItems/Async": 4.39184955457841,
  "BackboneJS-TodoMVC/DeletingAllItems/Sync": 25.59536083661674,
  "BackboneJS-TodoMVC/DeletingAllItems/total": 30.543447620206372,
  "BackboneJS-TodoMVC/total": 197.8710536036646,
  "Elm-TodoMVC/Adding100Items/Async": 47.477483274449284,
  "Elm-TodoMVC/Adding100Items/Sync": 88.49173241789025,
  "Elm-TodoMVC/Adding100Items/total": 136.11194113548297,
  "Elm-TodoMVC/CompletingAllItems/Async": 29.544529490213815,
  "Elm-TodoMVC/CompletingAllItems/Sync": 82.30933570434324,
  "Elm-TodoMVC/CompletingAllItems/total": 111.91063540264553,
  "Elm-TodoMVC/DeletingItems/Async": 8.922140565558031,
  "Elm-TodoMVC/DeletingItems/Sync": 100.74506391796734,
  "Elm-TodoMVC/DeletingItems/total": 109.75928072742948,
  "Elm-TodoMVC/total": 357.84830516169836,
  "EmberJS-Debug-TodoMVC/Adding100Items/Async": 45.73389246825977,
  "EmberJS-Debug-TodoMVC/Adding100Items/Sync": 721.7616734677032,
  "EmberJS-Debug-TodoMVC/Adding100Items/total": 768.1468855664058,
  "EmberJS-Debug-TodoMVC/CompletingAllItems/Async": 35.574356054424435,
  "EmberJS-Debug-TodoMVC/CompletingAllItems/Sync": 299.8385350188535,
  "EmberJS-Debug-TodoMVC/CompletingAllItems/total": 336.8267665521048,
  "EmberJS-Debug-TodoMVC/DeletingItems/Async": 10.956296057314646,
  "EmberJS-Debug-TodoMVC/DeletingItems/Sync": 282.92566883106485,
  "EmberJS-Debug-TodoMVC/DeletingItems/total": 296.6589839347839,
  "EmberJS-Debug-TodoMVC/total": 1407.9167023751397,
  "EmberJS-TodoMVC/Adding100Items/Async": 34.185790928226794,
  "EmberJS-TodoMVC/Adding100Items/Sync": 146.63969462714238,
  "EmberJS-TodoMVC/Adding100Items/total": 180.90601036160396,
  "EmberJS-TodoMVC/CompletingAllItems/Async": 28.96344961787986,
  "EmberJS-TodoMVC/CompletingAllItems/Sync": 106.38503008981702,
  "EmberJS-TodoMVC/CompletingAllItems/total": 135.46836352398404,
  "EmberJS-TodoMVC/DeletingItems/Async": 3.7639025866893103,
  "EmberJS-TodoMVC/DeletingItems/Sync": 73.58137620610178,
  "EmberJS-TodoMVC/DeletingItems/total": 77.36293275032894,
  "EmberJS-TodoMVC/total": 394.9203658701532,
  "Flight-TodoMVC/Adding100Items/Async": 33.47698104463954,
  "Flight-TodoMVC/Adding100Items/Sync": 78.37300534583835,
  "Flight-TodoMVC/Adding100Items/total": 111.86609039819126,
  "Flight-TodoMVC/CompletingAllItems/Async": 24.818550859803704,
  "Flight-TodoMVC/CompletingAllItems/Sync": 85.78479866489849,
  "Flight-TodoMVC/CompletingAllItems/total": 110.60436466628146,
  "Flight-TodoMVC/DeletingItems/Async": 3.586630759163724,
  "Flight-TodoMVC/DeletingItems/Sync": 69.88784886746554,
  "Flight-TodoMVC/DeletingItems/total": 73.5233245060113,
  "Flight-TodoMVC/total": 296.02186017666537,
  "Inferno-TodoMVC/Adding100Items/Async": 38.66292998873697,
  "Inferno-TodoMVC/Adding100Items/Sync": 43.24203665920407,
  "Inferno-TodoMVC/Adding100Items/total": 81.96283218129979,
  "Inferno-TodoMVC/CompletingAllItems/Async": 6.480899196188878,
  "Inferno-TodoMVC/CompletingAllItems/Sync": 85.00080961088501,
  "Inferno-TodoMVC/CompletingAllItems/total": 91.50427194136836,
  "Inferno-TodoMVC/DeletingItems/Async": 3.408500509790175,
  "Inferno-TodoMVC/DeletingItems/Sync": 208.41071628390873,
  "Inferno-TodoMVC/DeletingItems/total": 211.85644554417462,
  "Inferno-TodoMVC/total": 385.7881872064535,
  "Preact-TodoMVC/Adding100Items/Async": 37.329697646508656,
  "Preact-TodoMVC/Adding100Items/Sync": 4.85675136591916,
  "Preact-TodoMVC/Adding100Items/total": 42.189749505007136,
  "Preact-TodoMVC/CompletingAllItems/Async": 17.075336072639523,
  "Preact-TodoMVC/CompletingAllItems/Sync": 2.951882543274951,
  "Preact-TodoMVC/CompletingAllItems/total": 20.038298513554672,
  "Preact-TodoMVC/DeletingItems/Async": 4.49206256550933,
  "Preact-TodoMVC/DeletingItems/Sync": 1.5945616697392957,
  "Preact-TodoMVC/DeletingItems/total": 6.08966541521316,
  "Preact-TodoMVC/total": 68.43898440121681,
  "React-Redux-TodoMVC/Adding100Items/Async": 33.12575103494595,
  "React-Redux-TodoMVC/Adding100Items/Sync": 137.38551921097547,
  "React-Redux-TodoMVC/Adding100Items/total": 170.74059927024814,
  "React-Redux-TodoMVC/CompletingAllItems/Async": 27.141256031695423,
  "React-Redux-TodoMVC/CompletingAllItems/Sync": 146.0034578367527,
  "React-Redux-TodoMVC/CompletingAllItems/total": 173.44216473036383,
  "React-Redux-TodoMVC/DeletingItems/Async": 3.7638434774822667,
  "React-Redux-TodoMVC/DeletingItems/Sync": 102.31238111612869,
  "React-Redux-TodoMVC/DeletingItems/total": 106.28946784700443,
  "React-Redux-TodoMVC/total": 452.196551471813,
  "React-TodoMVC/Adding100Items/Async": 34.95655476500098,
  "React-TodoMVC/Adding100Items/Sync": 108.97677268876166,
  "React-TodoMVC/Adding100Items/total": 144.1243577373785,
  "React-TodoMVC/CompletingAllItems/Async": 27.31487489711757,
  "React-TodoMVC/CompletingAllItems/Sync": 63.28018249276856,
  "React-TodoMVC/CompletingAllItems/total": 90.61301795350298,
  "React-TodoMVC/DeletingAllItems/Async": 2.960632839048952,
  "React-TodoMVC/DeletingAllItems/Sync": 47.968981748143264,
  "React-TodoMVC/DeletingAllItems/total": 50.9624649591852,
  "React-TodoMVC/total": 286.207888466527,
  "Vanilla-ES2015-Babel-Webpack-TodoMVC/Adding100Items/Async": 35.44555681511514,
  "Vanilla-ES2015-Babel-Webpack-TodoMVC/Adding100Items/Sync": 298.4988741350337,
  "Vanilla-ES2015-Babel-Webpack-TodoMVC/Adding100Items/total": 333.974693139751,
  "Vanilla-ES2015-Babel-Webpack-TodoMVC/CompletingAllItems/Async": 26.507076414072248,
  "Vanilla-ES2015-Babel-Webpack-TodoMVC/CompletingAllItems/Sync": 65.11126186168505,
  "Vanilla-ES2015-Babel-Webpack-TodoMVC/CompletingAllItems/total": 91.63162731755604,
  "Vanilla-ES2015-Babel-Webpack-TodoMVC/DeletingItems/Async": 3.18632062543609,
  "Vanilla-ES2015-Babel-Webpack-TodoMVC/DeletingItems/Sync": 40.763862036438624,
  "Vanilla-ES2015-Babel-Webpack-TodoMVC/DeletingItems/total": 43.970612392426744,
  "Vanilla-ES2015-Babel-Webpack-TodoMVC/total": 469.5900128964283,
  "Vanilla-ES2015-TodoMVC/Adding100Items/Async": 34.72263460979514,
  "Vanilla-ES2015-TodoMVC/Adding100Items/Sync": 305.44903053660295,
  "Vanilla-ES2015-TodoMVC/Adding100Items/total": 340.2369585712964,
  "Vanilla-ES2015-TodoMVC/CompletingAllItems/Async": 26.25446940183809,