{
  "browser-setup": 3.299521,
  "browser-tear_down": 0.294748,
  "probes-creation": 0.0002,
  "probes-setup": 0.000168,
  "probes-start": 7.8e-05,
  "run": 109.917602,
  "runner-cooldown": 2.002073
}