{
  "Angular2-TypeScript-TodoMVC/Adding100Items/Async": 31.163709620918674,
  "Angular2-TypeScript-TodoMVC/Adding100Items/Sync": 42.28165995356258,
  "Angular2-TypeScript-TodoMVC/Adding100Items/total": 73.47737396065114,
  "Angular2-TypeScript-TodoMVC/CompletingAllItems/Async": 12.52435418640454,
  "Angular2-TypeScript-TodoMVC/CompletingAllItems/Sync": 8.446790299138971,
  "Angular2-TypeScript-TodoMVC/CompletingAllItems/total": 20.971844758391807,
  "Angular2-TypeScript-TodoMVC/DeletingItems/Async": 3.6649373396415026,
  "Angular2-TypeScript-TodoMVC/DeletingItems/Sync": 16.43411935849503,
  "Angular2-TypeScript-TodoMVC/DeletingItems/total": 21.933900448166984,
  "Angular2-TypeScript-TodoMVC/total": 118.25035667115871,
  "AngularJS-TodoMVC/Adding100Items/Async": 40.93105442243087,
  "AngularJS-TodoMVC/Adding100Items/Sync": 156.69670316760323,
  "AngularJS-TodoMVC/Adding100Items/total": 197.64182666639272,
  "AngularJS-TodoMVC/CompletingAllItems/Async": 25.02705766711755,
  "AngularJS-TodoMVC/CompletingAllItems/Sync": 54.882870538633924,
  "AngularJS-TodoMVC/CompletingAllItems/total": 79.9725644232445,
  "AngularJS-TodoMVC/DeletingAllItems/Async": 15.5299294175563,
  "AngularJS-TodoMVC/DeletingAllItems/Sync": 160.08358270895937,
  "AngularJS-TodoMVC/DeletingAllItems/total": 175.68456847464248,
  "AngularJS-TodoMVC/total": 453.3581118488691,
  "BackboneJS-TodoMVC/Adding100Items/Async": 41.11920443331428,
  "BackboneJS-TodoMVC/Adding100Items/Sync": 54.44026345264849,
  "BackboneJS-TodoMVC/Adding100Items/total": 95.8235818076492,
  "BackboneJS-TodoMVC/CompletingAllItems/Async": 34.8831051352261,
  "BackboneJS-TodoMVC/CompletingAllItems/Sync": 36.81677799035197,
  "BackboneJS-TodoMVC/CompletingAllItems/total": 73.16495715222402,
  "BackboneJS-TodoMVC/DeletingAllItems/Async": 4.581374310863084,
  "BackboneJS-TodoMVC/DeletingAllItems/Sync": 25.382385920756175,
  "BackboneJS-TodoMVC/DeletingAllItems/total": 30.271438054559496,
  "BackboneJS-TodoMVC/total": 200.16525806965333,
  "Elm-TodoMVC/Adding100Items/Async": 46.45623760764663,
  "Elm-TodoMVC/Adding100Items/Sync": 84.75623336652035,
  "Elm-TodoMVC/Adding100Items/total": 131.26346406034037,
  "Elm-TodoMVC/CompletingAllItems/Async": 29.16109751338419,
  "Elm-TodoMVC/CompletingAllItems/Sync": 81.96545013429841,
  "Elm-TodoMVC/CompletingAllItems/total": 111.14792657533002,
  "Elm-TodoMVC/DeletingItems/Async": 8.78130167361163,
  "Elm-TodoMVC/DeletingItems/Sync": 100.98970080249082,
  "Elm-TodoMVC/DeletingItems/total": 109.85094203445742,
  "Elm-TodoMVC/total": 352.2859472506192,
  "EmberJS-Debug-TodoMVC/Adding100Items/Async": 47.680147024478195,
  "EmberJS-Debug-TodoMVC/Adding100Items/Sync": 723.7155916308433,
  "EmberJS-Debug-TodoMVC/Adding100Items/total": 772.2617238735229,
  "EmberJS-Debug-TodoMVC/CompletingAllItems/Async": 33.48637684575306,
  "EmberJS-Debug-TodoMVC/CompletingAllItems/Sync": 302.34501138324987,
  "EmberJS-Debug-TodoMVC/CompletingAllItems/total": 336.0814166195529,
  "EmberJS-Debug-TodoMVC/DeletingItems/Async": 11.481600151841313,
  "EmberJS-Debug-TodoMVC/DeletingItems/Sync": 284.8361095344694,
  "EmberJS-Debug-TodoMVC/DeletingItems/total": 299.52992095593993,
  "EmberJS-Debug-TodoMVC/total": 1414.65897381838,
  "EmberJS-TodoMVC/Adding100Items/Async": 34.253590600221266,
  "EmberJS-TodoMVC/Adding100Items/Sync": 152.1361940159731,
  "EmberJS-TodoMVC/Adding100Items/total": 186.5176677940117,
  "EmberJS-TodoMVC/CompletingAllItems/Async": 28.253605387315265,
  "EmberJS-TodoMVC/CompletingAllItems/Sync": 114.30413671253558,
  "EmberJS-TodoMVC/CompletingAllItems/total": 142.92858666252164,
  "EmberJS-TodoMVC/DeletingItems/Async": 3.5913026876966705,
  "EmberJS-TodoMVC/DeletingItems/Sync": 75.68777444389964,
  "EmberJS-TodoMVC/DeletingItems/total": 79.32612309275481,
  "EmberJS-TodoMVC/total": 410.5049267410637,
  "Flight-TodoMVC/Adding100Items/Async": 32.603418627289265,
  "Flight-TodoMVC/Adding100Items/Sync": 77.58669319864529,
  "Flight-TodoMVC/Adding100Items/total": 110.20223093995735,
  "Flight-TodoMVC/CompletingAllItems/Async": 24.765806934626102,
  "Flight-TodoMVC/CompletingAllItems/Sync": 84.94893758062187,
  "Flight-TodoMVC/CompletingAllItems/total": 109.71726725967767,
  "Flight-TodoMVC/DeletingItems/Async": 3.495100332507295,
  "Flight-TodoMVC/DeletingItems/Sync": 71.29651859632277,
  "Flight-TodoMVC/DeletingItems/total": 74.85599100712928,
  "Flight-TodoMVC/total": 294.8115758748527,
  "Inferno-TodoMVC/Adding100Items/Async": 37.8049873347197,
  "Inferno-TodoMVC/Adding100Items/Sync": 44.27409425167516,
  "Inferno-TodoMVC/Adding100Items/total": 82.14155566196568,
  "Inferno-TodoMVC/CompletingAllItems/Async": 6.2764129115672045,
  "Inferno-TodoMVC/CompletingAllItems/Sync": 84.9164436655038,
  "Inferno-TodoMVC/CompletingAllItems/total": 91.19530574535138,
  "Inferno-TodoMVC/DeletingItems/Async": 3.481628038365427,
  "Inferno-TodoMVC/DeletingItems/Sync": 202.40021725160153,
  "Inferno-TodoMVC/DeletingItems/total": 205.9541169010467,
  "Inferno-TodoMVC/total": 379.351975706462,
  "Preact-TodoMVC/Adding100Items/Async": 36.47430384438386,
  "Preact-TodoMVC/Adding100Items/Sync": 4.927719070979323,
  "Preact-TodoMVC/Adding100Items/total": 41.41039561103448,
  "Preact-TodoMVC/CompletingAllItems/Async": 16.531025753043615,
  "Preact-TodoMVC/CompletingAllItems/Sync": 2.944379768273488,
  "Preact-TodoMVC/CompletingAllItems/total": 19.492045388844208,
  "Preact-TodoMVC/DeletingItems/Async": 4.254094245682738,
  "Preact-TodoMVC/DeletingItems/Sync": 1.6721965304427748,
  "Preact-TodoMVC/DeletingItems/total": 5.939039890341235,
  "Preact-TodoMVC/total": 67.04535841110315,
  "React-Redux-TodoMVC/Adding100Items/Async": 32.49017121435751,
  "React-Redux-TodoMVC/Adding100Items/Sync": 135.2905446748164,
  "React-Redux-TodoMVC/Adding100Items/total": 167.86620292235696,
  "React-Redux-TodoMVC/CompletingAllItems/Async": 26.884451657605783,
  "React-Redux-TodoMVC/CompletingAllItems/Sync": 142.10363899441404,
  "React-Redux-TodoMVC/CompletingAllItems/total": 169.26633846607356,
  "React-Redux-TodoMVC/DeletingItems/Async": 3.6187874399207565,
  "React-Redux-TodoMVC/DeletingItems/Sync": 102.58963874584941,
  "React-Redux-TodoMVC/DeletingItems/total": 106.3711318016065,
  "React-Redux-TodoMVC/total": 446.0742256794582,
  "React-TodoMVC/Adding100Items/Async": 34.09065072407214,
  "React-TodoMVC/Adding100Items/Sync": 110.86258886403782,
  "React-TodoMVC/Adding100Items/total": 145.25331800283192,
  "React-TodoMVC/CompletingAllItems/Async": 28.060007706678974,
  "React-TodoMVC/CompletingAllItems/Sync": 63.16890023805028,
  "React-TodoMVC/CompletingAllItems/total": 91.34922252545051,
  "React-TodoMVC/DeletingAllItems/Async": 2.9978697145515527,
  "React-TodoMVC/DeletingAllItems/Sync": 47.57275556086525,
  "React-TodoMVC/DeletingAllItems/total": 50.592280260628776,
  "React-TodoMVC/total": 287.72158835439546,
  "Vanilla-ES2015-Babel-Webpack-TodoMVC/Adding100Items/Async": 34.719477894425204,
  "Vanilla-ES2015-Babel-Webpack-TodoMVC/Adding100Items/Sync": 292.78992071197627,
  "Vanilla-ES2015-Babel-Webpack-TodoMVC/Adding100Items/total": 327.5397402611584,
  "Vanilla-ES2015-Babel-Webpack-TodoMVC/CompletingAllItems/Async": 26.436590982007356,
  "Vanilla-ES2015-Babel-Webpack-TodoMVC/CompletingAllItems/Sync": 63.95590359082138,
  "Vanilla-ES2015-Babel-Webpack-TodoMVC/CompletingAllItems/total": 90.4063992228492,
  "Vanilla-ES2015-Babel-Webpack-TodoMVC/DeletingItems/Async": 3.269403697956052,
  "Vanilla-ES2015-Babel-Webpack-TodoMVC/DeletingItems/Sync": 40.28874360648363,
  "Vanilla-ES2015-Babel-Webpack-TodoMVC/DeletingItems/total": 43.60482878301658,
  "Vanilla-ES2015-Babel-Webpack-TodoMVC/total": 461.5715619654741,
  "Vanilla-ES2015-TodoMVC/Adding100Items/Async": 34.00469847378168,
  "Vanilla-ES2015-TodoMVC/Adding100Items/Sync": 295.1289863250847,
  "Vanilla-ES2015-TodoMVC/Adding100Items/total": 329.1765387684392,
  "Vanilla-ES2015-TodoMVC/CompletingAllItems/Async": 26.195667702213385,