{
  "browser-setup": 4.023913,
  "browser-tear_down": 0.29581,
  "probes-creation": 0.000132,
  "probes-setup": 0.000101,
  "probes-start": 6.2e-05,
  "run": 129.929404,
  "runner-cooldown": 2.00205
}