{
  "Angular2-TypeScript-TodoMVC/Adding100Items/Async": 38.19342039259177,
  "Angular2-TypeScript-TodoMVC/Adding100Items/Sync": 60.22634038971931,
  "Angular2-TypeScript-TodoMVC/Adding100Items/total": 98.45325897711014,
  "Angular2-TypeScript-TodoMVC/CompletingAllItems/Async": 17.60195980403176,
  "Angular2-TypeScript-TodoMVC/CompletingAllItems/Sync": 10.262013750185243,
  "Angular2-TypeScript-TodoMVC/CompletingAllItems/total": 27.88880032955852,
  "Angular2-TypeScript-TodoMVC/DeletingItems/Async": 3.7173299168793648,
  "Angular2-TypeScript-TodoMVC/DeletingItems/Sync": 19.031371971020207,
  "Angular2-TypeScript-TodoMVC/DeletingItems/total": 22.768879379153194,
  "Angular2-TypeScript-TodoMVC/total": 149.18445127609223,
  "AngularJS-TodoMVC/Adding100Items/Async": 50.65872471982274,
  "AngularJS-TodoMVC/Adding100Items/Sync": 280.7159697895052,
  "AngularJS-TodoMVC/Adding100Items/total": 331.665980424794,
  "AngularJS-TodoMVC/CompletingAllItems/Async": 36.21544438651733,
  "AngularJS-TodoMVC/CompletingAllItems/Sync": 87.39544793467743,
  "AngularJS-TodoMVC/CompletingAllItems/total": 124.54002693383573,
  "AngularJS-TodoMVC/DeletingAllItems/Async": 17.53578169128022,
  "AngularJS-TodoMVC/DeletingAllItems/Sync": 251.82572006570499,
  "AngularJS-TodoMVC/DeletingAllItems/total": 269.5837265496076,
  "AngularJS-TodoMVC/total": 726.9949970847367,
  "BackboneJS-TodoMVC/Adding100Items/Async": 45.55882902843965,
  "BackboneJS-TodoMVC/Adding100Items/Sync": 108.26486153506532,
  "BackboneJS-TodoMVC/Adding100Items/total": 154.41983628831807,
  "BackboneJS-TodoMVC/CompletingAllItems/Async": 34.066849414773785,
  "BackboneJS-TodoMVC/CompletingAllItems/Sync": 59.05548831341961,
  "BackboneJS-TodoMVC/CompletingAllItems/total": 93.29201888120656,
  "BackboneJS-TodoMVC/DeletingAllItems/Async": 4.777900905536264,
  "BackboneJS-TodoMVC/DeletingAllItems/Sync": 30.90017705886055,
  "BackboneJS-TodoMVC/DeletingAllItems/total": 35.6936137642197,
  "BackboneJS-TodoMVC/total": 283.69506924773873,
  "Elm-TodoMVC/Adding100Items/Async": 51.46581630060182,
  "Elm-TodoMVC/Adding100Items/Sync": 146.71784043032153,
  "Elm-TodoMVC/Adding100Items/total": 198.22942302424855,
  "Elm-TodoMVC/CompletingAllItems/Async": 40.24453039448104,
  "Elm-TodoMVC/CompletingAllItems/Sync": 179.2362342614887,
  "Elm-TodoMVC/CompletingAllItems/total": 226.77277701286587,
  "Elm-TodoMVC/DeletingItems/Async": 11.37113128498413,
  "Elm-TodoMVC/DeletingItems/Sync": 314.58858027051,
  "Elm-TodoMVC/DeletingItems/total": 328.5667702338418,
  "Elm-TodoMVC/total": 846.1621782036167,
  "EmberJS-Debug-TodoMVC/Adding100Items/Async": 45.42040283610623,
  "EmberJS-Debug-TodoMVC/Adding100Items/Sync": 595.2263748954787,
  "EmberJS-Debug-TodoMVC/Adding100Items/total": 640.698612406974,
  "EmberJS-Debug-TodoMVC/CompletingAllItems/Async": 32.087263617564915,
  "EmberJS-Debug-TodoMVC/CompletingAllItems/Sync": 357.0154188449683,
  "EmberJS-Debug-TodoMVC/CompletingAllItems/total": 389.1228478985769,
  "EmberJS-Debug-TodoMVC/DeletingItems/Async": 5.198230784978194,
  "EmberJS-Debug-TodoMVC/DeletingItems/Sync": 374.2197524923382,
  "EmberJS-Debug-TodoMVC/DeletingItems/total": 379.5290075894481,
  "EmberJS-Debug-TodoMVC/total": 1409.5865413777544,
  "EmberJS-TodoMVC/Adding100Items/Async": 42.21170783489224,
  "EmberJS-TodoMVC/Adding100Items/Sync": 232.67677114730915,
  "EmberJS-TodoMVC/Adding100Items/total": 274.9668154414625,
  "EmberJS-TodoMVC/CompletingAllItems/Async": 36.40968399504973,
  "EmberJS-TodoMVC/CompletingAllItems/Sync": 122.37289156230261,
  "EmberJS-TodoMVC/CompletingAllItems/total": 158.89494292113864,
  "EmberJS-TodoMVC/DeletingItems/Async": 5.393512412123085,
  "EmberJS-TodoMVC/DeletingItems/Sync": 81.48371376791091,
  "EmberJS-TodoMVC/DeletingItems/total": 87.6046985634825,
  "EmberJS-TodoMVC/total": 521.8135429535704,
  "Flight-TodoMVC/Adding100Items/Async": 40.77080295075362,
  "Flight-TodoMVC/Adding100Items/Sync": 116.97966594052782,
  "Flight-TodoMVC/Adding100Items/total": 158.04884455155198,
  "Flight-TodoMVC/CompletingAllItems/Async": 32.74467571496638,
  "Flight-TodoMVC/CompletingAllItems/Sync": 124.5379318700958,
  "Flight-TodoMVC/CompletingAllItems/total": 157.52678744750102,
  "Flight-TodoMVC/DeletingItems/Async": 4.759763085334793,
  "Flight-TodoMVC/DeletingItems/Sync": 109.28008405505518,
  "Flight-TodoMVC/DeletingItems/total": 114.45968968777933,
  "Flight-TodoMVC/total": 430.13010349083044,
  "Inferno-TodoMVC/Adding100Items/Async": 45.48213108005222,
  "Inferno-TodoMVC/Adding100Items/Sync": 57.81896029064688,
  "Inferno-TodoMVC/Adding100Items/total": 103.56367444168295,
  "Inferno-TodoMVC/CompletingAllItems/Async": 10.722986245340397,
  "Inferno-TodoMVC/CompletingAllItems/Sync": 117.36162635755454,
  "Inferno-TodoMVC/CompletingAllItems/total": 128.6269282670793,
  "Inferno-TodoMVC/DeletingItems/Async": 4.100369548328717,
  "Inferno-TodoMVC/DeletingItems/Sync": 248.95714138570145,
  "Inferno-TodoMVC/DeletingItems/total": 253.08937286350098,
  "Inferno-TodoMVC/total": 485.765215771315,
  "Preact-TodoMVC/Adding100Items/Async": 65.12177340899532,
  "Preact-TodoMVC/Adding100Items/Sync": 10.625924065953326,
  "Preact-TodoMVC/Adding100Items/total": 75.79063624558309,
  "Preact-TodoMVC/CompletingAllItems/Async": 23.674195293977473,
  "Preact-TodoMVC/CompletingAllItems/Sync": 3.893433323304293,
  "Preact-TodoMVC/CompletingAllItems/total": 27.6051829742985,
  "Preact-TodoMVC/DeletingItems/Async": 7.858208903744705,
  "Preact-TodoMVC/DeletingItems/Sync": 2.225534629980897,
  "Preact-TodoMVC/DeletingItems/total": 10.087550177911025,
  "Preact-TodoMVC/total": 114.24178959451714,
  "React-Redux-TodoMVC/Adding100Items/Async": 41.37515089086496,
  "React-Redux-TodoMVC/Adding100Items/Sync": 199.06288022145705,
  "React-Redux-TodoMVC/Adding100Items/total": 240.63578163513478,
  "React-Redux-TodoMVC/CompletingAllItems/Async": 31.572270115208983,
  "React-Redux-TodoMVC/CompletingAllItems/Sync": 172.15721918735812,
  "React-Redux-TodoMVC/CompletingAllItems/total": 203.7656943091643,
  "React-Redux-TodoMVC/DeletingItems/Async": 4.291650498000257,
  "React-Redux-TodoMVC/DeletingItems/Sync": 114.14046444051426,
  "React-Redux-TodoMVC/DeletingItems/total": 118.51461534090514,
  "React-Redux-TodoMVC/total": 563.3910620732877,
  "React-TodoMVC/Adding100Items/Async": 42.61074936634895,
  "React-TodoMVC/Adding100Items/Sync": 156.87634699845188,
  "React-TodoMVC/Adding100Items/total": 199.63309502324316,
  "React-TodoMVC/CompletingAllItems/Async": 34.08147234244709,
  "React-TodoMVC/CompletingAllItems/Sync": 83.06013852292534,
  "React-TodoMVC/CompletingAllItems/total": 117.25920648853455,
  "React-TodoMVC/DeletingAllItems/Async": 3.970666873190119,
  "React-TodoMVC/DeletingAllItems/Sync": 56.657200629347734,
  "React-TodoMVC/DeletingAllItems/total": 60.68238661391343,
  "React-TodoMVC/total": 377.77103964032824,
  "Vanilla-ES2015-Babel-Webpack-TodoMVC/Adding100Items/Async": 38.87953296665668,
  "Vanilla-ES2015-Babel-Webpack-TodoMVC/Adding100Items/Sync": 341.3361801113345,
  "Vanilla-ES2015-Babel-Webpack-TodoMVC/Adding100Items/total": 380.27090817749036,
  "Vanilla-ES2015-Babel-Webpack-TodoMVC/CompletingAllItems/Async": 32.12814103653967,
  "Vanilla-ES2015-Babel-Webpack-TodoMVC/CompletingAllItems/Sync": 78.97274574193449,
  "Vanilla-ES2015-Babel-Webpack-TodoMVC/CompletingAllItems/total": 111.19740769153957,
  "Vanilla-ES2015-Babel-Webpack-TodoMVC/DeletingItems/Async": 4.424328236660176,
  "Vanilla-ES2015-Babel-Webpack-TodoMVC/DeletingItems/Sync": 53.104657820926,
  "Vanilla-ES2015-Babel-Webpack-TodoMVC/DeletingItems/total": 57.553897864819845,
  "Vanilla-ES2015-Babel-Webpack-TodoMVC/total": 549.2603051051025,
  "Vanilla-ES2015-TodoMVC/Adding100Items/Async": 37.74857164390357,
  "Vanilla-ES2015-TodoMVC/Adding100Items/Sync": 351.37348057119146,
  "Vanilla-ES2015-TodoMVC/Adding100Items/total": 389.1226863564359,
  "Vanilla-ES2015-TodoMVC/CompletingAllItems/Async": 31.046166191692645,