{
  "browser-setup": 4.008388,
  "browser-tear_down": 0.283761,
  "probes-creation": 0.000133,
  "probes-setup": 0.0001,
  "probes-start": 5.6e-05,
  "run": 131.44636,
  "runner-cooldown": 2.002051
}