{
  "browser-setup": 3.943556,
  "browser-tear_down": 0.281027,
  "probes-creation": 0.00012,
  "probes-setup": 0.0001,
  "probes-start": 5.4e-05,
  "run": 130.83365,
  "runner-cooldown": 2.002049
}