{
  "Angular2-TypeScript-TodoMVC/Adding100Items/Async": 37.77873484382502,
  "Angular2-TypeScript-TodoMVC/Adding100Items/Sync": 54.9798660296005,
  "Angular2-TypeScript-TodoMVC/Adding100Items/total": 92.80780756372906,
  "Angular2-TypeScript-TodoMVC/CompletingAllItems/Async": 15.202883930106614,
  "Angular2-TypeScript-TodoMVC/CompletingAllItems/Sync": 10.043751220777022,
  "Angular2-TypeScript-TodoMVC/CompletingAllItems/total": 25.344048787423574,
  "Angular2-TypeScript-TodoMVC/DeletingItems/Async": 3.6571870708695746,
  "Angular2-TypeScript-TodoMVC/DeletingItems/Sync": 17.616120548361952,
  "Angular2-TypeScript-TodoMVC/DeletingItems/total": 21.27915720080684,
  "Angular2-TypeScript-TodoMVC/total": 139.61151223333601,
  "AngularJS-TodoMVC/Adding100Items/Async": 51.766429119314004,
  "AngularJS-TodoMVC/Adding100Items/Sync": 224.35986571838825,
  "AngularJS-TodoMVC/Adding100Items/total": 276.7855544903622,
  "AngularJS-TodoMVC/CompletingAllItems/Async": 39.21835410430833,
  "AngularJS-TodoMVC/CompletingAllItems/Sync": 84.02118093473551,
  "AngularJS-TodoMVC/CompletingAllItems/total": 125.23920554472076,
  "AngularJS-TodoMVC/DeletingAllItems/Async": 16.29915022663204,
  "AngularJS-TodoMVC/DeletingAllItems/Sync": 264.1515482268371,
  "AngularJS-TodoMVC/DeletingAllItems/total": 280.5515889835474,
  "AngularJS-TodoMVC/total": 697.8645725814652,
  "BackboneJS-TodoMVC/Adding100Items/Async": 45.14800014298963,
  "BackboneJS-TodoMVC/Adding100Items/Sync": 71.7490590274235,
  "BackboneJS-TodoMVC/Adding100Items/total": 117.01027499714756,
  "BackboneJS-TodoMVC/CompletingAllItems/Async": 33.93057072654502,
  "BackboneJS-TodoMVC/CompletingAllItems/Sync": 46.48391815541823,
  "BackboneJS-TodoMVC/CompletingAllItems/total": 80.44964560329142,
  "BackboneJS-TodoMVC/DeletingAllItems/Async": 4.62592160283649,
  "BackboneJS-TodoMVC/DeletingAllItems/Sync": 29.843684356120193,
  "BackboneJS-TodoMVC/DeletingAllItems/total": 34.47638282815281,
  "BackboneJS-TodoMVC/total": 231.99831945000545,
  "Elm-TodoMVC/Adding100Items/Async": 52.12382530910049,
  "Elm-TodoMVC/Adding100Items/Sync": 135.17663922676388,
  "Elm-TodoMVC/Adding100Items/total": 188.9020485536757,
  "Elm-TodoMVC/CompletingAllItems/Async": 34.874148450701526,
  "Elm-TodoMVC/CompletingAllItems/Sync": 141.08749921589296,
  "Elm-TodoMVC/CompletingAllItems/total": 177.70959488309967,
  "Elm-TodoMVC/DeletingItems/Async": 14.399952050344396,
  "Elm-TodoMVC/DeletingItems/Sync": 161.44552857389544,
  "Elm-TodoMVC/DeletingItems/total": 181.32343322373092,
  "Elm-TodoMVC/total": 570.7771897391846,
  "EmberJS-Debug-TodoMVC/Adding100Items/Async": 48.3635193655152,
  "EmberJS-Debug-TodoMVC/Adding100Items/Sync": 586.8796206339292,
  "EmberJS-Debug-TodoMVC/Adding100Items/total": 635.3202524001862,
  "EmberJS-Debug-TodoMVC/CompletingAllItems/Async": 31.03656024093344,
  "EmberJS-Debug-TodoMVC/CompletingAllItems/Sync": 367.5267574758186,
  "EmberJS-Debug-TodoMVC/CompletingAllItems/total": 398.7028180765736,
  "EmberJS-Debug-TodoMVC/DeletingItems/Async": 11.089957180007742,
  "EmberJS-Debug-TodoMVC/DeletingItems/Sync": 444.0377827236213,
  "EmberJS-Debug-TodoMVC/DeletingItems/total": 457.0197768572643,
  "EmberJS-Debug-TodoMVC/total": 1508.6174595874863,
  "EmberJS-TodoMVC/Adding100Items/Async": 44.9101256699607,
  "EmberJS-TodoMVC/Adding100Items/Sync": 202.1094938659828,
  "EmberJS-TodoMVC/Adding100Items/total": 247.44468220631651,
  "EmberJS-TodoMVC/CompletingAllItems/Async": 34.41482997351638,
  "EmberJS-TodoMVC/CompletingAllItems/Sync": 116.71881306213822,
  "EmberJS-TodoMVC/CompletingAllItems/total": 151.3800383765388,
  "EmberJS-TodoMVC/DeletingItems/Async": 4.195978191335867,
  "EmberJS-TodoMVC/DeletingItems/Sync": 82.19872276744394,
  "EmberJS-TodoMVC/DeletingItems/total": 86.41145842097238,
  "EmberJS-TodoMVC/total": 486.39250364992273,
  "Flight-TodoMVC/Adding100Items/Async": 39.51772073209273,
  "Flight-TodoMVC/Adding100Items/Sync": 97.92644967660978,
  "Flight-TodoMVC/Adding100Items/total": 137.4535017724819,
  "Flight-TodoMVC/CompletingAllItems/Async": 28.948469670607118,
  "Flight-TodoMVC/CompletingAllItems/Sync": 105.94174064495638,
  "Flight-TodoMVC/CompletingAllItems/total": 134.8975432781903,
  "Flight-TodoMVC/DeletingItems/Async": 3.78748749097676,
  "Flight-TodoMVC/DeletingItems/Sync": 87.62032125533067,
  "Flight-TodoMVC/DeletingItems/total": 91.41024908309103,
  "Flight-TodoMVC/total": 363.76846385895993,
  "Inferno-TodoMVC/Adding100Items/Async": 47.14607690595892,
  "Inferno-TodoMVC/Adding100Items/Sync": 54.1746749713228,
  "Inferno-TodoMVC/Adding100Items/total": 102.45171927739509,
  "Inferno-TodoMVC/CompletingAllItems/Async": 11.197087595125957,
  "Inferno-TodoMVC/CompletingAllItems/Sync": 124.29742936517827,
  "Inferno-TodoMVC/CompletingAllItems/total": 136.07514032935214,
  "Inferno-TodoMVC/DeletingItems/Async": 4.016781830506764,
  "Inferno-TodoMVC/DeletingItems/Sync": 238.87544949851065,
  "Inferno-TodoMVC/DeletingItems/total": 243.1117082096735,
  "Inferno-TodoMVC/total": 487.5569330636443,
  "Preact-TodoMVC/Adding100Items/Async": 43.25865772856717,
  "Preact-TodoMVC/Adding100Items/Sync": 6.2142765790546655,
  "Preact-TodoMVC/Adding100Items/total": 49.47442822433381,
  "Preact-TodoMVC/CompletingAllItems/Async": 29.529102605072186,
  "Preact-TodoMVC/CompletingAllItems/Sync": 3.8311152259462773,
  "Preact-TodoMVC/CompletingAllItems/total": 33.40192872597955,
  "Preact-TodoMVC/DeletingItems/Async": 7.698037865643597,
  "Preact-TodoMVC/DeletingItems/Sync": 2.0128385316703103,
  "Preact-TodoMVC/DeletingItems/total": 9.715600390700088,
  "Preact-TodoMVC/total": 92.78428970926996,
  "React-Redux-TodoMVC/Adding100Items/Async": 44.3190035735746,
  "React-Redux-TodoMVC/Adding100Items/Sync": 189.26551067787815,
  "React-Redux-TodoMVC/Adding100Items/total": 233.9438442816336,
  "React-Redux-TodoMVC/CompletingAllItems/Async": 30.234779202806433,
  "React-Redux-TodoMVC/CompletingAllItems/Sync": 184.25335015562496,
  "React-Redux-TodoMVC/CompletingAllItems/total": 214.85497443243395,
  "React-Redux-TodoMVC/DeletingItems/Async": 5.12390371058945,
  "React-Redux-TodoMVC/DeletingItems/Sync": 111.50697899244605,
  "React-Redux-TodoMVC/DeletingItems/total": 117.04477715397125,
  "React-Redux-TodoMVC/total": 569.1956577220864,
  "React-TodoMVC/Adding100Items/Async": 43.28558404188953,
  "React-TodoMVC/Adding100Items/Sync": 155.39219341133014,
  "React-TodoMVC/Adding100Items/total": 199.41045310174735,
  "React-TodoMVC/CompletingAllItems/Async": 30.903280982901805,
  "React-TodoMVC/CompletingAllItems/Sync": 87.90384042588194,
  "React-TodoMVC/CompletingAllItems/total": 119.02884842018555,
  "React-TodoMVC/DeletingAllItems/Async": 4.807303659318705,
  "React-TodoMVC/DeletingAllItems/Sync": 56.005085482646656,
  "React-TodoMVC/DeletingAllItems/total": 61.297936249703284,
  "React-TodoMVC/total": 380.9462119393788,
  "Vanilla-ES2015-Babel-Webpack-TodoMVC/Adding100Items/Async": 37.76154704686133,
  "Vanilla-ES2015-Babel-Webpack-TodoMVC/Adding100Items/Sync": 346.4607780454484,
  "Vanilla-ES2015-Babel-Webpack-TodoMVC/Adding100Items/total": 384.2877417751207,
  "Vanilla-ES2015-Babel-Webpack-TodoMVC/CompletingAllItems/Async": 29.33516980849375,
  "Vanilla-ES2015-Babel-Webpack-TodoMVC/CompletingAllItems/Sync": 72.94289987544896,
  "Vanilla-ES2015-Babel-Webpack-TodoMVC/CompletingAllItems/total": 102.31190605183224,
  "Vanilla-ES2015-Babel-Webpack-TodoMVC/DeletingItems/Async": 4.321209501928858,
  "Vanilla-ES2015-Babel-Webpack-TodoMVC/DeletingItems/Sync": 45.873968085226885,
  "Vanilla-ES2015-Babel-Webpack-TodoMVC/DeletingItems/total": 50.32064675704279,
  "Vanilla-ES2015-Babel-Webpack-TodoMVC/total": 537.2127864057346,
  "Vanilla-ES2015-TodoMVC/Adding100Items/Async": 37.897555554945185,
  "Vanilla-ES2015-TodoMVC/Adding100Items/Sync": 340.7081093486589,
  "Vanilla-ES2015-TodoMVC/Adding100Items/total": 378.6489078931115,
  "Vanilla-ES2015-TodoMVC/CompletingAllItems/Async": 31.084259088136672,