{
  "browser-setup": 4.015363,
  "browser-tear_down": 0.239842,
  "probes-creation": 0.000124,
  "probes-setup": 9.7e-05,
  "probes-start": 5.4e-05,
  "run": 127.650048,
  "runner-cooldown": 2.002049
}