{
  "Angular2-TypeScript-TodoMVC/Adding100Items/Async": 38.982698572260496,
  "Angular2-TypeScript-TodoMVC/Adding100Items/Sync": 54.777187235354354,
  "Angular2-TypeScript-TodoMVC/Adding100Items/total": 93.9357245739588,
  "Angular2-TypeScript-TodoMVC/CompletingAllItems/Async": 15.01074422241333,
  "Angular2-TypeScript-TodoMVC/CompletingAllItems/Sync": 9.952851857403221,
  "Angular2-TypeScript-TodoMVC/CompletingAllItems/total": 25.05475605841452,
  "Angular2-TypeScript-TodoMVC/DeletingItems/Async": 4.148385234958221,
  "Angular2-TypeScript-TodoMVC/DeletingItems/Sync": 17.730057378841217,
  "Angular2-TypeScript-TodoMVC/DeletingItems/total": 22.09424819963905,
  "Angular2-TypeScript-TodoMVC/total": 141.33245806908525,
  "AngularJS-TodoMVC/Adding100Items/Async": 50.459030450989324,
  "AngularJS-TodoMVC/Adding100Items/Sync": 237.99583942208653,
  "AngularJS-TodoMVC/Adding100Items/total": 289.32758060635723,
  "AngularJS-TodoMVC/CompletingAllItems/Async": 32.83529027120664,
  "AngularJS-TodoMVC/CompletingAllItems/Sync": 70.89080559776191,
  "AngularJS-TodoMVC/CompletingAllItems/total": 104.22633903641606,
  "AngularJS-TodoMVC/DeletingAllItems/Async": 15.120411859681974,
  "AngularJS-TodoMVC/DeletingAllItems/Sync": 241.75903269734113,
  "AngularJS-TodoMVC/DeletingAllItems/total": 257.11941560944837,
  "AngularJS-TodoMVC/total": 651.5362032962976,
  "BackboneJS-TodoMVC/Adding100Items/Async": 43.64976701515724,
  "BackboneJS-TodoMVC/Adding100Items/Sync": 71.52030847031938,
  "BackboneJS-TodoMVC/Adding100Items/total": 115.18944124559785,
  "BackboneJS-TodoMVC/CompletingAllItems/Async": 33.13885513242787,
  "BackboneJS-TodoMVC/CompletingAllItems/Sync": 46.48520407578712,
  "BackboneJS-TodoMVC/CompletingAllItems/total": 79.62784868245885,
  "BackboneJS-TodoMVC/DeletingAllItems/Async": 4.911985962588134,
  "BackboneJS-TodoMVC/DeletingAllItems/Sync": 29.770553078009055,
  "BackboneJS-TodoMVC/DeletingAllItems/total": 34.69885768117444,
  "BackboneJS-TodoMVC/total": 229.54115104300953,
  "Elm-TodoMVC/Adding100Items/Async": 51.47534794169707,
  "Elm-TodoMVC/Adding100Items/Sync": 135.37011187299666,
  "Elm-TodoMVC/Adding100Items/total": 188.34646085564262,
  "Elm-TodoMVC/CompletingAllItems/Async": 36.01455359319697,
  "Elm-TodoMVC/CompletingAllItems/Sync": 150.09624971685326,
  "Elm-TodoMVC/CompletingAllItems/total": 187.78499342627364,
  "Elm-TodoMVC/DeletingItems/Async": 11.050901086593319,
  "Elm-TodoMVC/DeletingItems/Sync": 147.06233388169613,
  "Elm-TodoMVC/DeletingItems/total": 158.66014577720267,
  "Elm-TodoMVC/total": 551.0340153538926,
  "EmberJS-Debug-TodoMVC/Adding100Items/Async": 47.08844586603985,
  "EmberJS-Debug-TodoMVC/Adding100Items/Sync": 582.3955468057691,
  "EmberJS-Debug-TodoMVC/Adding100Items/total": 629.653267515406,
  "EmberJS-Debug-TodoMVC/CompletingAllItems/Async": 33.190627837399866,
  "EmberJS-Debug-TodoMVC/CompletingAllItems/Sync": 406.72898077953573,
  "EmberJS-Debug-TodoMVC/CompletingAllItems/total": 440.1019498334743,
  "EmberJS-Debug-TodoMVC/DeletingItems/Async": 9.617434723514815,
  "EmberJS-Debug-TodoMVC/DeletingItems/Sync": 384.20896507898385,
  "EmberJS-Debug-TodoMVC/DeletingItems/total": 394.9135739834306,
  "EmberJS-Debug-TodoMVC/total": 1475.3649910276445,
  "EmberJS-TodoMVC/Adding100Items/Async": 42.34167501941597,
  "EmberJS-TodoMVC/Adding100Items/Sync": 202.4327442497646,
  "EmberJS-TodoMVC/Adding100Items/total": 244.83693885223425,
  "EmberJS-TodoMVC/CompletingAllItems/Async": 32.72023427790912,
  "EmberJS-TodoMVC/CompletingAllItems/Sync": 115.79429682987247,
  "EmberJS-TodoMVC/CompletingAllItems/total": 148.664770818245,
  "EmberJS-TodoMVC/DeletingItems/Async": 4.634002797479687,
  "EmberJS-TodoMVC/DeletingItems/Sync": 76.36322637448636,
  "EmberJS-TodoMVC/DeletingItems/total": 81.46121543805805,
  "EmberJS-TodoMVC/total": 475.4585987716023,
  "Flight-TodoMVC/Adding100Items/Async": 38.90934526870391,
  "Flight-TodoMVC/Adding100Items/Sync": 96.84647575735775,
  "Flight-TodoMVC/Adding100Items/total": 135.76709538532157,
  "Flight-TodoMVC/CompletingAllItems/Async": 28.64804764383957,
  "Flight-TodoMVC/CompletingAllItems/Sync": 106.67583109140887,
  "Flight-TodoMVC/CompletingAllItems/total": 135.40554853337852,
  "Flight-TodoMVC/DeletingItems/Async": 3.7391479269201167,
  "Flight-TodoMVC/DeletingItems/Sync": 88.68934186208973,
  "Flight-TodoMVC/DeletingItems/total": 92.43019169234503,
  "Flight-TodoMVC/total": 363.80423710302733,
  "Inferno-TodoMVC/Adding100Items/Async": 43.665877670660905,
  "Inferno-TodoMVC/Adding100Items/Sync": 68.77173694912028,
  "Inferno-TodoMVC/Adding100Items/total": 117.13346443412402,
  "Inferno-TodoMVC/CompletingAllItems/Async": 14.123118937588856,
  "Inferno-TodoMVC/CompletingAllItems/Sync": 111.6665114057981,
  "Inferno-TodoMVC/CompletingAllItems/total": 126.25754357273317,
  "Inferno-TodoMVC/DeletingItems/Async": 4.3722786593168435,
  "Inferno-TodoMVC/DeletingItems/Sync": 245.95246965119077,
  "Inferno-TodoMVC/DeletingItems/total": 250.80010012012812,
  "Inferno-TodoMVC/total": 506.00758082449875,
  "Preact-TodoMVC/Adding100Items/Async": 43.89048957066543,
  "Preact-TodoMVC/Adding100Items/Sync": 6.523677698126209,
  "Preact-TodoMVC/Adding100Items/total": 50.41560476507077,
  "Preact-TodoMVC/CompletingAllItems/Async": 29.249513260660866,
  "Preact-TodoMVC/CompletingAllItems/Sync": 3.8206553002278696,
  "Preact-TodoMVC/CompletingAllItems/total": 33.156878856990566,
  "Preact-TodoMVC/DeletingItems/Async": 7.708391195740839,
  "Preact-TodoMVC/DeletingItems/Sync": 2.023750608128486,
  "Preact-TodoMVC/DeletingItems/total": 9.735482964795429,
  "Preact-TodoMVC/total": 93.69364687775523,
  "React-Redux-TodoMVC/Adding100Items/Async": 47.389798531220805,
  "React-Redux-TodoMVC/Adding100Items/Sync": 192.21148336466953,
  "React-Redux-TodoMVC/Adding100Items/total": 240.56001127065386,
  "React-Redux-TodoMVC/CompletingAllItems/Async": 30.92898789610883,
  "React-Redux-TodoMVC/CompletingAllItems/Sync": 171.97865329567432,
  "React-Redux-TodoMVC/CompletingAllItems/total": 202.98912591757852,
  "React-Redux-TodoMVC/DeletingItems/Async": 4.837669902144481,
  "React-Redux-TodoMVC/DeletingItems/Sync": 109.73324360473647,
  "React-Redux-TodoMVC/DeletingItems/total": 114.94788362480877,
  "React-Redux-TodoMVC/total": 560.2199331980183,
  "React-TodoMVC/Adding100Items/Async": 46.92668771099483,
  "React-TodoMVC/Adding100Items/Sync": 184.47963129174613,
  "React-TodoMVC/Adding100Items/total": 233.49533754088984,
  "React-TodoMVC/CompletingAllItems/Async": 34.21397432287153,
  "React-TodoMVC/CompletingAllItems/Sync": 93.77215337731714,
  "React-TodoMVC/CompletingAllItems/total": 128.4969985467302,
  "React-TodoMVC/DeletingAllItems/Async": 5.607473495069858,
  "React-TodoMVC/DeletingAllItems/Sync": 58.38382691950064,
  "React-TodoMVC/DeletingAllItems/total": 64.5796168646078,
  "React-TodoMVC/total": 436.0938957858359,
  "Vanilla-ES2015-Babel-Webpack-TodoMVC/Adding100Items/Async": 38.313806062937346,
  "Vanilla-ES2015-Babel-Webpack-TodoMVC/Adding100Items/Sync": 333.5745529939926,
  "Vanilla-ES2015-Babel-Webpack-TodoMVC/Adding100Items/total": 371.98319734438473,
  "Vanilla-ES2015-Babel-Webpack-TodoMVC/CompletingAllItems/Async": 28.674734078724676,
  "Vanilla-ES2015-Babel-Webpack-TodoMVC/CompletingAllItems/Sync": 72.46378072048554,
  "Vanilla-ES2015-Babel-Webpack-TodoMVC/CompletingAllItems/total": 101.19488354582188,
  "Vanilla-ES2015-Babel-Webpack-TodoMVC/DeletingItems/Async": 4.253855885712579,
  "Vanilla-ES2015-Babel-Webpack-TodoMVC/DeletingItems/Sync": 46.032814990529886,
  "Vanilla-ES2015-Babel-Webpack-TodoMVC/DeletingItems/total": 50.40357945794398,
  "Vanilla-ES2015-Babel-Webpack-TodoMVC/total": 523.686231844001,
  "Vanilla-ES2015-TodoMVC/Adding100Items/Async": 37.6108578674191,
  "Vanilla-ES2015-TodoMVC/Adding100Items/Sync": 338.9568917346052,
  "Vanilla-ES2015-TodoMVC/Adding100Items/total": 376.6766939270118,
  "Vanilla-ES2015-TodoMVC/CompletingAllItems/Async": 30.127862938239332,