{
  "Angular2-TypeScript-TodoMVC/Adding100Items/Async": 37.326303333710996,
  "Angular2-TypeScript-TodoMVC/Adding100Items/Sync": 55.23823036784039,
  "Angular2-TypeScript-TodoMVC/Adding100Items/total": 92.62220274830167,
  "Angular2-TypeScript-TodoMVC/CompletingAllItems/Async": 14.276868071468144,
  "Angular2-TypeScript-TodoMVC/CompletingAllItems/Sync": 10.135866410608465,
  "Angular2-TypeScript-TodoMVC/CompletingAllItems/total": 24.43067256155754,
  "Angular2-TypeScript-TodoMVC/DeletingItems/Async": 3.552383574774427,
  "Angular2-TypeScript-TodoMVC/DeletingItems/Sync": 18.13888196698634,
  "Angular2-TypeScript-TodoMVC/DeletingItems/total": 21.70531333559623,
  "Angular2-TypeScript-TodoMVC/total": 138.80557635120863,
  "AngularJS-TodoMVC/Adding100Items/Async": 47.97202014629439,
  "AngularJS-TodoMVC/Adding100Items/Sync": 228.0579937631844,
  "AngularJS-TodoMVC/Adding100Items/total": 276.28979035447514,
  "AngularJS-TodoMVC/CompletingAllItems/Async": 30.999495259169205,
  "AngularJS-TodoMVC/CompletingAllItems/Sync": 69.96028266370328,
  "AngularJS-TodoMVC/CompletingAllItems/total": 101.02794222109088,
  "AngularJS-TodoMVC/DeletingAllItems/Async": 19.06129632766109,
  "AngularJS-TodoMVC/DeletingAllItems/Sync": 242.9722521236989,
  "AngularJS-TodoMVC/DeletingAllItems/total": 268.3259962071488,
  "AngularJS-TodoMVC/total": 647.0836733645951,
  "BackboneJS-TodoMVC/Adding100Items/Async": 43.739373167148436,
  "BackboneJS-TodoMVC/Adding100Items/Sync": 69.76517337443141,
  "BackboneJS-TodoMVC/Adding100Items/total": 113.5204631662658,
  "BackboneJS-TodoMVC/CompletingAllItems/Async": 33.118160802380174,
  "BackboneJS-TodoMVC/CompletingAllItems/Sync": 45.28154434609011,
  "BackboneJS-TodoMVC/CompletingAllItems/total": 78.40078457007097,
  "BackboneJS-TodoMVC/DeletingAllItems/Async": 4.61915718210339,
  "BackboneJS-TodoMVC/DeletingAllItems/Sync": 28.91117144793543,
  "BackboneJS-TodoMVC/DeletingAllItems/total": 33.539762772842174,
  "BackboneJS-TodoMVC/total": 225.48122838759434,
  "Elm-TodoMVC/Adding100Items/Async": 51.02799059084408,
  "Elm-TodoMVC/Adding100Items/Sync": 122.84409828009177,
  "Elm-TodoMVC/Adding100Items/total": 174.07172640843254,
  "Elm-TodoMVC/CompletingAllItems/Async": 33.58524243695298,
  "Elm-TodoMVC/CompletingAllItems/Sync": 106.0759249587611,
  "Elm-TodoMVC/CompletingAllItems/total": 139.7579476627063,
  "Elm-TodoMVC/DeletingItems/Async": 10.99169998221832,
  "Elm-TodoMVC/DeletingItems/Sync": 165.12658387619808,
  "Elm-TodoMVC/DeletingItems/total": 176.649244011147,
  "Elm-TodoMVC/total": 498.5042830628891,
  "EmberJS-Debug-TodoMVC/Adding100Items/Async": 47.49514237136102,
  "EmberJS-Debug-TodoMVC/Adding100Items/Sync": 584.2026711707761,
  "EmberJS-Debug-TodoMVC/Adding100Items/total": 631.9253033102764,
  "EmberJS-Debug-TodoMVC/CompletingAllItems/Async": 29.551259611501827,
  "EmberJS-Debug-TodoMVC/CompletingAllItems/Sync": 357.0792070029697,
  "EmberJS-Debug-TodoMVC/CompletingAllItems/total": 386.7766936499072,
  "EmberJS-Debug-TodoMVC/DeletingItems/Async": 7.764192126851214,
  "EmberJS-Debug-TodoMVC/DeletingItems/Sync": 399.9243902268214,
  "EmberJS-Debug-TodoMVC/DeletingItems/total": 408.5871180531176,
  "EmberJS-Debug-TodoMVC/total": 1439.652405430697,
  "EmberJS-TodoMVC/Adding100Items/Async": 46.67033279512182,
  "EmberJS-TodoMVC/Adding100Items/Sync": 209.478812357797,
  "EmberJS-TodoMVC/Adding100Items/total": 256.6094779031723,
  "EmberJS-TodoMVC/CompletingAllItems/Async": 32.92646123436805,
  "EmberJS-TodoMVC/CompletingAllItems/Sync": 130.15990211615593,
  "EmberJS-TodoMVC/CompletingAllItems/total": 163.90489035404934,
  "EmberJS-TodoMVC/DeletingItems/Async": 5.518110202475881,
  "EmberJS-TodoMVC/DeletingItems/Sync": 79.0039184070778,
  "EmberJS-TodoMVC/DeletingItems/total": 85.12580510593375,
  "EmberJS-TodoMVC/total": 511.839646879518,
  "Flight-TodoMVC/Adding100Items/Async": 39.108843769632685,
  "Flight-TodoMVC/Adding100Items/Sync": 97.24176942910972,
  "Flight-TodoMVC/Adding100Items/total": 136.3609330709647,
  "Flight-TodoMVC/CompletingAllItems/Async": 28.77842176010039,
  "Flight-TodoMVC/CompletingAllItems/Sync": 104.69639397764361,
  "Flight-TodoMVC/CompletingAllItems/total": 133.47845493117865,
  "Flight-TodoMVC/DeletingItems/Async": 4.112615918438312,
  "Flight-TodoMVC/DeletingItems/Sync": 97.42719298428806,
  "Flight-TodoMVC/DeletingItems/total": 101.5443732369712,
  "Flight-TodoMVC/total": 375.55486787832996,
  "Inferno-TodoMVC/Adding100Items/Async": 43.241303351120976,
  "Inferno-TodoMVC/Adding100Items/Sync": 50.951033217802625,
  "Inferno-TodoMVC/Adding100Items/total": 94.66348094811295,
  "Inferno-TodoMVC/CompletingAllItems/Async": 8.95518944142271,
  "Inferno-TodoMVC/CompletingAllItems/Sync": 105.80316377434623,
  "Inferno-TodoMVC/CompletingAllItems/total": 115.24376637766102,
  "Inferno-TodoMVC/DeletingItems/Async": 4.087442023159246,
  "Inferno-TodoMVC/DeletingItems/Sync": 237.42137005661658,
  "Inferno-TodoMVC/DeletingItems/total": 242.1190856474748,
  "Inferno-TodoMVC/total": 452.39815749840534,
  "Preact-TodoMVC/Adding100Items/Async": 43.5900722839978,
  "Preact-TodoMVC/Adding100Items/Sync": 6.233346023650984,
  "Preact-TodoMVC/Adding100Items/total": 49.82426844445308,
  "Preact-TodoMVC/CompletingAllItems/Async": 30.212244511707375,
  "Preact-TodoMVC/CompletingAllItems/Sync": 3.8886372263545725,
  "Preact-TodoMVC/CompletingAllItems/total": 34.12936176038689,
  "Preact-TodoMVC/DeletingItems/Async": 7.287214352473618,
  "Preact-TodoMVC/DeletingItems/Sync": 1.9825981808218442,
  "Preact-TodoMVC/DeletingItems/total": 9.301283087954252,
  "Preact-TodoMVC/total": 93.38743001230526,
  "React-Redux-TodoMVC/Adding100Items/Async": 44.461152226070176,
  "React-Redux-TodoMVC/Adding100Items/Sync": 178.0642932537832,
  "React-Redux-TodoMVC/Adding100Items/total": 222.68867400498516,
  "React-Redux-TodoMVC/CompletingAllItems/Async": 30.35526015781213,
  "React-Redux-TodoMVC/CompletingAllItems/Sync": 180.7284698185735,
  "React-Redux-TodoMVC/CompletingAllItems/total": 211.31860027262167,
  "React-Redux-TodoMVC/DeletingItems/Async": 5.170523790755548,
  "React-Redux-TodoMVC/DeletingItems/Sync": 110.38029816671732,
  "React-Redux-TodoMVC/DeletingItems/total": 115.92975621285574,
  "React-Redux-TodoMVC/total": 552.4184341298946,
  "React-TodoMVC/Adding100Items/Async": 44.23507530376352,
  "React-TodoMVC/Adding100Items/Sync": 150.83434397030575,
  "React-TodoMVC/Adding100Items/total": 195.54844334182084,
  "React-TodoMVC/CompletingAllItems/Async": 32.828595806813205,
  "React-TodoMVC/CompletingAllItems/Sync": 114.59626740503663,
  "React-TodoMVC/CompletingAllItems/total": 150.73445053179606,
  "React-TodoMVC/DeletingAllItems/Async": 5.184192325550927,
  "React-TodoMVC/DeletingAllItems/Sync": 57.54543228676003,
  "React-TodoMVC/DeletingAllItems/total": 63.185979783897544,
  "React-TodoMVC/total": 423.10642011337296,
  "Vanilla-ES2015-Babel-Webpack-TodoMVC/Adding100Items/Async": 39.36288854126189,
  "Vanilla-ES2015-Babel-Webpack-TodoMVC/Adding100Items/Sync": 338.1155651667073,
  "Vanilla-ES2015-Babel-Webpack-TodoMVC/Adding100Items/total": 377.5580773703412,
  "Vanilla-ES2015-Babel-Webpack-TodoMVC/CompletingAllItems/Async": 28.67828233788272,
  "Vanilla-ES2015-Babel-Webpack-TodoMVC/CompletingAllItems/Sync": 72.40056475511584,
  "Vanilla-ES2015-Babel-Webpack-TodoMVC/CompletingAllItems/total": 101.09159462596776,
  "Vanilla-ES2015-Babel-Webpack-TodoMVC/DeletingItems/Async": 4.220194866920042,
  "Vanilla-ES2015-Babel-Webpack-TodoMVC/DeletingItems/Sync": 45.81190749316767,
  "Vanilla-ES2015-Babel-Webpack-TodoMVC/DeletingItems/total": 50.179414521579325,
  "Vanilla-ES2015-Babel-Webpack-TodoMVC/total": 529.1098944430335,
  "Vanilla-ES2015-TodoMVC/Adding100Items/Async": 36.33878369972953,
  "Vanilla-ES2015-TodoMVC/Adding100Items/Sync": 334.1081519775013,
  "Vanilla-ES2015-TodoMVC/Adding100Items/total": 370.4488163663231,
  "Vanilla-ES2015-TodoMVC/CompletingAllItems/Async": 29.82398117992138,