{
  "browser-setup": 3.280863,
  "browser-tear_down": 0.30932,
  "probes-creation": 0.000286,
  "probes-setup": 0.000214,
  "probes-start": 8.2e-05,
  "run": 109.585817,
  "runner-cooldown": 2.002434
}