{
  "Angular2-TypeScript-TodoMVC/Adding100Items/Async": 36.5313382664514,
  "Angular2-TypeScript-TodoMVC/Adding100Items/Sync": 42.11124374542508,
  "Angular2-TypeScript-TodoMVC/Adding100Items/total": 79.92220330996025,
  "Angular2-TypeScript-TodoMVC/CompletingAllItems/Async": 12.83251358601365,
  "Angular2-TypeScript-TodoMVC/CompletingAllItems/Sync": 8.653640235889394,
  "Angular2-TypeScript-TodoMVC/CompletingAllItems/total": 21.49059263474498,
  "Angular2-TypeScript-TodoMVC/DeletingItems/Async": 2.7072905369527778,
  "Angular2-TypeScript-TodoMVC/DeletingItems/Sync": 16.471216894223357,
  "Angular2-TypeScript-TodoMVC/DeletingItems/total": 19.182481678928067,
  "Angular2-TypeScript-TodoMVC/total": 121.1476032253442,
  "AngularJS-TodoMVC/Adding100Items/Async": 41.5244853957656,
  "AngularJS-TodoMVC/Adding100Items/Sync": 154.97637690385417,
  "AngularJS-TodoMVC/Adding100Items/total": 196.5218065351863,
  "AngularJS-TodoMVC/CompletingAllItems/Async": 25.55837931934707,
  "AngularJS-TodoMVC/CompletingAllItems/Sync": 54.36190356555233,
  "AngularJS-TodoMVC/CompletingAllItems/total": 80.03285770742684,
  "AngularJS-TodoMVC/DeletingAllItems/Async": 15.538851211950055,
  "AngularJS-TodoMVC/DeletingAllItems/Sync": 157.88043369680727,
  "AngularJS-TodoMVC/DeletingAllItems/total": 173.49034538014357,
  "AngularJS-TodoMVC/total": 450.1031399488762,
  "BackboneJS-TodoMVC/Adding100Items/Async": 42.144440441605894,
  "BackboneJS-TodoMVC/Adding100Items/Sync": 54.666050681087754,
  "BackboneJS-TodoMVC/Adding100Items/total": 97.03639803797475,
  "BackboneJS-TodoMVC/CompletingAllItems/Async": 31.17158460639202,
  "BackboneJS-TodoMVC/CompletingAllItems/Sync": 37.310967401810345,
  "BackboneJS-TodoMVC/CompletingAllItems/total": 68.59327766045593,
  "BackboneJS-TodoMVC/DeletingAllItems/Async": 4.893713869620371,
  "BackboneJS-TodoMVC/DeletingAllItems/Sync": 25.442458540251405,
  "BackboneJS-TodoMVC/DeletingAllItems/total": 31.02359744337408,
  "BackboneJS-TodoMVC/total": 196.80179411792173,
  "Elm-TodoMVC/Adding100Items/Async": 47.64192048527438,
  "Elm-TodoMVC/Adding100Items/Sync": 85.57778803488834,
  "Elm-TodoMVC/Adding100Items/total": 133.27575099557896,
  "Elm-TodoMVC/CompletingAllItems/Async": 30.08030241892742,
  "Elm-TodoMVC/CompletingAllItems/Sync": 84.27426045802325,
  "Elm-TodoMVC/CompletingAllItems/total": 114.38706849666262,
  "Elm-TodoMVC/DeletingItems/Async": 8.871876167137941,
  "Elm-TodoMVC/DeletingItems/Sync": 101.19380016054875,
  "Elm-TodoMVC/DeletingItems/total": 110.14494723899548,
  "Elm-TodoMVC/total": 357.85120941067265,
  "EmberJS-Debug-TodoMVC/Adding100Items/Async": 45.70877646525702,
  "EmberJS-Debug-TodoMVC/Adding100Items/Sync": 734.8203403596401,
  "EmberJS-Debug-TodoMVC/Adding100Items/total": 781.2440614665844,
  "EmberJS-Debug-TodoMVC/CompletingAllItems/Async": 35.71184351901053,
  "EmberJS-Debug-TodoMVC/CompletingAllItems/Sync": 291.6132287109325,
  "EmberJS-Debug-TodoMVC/CompletingAllItems/total": 327.8937531613544,
  "EmberJS-Debug-TodoMVC/DeletingItems/Async": 10.754145708393168,
  "EmberJS-Debug-TodoMVC/DeletingItems/Sync": 282.3910738797992,
  "EmberJS-Debug-TodoMVC/DeletingItems/total": 295.08243494826377,
  "EmberJS-Debug-TodoMVC/total": 1413.1936381263406,
  "EmberJS-TodoMVC/Adding100Items/Async": 34.116454905966336,
  "EmberJS-TodoMVC/Adding100Items/Sync": 147.7168128395431,
  "EmberJS-TodoMVC/Adding100Items/total": 181.94550658678915,
  "EmberJS-TodoMVC/CompletingAllItems/Async": 28.754883524311868,
  "EmberJS-TodoMVC/CompletingAllItems/Sync": 105.59052842256006,
  "EmberJS-TodoMVC/CompletingAllItems/total": 134.55190285918314,
  "EmberJS-TodoMVC/DeletingItems/Async": 3.687278361275074,
  "EmberJS-TodoMVC/DeletingItems/Sync": 71.79588104490804,
  "EmberJS-TodoMVC/DeletingItems/total": 75.54809017297178,
  "EmberJS-TodoMVC/total": 393.1373078564419,
  "Flight-TodoMVC/Adding100Items/Async": 33.39291081686496,
  "Flight-TodoMVC/Adding100Items/Sync": 78.16483641102745,
  "Flight-TodoMVC/Adding100Items/total": 111.57495078513972,
  "Flight-TodoMVC/CompletingAllItems/Async": 24.605771702197472,
  "Flight-TodoMVC/CompletingAllItems/Sync": 84.18019502273968,
  "Flight-TodoMVC/CompletingAllItems/total": 108.78868382396134,
  "Flight-TodoMVC/DeletingItems/Async": 3.352673384604936,
  "Flight-TodoMVC/DeletingItems/Sync": 70.06612941589223,
  "Flight-TodoMVC/DeletingItems/total": 73.46156443602936,
  "Flight-TodoMVC/total": 293.8614757920475,
  "Inferno-TodoMVC/Adding100Items/Async": 38.52647937030724,
  "Inferno-TodoMVC/Adding100Items/Sync": 42.78996816756457,
  "Inferno-TodoMVC/Adding100Items/total": 81.40791712741847,
  "Inferno-TodoMVC/CompletingAllItems/Async": 6.445789729002809,
  "Inferno-TodoMVC/CompletingAllItems/Sync": 85.41410960565132,
  "Inferno-TodoMVC/CompletingAllItems/total": 91.86708160080723,
  "Inferno-TodoMVC/DeletingItems/Async": 3.2745656181782206,
  "Inferno-TodoMVC/DeletingItems/Sync": 201.4085193348454,
  "Inferno-TodoMVC/DeletingItems/total": 204.72698270911272,
  "Inferno-TodoMVC/total": 378.078339981442,
  "Preact-TodoMVC/Adding100Items/Async": 37.14910006711009,
  "Preact-TodoMVC/Adding100Items/Sync": 4.893867875032698,
  "Preact-TodoMVC/Adding100Items/total": 42.04609055321547,
  "Preact-TodoMVC/CompletingAllItems/Async": 16.1618305185511,
  "Preact-TodoMVC/CompletingAllItems/Sync": 2.98996153144623,
  "Preact-TodoMVC/CompletingAllItems/total": 19.156938350287845,
  "Preact-TodoMVC/DeletingItems/Async": 4.417087011633535,
  "Preact-TodoMVC/DeletingItems/Sync": 1.5918991537036922,
  "Preact-TodoMVC/DeletingItems/total": 6.017291942871943,
  "Preact-TodoMVC/total": 67.22615205312961,
  "React-Redux-TodoMVC/Adding100Items/Async": 33.260591976064916,
  "React-Redux-TodoMVC/Adding100Items/Sync": 137.0083522699214,
  "React-Redux-TodoMVC/Adding100Items/total": 170.41667012830072,
  "React-Redux-TodoMVC/CompletingAllItems/Async": 27.502509335823827,
  "React-Redux-TodoMVC/CompletingAllItems/Sync": 143.1672523704272,
  "React-Redux-TodoMVC/CompletingAllItems/total": 170.98439653336277,
  "React-Redux-TodoMVC/DeletingItems/Async": 4.125554238422214,
  "React-Redux-TodoMVC/DeletingItems/Sync": 104.34632833111986,
  "React-Redux-TodoMVC/DeletingItems/total": 108.64791007125162,
  "React-Redux-TodoMVC/total": 453.2815155043058,
  "React-TodoMVC/Adding100Items/Async": 34.93806683217256,
  "React-TodoMVC/Adding100Items/Sync": 110.38263193695362,
  "React-TodoMVC/Adding100Items/total": 145.61876010635208,
  "React-TodoMVC/CompletingAllItems/Async": 27.549944458756052,
  "React-TodoMVC/CompletingAllItems/Sync": 63.786921515789,
  "React-TodoMVC/CompletingAllItems/total": 91.36754800003627,
  "React-TodoMVC/DeletingAllItems/Async": 3.0339329197766167,
  "React-TodoMVC/DeletingAllItems/Sync": 48.117632115506886,
  "React-TodoMVC/DeletingAllItems/total": 51.19491379552611,
  "React-TodoMVC/total": 288.8482204571557,
  "Vanilla-ES2015-Babel-Webpack-TodoMVC/Adding100Items/Async": 34.993501223981426,
  "Vanilla-ES2015-Babel-Webpack-TodoMVC/Adding100Items/Sync": 297.05543889500103,
  "Vanilla-ES2015-Babel-Webpack-TodoMVC/Adding100Items/total": 332.1218595707222,
  "Vanilla-ES2015-Babel-Webpack-TodoMVC/CompletingAllItems/Async": 25.57963567625527,
  "Vanilla-ES2015-Babel-Webpack-TodoMVC/CompletingAllItems/Sync": 64.02450415637225,
  "Vanilla-ES2015-Babel-Webpack-TodoMVC/CompletingAllItems/total": 89.68127193792448,
  "Vanilla-ES2015-Babel-Webpack-TodoMVC/DeletingItems/Async": 3.3637636635818438,
  "Vanilla-ES2015-Babel-Webpack-TodoMVC/DeletingItems/Sync": 40.07940467351378,
  "Vanilla-ES2015-Babel-Webpack-TodoMVC/DeletingItems/total": 43.51230284252348,
  "Vanilla-ES2015-Babel-Webpack-TodoMVC/total": 465.3553220961828,
  "Vanilla-ES2015-TodoMVC/Adding100Items/Async": 34.82379480289362,
  "Vanilla-ES2015-TodoMVC/Adding100Items/Sync": 302.8789858952466,
  "Vanilla-ES2015-TodoMVC/Adding100Items/total": 337.76745770086404,
  "Vanilla-ES2015-TodoMVC/CompletingAllItems/Async": 25.345602830127003,