{
  "browser-setup": 3.299406,
  "browser-tear_down": 0.225859,
  "probes-creation": 0.000221,
  "probes-setup": 0.000163,
  "probes-start": 8.3e-05,
  "run": 110.114641,
  "runner-cooldown": 2.002061
}