{
  "browser-setup": {
    "values": [
      3.298949,
      3.318172,
      3.326295,
      3.297489,
      3.311957,
      3.312146,
      3.299406,
      3.329889,
      3.291696,
      3.337159
    ],
    "min": 3.291696,
    "average": 3.3123158000000004,
    "geomean": 3.3122834237253636,
    "max": 3.337159,
    "stddev": 0.014649972879155853,
    "stddevPercent": 0.44228792674768064
  },
  "browser-tear_down": {
    "values": [
      0.262432,
      0.231811,
      0.233871,
      0.248025,
      0.261953,
      0.268849,
      0.225859,
      0.261244,
      0.259531,
      0.273259
    ],
    "min": 0.225859,
    "average": 0.2526834,
    "geomean": 0.25217393212802974,
    "max": 0.273259,
    "stddev": 0.01586388579257932,
    "stddevPercent": 6.278166983893409
  },
  "probes-creation": {
    "values": [
      0.000275,
      0.000186,
      0.00019,
      0.000198,
      0.000221,
      0.000224,
      0.000221,
      0.000223,
      0.000232,
      0.000232
    ],
    "min": 0.000186,
    "average": 0.00022020000000000004,
    "geomean": 0.00021890605920586715,
    "max": 0.000275,
    "stddev": 2.4247886505837993e-05,
    "stddevPercent": 11.01175590637511
  },
  "probes-setup": {
    "values": [
      0.000222,
      0.000152,
      0.000153,
      0.000164,
      0.000159,
      0.000164,
      0.000163,
      0.00032,
      0.00016,
      0.000184
    ],
    "min": 0.000152,
    "average": 0.00018409999999999998,
    "geomean": 0.00017907081912063341,
    "max": 0.00032,
    "stddev": 4.936284027484643e-05,
    "stddevPercent": 26.813058269878564
  },
  "probes-start": {
    "values": [
      8.1e-05,
      7e-05,
      8.3e-05,
      7.3e-05,
      8.7e-05,
      7.4e-05,
      8.3e-05,
      8.3e-05,
      0.0001,
      8.7e-05
    ],
    "min": 7e-05,
    "average": 8.209999999999999e-05,
    "geomean": 8.170357166793077e-05,
    "max": 0.0001,
    "stddev": 8.166394553289721e-06,
    "stddevPercent": 9.946887397429625
  },
  "run": {
    "values": [
      111.965019,
      110.261637,
      115.261416,
      111.325477,
      116.568728,
      111.143433,
      110.114641,
      114.99738,
      111.516595,
      109.752674
    ],
    "min": 109.752674,
    "average": 112.29069999999999,
    "geomean": 112.26745553272937,
    "max": 116.568728,
    "stddev": 2.295645504510005,
    "stddevPercent": 2.044377232050388
  },
  "runner-cooldown": {
    "values": [
      2.002449,
      2.002063,
      2.002061,
      2.002074,
      2.002096,
      2.001077,
      2.002061,
      2.002441,
      2.002062,
      2.002394
    ],
    "min": 2.001077,
    "average": 2.0020777999999995,
    "geomean": 2.0020777657117224,
    "max": 2.002449,
    "stddev": 0.00037049502020943795,
    "stddevPercent": 0.018505525619905382
  }
}