{
  "browser-setup": 3.298949,
  "browser-tear_down": 0.262432,
  "probes-creation": 0.000275,
  "probes-setup": 0.000222,
  "probes-start": 8.1e-05,
  "run": 111.965019,
  "runner-cooldown": 2.002449
}