{
  "Angular2-TypeScript-TodoMVC/Adding100Items/Async": 31.641011045070815,
  "Angular2-TypeScript-TodoMVC/Adding100Items/Sync": 42.34050015537182,
  "Angular2-TypeScript-TodoMVC/Adding100Items/total": 74.02921937922011,
  "Angular2-TypeScript-TodoMVC/CompletingAllItems/Async": 12.8744881239869,
  "Angular2-TypeScript-TodoMVC/CompletingAllItems/Sync": 8.48343248882527,
  "Angular2-TypeScript-TodoMVC/CompletingAllItems/total": 21.35933093259369,
  "Angular2-TypeScript-TodoMVC/DeletingItems/Async": 3.4479184569136248,
  "Angular2-TypeScript-TodoMVC/DeletingItems/Sync": 16.424307873037566,
  "Angular2-TypeScript-TodoMVC/DeletingItems/total": 21.724638032167547,
  "Angular2-TypeScript-TodoMVC/total": 119.01144557869016,
  "AngularJS-TodoMVC/Adding100Items/Async": 40.88098412425683,
  "AngularJS-TodoMVC/Adding100Items/Sync": 155.79403576896163,
  "AngularJS-TodoMVC/Adding100Items/total": 196.69859794404866,
  "AngularJS-TodoMVC/CompletingAllItems/Async": 24.44640418202738,
  "AngularJS-TodoMVC/CompletingAllItems/Sync": 55.693501484411726,
  "AngularJS-TodoMVC/CompletingAllItems/total": 80.2078801509674,
  "AngularJS-TodoMVC/DeletingAllItems/Async": 14.122282532514719,
  "AngularJS-TodoMVC/DeletingAllItems/Sync": 159.29853315128423,
  "AngularJS-TodoMVC/DeletingAllItems/total": 173.44399174290564,
  "AngularJS-TodoMVC/total": 450.43611368843864,
  "BackboneJS-TodoMVC/Adding100Items/Async": 41.25110389757503,
  "BackboneJS-TodoMVC/Adding100Items/Sync": 54.7066718560741,
  "BackboneJS-TodoMVC/Adding100Items/total": 96.00612534970769,
  "BackboneJS-TodoMVC/CompletingAllItems/Async": 38.51297047833268,
  "BackboneJS-TodoMVC/CompletingAllItems/Sync": 38.58924640643457,
  "BackboneJS-TodoMVC/CompletingAllItems/total": 78.75255027458174,
  "BackboneJS-TodoMVC/DeletingAllItems/Async": 4.653324527151407,
  "BackboneJS-TodoMVC/DeletingAllItems/Sync": 26.867954649931278,
  "BackboneJS-TodoMVC/DeletingAllItems/total": 31.95095189706477,
  "BackboneJS-TodoMVC/total": 207.80652761391164,
  "Elm-TodoMVC/Adding100Items/Async": 47.939066844700946,
  "Elm-TodoMVC/Adding100Items/Sync": 89.42824113976341,
  "Elm-TodoMVC/Adding100Items/total": 137.44778070125713,
  "Elm-TodoMVC/CompletingAllItems/Async": 29.582683836618337,
  "Elm-TodoMVC/CompletingAllItems/Sync": 84.98845278765154,
  "Elm-TodoMVC/CompletingAllItems/total": 114.61778284706922,
  "Elm-TodoMVC/DeletingItems/Async": 8.225115969309126,
  "Elm-TodoMVC/DeletingItems/Sync": 101.66096367261301,
  "Elm-TodoMVC/DeletingItems/total": 109.91982792053781,
  "Elm-TodoMVC/total": 362.12621408309485,
  "EmberJS-Debug-TodoMVC/Adding100Items/Async": 46.14047473624519,
  "EmberJS-Debug-TodoMVC/Adding100Items/Sync": 740.4941105715611,
  "EmberJS-Debug-TodoMVC/Adding100Items/total": 787.3369800771927,
  "EmberJS-Debug-TodoMVC/CompletingAllItems/Async": 32.59867926221105,
  "EmberJS-Debug-TodoMVC/CompletingAllItems/Sync": 298.85792731428336,
  "EmberJS-Debug-TodoMVC/CompletingAllItems/total": 331.5960604530412,
  "EmberJS-Debug-TodoMVC/DeletingItems/Async": 8.546524640612645,
  "EmberJS-Debug-TodoMVC/DeletingItems/Sync": 286.1842836741036,
  "EmberJS-Debug-TodoMVC/DeletingItems/total": 295.291738885379,
  "EmberJS-Debug-TodoMVC/total": 1421.2737470095892,
  "EmberJS-TodoMVC/Adding100Items/Async": 34.62477540193866,
  "EmberJS-TodoMVC/Adding100Items/Sync": 150.35435060469186,
  "EmberJS-TodoMVC/Adding100Items/total": 185.081013701436,
  "EmberJS-TodoMVC/CompletingAllItems/Async": 28.285356043979753,
  "EmberJS-TodoMVC/CompletingAllItems/Sync": 107.76335036483466,
  "EmberJS-TodoMVC/CompletingAllItems/total": 136.41463246824773,
  "EmberJS-TodoMVC/DeletingItems/Async": 2.9547684085318315,
  "EmberJS-TodoMVC/DeletingItems/Sync": 71.36567497965531,
  "EmberJS-TodoMVC/DeletingItems/total": 74.3356059522547,
  "EmberJS-TodoMVC/total": 397.03020505575586,
  "Flight-TodoMVC/Adding100Items/Async": 32.92954341710244,
  "Flight-TodoMVC/Adding100Items/Sync": 77.91353077146624,
  "Flight-TodoMVC/Adding100Items/total": 110.85412580405276,
  "Flight-TodoMVC/CompletingAllItems/Async": 24.86610051880205,
  "Flight-TodoMVC/CompletingAllItems/Sync": 86.49536562658635,
  "Flight-TodoMVC/CompletingAllItems/total": 111.37577851888621,
  "Flight-TodoMVC/DeletingItems/Async": 3.762136004072133,
  "Flight-TodoMVC/DeletingItems/Sync": 69.99201962592727,
  "Flight-TodoMVC/DeletingItems/total": 76.54293194843542,
  "Flight-TodoMVC/total": 299.5091227712841,
  "Inferno-TodoMVC/Adding100Items/Async": 38.26726394755579,
  "Inferno-TodoMVC/Adding100Items/Sync": 44.90013044172541,
  "Inferno-TodoMVC/Adding100Items/total": 83.24335623641845,
  "Inferno-TodoMVC/CompletingAllItems/Async": 6.166948178304599,
  "Inferno-TodoMVC/CompletingAllItems/Sync": 85.20139021669992,
  "Inferno-TodoMVC/CompletingAllItems/total": 91.37220458852181,
  "Inferno-TodoMVC/DeletingItems/Async": 2.826476643859296,
  "Inferno-TodoMVC/DeletingItems/Sync": 204.49964924659272,
  "Inferno-TodoMVC/DeletingItems/total": 207.32909738398018,
  "Inferno-TodoMVC/total": 382.016950382914,
  "Preact-TodoMVC/Adding100Items/Async": 37.65352155567187,
  "Preact-TodoMVC/Adding100Items/Sync": 5.012391241610585,
  "Preact-TodoMVC/Adding100Items/total": 42.67013215095375,
  "Preact-TodoMVC/CompletingAllItems/Async": 16.25598590537439,
  "Preact-TodoMVC/CompletingAllItems/Sync": 3.0835953842027686,
  "Preact-TodoMVC/CompletingAllItems/total": 19.349851408064577,
  "Preact-TodoMVC/DeletingItems/Async": 4.434293876547869,
  "Preact-TodoMVC/DeletingItems/Sync": 1.6693814553563642,
  "Preact-TodoMVC/DeletingItems/total": 6.105947358639904,
  "Preact-TodoMVC/total": 68.17108993664225,
  "React-Redux-TodoMVC/Adding100Items/Async": 33.329854778900746,
  "React-Redux-TodoMVC/Adding100Items/Sync": 137.31057531519195,
  "React-Redux-TodoMVC/Adding100Items/total": 170.83002091444493,
  "React-Redux-TodoMVC/CompletingAllItems/Async": 27.208861116966595,
  "React-Redux-TodoMVC/CompletingAllItems/Sync": 142.0801549438787,
  "React-Redux-TodoMVC/CompletingAllItems/total": 169.49619810913381,
  "React-Redux-TodoMVC/DeletingItems/Async": 2.9162757486449977,
  "React-Redux-TodoMVC/DeletingItems/Sync": 104.41776319505865,
  "React-Redux-TodoMVC/DeletingItems/total": 107.44334952702597,
  "React-Redux-TodoMVC/total": 450.21621943395485,
  "React-TodoMVC/Adding100Items/Async": 35.16628804283106,
  "React-TodoMVC/Adding100Items/Sync": 109.5281236542809,
  "React-TodoMVC/Adding100Items/total": 144.85337182132818,
  "React-TodoMVC/CompletingAllItems/Async": 27.67744554111325,
  "React-TodoMVC/CompletingAllItems/Sync": 63.47447239395003,
  "React-TodoMVC/CompletingAllItems/total": 91.16272905773047,
  "React-TodoMVC/DeletingAllItems/Async": 2.6975082467935576,
  "React-TodoMVC/DeletingAllItems/Sync": 46.98357161745825,
  "React-TodoMVC/DeletingAllItems/total": 49.68873926300464,
  "React-TodoMVC/total": 285.8870827155014,
  "Vanilla-ES2015-Babel-Webpack-TodoMVC/Adding100Items/Async": 34.781784360854445,
  "Vanilla-ES2015-Babel-Webpack-TodoMVC/Adding100Items/Sync": 302.18217184534046,
  "Vanilla-ES2015-Babel-Webpack-TodoMVC/Adding100Items/total": 337.01407178299837,
  "Vanilla-ES2015-Babel-Webpack-TodoMVC/CompletingAllItems/Async": 26.240698806953443,
  "Vanilla-ES2015-Babel-Webpack-TodoMVC/CompletingAllItems/Sync": 64.68408428391746,
  "Vanilla-ES2015-Babel-Webpack-TodoMVC/CompletingAllItems/total": 90.93369833533353,
  "Vanilla-ES2015-Babel-Webpack-TodoMVC/DeletingItems/Async": 2.8168886088267207,
  "Vanilla-ES2015-Babel-Webpack-TodoMVC/DeletingItems/Sync": 40.44229445475569,
  "Vanilla-ES2015-Babel-Webpack-TodoMVC/DeletingItems/total": 43.26116371626511,
  "Vanilla-ES2015-Babel-Webpack-TodoMVC/total": 471.2173381723382,
  "Vanilla-ES2015-TodoMVC/Adding100Items/Async": 34.90063118983521,
  "Vanilla-ES2015-TodoMVC/Adding100Items/Sync": 305.5600142353711,
  "Vanilla-ES2015-TodoMVC/Adding100Items/total": 340.53234979474,
  "Vanilla-ES2015-TodoMVC/CompletingAllItems/Async": 26.42940359859129,