{
  "browser-setup": 4.173656,
  "browser-tear_down": 0.299848,
  "probes-creation": 0.000225,
  "probes-setup": 0.00016,
  "probes-start": 7.1e-05,
  "run": 136.853601,
  "runner-cooldown": 2.000746
}