{
  "Angular2-TypeScript-TodoMVC/Adding100Items/Async": 37.99904099375523,
  "Angular2-TypeScript-TodoMVC/Adding100Items/Sync": 60.622066176940095,
  "Angular2-TypeScript-TodoMVC/Adding100Items/total": 98.64409686783034,
  "Angular2-TypeScript-TodoMVC/CompletingAllItems/Async": 17.711220742608106,
  "Angular2-TypeScript-TodoMVC/CompletingAllItems/Sync": 10.307280885583795,
  "Angular2-TypeScript-TodoMVC/CompletingAllItems/total": 28.038692082967415,
  "Angular2-TypeScript-TodoMVC/DeletingItems/Async": 3.7349759735254855,
  "Angular2-TypeScript-TodoMVC/DeletingItems/Sync": 19.433137441372075,
  "Angular2-TypeScript-TodoMVC/DeletingItems/total": 23.197885609711527,
  "Angular2-TypeScript-TodoMVC/total": 150.0071288744913,
  "AngularJS-TodoMVC/Adding100Items/Async": 50.96331646025539,
  "AngularJS-TodoMVC/Adding100Items/Sync": 280.5585467859806,
  "AngularJS-TodoMVC/Adding100Items/total": 332.1317424477159,
  "AngularJS-TodoMVC/CompletingAllItems/Async": 35.86343261941048,
  "AngularJS-TodoMVC/CompletingAllItems/Sync": 89.7244931524368,
  "AngularJS-TodoMVC/CompletingAllItems/total": 126.2670228610752,
  "AngularJS-TodoMVC/DeletingAllItems/Async": 16.551070367423385,
  "AngularJS-TodoMVC/DeletingAllItems/Sync": 247.9658544846571,
  "AngularJS-TodoMVC/DeletingAllItems/total": 264.62902861425187,
  "AngularJS-TodoMVC/total": 723.9029404088849,
  "BackboneJS-TodoMVC/Adding100Items/Async": 45.60554252581436,
  "BackboneJS-TodoMVC/Adding100Items/Sync": 110.36909663361644,
  "BackboneJS-TodoMVC/Adding100Items/total": 156.58539653336942,
  "BackboneJS-TodoMVC/CompletingAllItems/Async": 33.97594517818664,
  "BackboneJS-TodoMVC/CompletingAllItems/Sync": 60.45815109386321,
  "BackboneJS-TodoMVC/CompletingAllItems/total": 94.62660319238516,
  "BackboneJS-TodoMVC/DeletingAllItems/Async": 4.661599266282442,
  "BackboneJS-TodoMVC/DeletingAllItems/Sync": 31.30787211960649,
  "BackboneJS-TodoMVC/DeletingAllItems/total": 35.98179678732867,
  "BackboneJS-TodoMVC/total": 287.4844727732391,
  "Elm-TodoMVC/Adding100Items/Async": 53.720320816352945,
  "Elm-TodoMVC/Adding100Items/Sync": 201.88289845223431,
  "Elm-TodoMVC/Adding100Items/total": 264.738956704091,
  "Elm-TodoMVC/CompletingAllItems/Async": 41.33590426227718,
  "Elm-TodoMVC/CompletingAllItems/Sync": 141.70644022596423,
  "Elm-TodoMVC/CompletingAllItems/total": 183.25470843925757,
  "Elm-TodoMVC/DeletingItems/Async": 10.848701094388254,
  "Elm-TodoMVC/DeletingItems/Sync": 310.05449971479595,
  "Elm-TodoMVC/DeletingItems/total": 322.165802363044,
  "Elm-TodoMVC/total": 858.4188476027351,
  "EmberJS-Debug-TodoMVC/Adding100Items/Async": 44.39642514756298,
  "EmberJS-Debug-TodoMVC/Adding100Items/Sync": 599.2699480047444,
  "EmberJS-Debug-TodoMVC/Adding100Items/total": 643.7911344151554,
  "EmberJS-Debug-TodoMVC/CompletingAllItems/Async": 33.7080811044743,
  "EmberJS-Debug-TodoMVC/CompletingAllItems/Sync": 363.15032578223526,
  "EmberJS-Debug-TodoMVC/CompletingAllItems/total": 397.0801666662917,
  "EmberJS-Debug-TodoMVC/DeletingItems/Async": 5.850084084407563,
  "EmberJS-Debug-TodoMVC/DeletingItems/Sync": 385.7710313406997,
  "EmberJS-Debug-TodoMVC/DeletingItems/total": 392.24894207988217,
  "EmberJS-Debug-TodoMVC/total": 1433.649629855223,
  "EmberJS-TodoMVC/Adding100Items/Async": 41.941077031483054,
  "EmberJS-TodoMVC/Adding100Items/Sync": 228.85633390867116,
  "EmberJS-TodoMVC/Adding100Items/total": 270.85820904806224,
  "EmberJS-TodoMVC/CompletingAllItems/Async": 33.788930153884884,
  "EmberJS-TodoMVC/CompletingAllItems/Sync": 123.37800002529046,
  "EmberJS-TodoMVC/CompletingAllItems/total": 157.19114578084464,
  "EmberJS-TodoMVC/DeletingItems/Async": 5.0915578766045,
  "EmberJS-TodoMVC/DeletingItems/Sync": 82.30375629980149,
  "EmberJS-TodoMVC/DeletingItems/total": 87.47922485641962,
  "EmberJS-TodoMVC/total": 515.9154351151373,
  "Flight-TodoMVC/Adding100Items/Async": 40.69484754287674,
  "Flight-TodoMVC/Adding100Items/Sync": 119.1430515978061,
  "Flight-TodoMVC/Adding100Items/total": 160.05719846305712,
  "Flight-TodoMVC/CompletingAllItems/Async": 32.61217081810861,
  "Flight-TodoMVC/CompletingAllItems/Sync": 126.15325364290295,
  "Flight-TodoMVC/CompletingAllItems/total": 158.89959831890533,
  "Flight-TodoMVC/DeletingItems/Async": 4.905748166588884,
  "Flight-TodoMVC/DeletingItems/Sync": 111.75655604371377,
  "Flight-TodoMVC/DeletingItems/total": 117.10138672089029,
  "Flight-TodoMVC/total": 436.14120497407794,
  "Inferno-TodoMVC/Adding100Items/Async": 45.73510790960997,
  "Inferno-TodoMVC/Adding100Items/Sync": 56.961805708454456,
  "Inferno-TodoMVC/Adding100Items/total": 103.04904188053109,
  "Inferno-TodoMVC/CompletingAllItems/Async": 11.34728552232629,
  "Inferno-TodoMVC/CompletingAllItems/Sync": 119.31133893463918,
  "Inferno-TodoMVC/CompletingAllItems/total": 131.16080326787397,
  "Inferno-TodoMVC/DeletingItems/Async": 4.018749301953235,
  "Inferno-TodoMVC/DeletingItems/Sync": 253.07285905995957,
  "Inferno-TodoMVC/DeletingItems/total": 257.10643957036666,
  "Inferno-TodoMVC/total": 491.8714953570288,
  "Preact-TodoMVC/Adding100Items/Async": 62.852233259372184,
  "Preact-TodoMVC/Adding100Items/Sync": 10.723527817573366,
  "Preact-TodoMVC/Adding100Items/total": 73.58876061590648,
  "Preact-TodoMVC/CompletingAllItems/Async": 24.984583633354937,
  "Preact-TodoMVC/CompletingAllItems/Sync": 3.921146386427286,
  "Preact-TodoMVC/CompletingAllItems/total": 28.959909298652548,
  "Preact-TodoMVC/DeletingItems/Async": 7.8277164466071065,
  "Preact-TodoMVC/DeletingItems/Sync": 2.2141484172918897,
  "Preact-TodoMVC/DeletingItems/total": 10.04635574225177,
  "Preact-TodoMVC/total": 114.071856596544,
  "React-Redux-TodoMVC/Adding100Items/Async": 42.660826119847215,
  "React-Redux-TodoMVC/Adding100Items/Sync": 197.9793302231143,
  "React-Redux-TodoMVC/Adding100Items/total": 240.99821040791565,
  "React-Redux-TodoMVC/CompletingAllItems/Async": 32.03603614044209,
  "React-Redux-TodoMVC/CompletingAllItems/Sync": 175.39972161827973,
  "React-Redux-TodoMVC/CompletingAllItems/total": 207.54906820563008,
  "React-Redux-TodoMVC/DeletingItems/Async": 4.504471842088516,
  "React-Redux-TodoMVC/DeletingItems/Sync": 113.54078636752806,
  "React-Redux-TodoMVC/DeletingItems/total": 118.09823388340884,
  "React-Redux-TodoMVC/total": 567.0802997585199,
  "React-TodoMVC/Adding100Items/Async": 43.14996857589055,
  "React-TodoMVC/Adding100Items/Sync": 146.21308732147438,
  "React-TodoMVC/Adding100Items/total": 189.4327679933585,
  "React-TodoMVC/CompletingAllItems/Async": 32.90446629674041,
  "React-TodoMVC/CompletingAllItems/Sync": 84.67273244089232,
  "React-TodoMVC/CompletingAllItems/total": 117.61880761824844,
  "React-TodoMVC/DeletingAllItems/Async": 4.162341194975566,
  "React-TodoMVC/DeletingAllItems/Sync": 56.55243581843905,
  "React-TodoMVC/DeletingAllItems/total": 60.745588759729,
  "React-TodoMVC/total": 368.03143586446896,
  "Vanilla-ES2015-Babel-Webpack-TodoMVC/Adding100Items/Async": 39.840165622694634,
  "Vanilla-ES2015-Babel-Webpack-TodoMVC/Adding100Items/Sync": 346.4519508051396,
  "Vanilla-ES2015-Babel-Webpack-TodoMVC/Adding100Items/total": 386.36434482435453,
  "Vanilla-ES2015-Babel-Webpack-TodoMVC/CompletingAllItems/Async": 31.149619422424124,
  "Vanilla-ES2015-Babel-Webpack-TodoMVC/CompletingAllItems/Sync": 79.1625081123138,
  "Vanilla-ES2015-Babel-Webpack-TodoMVC/CompletingAllItems/total": 110.3376871528869,
  "Vanilla-ES2015-Babel-Webpack-TodoMVC/DeletingItems/Async": 4.43167983029156,
  "Vanilla-ES2015-Babel-Webpack-TodoMVC/DeletingItems/Sync": 53.53306557168131,
  "Vanilla-ES2015-Babel-Webpack-TodoMVC/DeletingItems/total": 58.00175093563769,
  "Vanilla-ES2015-Babel-Webpack-TodoMVC/total": 554.9493290701406,
  "Vanilla-ES2015-TodoMVC/Adding100Items/Async": 39.066608175781624,
  "Vanilla-ES2015-TodoMVC/Adding100Items/Sync": 356.38674929356796,
  "Vanilla-ES2015-TodoMVC/Adding100Items/total": 395.5073719458357,
  "Vanilla-ES2015-TodoMVC/CompletingAllItems/Async": 31.85030702388869,