{
  "browser-setup": 3.319414,
  "browser-tear_down": 0.239859,
  "probes-creation": 0.000198,
  "probes-setup": 0.000166,
  "probes-start": 8e-05,
  "run": 110.35558,
  "runner-cooldown": 2.002071
}