{
  "Angular2-TypeScript-TodoMVC/Adding100Items/Async": 33.45944993940512,
  "Angular2-TypeScript-TodoMVC/Adding100Items/Sync": 43.83667968999791,
  "Angular2-TypeScript-TodoMVC/Adding100Items/total": 77.33010445409886,
  "Angular2-TypeScript-TodoMVC/CompletingAllItems/Async": 14.002157033828095,
  "Angular2-TypeScript-TodoMVC/CompletingAllItems/Sync": 8.872433367931038,
  "Angular2-TypeScript-TodoMVC/CompletingAllItems/total": 22.965436421898044,
  "Angular2-TypeScript-TodoMVC/DeletingItems/Async": 2.806888237578182,
  "Angular2-TypeScript-TodoMVC/DeletingItems/Sync": 16.638083484492608,
  "Angular2-TypeScript-TodoMVC/DeletingItems/total": 19.446695767107645,
  "Angular2-TypeScript-TodoMVC/total": 119.96365784415676,
  "AngularJS-TodoMVC/Adding100Items/Async": 41.79682815306711,
  "AngularJS-TodoMVC/Adding100Items/Sync": 156.93981236830106,
  "AngularJS-TodoMVC/Adding100Items/total": 198.74669464956378,
  "AngularJS-TodoMVC/CompletingAllItems/Async": 25.83409444073047,
  "AngularJS-TodoMVC/CompletingAllItems/Sync": 55.27011954443921,
  "AngularJS-TodoMVC/CompletingAllItems/total": 81.14810823665705,
  "AngularJS-TodoMVC/DeletingAllItems/Async": 15.334926869486438,
  "AngularJS-TodoMVC/DeletingAllItems/Sync": 159.4479815201148,
  "AngularJS-TodoMVC/DeletingAllItems/total": 174.89593306473918,
  "AngularJS-TodoMVC/total": 454.85227875101896,
  "BackboneJS-TodoMVC/Adding100Items/Async": 42.130273491183,
  "BackboneJS-TodoMVC/Adding100Items/Sync": 55.40165165272443,
  "BackboneJS-TodoMVC/Adding100Items/total": 97.72979025920391,
  "BackboneJS-TodoMVC/CompletingAllItems/Async": 35.6331921390032,
  "BackboneJS-TodoMVC/CompletingAllItems/Sync": 37.54146731779658,
  "BackboneJS-TodoMVC/CompletingAllItems/total": 74.51494125137752,
  "BackboneJS-TodoMVC/DeletingAllItems/Async": 5.498237103320023,
  "BackboneJS-TodoMVC/DeletingAllItems/Sync": 26.139702121349515,
  "BackboneJS-TodoMVC/DeletingAllItems/total": 32.21400912448665,
  "BackboneJS-TodoMVC/total": 205.730259833082,
  "Elm-TodoMVC/Adding100Items/Async": 48.70307142950796,
  "Elm-TodoMVC/Adding100Items/Sync": 85.51876485692098,
  "Elm-TodoMVC/Adding100Items/total": 134.2814167946623,
  "Elm-TodoMVC/CompletingAllItems/Async": 30.105357484548822,
  "Elm-TodoMVC/CompletingAllItems/Sync": 81.22611619029168,
  "Elm-TodoMVC/CompletingAllItems/total": 111.37261393882848,
  "Elm-TodoMVC/DeletingItems/Async": 9.157371975250108,
  "Elm-TodoMVC/DeletingItems/Sync": 102.57459325854511,
  "Elm-TodoMVC/DeletingItems/total": 111.84278941501239,
  "Elm-TodoMVC/total": 357.5252976043985,
  "EmberJS-Debug-TodoMVC/Adding100Items/Async": 46.23430134973442,
  "EmberJS-Debug-TodoMVC/Adding100Items/Sync": 730.7213588777229,
  "EmberJS-Debug-TodoMVC/Adding100Items/total": 777.6888275629185,
  "EmberJS-Debug-TodoMVC/CompletingAllItems/Async": 33.09249628717895,
  "EmberJS-Debug-TodoMVC/CompletingAllItems/Sync": 294.6497265525263,
  "EmberJS-Debug-TodoMVC/CompletingAllItems/total": 327.8756153775897,
  "EmberJS-Debug-TodoMVC/DeletingItems/Async": 10.88125689464264,
  "EmberJS-Debug-TodoMVC/DeletingItems/Sync": 286.3912175884407,
  "EmberJS-Debug-TodoMVC/DeletingItems/total": 300.38687167705183,
  "EmberJS-Debug-TodoMVC/total": 1412.3324970105432,
  "EmberJS-TodoMVC/Adding100Items/Async": 34.795479181287355,
  "EmberJS-TodoMVC/Adding100Items/Sync": 150.68656273763298,
  "EmberJS-TodoMVC/Adding100Items/total": 185.58143587689466,
  "EmberJS-TodoMVC/CompletingAllItems/Async": 28.47077437844513,
  "EmberJS-TodoMVC/CompletingAllItems/Sync": 105.84009277835047,
  "EmberJS-TodoMVC/CompletingAllItems/total": 134.58581157812085,
  "EmberJS-TodoMVC/DeletingItems/Async": 3.6649873535491833,
  "EmberJS-TodoMVC/DeletingItems/Sync": 72.81643449561007,
  "EmberJS-TodoMVC/DeletingItems/total": 76.52381608582941,
  "EmberJS-TodoMVC/total": 397.82642052406675,
  "Flight-TodoMVC/Adding100Items/Async": 33.55443976675912,
  "Flight-TodoMVC/Adding100Items/Sync": 78.39497528379387,
  "Flight-TodoMVC/Adding100Items/total": 111.96802397602609,
  "Flight-TodoMVC/CompletingAllItems/Async": 26.166431268229974,
  "Flight-TodoMVC/CompletingAllItems/Sync": 85.87479567024687,
  "Flight-TodoMVC/CompletingAllItems/total": 112.14575364394935,
  "Flight-TodoMVC/DeletingItems/Async": 4.521235502495781,
  "Flight-TodoMVC/DeletingItems/Sync": 70.47178219582746,
  "Flight-TodoMVC/DeletingItems/total": 77.03704845267983,
  "Flight-TodoMVC/total": 301.6220725885444,
  "Inferno-TodoMVC/Adding100Items/Async": 38.877244908218614,
  "Inferno-TodoMVC/Adding100Items/Sync": 44.13164446723668,
  "Inferno-TodoMVC/Adding100Items/total": 83.18581275078877,
  "Inferno-TodoMVC/CompletingAllItems/Async": 7.387724008872764,
  "Inferno-TodoMVC/CompletingAllItems/Sync": 86.36108939752121,
  "Inferno-TodoMVC/CompletingAllItems/total": 94.00312829279471,
  "Inferno-TodoMVC/DeletingItems/Async": 3.433578765693672,
  "Inferno-TodoMVC/DeletingItems/Sync": 204.31392024031405,
  "Inferno-TodoMVC/DeletingItems/total": 207.79001226651457,
  "Inferno-TodoMVC/total": 385.1623893095294,
  "Preact-TodoMVC/Adding100Items/Async": 37.87010371749949,
  "Preact-TodoMVC/Adding100Items/Sync": 5.065119582602666,
  "Preact-TodoMVC/Adding100Items/total": 42.93783927883293,
  "Preact-TodoMVC/CompletingAllItems/Async": 16.454397654185463,
  "Preact-TodoMVC/CompletingAllItems/Sync": 3.1173761881283846,
  "Preact-TodoMVC/CompletingAllItems/total": 19.578451097669642,
  "Preact-TodoMVC/DeletingItems/Async": 4.8770193179473145,
  "Preact-TodoMVC/DeletingItems/Sync": 1.7521610643541599,
  "Preact-TodoMVC/DeletingItems/total": 6.639420362307313,
  "Preact-TodoMVC/total": 69.21650115941736,
  "React-Redux-TodoMVC/Adding100Items/Async": 37.19541592455906,
  "React-Redux-TodoMVC/Adding100Items/Sync": 137.35583742291888,
  "React-Redux-TodoMVC/Adding100Items/total": 176.1255091036808,
  "React-Redux-TodoMVC/CompletingAllItems/Async": 27.85836919636315,
  "React-Redux-TodoMVC/CompletingAllItems/Sync": 145.67810781751888,
  "React-Redux-TodoMVC/CompletingAllItems/total": 173.86744490132045,
  "React-Redux-TodoMVC/DeletingItems/Async": 3.769127573070987,
  "React-Redux-TodoMVC/DeletingItems/Sync": 111.01797834701584,
  "React-Redux-TodoMVC/DeletingItems/total": 115.04875746974815,
  "React-Redux-TodoMVC/total": 469.020029945571,
  "React-TodoMVC/Adding100Items/Async": 35.314516497134505,
  "React-TodoMVC/Adding100Items/Sync": 108.33261053266324,
  "React-TodoMVC/Adding100Items/total": 143.8224814368695,
  "React-TodoMVC/CompletingAllItems/Async": 27.958654828494694,
  "React-TodoMVC/CompletingAllItems/Sync": 63.32533174467783,
  "React-TodoMVC/CompletingAllItems/total": 91.29529784398957,
  "React-TodoMVC/DeletingAllItems/Async": 3.1433536916640143,
  "React-TodoMVC/DeletingAllItems/Sync": 48.431806087834985,
  "React-TodoMVC/DeletingAllItems/total": 51.62006747377284,
  "React-TodoMVC/total": 287.1576751684523,
  "Vanilla-ES2015-Babel-Webpack-TodoMVC/Adding100Items/Async": 37.38869993206772,
  "Vanilla-ES2015-Babel-Webpack-TodoMVC/Adding100Items/Sync": 295.21202206016034,
  "Vanilla-ES2015-Babel-Webpack-TodoMVC/Adding100Items/total": 333.02865722922127,
  "Vanilla-ES2015-Babel-Webpack-TodoMVC/CompletingAllItems/Async": 26.790641380322107,
  "Vanilla-ES2015-Babel-Webpack-TodoMVC/CompletingAllItems/Sync": 63.81654621886724,
  "Vanilla-ES2015-Babel-Webpack-TodoMVC/CompletingAllItems/total": 90.71337626993844,
  "Vanilla-ES2015-Babel-Webpack-TodoMVC/DeletingItems/Async": 4.429784734664887,
  "Vanilla-ES2015-Babel-Webpack-TodoMVC/DeletingItems/Sync": 40.982455251436484,
  "Vanilla-ES2015-Babel-Webpack-TodoMVC/DeletingItems/total": 47.55963130801671,
  "Vanilla-ES2015-Babel-Webpack-TodoMVC/total": 472.4729231556986,
  "Vanilla-ES2015-TodoMVC/Adding100Items/Async": 34.98040489990731,
  "Vanilla-ES2015-TodoMVC/Adding100Items/Sync": 300.69400340456787,
  "Vanilla-ES2015-TodoMVC/Adding100Items/total": 335.72688831336234,
  "Vanilla-ES2015-TodoMVC/CompletingAllItems/Async": 27.006945376805852,