{
  "browser-setup": 3.989412,
  "browser-tear_down": 0.25444,
  "probes-creation": 0.000117,
  "probes-setup": 9.7e-05,
  "probes-start": 5.5e-05,
  "run": 125.95412,
  "runner-cooldown": 2.002049
}