{
  "Angular2-TypeScript-TodoMVC/Adding100Items/Async": 37.22751896156546,
  "Angular2-TypeScript-TodoMVC/Adding100Items/Sync": 54.28672710904658,
  "Angular2-TypeScript-TodoMVC/Adding100Items/total": 91.56364519454709,
  "Angular2-TypeScript-TodoMVC/CompletingAllItems/Async": 14.167564098525718,
  "Angular2-TypeScript-TodoMVC/CompletingAllItems/Sync": 9.917240052047203,
  "Angular2-TypeScript-TodoMVC/CompletingAllItems/total": 24.086376697895,
  "Angular2-TypeScript-TodoMVC/DeletingItems/Async": 3.557156282122134,
  "Angular2-TypeScript-TodoMVC/DeletingItems/Sync": 17.677438823978306,
  "Angular2-TypeScript-TodoMVC/DeletingItems/total": 21.241209509488645,
  "Angular2-TypeScript-TodoMVC/total": 136.90223789276277,
  "AngularJS-TodoMVC/Adding100Items/Async": 56.570289231253376,
  "AngularJS-TodoMVC/Adding100Items/Sync": 265.8025351661415,
  "AngularJS-TodoMVC/Adding100Items/total": 323.4713473503689,
  "AngularJS-TodoMVC/CompletingAllItems/Async": 37.53167661186593,
  "AngularJS-TodoMVC/CompletingAllItems/Sync": 81.10439816059964,
  "AngularJS-TodoMVC/CompletingAllItems/total": 120.4524679770941,
  "AngularJS-TodoMVC/DeletingAllItems/Async": 16.72155668532634,
  "AngularJS-TodoMVC/DeletingAllItems/Sync": 260.83493049389693,
  "AngularJS-TodoMVC/DeletingAllItems/total": 277.77668702279965,
  "AngularJS-TodoMVC/total": 734.0524588223007,
  "BackboneJS-TodoMVC/Adding100Items/Async": 43.489924656455415,
  "BackboneJS-TodoMVC/Adding100Items/Sync": 70.6512612928408,
  "BackboneJS-TodoMVC/Adding100Items/total": 114.15503113360198,
  "BackboneJS-TodoMVC/CompletingAllItems/Async": 33.524813384907404,
  "BackboneJS-TodoMVC/CompletingAllItems/Sync": 46.22331433566001,
  "BackboneJS-TodoMVC/CompletingAllItems/total": 79.76219192772881,
  "BackboneJS-TodoMVC/DeletingAllItems/Async": 4.824044148920015,
  "BackboneJS-TodoMVC/DeletingAllItems/Sync": 29.38204310442642,
  "BackboneJS-TodoMVC/DeletingAllItems/total": 34.22035816406477,
  "BackboneJS-TodoMVC/total": 228.17474770057643,
  "Elm-TodoMVC/Adding100Items/Async": 52.19725397420461,
  "Elm-TodoMVC/Adding100Items/Sync": 128.56703016522872,
  "Elm-TodoMVC/Adding100Items/total": 181.19200611756582,
  "Elm-TodoMVC/CompletingAllItems/Async": 35.887529503541955,
  "Elm-TodoMVC/CompletingAllItems/Sync": 153.75228314370307,
  "Elm-TodoMVC/CompletingAllItems/total": 190.68977546954815,
  "Elm-TodoMVC/DeletingItems/Async": 11.266713224136886,
  "Elm-TodoMVC/DeletingItems/Sync": 152.77210285714312,
  "Elm-TodoMVC/DeletingItems/total": 164.490213483197,
  "Elm-TodoMVC/total": 548.8748137462946,
  "EmberJS-Debug-TodoMVC/Adding100Items/Async": 47.658145433916175,
  "EmberJS-Debug-TodoMVC/Adding100Items/Sync": 583.7869636872158,
  "EmberJS-Debug-TodoMVC/Adding100Items/total": 631.5417209971963,
  "EmberJS-Debug-TodoMVC/CompletingAllItems/Async": 29.97305755059614,
  "EmberJS-Debug-TodoMVC/CompletingAllItems/Sync": 347.2789045788451,
  "EmberJS-Debug-TodoMVC/CompletingAllItems/total": 377.34406692630756,
  "EmberJS-Debug-TodoMVC/DeletingItems/Async": 7.552386110596583,
  "EmberJS-Debug-TodoMVC/DeletingItems/Sync": 389.11368270795043,
  "EmberJS-Debug-TodoMVC/DeletingItems/total": 397.5683148474195,
  "EmberJS-Debug-TodoMVC/total": 1414.2437394230653,
  "EmberJS-TodoMVC/Adding100Items/Async": 42.50241489218682,
  "EmberJS-TodoMVC/Adding100Items/Sync": 205.8632180999797,
  "EmberJS-TodoMVC/Adding100Items/total": 248.55727122770082,
  "EmberJS-TodoMVC/CompletingAllItems/Async": 31.96037742357117,
  "EmberJS-TodoMVC/CompletingAllItems/Sync": 116.43171245481543,
  "EmberJS-TodoMVC/CompletingAllItems/total": 148.57626726217308,
  "EmberJS-TodoMVC/DeletingItems/Async": 4.218323463315461,
  "EmberJS-TodoMVC/DeletingItems/Sync": 85.26188643617927,
  "EmberJS-TodoMVC/DeletingItems/total": 89.51191716293633,
  "EmberJS-TodoMVC/total": 488.82744775240417,
  "Flight-TodoMVC/Adding100Items/Async": 38.94778442369321,
  "Flight-TodoMVC/Adding100Items/Sync": 98.36071308447964,
  "Flight-TodoMVC/Adding100Items/total": 137.32478880488202,
  "Flight-TodoMVC/CompletingAllItems/Async": 28.597912319148815,
  "Flight-TodoMVC/CompletingAllItems/Sync": 105.59984170893912,
  "Flight-TodoMVC/CompletingAllItems/total": 134.2054667384147,
  "Flight-TodoMVC/DeletingItems/Async": 3.689067322595522,
  "Flight-TodoMVC/DeletingItems/Sync": 88.31827205409546,
  "Flight-TodoMVC/DeletingItems/total": 92.00885374209594,
  "Flight-TodoMVC/total": 363.54985390127234,
  "Inferno-TodoMVC/Adding100Items/Async": 43.43984028232379,
  "Inferno-TodoMVC/Adding100Items/Sync": 49.94724314964313,
  "Inferno-TodoMVC/Adding100Items/total": 93.40737323692609,
  "Inferno-TodoMVC/CompletingAllItems/Async": 9.681698141245914,
  "Inferno-TodoMVC/CompletingAllItems/Sync": 120.56521981799874,
  "Inferno-TodoMVC/CompletingAllItems/total": 130.82253076129862,
  "Inferno-TodoMVC/DeletingItems/Async": 3.8107177147505005,
  "Inferno-TodoMVC/DeletingItems/Sync": 242.11443526895016,
  "Inferno-TodoMVC/DeletingItems/total": 246.17102993762643,
  "Inferno-TodoMVC/total": 475.75007349483224,
  "Preact-TodoMVC/Adding100Items/Async": 43.125966212223915,
  "Preact-TodoMVC/Adding100Items/Sync": 6.363172388400076,
  "Preact-TodoMVC/Adding100Items/total": 49.49084971342666,
  "Preact-TodoMVC/CompletingAllItems/Async": 30.927580512338285,
  "Preact-TodoMVC/CompletingAllItems/Sync": 3.8923985086808357,
  "Preact-TodoMVC/CompletingAllItems/total": 34.82457344600079,
  "Preact-TodoMVC/DeletingItems/Async": 7.6289414595437055,
  "Preact-TodoMVC/DeletingItems/Sync": 2.0887220816571186,
  "Preact-TodoMVC/DeletingItems/total": 9.725265745995172,
  "Preact-TodoMVC/total": 94.04465114608188,
  "React-Redux-TodoMVC/Adding100Items/Async": 45.5899813429488,
  "React-Redux-TodoMVC/Adding100Items/Sync": 177.35455746427738,
  "React-Redux-TodoMVC/Adding100Items/total": 223.09159426404614,
  "React-Redux-TodoMVC/CompletingAllItems/Async": 29.012642958529135,
  "React-Redux-TodoMVC/CompletingAllItems/Sync": 166.6138093047241,
  "React-Redux-TodoMVC/CompletingAllItems/total": 195.6616945144994,
  "React-Redux-TodoMVC/DeletingItems/Async": 5.448754437128189,
  "React-Redux-TodoMVC/DeletingItems/Sync": 136.84300005749606,
  "React-Redux-TodoMVC/DeletingItems/total": 142.74897161805052,
  "React-Redux-TodoMVC/total": 570.0559098684023,
  "React-TodoMVC/Adding100Items/Async": 43.3019420817622,
  "React-TodoMVC/Adding100Items/Sync": 155.2023988521803,
  "React-TodoMVC/Adding100Items/total": 199.3115645259567,
  "React-TodoMVC/CompletingAllItems/Async": 29.923278220690925,
  "React-TodoMVC/CompletingAllItems/Sync": 86.15893323270447,
  "React-TodoMVC/CompletingAllItems/total": 116.20455335268832,
  "React-TodoMVC/DeletingAllItems/Async": 5.406316602248154,
  "React-TodoMVC/DeletingAllItems/Sync": 63.56547665787722,
  "React-TodoMVC/DeletingAllItems/total": 69.59772811618944,
  "React-TodoMVC/total": 394.0338657007017,
  "Vanilla-ES2015-Babel-Webpack-TodoMVC/Adding100Items/Async": 37.172303887380465,
  "Vanilla-ES2015-Babel-Webpack-TodoMVC/Adding100Items/Sync": 332.67136318313493,
  "Vanilla-ES2015-Babel-Webpack-TodoMVC/Adding100Items/total": 369.8964149118586,
  "Vanilla-ES2015-Babel-Webpack-TodoMVC/CompletingAllItems/Async": 28.015284442485644,
  "Vanilla-ES2015-Babel-Webpack-TodoMVC/CompletingAllItems/Sync": 70.36365982573052,
  "Vanilla-ES2015-Babel-Webpack-TodoMVC/CompletingAllItems/total": 98.38604087300483,
  "Vanilla-ES2015-Babel-Webpack-TodoMVC/DeletingItems/Async": 3.787555027834858,
  "Vanilla-ES2015-Babel-Webpack-TodoMVC/DeletingItems/Sync": 45.06356519020154,
  "Vanilla-ES2015-Babel-Webpack-TodoMVC/DeletingItems/total": 48.853422208134845,
  "Vanilla-ES2015-Babel-Webpack-TodoMVC/total": 517.147102780488,
  "Vanilla-ES2015-TodoMVC/Adding100Items/Async": 37.413618255119815,
  "Vanilla-ES2015-TodoMVC/Adding100Items/Sync": 353.7409169153968,
  "Vanilla-ES2015-TodoMVC/Adding100Items/total": 391.19862744541103,
  "Vanilla-ES2015-TodoMVC/CompletingAllItems/Async": 30.047680403638285,