{
  "browser-setup": 3.996757,
  "browser-tear_down": 0.281581,
  "probes-creation": 0.00012,
  "probes-setup": 0.0001,
  "probes-start": 5.4e-05,
  "run": 126.251062,
  "runner-cooldown": 2.002052
}