{
  "Angular2-TypeScript-TodoMVC/Adding100Items/Async": 38.182099449704296,
  "Angular2-TypeScript-TodoMVC/Adding100Items/Sync": 62.848166414653484,
  "Angular2-TypeScript-TodoMVC/Adding100Items/total": 102.11395178636735,
  "Angular2-TypeScript-TodoMVC/CompletingAllItems/Async": 15.042443969085834,
  "Angular2-TypeScript-TodoMVC/CompletingAllItems/Sync": 10.135788892591867,
  "Angular2-TypeScript-TodoMVC/CompletingAllItems/total": 25.24689915871468,
  "Angular2-TypeScript-TodoMVC/DeletingItems/Async": 3.544286848555127,
  "Angular2-TypeScript-TodoMVC/DeletingItems/Sync": 21.890493807459862,
  "Angular2-TypeScript-TodoMVC/DeletingItems/total": 25.83159666997573,
  "Angular2-TypeScript-TodoMVC/total": 159.41587873969902,
  "AngularJS-TodoMVC/Adding100Items/Async": 55.20809482362289,
  "AngularJS-TodoMVC/Adding100Items/Sync": 239.32636480109295,
  "AngularJS-TodoMVC/Adding100Items/total": 295.36940047381535,
  "AngularJS-TodoMVC/CompletingAllItems/Async": 30.92316260637238,
  "AngularJS-TodoMVC/CompletingAllItems/Sync": 66.35744501890792,
  "AngularJS-TodoMVC/CompletingAllItems/total": 97.32408364988167,
  "AngularJS-TodoMVC/DeletingAllItems/Async": 15.157948400683331,
  "AngularJS-TodoMVC/DeletingAllItems/Sync": 253.39202931765703,
  "AngularJS-TodoMVC/DeletingAllItems/total": 268.5609357001226,
  "AngularJS-TodoMVC/total": 664.396333291004,
  "BackboneJS-TodoMVC/Adding100Items/Async": 43.31835574642134,
  "BackboneJS-TodoMVC/Adding100Items/Sync": 70.68784622605511,
  "BackboneJS-TodoMVC/Adding100Items/total": 114.02837214009948,
  "BackboneJS-TodoMVC/CompletingAllItems/Async": 33.018868600257136,
  "BackboneJS-TodoMVC/CompletingAllItems/Sync": 46.210677699483554,
  "BackboneJS-TodoMVC/CompletingAllItems/total": 79.23189839648,
  "BackboneJS-TodoMVC/DeletingAllItems/Async": 4.640682902594357,
  "BackboneJS-TodoMVC/DeletingAllItems/Sync": 29.230917513650645,
  "BackboneJS-TodoMVC/DeletingAllItems/total": 33.88158493520159,
  "BackboneJS-TodoMVC/total": 227.16936812353364,
  "Elm-TodoMVC/Adding100Items/Async": 51.28068753892431,
  "Elm-TodoMVC/Adding100Items/Sync": 140.14534839769178,
  "Elm-TodoMVC/Adding100Items/total": 192.2365741471874,
  "Elm-TodoMVC/CompletingAllItems/Async": 34.47924400504871,
  "Elm-TodoMVC/CompletingAllItems/Sync": 123.3964561307428,
  "Elm-TodoMVC/CompletingAllItems/total": 158.0564734528141,
  "Elm-TodoMVC/DeletingItems/Async": 9.547155111799146,
  "Elm-TodoMVC/DeletingItems/Sync": 144.94024366253936,
  "Elm-TodoMVC/DeletingItems/total": 154.74908774091497,
  "Elm-TodoMVC/total": 509.76342642548326,
  "EmberJS-Debug-TodoMVC/Adding100Items/Async": 46.98567301579137,
  "EmberJS-Debug-TodoMVC/Adding100Items/Sync": 588.4894838668649,
  "EmberJS-Debug-TodoMVC/Adding100Items/total": 635.5866021648116,
  "EmberJS-Debug-TodoMVC/CompletingAllItems/Async": 33.622112475738334,
  "EmberJS-Debug-TodoMVC/CompletingAllItems/Sync": 376.6097521106538,
  "EmberJS-Debug-TodoMVC/CompletingAllItems/total": 410.40047233979453,
  "EmberJS-Debug-TodoMVC/DeletingItems/Async": 7.505348192724601,
  "EmberJS-Debug-TodoMVC/DeletingItems/Sync": 378.2367164059271,
  "EmberJS-Debug-TodoMVC/DeletingItems/total": 386.8091916888839,
  "EmberJS-Debug-TodoMVC/total": 1440.7446743539233,
  "EmberJS-TodoMVC/Adding100Items/Async": 43.4838916531875,
  "EmberJS-TodoMVC/Adding100Items/Sync": 197.5483468796379,
  "EmberJS-TodoMVC/Adding100Items/total": 241.19742310939847,
  "EmberJS-TodoMVC/CompletingAllItems/Async": 33.81026754399298,
  "EmberJS-TodoMVC/CompletingAllItems/Sync": 117.4211120714734,
  "EmberJS-TodoMVC/CompletingAllItems/total": 151.78392488076568,
  "EmberJS-TodoMVC/DeletingItems/Async": 4.123415872681404,
  "EmberJS-TodoMVC/DeletingItems/Sync": 77.20569331696676,
  "EmberJS-TodoMVC/DeletingItems/total": 81.62352488825029,
  "EmberJS-TodoMVC/total": 475.0779375774524,
  "Flight-TodoMVC/Adding100Items/Async": 38.78820848587228,
  "Flight-TodoMVC/Adding100Items/Sync": 97.29450178413762,
  "Flight-TodoMVC/Adding100Items/total": 136.0929258815929,
  "Flight-TodoMVC/CompletingAllItems/Async": 28.699132495477798,
  "Flight-TodoMVC/CompletingAllItems/Sync": 104.4815796013978,
  "Flight-TodoMVC/CompletingAllItems/total": 133.18438808816973,
  "Flight-TodoMVC/DeletingItems/Async": 4.033879459974956,
  "Flight-TodoMVC/DeletingItems/Sync": 96.00171544182541,
  "Flight-TodoMVC/DeletingItems/total": 100.03831790109402,
  "Flight-TodoMVC/total": 372.28304305233064,
  "Inferno-TodoMVC/Adding100Items/Async": 46.04979914624769,
  "Inferno-TodoMVC/Adding100Items/Sync": 49.722229350741266,
  "Inferno-TodoMVC/Adding100Items/total": 96.01740371953755,
  "Inferno-TodoMVC/CompletingAllItems/Async": 10.413640881710382,
  "Inferno-TodoMVC/CompletingAllItems/Sync": 111.53411617434668,
  "Inferno-TodoMVC/CompletingAllItems/total": 122.54792272914366,
  "Inferno-TodoMVC/DeletingItems/Async": 3.447648099076381,
  "Inferno-TodoMVC/DeletingItems/Sync": 243.01765852840595,
  "Inferno-TodoMVC/DeletingItems/total": 246.46877360136563,
  "Inferno-TodoMVC/total": 465.3829905201607,
  "Preact-TodoMVC/Adding100Items/Async": 43.025947741488096,
  "Preact-TodoMVC/Adding100Items/Sync": 6.593983674844272,
  "Preact-TodoMVC/Adding100Items/total": 49.63323510231481,
  "Preact-TodoMVC/CompletingAllItems/Async": 29.437041859163298,
  "Preact-TodoMVC/CompletingAllItems/Sync": 3.9797496250317743,
  "Preact-TodoMVC/CompletingAllItems/total": 33.46006183969094,
  "Preact-TodoMVC/DeletingItems/Async": 7.3130103616923,
  "Preact-TodoMVC/DeletingItems/Sync": 2.1534233125913795,
  "Preact-TodoMVC/DeletingItems/total": 9.480416382914468,
  "Preact-TodoMVC/total": 92.76358495649062,
  "React-Redux-TodoMVC/Adding100Items/Async": 43.25607231395916,
  "React-Redux-TodoMVC/Adding100Items/Sync": 185.62433751502644,
  "React-Redux-TodoMVC/Adding100Items/total": 229.35026317955476,
  "React-Redux-TodoMVC/CompletingAllItems/Async": 28.752257506131283,
  "React-Redux-TodoMVC/CompletingAllItems/Sync": 168.94848445850621,
  "React-Redux-TodoMVC/CompletingAllItems/total": 197.75262249377104,
  "React-Redux-TodoMVC/DeletingItems/Async": 4.87999214863741,
  "React-Redux-TodoMVC/DeletingItems/Sync": 117.23082126315119,
  "React-Redux-TodoMVC/DeletingItems/total": 122.40737384818227,
  "React-Redux-TodoMVC/total": 553.1082888437363,
  "React-TodoMVC/Adding100Items/Async": 44.78513096025213,
  "React-TodoMVC/Adding100Items/Sync": 152.94931513364534,
  "React-TodoMVC/Adding100Items/total": 198.0545586754394,
  "React-TodoMVC/CompletingAllItems/Async": 31.004142802868312,
  "React-TodoMVC/CompletingAllItems/Sync": 95.88716126678253,
  "React-TodoMVC/CompletingAllItems/total": 128.2573726483092,
  "React-TodoMVC/DeletingAllItems/Async": 4.507562697296529,
  "React-TodoMVC/DeletingAllItems/Sync": 57.22712802648523,
  "React-TodoMVC/DeletingAllItems/total": 62.246457920437265,
  "React-TodoMVC/total": 396.2951927868636,
  "Vanilla-ES2015-Babel-Webpack-TodoMVC/Adding100Items/Async": 37.30625165746097,
  "Vanilla-ES2015-Babel-Webpack-TodoMVC/Adding100Items/Sync": 340.2114035621568,
  "Vanilla-ES2015-Babel-Webpack-TodoMVC/Adding100Items/total": 377.52647898612344,
  "Vanilla-ES2015-Babel-Webpack-TodoMVC/CompletingAllItems/Async": 30.48898276578221,
  "Vanilla-ES2015-Babel-Webpack-TodoMVC/CompletingAllItems/Sync": 76.54701807740796,
  "Vanilla-ES2015-Babel-Webpack-TodoMVC/CompletingAllItems/total": 107.25737977021018,
  "Vanilla-ES2015-Babel-Webpack-TodoMVC/DeletingItems/Async": 4.444799023352767,
  "Vanilla-ES2015-Babel-Webpack-TodoMVC/DeletingItems/Sync": 45.439250770788135,
  "Vanilla-ES2015-Babel-Webpack-TodoMVC/DeletingItems/total": 50.12667369877884,
  "Vanilla-ES2015-Babel-Webpack-TodoMVC/total": 536.8327229906267,
  "Vanilla-ES2015-TodoMVC/Adding100Items/Async": 39.506913061822566,
  "Vanilla-ES2015-TodoMVC/Adding100Items/Sync": 369.554915120443,
  "Vanilla-ES2015-TodoMVC/Adding100Items/total": 409.08538951541857,
  "Vanilla-ES2015-TodoMVC/CompletingAllItems/Async": 31.373426428676623,