{
  "browser-setup": 3.308244,
  "browser-tear_down": 0.293873,
  "probes-creation": 0.000239,
  "probes-setup": 0.000172,
  "probes-start": 7.9e-05,
  "run": 111.418058,
  "runner-cooldown": 2.002075
}