{
  "Angular2-TypeScript-TodoMVC/Adding100Items/Async": 30.777610586948125,
  "Angular2-TypeScript-TodoMVC/Adding100Items/Sync": 40.849033322632245,
  "Angular2-TypeScript-TodoMVC/Adding100Items/total": 71.66201325995556,
  "Angular2-TypeScript-TodoMVC/CompletingAllItems/Async": 12.60564958840883,
  "Angular2-TypeScript-TodoMVC/CompletingAllItems/Sync": 8.178815340846713,
  "Angular2-TypeScript-TodoMVC/CompletingAllItems/total": 20.786276021353768,
  "Angular2-TypeScript-TodoMVC/DeletingItems/Async": 2.5846311868455505,
  "Angular2-TypeScript-TodoMVC/DeletingItems/Sync": 15.77241445090537,
  "Angular2-TypeScript-TodoMVC/DeletingItems/total": 18.36834306314282,
  "Angular2-TypeScript-TodoMVC/total": 110.82502495370521,
  "AngularJS-TodoMVC/Adding100Items/Async": 41.25518467459214,
  "AngularJS-TodoMVC/Adding100Items/Sync": 156.9001980901938,
  "AngularJS-TodoMVC/Adding100Items/total": 198.24585034879118,
  "AngularJS-TodoMVC/CompletingAllItems/Async": 22.501869375260515,
  "AngularJS-TodoMVC/CompletingAllItems/Sync": 54.50386480730999,
  "AngularJS-TodoMVC/CompletingAllItems/total": 77.12715504277035,
  "AngularJS-TodoMVC/DeletingAllItems/Async": 13.525469066006517,
  "AngularJS-TodoMVC/DeletingAllItems/Sync": 160.36134039562685,
  "AngularJS-TodoMVC/DeletingAllItems/total": 173.94424779347455,
  "AngularJS-TodoMVC/total": 449.94706603706294,
  "BackboneJS-TodoMVC/Adding100Items/Async": 35.61496235797089,
  "BackboneJS-TodoMVC/Adding100Items/Sync": 53.6205255862439,
  "BackboneJS-TodoMVC/Adding100Items/total": 89.25703225711213,
  "BackboneJS-TodoMVC/CompletingAllItems/Async": 26.93719176768586,
  "BackboneJS-TodoMVC/CompletingAllItems/Sync": 36.932679381163794,
  "BackboneJS-TodoMVC/CompletingAllItems/total": 63.87212327223036,
  "BackboneJS-TodoMVC/DeletingAllItems/Async": 3.322648775036059,
  "BackboneJS-TodoMVC/DeletingAllItems/Sync": 25.142917574100135,
  "BackboneJS-TodoMVC/DeletingAllItems/total": 28.48366980318523,
  "BackboneJS-TodoMVC/total": 181.63136390582497,
  "Elm-TodoMVC/Adding100Items/Async": 47.73318343854333,
  "Elm-TodoMVC/Adding100Items/Sync": 115.73581723369712,
  "Elm-TodoMVC/Adding100Items/total": 165.30656634801204,
  "Elm-TodoMVC/CompletingAllItems/Async": 31.228338216694983,
  "Elm-TodoMVC/CompletingAllItems/Sync": 107.17606704512833,
  "Elm-TodoMVC/CompletingAllItems/total": 139.90820329559142,
  "Elm-TodoMVC/DeletingItems/Async": 11.849910758039412,
  "Elm-TodoMVC/DeletingItems/Sync": 106.6419703821984,
  "Elm-TodoMVC/DeletingItems/total": 120.53553070894219,
  "Elm-TodoMVC/total": 440.400247589226,
  "EmberJS-Debug-TodoMVC/Adding100Items/Async": 39.981725267232754,
  "EmberJS-Debug-TodoMVC/Adding100Items/Sync": 401.34239252833646,
  "EmberJS-Debug-TodoMVC/Adding100Items/total": 441.48562143751485,
  "EmberJS-Debug-TodoMVC/CompletingAllItems/Async": 28.634218452740495,
  "EmberJS-Debug-TodoMVC/CompletingAllItems/Sync": 283.9333647830433,
  "EmberJS-Debug-TodoMVC/CompletingAllItems/total": 312.89902334613953,
  "EmberJS-Debug-TodoMVC/DeletingItems/Async": 10.794836449490479,
  "EmberJS-Debug-TodoMVC/DeletingItems/Sync": 312.6937592232621,
  "EmberJS-Debug-TodoMVC/DeletingItems/total": 325.75320552182825,
  "EmberJS-Debug-TodoMVC/total": 1090.5852911447023,
  "EmberJS-TodoMVC/Adding100Items/Async": 33.52988802291707,
  "EmberJS-TodoMVC/Adding100Items/Sync": 138.8499914913858,
  "EmberJS-TodoMVC/Adding100Items/total": 172.39735492443862,
  "EmberJS-TodoMVC/CompletingAllItems/Async": 25.769982357396298,
  "EmberJS-TodoMVC/CompletingAllItems/Sync": 91.63290875376407,
  "EmberJS-TodoMVC/CompletingAllItems/total": 117.41068210297531,
  "EmberJS-TodoMVC/DeletingItems/Async": 2.8571184664658067,
  "EmberJS-TodoMVC/DeletingItems/Sync": 62.614360824847076,
  "EmberJS-TodoMVC/DeletingItems/total": 65.47671063807907,
  "EmberJS-TodoMVC/total": 355.4332062772133,
  "Flight-TodoMVC/Adding100Items/Async": 32.064123313056115,
  "Flight-TodoMVC/Adding100Items/Sync": 77.35965664478259,
  "Flight-TodoMVC/Adding100Items/total": 109.43004179623864,
  "Flight-TodoMVC/CompletingAllItems/Async": 24.395500173856608,
  "Flight-TodoMVC/CompletingAllItems/Sync": 84.47891482038894,
  "Flight-TodoMVC/CompletingAllItems/total": 108.87610948465073,
  "Flight-TodoMVC/DeletingItems/Async": 2.8393788186113404,
  "Flight-TodoMVC/DeletingItems/Sync": 69.43878071491343,
  "Flight-TodoMVC/DeletingItems/total": 72.28733958408635,
  "Flight-TodoMVC/total": 290.60438871755275,
  "Inferno-TodoMVC/Adding100Items/Async": 37.83817598171917,
  "Inferno-TodoMVC/Adding100Items/Sync": 43.39509240064508,
  "Inferno-TodoMVC/Adding100Items/total": 81.32906262742553,
  "Inferno-TodoMVC/CompletingAllItems/Async": 6.048644095954964,
  "Inferno-TodoMVC/CompletingAllItems/Sync": 84.5348027065483,
  "Inferno-TodoMVC/CompletingAllItems/total": 90.58684908076985,
  "Inferno-TodoMVC/DeletingItems/Async": 3.6124034962004106,
  "Inferno-TodoMVC/DeletingItems/Sync": 222.18625788125541,
  "Inferno-TodoMVC/DeletingItems/total": 225.92680885473325,
  "Inferno-TodoMVC/total": 399.97386273711015,
  "Preact-TodoMVC/Adding100Items/Async": 36.02476444772861,
  "Preact-TodoMVC/Adding100Items/Sync": 4.844155253290522,
  "Preact-TodoMVC/Adding100Items/total": 40.87198113915224,
  "Preact-TodoMVC/CompletingAllItems/Async": 15.777484107618315,
  "Preact-TodoMVC/CompletingAllItems/Sync": 3.0116325531187225,
  "Preact-TodoMVC/CompletingAllItems/total": 18.79653641919538,
  "Preact-TodoMVC/DeletingItems/Async": 4.15401969558734,
  "Preact-TodoMVC/DeletingItems/Sync": 1.5037480351620187,
  "Preact-TodoMVC/DeletingItems/total": 5.663655088036311,
  "Preact-TodoMVC/total": 65.3381169163231,
  "React-Redux-TodoMVC/Adding100Items/Async": 33.89185893540335,
  "React-Redux-TodoMVC/Adding100Items/Sync": 142.98938413869348,
  "React-Redux-TodoMVC/Adding100Items/total": 177.18471915132594,
  "React-Redux-TodoMVC/CompletingAllItems/Async": 26.147559569340338,
  "React-Redux-TodoMVC/CompletingAllItems/Sync": 144.06388052843909,
  "React-Redux-TodoMVC/CompletingAllItems/total": 170.516386862096,
  "React-Redux-TodoMVC/DeletingItems/Async": 4.334415242988136,
  "React-Redux-TodoMVC/DeletingItems/Sync": 87.50083893952751,
  "React-Redux-TodoMVC/DeletingItems/total": 92.33427153247095,
  "React-Redux-TodoMVC/total": 442.03564064788316,
  "React-TodoMVC/Adding100Items/Async": 34.64058405074042,
  "React-TodoMVC/Adding100Items/Sync": 104.92538013556117,
  "React-TodoMVC/Adding100Items/total": 139.62561911108605,
  "React-TodoMVC/CompletingAllItems/Async": 28.723854401558267,
  "React-TodoMVC/CompletingAllItems/Sync": 78.75774724204123,
  "React-TodoMVC/CompletingAllItems/total": 108.78618956748426,
  "React-TodoMVC/DeletingAllItems/Async": 4.558492699778109,
  "React-TodoMVC/DeletingAllItems/Sync": 47.55952844792407,
  "React-TodoMVC/DeletingAllItems/total": 53.139073811095635,
  "React-TodoMVC/total": 307.2133170850958,
  "Vanilla-ES2015-Babel-Webpack-TodoMVC/Adding100Items/Async": 35.069841510485084,
  "Vanilla-ES2015-Babel-Webpack-TodoMVC/Adding100Items/Sync": 291.88371116964373,
  "Vanilla-ES2015-Babel-Webpack-TodoMVC/Adding100Items/total": 327.0026170363773,
  "Vanilla-ES2015-Babel-Webpack-TodoMVC/CompletingAllItems/Async": 24.784660864437864,
  "Vanilla-ES2015-Babel-Webpack-TodoMVC/CompletingAllItems/Sync": 63.25441946314776,
  "Vanilla-ES2015-Babel-Webpack-TodoMVC/CompletingAllItems/total": 88.05865591659499,
  "Vanilla-ES2015-Babel-Webpack-TodoMVC/DeletingItems/Async": 3.687081523859201,
  "Vanilla-ES2015-Babel-Webpack-TodoMVC/DeletingItems/Sync": 46.52678949285353,
  "Vanilla-ES2015-Babel-Webpack-TodoMVC/DeletingItems/total": 50.76549493220462,
  "Vanilla-ES2015-Babel-Webpack-TodoMVC/total": 472.3219748107773,
  "Vanilla-ES2015-TodoMVC/Adding100Items/Async": 33.448744884882686,
  "Vanilla-ES2015-TodoMVC/Adding100Items/Sync": 297.1491322194298,
  "Vanilla-ES2015-TodoMVC/Adding100Items/total": 330.62754914237104,
  "Vanilla-ES2015-TodoMVC/CompletingAllItems/Async": 25.852771868822217,