{
  "browser-setup": 4.116823,
  "browser-tear_down": 0.253191,
  "probes-creation": 0.00013,
  "probes-setup": 0.000105,
  "probes-start": 5.8e-05,
  "run": 136.560501,
  "runner-cooldown": 2.002047
}