{
  "Angular2-TypeScript-TodoMVC/Adding100Items/Async": 38.06229709511423,
  "Angular2-TypeScript-TodoMVC/Adding100Items/Sync": 60.625013621879724,
  "Angular2-TypeScript-TodoMVC/Adding100Items/total": 98.74282329452829,
  "Angular2-TypeScript-TodoMVC/CompletingAllItems/Async": 17.649558531329543,
  "Angular2-TypeScript-TodoMVC/CompletingAllItems/Sync": 10.228424377847073,
  "Angular2-TypeScript-TodoMVC/CompletingAllItems/total": 27.893802799860843,
  "Angular2-TypeScript-TodoMVC/DeletingItems/Async": 3.951390670796986,
  "Angular2-TypeScript-TodoMVC/DeletingItems/Sync": 18.3582769816601,
  "Angular2-TypeScript-TodoMVC/DeletingItems/total": 22.34626913235651,
  "Angular2-TypeScript-TodoMVC/total": 149.02743770173947,
  "AngularJS-TodoMVC/Adding100Items/Async": 54.05850977976062,
  "AngularJS-TodoMVC/Adding100Items/Sync": 283.4443425293355,
  "AngularJS-TodoMVC/Adding100Items/total": 338.31468906188985,
  "AngularJS-TodoMVC/CompletingAllItems/Async": 33.93029208345211,
  "AngularJS-TodoMVC/CompletingAllItems/Sync": 86.61880553874886,
  "AngularJS-TodoMVC/CompletingAllItems/total": 120.63745492917973,
  "AngularJS-TodoMVC/DeletingAllItems/Async": 16.706155091562213,
  "AngularJS-TodoMVC/DeletingAllItems/Sync": 246.78666372345774,
  "AngularJS-TodoMVC/DeletingAllItems/total": 263.6050883581655,
  "AngularJS-TodoMVC/total": 722.9126660507022,
  "BackboneJS-TodoMVC/Adding100Items/Async": 45.82058199183421,
  "BackboneJS-TodoMVC/Adding100Items/Sync": 108.78820610429304,
  "BackboneJS-TodoMVC/Adding100Items/total": 155.2100659056648,
  "BackboneJS-TodoMVC/CompletingAllItems/Async": 34.24603192031118,
  "BackboneJS-TodoMVC/CompletingAllItems/Sync": 59.74572640878134,
  "BackboneJS-TodoMVC/CompletingAllItems/total": 94.1593835399328,
  "BackboneJS-TodoMVC/DeletingAllItems/Async": 5.122801655291921,
  "BackboneJS-TodoMVC/DeletingAllItems/Sync": 31.092002757771635,
  "BackboneJS-TodoMVC/DeletingAllItems/total": 36.29512047391576,
  "BackboneJS-TodoMVC/total": 285.9930064060889,
  "Elm-TodoMVC/Adding100Items/Async": 51.537577576973206,
  "Elm-TodoMVC/Adding100Items/Sync": 145.68065266426234,
  "Elm-TodoMVC/Adding100Items/total": 197.29888069237265,
  "Elm-TodoMVC/CompletingAllItems/Async": 40.731685041093634,
  "Elm-TodoMVC/CompletingAllItems/Sync": 179.63091533513577,
  "Elm-TodoMVC/CompletingAllItems/total": 227.64541371288374,
  "Elm-TodoMVC/DeletingItems/Async": 11.318584117584335,
  "Elm-TodoMVC/DeletingItems/Sync": 320.825143507949,
  "Elm-TodoMVC/DeletingItems/total": 334.0404111998094,
  "Elm-TodoMVC/total": 848.481643444694,
  "EmberJS-Debug-TodoMVC/Adding100Items/Async": 45.19868109211993,
  "EmberJS-Debug-TodoMVC/Adding100Items/Sync": 589.1100365196486,
  "EmberJS-Debug-TodoMVC/Adding100Items/total": 634.4013940401594,
  "EmberJS-Debug-TodoMVC/CompletingAllItems/Async": 32.116732688193075,
  "EmberJS-Debug-TodoMVC/CompletingAllItems/Sync": 361.27742950056427,
  "EmberJS-Debug-TodoMVC/CompletingAllItems/total": 393.4110511256772,
  "EmberJS-Debug-TodoMVC/DeletingItems/Async": 5.578897790557202,
  "EmberJS-Debug-TodoMVC/DeletingItems/Sync": 395.5087814460089,
  "EmberJS-Debug-TodoMVC/DeletingItems/total": 401.68111830941723,
  "EmberJS-Debug-TodoMVC/total": 1430.0719443922214,
  "EmberJS-TodoMVC/Adding100Items/Async": 42.45124471615514,
  "EmberJS-TodoMVC/Adding100Items/Sync": 226.9043440182851,
  "EmberJS-TodoMVC/Adding100Items/total": 269.43419526582386,
  "EmberJS-TodoMVC/CompletingAllItems/Async": 35.92664899049051,
  "EmberJS-TodoMVC/CompletingAllItems/Sync": 125.62977761823102,
  "EmberJS-TodoMVC/CompletingAllItems/total": 161.77284476751848,
  "EmberJS-TodoMVC/DeletingItems/Async": 5.701114463531764,
  "EmberJS-TodoMVC/DeletingItems/Sync": 85.2750627853367,
  "EmberJS-TodoMVC/DeletingItems/total": 91.52482106162141,
  "EmberJS-TodoMVC/total": 523.1688479087276,
  "Flight-TodoMVC/Adding100Items/Async": 41.07759213848243,
  "Flight-TodoMVC/Adding100Items/Sync": 117.66042810762234,
  "Flight-TodoMVC/Adding100Items/total": 159.04636710401334,
  "Flight-TodoMVC/CompletingAllItems/Async": 32.688348990868995,
  "Flight-TodoMVC/CompletingAllItems/Sync": 125.55739244578322,
  "Flight-TodoMVC/CompletingAllItems/total": 158.442031849113,
  "Flight-TodoMVC/DeletingItems/Async": 5.159747066727805,
  "Flight-TodoMVC/DeletingItems/Sync": 111.04603907229844,
  "Flight-TodoMVC/DeletingItems/total": 116.6041243844067,
  "Flight-TodoMVC/total": 434.22900869665466,
  "Inferno-TodoMVC/Adding100Items/Async": 48.090076712634065,
  "Inferno-TodoMVC/Adding100Items/Sync": 58.806812431518686,
  "Inferno-TodoMVC/Adding100Items/total": 107.63371259723276,
  "Inferno-TodoMVC/CompletingAllItems/Async": 10.90724042019039,
  "Inferno-TodoMVC/CompletingAllItems/Sync": 119.58535456848782,
  "Inferno-TodoMVC/CompletingAllItems/total": 130.8997380980305,
  "Inferno-TodoMVC/DeletingItems/Async": 4.027199223731421,
  "Inferno-TodoMVC/DeletingItems/Sync": 249.8620681697321,
  "Inferno-TodoMVC/DeletingItems/total": 253.9169432705892,
  "Inferno-TodoMVC/total": 493.03809488415567,
  "Preact-TodoMVC/Adding100Items/Async": 63.943235100023195,
  "Preact-TodoMVC/Adding100Items/Sync": 10.728589912155684,
  "Preact-TodoMVC/Adding100Items/total": 74.69741378254602,
  "Preact-TodoMVC/CompletingAllItems/Async": 26.13457869664569,
  "Preact-TodoMVC/CompletingAllItems/Sync": 3.9338846091027446,
  "Preact-TodoMVC/CompletingAllItems/total": 30.15725905360245,
  "Preact-TodoMVC/DeletingItems/Async": 7.605966155776957,
  "Preact-TodoMVC/DeletingItems/Sync": 2.1963799564758664,
  "Preact-TodoMVC/DeletingItems/total": 9.816557244712614,
  "Preact-TodoMVC/total": 116.07040476029424,
  "React-Redux-TodoMVC/Adding100Items/Async": 43.10081160700035,
  "React-Redux-TodoMVC/Adding100Items/Sync": 203.43111188964386,
  "React-Redux-TodoMVC/Adding100Items/total": 246.8142128118975,
  "React-Redux-TodoMVC/CompletingAllItems/Async": 31.6037905316427,
  "React-Redux-TodoMVC/CompletingAllItems/Sync": 176.0248381433561,
  "React-Redux-TodoMVC/CompletingAllItems/total": 207.66057525778368,
  "React-Redux-TodoMVC/DeletingItems/Async": 4.522945296728827,
  "React-Redux-TodoMVC/DeletingItems/Sync": 115.64774607368135,
  "React-Redux-TodoMVC/DeletingItems/total": 120.21726908867794,
  "React-Redux-TodoMVC/total": 575.0237044936215,
  "React-TodoMVC/Adding100Items/Async": 43.49519808509841,
  "React-TodoMVC/Adding100Items/Sync": 150.29520078556808,
  "React-TodoMVC/Adding100Items/total": 193.9041460656347,
  "React-TodoMVC/CompletingAllItems/Async": 32.72097209432551,
  "React-TodoMVC/CompletingAllItems/Sync": 84.42571957153619,
  "React-TodoMVC/CompletingAllItems/total": 117.1733569063941,
  "React-TodoMVC/DeletingAllItems/Async": 4.122362041000973,
  "React-TodoMVC/DeletingAllItems/Sync": 56.65577854523382,
  "React-TodoMVC/DeletingAllItems/total": 60.84663057849904,
  "React-TodoMVC/total": 372.0655146287754,
  "Vanilla-ES2015-Babel-Webpack-TodoMVC/Adding100Items/Async": 37.99614794961034,
  "Vanilla-ES2015-Babel-Webpack-TodoMVC/Adding100Items/Sync": 344.4378430416792,
  "Vanilla-ES2015-Babel-Webpack-TodoMVC/Adding100Items/total": 382.4349474935441,
  "Vanilla-ES2015-Babel-Webpack-TodoMVC/CompletingAllItems/Async": 31.172997274921286,
  "Vanilla-ES2015-Babel-Webpack-TodoMVC/CompletingAllItems/Sync": 78.68201290884492,
  "Vanilla-ES2015-Babel-Webpack-TodoMVC/CompletingAllItems/total": 109.87352625050966,
  "Vanilla-ES2015-Babel-Webpack-TodoMVC/DeletingItems/Async": 4.4276430348487485,
  "Vanilla-ES2015-Babel-Webpack-TodoMVC/DeletingItems/Sync": 52.86300642969549,
  "Vanilla-ES2015-Babel-Webpack-TodoMVC/DeletingItems/total": 57.320310990615155,
  "Vanilla-ES2015-Babel-Webpack-TodoMVC/total": 549.8295020027142,
  "Vanilla-ES2015-TodoMVC/Adding100Items/Async": 39.3821282701295,
  "Vanilla-ES2015-TodoMVC/Adding100Items/Sync": 355.16634544025794,
  "Vanilla-ES2015-TodoMVC/Adding100Items/total": 394.60291551550876,
  "Vanilla-ES2015-TodoMVC/CompletingAllItems/Async": 32.00158469315692,