{
  "browser-setup": 3.880947,
  "browser-tear_down": 0.298672,
  "probes-creation": 0.000134,
  "probes-setup": 0.000103,
  "probes-start": 5.8e-05,
  "run": 130.278522,
  "runner-cooldown": 2.002056
}