{
  "browser-setup": 3.292311,
  "browser-tear_down": 0.291571,
  "probes-creation": 0.000195,
  "probes-setup": 0.000172,
  "probes-start": 7.8e-05,
  "run": 107.12554,
  "runner-cooldown": 2.002069
}