{
  "Angular2-TypeScript-TodoMVC/Adding100Items/Async": 31.25272340386689,
  "Angular2-TypeScript-TodoMVC/Adding100Items/Sync": 41.655485391319935,
  "Angular2-TypeScript-TodoMVC/Adding100Items/total": 72.94544938969798,
  "Angular2-TypeScript-TodoMVC/CompletingAllItems/Async": 12.955979276369169,
  "Angular2-TypeScript-TodoMVC/CompletingAllItems/Sync": 8.506138913053102,
  "Angular2-TypeScript-TodoMVC/CompletingAllItems/total": 21.46346600510868,
  "Angular2-TypeScript-TodoMVC/DeletingItems/Async": 2.6269661527503376,
  "Angular2-TypeScript-TodoMVC/DeletingItems/Sync": 16.061533384109573,
  "Angular2-TypeScript-TodoMVC/DeletingItems/total": 18.689820488660636,
  "Angular2-TypeScript-TodoMVC/total": 113.10476309485941,
  "AngularJS-TodoMVC/Adding100Items/Async": 40.90324527986142,
  "AngularJS-TodoMVC/Adding100Items/Sync": 161.28888016088436,
  "AngularJS-TodoMVC/Adding100Items/total": 202.34429298157207,
  "AngularJS-TodoMVC/CompletingAllItems/Async": 24.882582588234836,
  "AngularJS-TodoMVC/CompletingAllItems/Sync": 54.65019253790023,
  "AngularJS-TodoMVC/CompletingAllItems/total": 79.63995869450775,
  "AngularJS-TodoMVC/DeletingAllItems/Async": 14.740457016307404,
  "AngularJS-TodoMVC/DeletingAllItems/Sync": 170.1302261036997,
  "AngularJS-TodoMVC/DeletingAllItems/total": 184.90067014816296,
  "AngularJS-TodoMVC/total": 469.7758208511849,
  "BackboneJS-TodoMVC/Adding100Items/Async": 36.850090527328845,
  "BackboneJS-TodoMVC/Adding100Items/Sync": 56.146761956590005,
  "BackboneJS-TodoMVC/Adding100Items/total": 93.01682247578148,
  "BackboneJS-TodoMVC/CompletingAllItems/Async": 27.88219126643742,
  "BackboneJS-TodoMVC/CompletingAllItems/Sync": 38.48628175338743,
  "BackboneJS-TodoMVC/CompletingAllItems/total": 66.3722686657495,
  "BackboneJS-TodoMVC/DeletingAllItems/Async": 3.3675605812296285,
  "BackboneJS-TodoMVC/DeletingAllItems/Sync": 25.86639650024578,
  "BackboneJS-TodoMVC/DeletingAllItems/total": 29.252975192672416,
  "BackboneJS-TodoMVC/total": 188.66419745602303,
  "Elm-TodoMVC/Adding100Items/Async": 45.76376901269146,
  "Elm-TodoMVC/Adding100Items/Sync": 91.41042083929551,
  "Elm-TodoMVC/Adding100Items/total": 138.00240651845866,
  "Elm-TodoMVC/CompletingAllItems/Async": 31.55208550929337,
  "Elm-TodoMVC/CompletingAllItems/Sync": 109.58545745033526,
  "Elm-TodoMVC/CompletingAllItems/total": 142.60053592713209,
  "Elm-TodoMVC/DeletingItems/Async": 9.490101063910869,
  "Elm-TodoMVC/DeletingItems/Sync": 97.57972551235599,
  "Elm-TodoMVC/DeletingItems/total": 107.5580590158174,
  "Elm-TodoMVC/total": 397.7736192731493,
  "EmberJS-Debug-TodoMVC/Adding100Items/Async": 40.71225365883246,
  "EmberJS-Debug-TodoMVC/Adding100Items/Sync": 421.194522960512,
  "EmberJS-Debug-TodoMVC/Adding100Items/total": 462.13830884599446,
  "EmberJS-Debug-TodoMVC/CompletingAllItems/Async": 28.038121255732793,
  "EmberJS-Debug-TodoMVC/CompletingAllItems/Sync": 292.5173969775802,
  "EmberJS-Debug-TodoMVC/CompletingAllItems/total": 320.62095898778574,
  "EmberJS-Debug-TodoMVC/DeletingItems/Async": 10.816461886136882,
  "EmberJS-Debug-TodoMVC/DeletingItems/Sync": 305.1838519346435,
  "EmberJS-Debug-TodoMVC/DeletingItems/total": 319.5863842609841,
  "EmberJS-Debug-TodoMVC/total": 1109.3447009156332,
  "EmberJS-TodoMVC/Adding100Items/Async": 33.92001670971719,
  "EmberJS-TodoMVC/Adding100Items/Sync": 139.3159298921457,
  "EmberJS-TodoMVC/Adding100Items/total": 173.25335602549848,
  "EmberJS-TodoMVC/CompletingAllItems/Async": 26.220986868333025,
  "EmberJS-TodoMVC/CompletingAllItems/Sync": 102.30576514018367,
  "EmberJS-TodoMVC/CompletingAllItems/total": 128.88423480833492,
  "EmberJS-TodoMVC/DeletingItems/Async": 3.1865056374762184,
  "EmberJS-TodoMVC/DeletingItems/Sync": 62.6573008737022,
  "EmberJS-TodoMVC/DeletingItems/total": 66.04605247511576,
  "EmberJS-TodoMVC/total": 370.70403016998,
  "Flight-TodoMVC/Adding100Items/Async": 32.145551489702015,
  "Flight-TodoMVC/Adding100Items/Sync": 78.3214114929269,
  "Flight-TodoMVC/Adding100Items/total": 110.47165676224937,
  "Flight-TodoMVC/CompletingAllItems/Async": 24.60692812298082,
  "Flight-TodoMVC/CompletingAllItems/Sync": 86.94099725975289,
  "Flight-TodoMVC/CompletingAllItems/total": 111.57606253135211,
  "Flight-TodoMVC/DeletingItems/Async": 3.111521544841147,
  "Flight-TodoMVC/DeletingItems/Sync": 77.92187728440776,
  "Flight-TodoMVC/DeletingItems/total": 81.0348273237997,
  "Flight-TodoMVC/total": 306.8011520789248,
  "Inferno-TodoMVC/Adding100Items/Async": 37.46391298801019,
  "Inferno-TodoMVC/Adding100Items/Sync": 42.95762613087286,
  "Inferno-TodoMVC/Adding100Items/total": 80.51248949880348,
  "Inferno-TodoMVC/CompletingAllItems/Async": 6.166159044375578,
  "Inferno-TodoMVC/CompletingAllItems/Sync": 85.81734361599558,
  "Inferno-TodoMVC/CompletingAllItems/total": 91.98765999267607,
  "Inferno-TodoMVC/DeletingItems/Async": 2.8965511871961582,
  "Inferno-TodoMVC/DeletingItems/Sync": 203.64513531473415,
  "Inferno-TodoMVC/DeletingItems/total": 206.55472818683387,
  "Inferno-TodoMVC/total": 379.10871025865134,
  "Preact-TodoMVC/Adding100Items/Async": 36.570967358930986,
  "Preact-TodoMVC/Adding100Items/Sync": 4.954250923812831,
  "Preact-TodoMVC/Adding100Items/total": 41.52830569988526,
  "Preact-TodoMVC/CompletingAllItems/Async": 15.996204271987555,
  "Preact-TodoMVC/CompletingAllItems/Sync": 2.9677027732295422,
  "Preact-TodoMVC/CompletingAllItems/total": 18.976172446357012,
  "Preact-TodoMVC/DeletingItems/Async": 4.2032051876038485,
  "Preact-TodoMVC/DeletingItems/Sync": 1.6357300878510792,
  "Preact-TodoMVC/DeletingItems/total": 5.849087509539473,
  "Preact-TodoMVC/total": 66.3626492586969,
  "React-Redux-TodoMVC/Adding100Items/Async": 33.80272362680321,
  "React-Redux-TodoMVC/Adding100Items/Sync": 135.3294448349731,
  "React-Redux-TodoMVC/Adding100Items/total": 169.3886086272393,
  "React-Redux-TodoMVC/CompletingAllItems/Async": 25.439679108828322,
  "React-Redux-TodoMVC/CompletingAllItems/Sync": 131.65333330377658,
  "React-Redux-TodoMVC/CompletingAllItems/total": 157.15242517420432,
  "React-Redux-TodoMVC/DeletingItems/Async": 4.376559193528972,
  "React-Redux-TodoMVC/DeletingItems/Sync": 94.21919494667961,
  "React-Redux-TodoMVC/DeletingItems/total": 98.97176009671867,
  "React-Redux-TodoMVC/total": 429.6039912899418,
  "React-TodoMVC/Adding100Items/Async": 34.890397510558984,
  "React-TodoMVC/Adding100Items/Sync": 114.01401843547008,
  "React-TodoMVC/Adding100Items/total": 149.28203835054177,
  "React-TodoMVC/CompletingAllItems/Async": 27.19840177788343,
  "React-TodoMVC/CompletingAllItems/Sync": 71.48462222373551,
  "React-TodoMVC/CompletingAllItems/total": 99.33804324624627,
  "React-TodoMVC/DeletingAllItems/Async": 4.252124754233577,
  "React-TodoMVC/DeletingAllItems/Sync": 45.98285726981131,
  "React-TodoMVC/DeletingAllItems/total": 51.31800363221928,
  "React-TodoMVC/total": 304.2059193032231,
  "Vanilla-ES2015-Babel-Webpack-TodoMVC/Adding100Items/Async": 35.03452022374162,
  "Vanilla-ES2015-Babel-Webpack-TodoMVC/Adding100Items/Sync": 306.6254699172065,
  "Vanilla-ES2015-Babel-Webpack-TodoMVC/Adding100Items/total": 341.6997894065401,
  "Vanilla-ES2015-Babel-Webpack-TodoMVC/CompletingAllItems/Async": 24.724787760536508,
  "Vanilla-ES2015-Babel-Webpack-TodoMVC/CompletingAllItems/Sync": 64.3006113564271,
  "Vanilla-ES2015-Babel-Webpack-TodoMVC/CompletingAllItems/total": 89.050278401596,
  "Vanilla-ES2015-Babel-Webpack-TodoMVC/DeletingItems/Async": 3.216302532973431,
  "Vanilla-ES2015-Babel-Webpack-TodoMVC/DeletingItems/Sync": 40.739600262174186,
  "Vanilla-ES2015-Babel-Webpack-TodoMVC/DeletingItems/total": 44.14327787145182,
  "Vanilla-ES2015-Babel-Webpack-TodoMVC/total": 475.08417641203874,
  "Vanilla-ES2015-TodoMVC/Adding100Items/Async": 34.18755163026815,
  "Vanilla-ES2015-TodoMVC/Adding100Items/Sync": 301.8201704492806,
  "Vanilla-ES2015-TodoMVC/Adding100Items/total": 336.0852552367054,
  "Vanilla-ES2015-TodoMVC/CompletingAllItems/Async": 26.957771371407148,