{
  "browser-setup": 3.270973,
  "browser-tear_down": 0.282547,
  "probes-creation": 0.000205,
  "probes-setup": 0.000167,
  "probes-start": 7.8e-05,
  "run": 107.105755,
  "runner-cooldown": 2.00258
}