{
  "Angular2-TypeScript-TodoMVC/Adding100Items/Async": 30.99661939722514,
  "Angular2-TypeScript-TodoMVC/Adding100Items/Sync": 41.46179827410954,
  "Angular2-TypeScript-TodoMVC/Adding100Items/total": 72.48816176689543,
  "Angular2-TypeScript-TodoMVC/CompletingAllItems/Async": 13.735115500862698,
  "Angular2-TypeScript-TodoMVC/CompletingAllItems/Sync": 8.55071734867847,
  "Angular2-TypeScript-TodoMVC/CompletingAllItems/total": 22.361021053017204,
  "Angular2-TypeScript-TodoMVC/DeletingItems/Async": 2.581711492840859,
  "Angular2-TypeScript-TodoMVC/DeletingItems/Sync": 16.07954877832266,
  "Angular2-TypeScript-TodoMVC/DeletingItems/total": 18.668062283721035,
  "Angular2-TypeScript-TodoMVC/total": 113.63582399439652,
  "AngularJS-TodoMVC/Adding100Items/Async": 40.17682512878309,
  "AngularJS-TodoMVC/Adding100Items/Sync": 153.1651673395467,
  "AngularJS-TodoMVC/Adding100Items/total": 193.3592787140389,
  "AngularJS-TodoMVC/CompletingAllItems/Async": 24.99026064324871,
  "AngularJS-TodoMVC/CompletingAllItems/Sync": 53.47322853208053,
  "AngularJS-TodoMVC/CompletingAllItems/total": 78.51769133971314,
  "AngularJS-TodoMVC/DeletingAllItems/Async": 13.249233255692513,
  "AngularJS-TodoMVC/DeletingAllItems/Sync": 158.1455469294374,
  "AngularJS-TodoMVC/DeletingAllItems/total": 171.4321828588404,
  "AngularJS-TodoMVC/total": 443.420949304438,
  "BackboneJS-TodoMVC/Adding100Items/Async": 36.09822847432785,
  "BackboneJS-TodoMVC/Adding100Items/Sync": 54.60384981518046,
  "BackboneJS-TodoMVC/Adding100Items/total": 90.72005667151485,
  "BackboneJS-TodoMVC/CompletingAllItems/Async": 27.5648627967898,
  "BackboneJS-TodoMVC/CompletingAllItems/Sync": 37.34368266282038,
  "BackboneJS-TodoMVC/CompletingAllItems/total": 64.91057208745374,
  "BackboneJS-TodoMVC/DeletingAllItems/Async": 3.242099183742051,
  "BackboneJS-TodoMVC/DeletingAllItems/Sync": 25.734142288284108,
  "BackboneJS-TodoMVC/DeletingAllItems/total": 28.99365732608768,
  "BackboneJS-TodoMVC/total": 184.65225357866566,
  "Elm-TodoMVC/Adding100Items/Async": 46.85041817277127,
  "Elm-TodoMVC/Adding100Items/Sync": 106.87117028047659,
  "Elm-TodoMVC/Adding100Items/total": 154.8096205939833,
  "Elm-TodoMVC/CompletingAllItems/Async": 29.678056340085888,
  "Elm-TodoMVC/CompletingAllItems/Sync": 83.87285027587136,
  "Elm-TodoMVC/CompletingAllItems/total": 113.60621261540514,
  "Elm-TodoMVC/DeletingItems/Async": 11.978941676996948,
  "Elm-TodoMVC/DeletingItems/Sync": 97.00695526357927,
  "Elm-TodoMVC/DeletingItems/total": 113.388640351616,
  "Elm-TodoMVC/total": 386.01249890410134,
  "EmberJS-Debug-TodoMVC/Adding100Items/Async": 39.75137219010661,
  "EmberJS-Debug-TodoMVC/Adding100Items/Sync": 409.59725783451336,
  "EmberJS-Debug-TodoMVC/Adding100Items/total": 449.3670830054651,
  "EmberJS-Debug-TodoMVC/CompletingAllItems/Async": 27.936067597360903,
  "EmberJS-Debug-TodoMVC/CompletingAllItems/Sync": 295.5950646775538,
  "EmberJS-Debug-TodoMVC/CompletingAllItems/total": 323.5642788427432,
  "EmberJS-Debug-TodoMVC/DeletingItems/Async": 6.376945180675455,
  "EmberJS-Debug-TodoMVC/DeletingItems/Sync": 292.93946781629256,
  "EmberJS-Debug-TodoMVC/DeletingItems/total": 301.56627677665733,
  "EmberJS-Debug-TodoMVC/total": 1079.6472143371625,
  "EmberJS-TodoMVC/Adding100Items/Async": 33.377469057459585,
  "EmberJS-TodoMVC/Adding100Items/Sync": 138.72203098373606,
  "EmberJS-TodoMVC/Adding100Items/total": 172.15173222605355,
  "EmberJS-TodoMVC/CompletingAllItems/Async": 25.34745945596317,
  "EmberJS-TodoMVC/CompletingAllItems/Sync": 91.27583760969686,
  "EmberJS-TodoMVC/CompletingAllItems/total": 116.62554732454079,
  "EmberJS-TodoMVC/DeletingItems/Async": 3.2004550168191352,
  "EmberJS-TodoMVC/DeletingItems/Sync": 68.40982189211697,
  "EmberJS-TodoMVC/DeletingItems/total": 71.62747424323733,
  "EmberJS-TodoMVC/total": 362.7857590939227,
  "Flight-TodoMVC/Adding100Items/Async": 32.40375909096572,
  "Flight-TodoMVC/Adding100Items/Sync": 78.23262410014021,
  "Flight-TodoMVC/Adding100Items/total": 110.64521280355939,
  "Flight-TodoMVC/CompletingAllItems/Async": 24.742339243422265,
  "Flight-TodoMVC/CompletingAllItems/Sync": 85.46055354100156,
  "Flight-TodoMVC/CompletingAllItems/total": 110.2122466881628,
  "Flight-TodoMVC/DeletingItems/Async": 2.796090300801206,
  "Flight-TodoMVC/DeletingItems/Sync": 69.24149362500702,
  "Flight-TodoMVC/DeletingItems/total": 72.04208792130724,
  "Flight-TodoMVC/total": 292.90818049100346,
  "Inferno-TodoMVC/Adding100Items/Async": 42.61795551535662,
  "Inferno-TodoMVC/Adding100Items/Sync": 43.17130940915364,
  "Inferno-TodoMVC/Adding100Items/total": 87.71144301605474,
  "Inferno-TodoMVC/CompletingAllItems/Async": 7.950684903144699,
  "Inferno-TodoMVC/CompletingAllItems/Sync": 86.52868358672137,
  "Inferno-TodoMVC/CompletingAllItems/total": 95.03228817408942,
  "Inferno-TodoMVC/DeletingItems/Async": 3.505865189752483,
  "Inferno-TodoMVC/DeletingItems/Sync": 218.67416031537016,
  "Inferno-TodoMVC/DeletingItems/total": 222.45732152896565,
  "Inferno-TodoMVC/total": 408.2906968817048,
  "Preact-TodoMVC/Adding100Items/Async": 36.87070252930783,
  "Preact-TodoMVC/Adding100Items/Sync": 5.055731521033175,
  "Preact-TodoMVC/Adding100Items/total": 41.92949338829723,
  "Preact-TodoMVC/CompletingAllItems/Async": 16.056143178513324,
  "Preact-TodoMVC/CompletingAllItems/Sync": 3.0386417311411247,
  "Preact-TodoMVC/CompletingAllItems/total": 19.103318526706207,
  "Preact-TodoMVC/DeletingItems/Async": 4.463216961983368,
  "Preact-TodoMVC/DeletingItems/Sync": 1.6385182213069673,
  "Preact-TodoMVC/DeletingItems/total": 6.105140722361372,
  "Preact-TodoMVC/total": 67.15855031178324,
  "React-Redux-TodoMVC/Adding100Items/Async": 34.26225750203582,
  "React-Redux-TodoMVC/Adding100Items/Sync": 137.24788739617756,
  "React-Redux-TodoMVC/Adding100Items/total": 171.62280752445017,
  "React-Redux-TodoMVC/CompletingAllItems/Async": 25.55263586315077,
  "React-Redux-TodoMVC/CompletingAllItems/Sync": 134.34607529751952,
  "React-Redux-TodoMVC/CompletingAllItems/total": 159.97063999404907,
  "React-Redux-TodoMVC/DeletingItems/Async": 4.208111463709132,
  "React-Redux-TodoMVC/DeletingItems/Sync": 96.12889562453101,
  "React-Redux-TodoMVC/DeletingItems/total": 100.69587967162238,
  "React-Redux-TodoMVC/total": 436.9972373834639,
  "React-TodoMVC/Adding100Items/Async": 35.816595239052646,
  "React-TodoMVC/Adding100Items/Sync": 113.78070321217075,
  "React-TodoMVC/Adding100Items/total": 149.91225192854407,
  "React-TodoMVC/CompletingAllItems/Async": 28.322488114634385,
  "React-TodoMVC/CompletingAllItems/Sync": 79.66793444100895,
  "React-TodoMVC/CompletingAllItems/total": 109.1131677676002,
  "React-TodoMVC/DeletingAllItems/Async": 3.9212712868774577,
  "React-TodoMVC/DeletingAllItems/Sync": 47.02531154292703,
  "React-TodoMVC/DeletingAllItems/total": 51.493214266722056,
  "React-TodoMVC/total": 316.37543369649563,
  "Vanilla-ES2015-Babel-Webpack-TodoMVC/Adding100Items/Async": 35.10923680454313,
  "Vanilla-ES2015-Babel-Webpack-TodoMVC/Adding100Items/Sync": 305.73554346922197,
  "Vanilla-ES2015-Babel-Webpack-TodoMVC/Adding100Items/total": 340.8673965377238,
  "Vanilla-ES2015-Babel-Webpack-TodoMVC/CompletingAllItems/Async": 25.17309671552698,
  "Vanilla-ES2015-Babel-Webpack-TodoMVC/CompletingAllItems/Sync": 63.36704329222821,
  "Vanilla-ES2015-Babel-Webpack-TodoMVC/CompletingAllItems/total": 88.58070133347033,
  "Vanilla-ES2015-Babel-Webpack-TodoMVC/DeletingItems/Async": 3.111349717819269,
  "Vanilla-ES2015-Babel-Webpack-TodoMVC/DeletingItems/Sync": 39.95182880629255,
  "Vanilla-ES2015-Babel-Webpack-TodoMVC/DeletingItems/total": 43.247409170313446,
  "Vanilla-ES2015-Babel-Webpack-TodoMVC/total": 472.87116514746435,
  "Vanilla-ES2015-TodoMVC/Adding100Items/Async": 34.553023016049885,
  "Vanilla-ES2015-TodoMVC/Adding100Items/Sync": 307.75292895997933,
  "Vanilla-ES2015-TodoMVC/Adding100Items/total": 342.3830711766109,
  "Vanilla-ES2015-TodoMVC/CompletingAllItems/Async": 26.67978740840574,