{
  "browser-setup": 4.007683,
  "browser-tear_down": 0.285199,
  "probes-creation": 0.000127,
  "probes-setup": 9.9e-05,
  "probes-start": 6.4e-05,
  "run": 141.376393,
  "runner-cooldown": 2.00205
}