{
  "browser-setup": 3.296828,
  "browser-tear_down": 0.243696,
  "probes-creation": 0.000211,
  "probes-setup": 0.00018,
  "probes-start": 7.8e-05,
  "run": 111.553044,
  "runner-cooldown": 2.002398
}