{
  "Angular2-TypeScript-TodoMVC/Adding100Items/Async": 31.146838784583693,
  "Angular2-TypeScript-TodoMVC/Adding100Items/Sync": 41.16539410545304,
  "Angular2-TypeScript-TodoMVC/Adding100Items/total": 72.33460882710628,
  "Angular2-TypeScript-TodoMVC/CompletingAllItems/Async": 12.847110027134951,
  "Angular2-TypeScript-TodoMVC/CompletingAllItems/Sync": 8.444501753191426,
  "Angular2-TypeScript-TodoMVC/CompletingAllItems/total": 21.293946800033698,
  "Angular2-TypeScript-TodoMVC/DeletingItems/Async": 2.574590063330027,
  "Angular2-TypeScript-TodoMVC/DeletingItems/Sync": 15.784035991316486,
  "Angular2-TypeScript-TodoMVC/DeletingItems/total": 18.363096363618723,
  "Angular2-TypeScript-TodoMVC/total": 112.00314151339973,
  "AngularJS-TodoMVC/Adding100Items/Async": 40.66791607305927,
  "AngularJS-TodoMVC/Adding100Items/Sync": 155.05099437225996,
  "AngularJS-TodoMVC/Adding100Items/total": 195.73037829635885,
  "AngularJS-TodoMVC/CompletingAllItems/Async": 23.843382497382642,
  "AngularJS-TodoMVC/CompletingAllItems/Sync": 53.918401140109886,
  "AngularJS-TodoMVC/CompletingAllItems/total": 77.872954726542,
  "AngularJS-TodoMVC/DeletingAllItems/Async": 14.33429778926972,
  "AngularJS-TodoMVC/DeletingAllItems/Sync": 168.40332934278143,
  "AngularJS-TodoMVC/DeletingAllItems/total": 182.76568256262402,
  "AngularJS-TodoMVC/total": 457.90523948834175,
  "BackboneJS-TodoMVC/Adding100Items/Async": 36.400679109968785,
  "BackboneJS-TodoMVC/Adding100Items/Sync": 54.19933992866496,
  "BackboneJS-TodoMVC/Adding100Items/total": 90.62175699743928,
  "BackboneJS-TodoMVC/CompletingAllItems/Async": 27.947975579620373,
  "BackboneJS-TodoMVC/CompletingAllItems/Sync": 37.888716591926524,
  "BackboneJS-TodoMVC/CompletingAllItems/total": 65.84112008871308,
  "BackboneJS-TodoMVC/DeletingAllItems/Async": 3.1725218589889583,
  "BackboneJS-TodoMVC/DeletingAllItems/Sync": 25.618193486305678,
  "BackboneJS-TodoMVC/DeletingAllItems/total": 28.799669643019303,
  "BackboneJS-TodoMVC/total": 185.29566590604068,
  "Elm-TodoMVC/Adding100Items/Async": 48.0646661962519,
  "Elm-TodoMVC/Adding100Items/Sync": 113.07239690701337,
  "Elm-TodoMVC/Adding100Items/total": 162.86073306585607,
  "Elm-TodoMVC/CompletingAllItems/Async": 31.64908726658577,
  "Elm-TodoMVC/CompletingAllItems/Sync": 86.62983260110498,
  "Elm-TodoMVC/CompletingAllItems/total": 118.40626263104458,
  "Elm-TodoMVC/DeletingItems/Async": 9.468993531433117,
  "Elm-TodoMVC/DeletingItems/Sync": 106.26413843889249,
  "Elm-TodoMVC/DeletingItems/total": 116.08026647472097,
  "Elm-TodoMVC/total": 404.8450815128641,
  "EmberJS-Debug-TodoMVC/Adding100Items/Async": 38.15316471326862,
  "EmberJS-Debug-TodoMVC/Adding100Items/Sync": 389.9274138688379,
  "EmberJS-Debug-TodoMVC/Adding100Items/total": 428.11005342381304,
  "EmberJS-Debug-TodoMVC/CompletingAllItems/Async": 27.99020567573815,
  "EmberJS-Debug-TodoMVC/CompletingAllItems/Sync": 302.651558543096,
  "EmberJS-Debug-TodoMVC/CompletingAllItems/total": 330.68326766292216,
  "EmberJS-Debug-TodoMVC/DeletingItems/Async": 7.630599131049326,
  "EmberJS-Debug-TodoMVC/DeletingItems/Sync": 300.31120984770456,
  "EmberJS-Debug-TodoMVC/DeletingItems/total": 310.0742890659874,
  "EmberJS-Debug-TodoMVC/total": 1075.8670537024689,
  "EmberJS-TodoMVC/Adding100Items/Async": 34.83255881031357,
  "EmberJS-TodoMVC/Adding100Items/Sync": 140.28246777458367,
  "EmberJS-TodoMVC/Adding100Items/total": 175.15077519006806,
  "EmberJS-TodoMVC/CompletingAllItems/Async": 25.644226511513146,
  "EmberJS-TodoMVC/CompletingAllItems/Sync": 97.02036543103736,
  "EmberJS-TodoMVC/CompletingAllItems/total": 122.71863159873504,
  "EmberJS-TodoMVC/DeletingItems/Async": 2.7883847132022543,
  "EmberJS-TodoMVC/DeletingItems/Sync": 62.50366454512371,
  "EmberJS-TodoMVC/DeletingItems/total": 65.29605742565609,
  "EmberJS-TodoMVC/total": 363.60043315111676,
  "Flight-TodoMVC/Adding100Items/Async": 33.52315468216962,
  "Flight-TodoMVC/Adding100Items/Sync": 86.24361991914584,
  "Flight-TodoMVC/Adding100Items/total": 120.24864214256621,
  "Flight-TodoMVC/CompletingAllItems/Async": 26.700745051016348,
  "Flight-TodoMVC/CompletingAllItems/Sync": 86.64149408404323,
  "Flight-TodoMVC/CompletingAllItems/total": 113.47016323593091,
  "Flight-TodoMVC/DeletingItems/Async": 3.2553740187700964,
  "Flight-TodoMVC/DeletingItems/Sync": 70.0093049992962,
  "Flight-TodoMVC/DeletingItems/total": 73.70644786564846,
  "Flight-TodoMVC/total": 308.7737956456704,
  "Inferno-TodoMVC/Adding100Items/Async": 37.45665836978398,
  "Inferno-TodoMVC/Adding100Items/Sync": 42.71603783524339,
  "Inferno-TodoMVC/Adding100Items/total": 80.333760545034,
  "Inferno-TodoMVC/CompletingAllItems/Async": 6.2867199432736545,
  "Inferno-TodoMVC/CompletingAllItems/Sync": 86.93136769321892,
  "Inferno-TodoMVC/CompletingAllItems/total": 93.22720225688136,
  "Inferno-TodoMVC/DeletingItems/Async": 2.897261049046486,
  "Inferno-TodoMVC/DeletingItems/Sync": 208.99990843275182,
  "Inferno-TodoMVC/DeletingItems/total": 211.89952016147973,
  "Inferno-TodoMVC/total": 385.48403312486573,
  "Preact-TodoMVC/Adding100Items/Async": 36.91842442938082,
  "Preact-TodoMVC/Adding100Items/Sync": 5.068001497194951,
  "Preact-TodoMVC/Adding100Items/total": 42.002792407737665,
  "Preact-TodoMVC/CompletingAllItems/Async": 16.346100702995678,
  "Preact-TodoMVC/CompletingAllItems/Sync": 3.1538314451443448,
  "Preact-TodoMVC/CompletingAllItems/total": 19.516226173908553,
  "Preact-TodoMVC/DeletingItems/Async": 4.469295251138158,
  "Preact-TodoMVC/DeletingItems/Sync": 1.7024310366595639,
  "Preact-TodoMVC/DeletingItems/total": 6.176693277662655,
  "Preact-TodoMVC/total": 67.77333692501891,
  "React-Redux-TodoMVC/Adding100Items/Async": 33.69054835916695,
  "React-Redux-TodoMVC/Adding100Items/Sync": 129.53370042316874,
  "React-Redux-TodoMVC/Adding100Items/total": 163.28191229855184,
  "React-Redux-TodoMVC/CompletingAllItems/Async": 25.635189030217074,
  "React-Redux-TodoMVC/CompletingAllItems/Sync": 142.7256506121196,
  "React-Redux-TodoMVC/CompletingAllItems/total": 168.58813036391305,
  "React-Redux-TodoMVC/DeletingItems/Async": 4.367931637927314,
  "React-Redux-TodoMVC/DeletingItems/Sync": 89.59259692125543,
  "React-Redux-TodoMVC/DeletingItems/total": 94.52124471734264,
  "React-Redux-TodoMVC/total": 428.47731574769534,
  "React-TodoMVC/Adding100Items/Async": 34.545631922877604,
  "React-TodoMVC/Adding100Items/Sync": 103.55613855479054,
  "React-TodoMVC/Adding100Items/total": 138.11361314619123,
  "React-TodoMVC/CompletingAllItems/Async": 36.750972234393124,
  "React-TodoMVC/CompletingAllItems/Sync": 71.4272275804201,
  "React-TodoMVC/CompletingAllItems/total": 114.11371387131626,
  "React-TodoMVC/DeletingAllItems/Async": 4.150461181477852,
  "React-TodoMVC/DeletingAllItems/Sync": 47.091492622313154,
  "React-TodoMVC/DeletingAllItems/total": 52.31357559337414,
  "React-TodoMVC/total": 309.45333225371206,
  "Vanilla-ES2015-Babel-Webpack-TodoMVC/Adding100Items/Async": 35.996780732254486,
  "Vanilla-ES2015-Babel-Webpack-TodoMVC/Adding100Items/Sync": 306.92488600210686,
  "Vanilla-ES2015-Babel-Webpack-TodoMVC/Adding100Items/total": 342.92795778886676,
  "Vanilla-ES2015-Babel-Webpack-TodoMVC/CompletingAllItems/Async": 25.143931199972332,
  "Vanilla-ES2015-Babel-Webpack-TodoMVC/CompletingAllItems/Sync": 63.72663033509101,
  "Vanilla-ES2015-Babel-Webpack-TodoMVC/CompletingAllItems/total": 88.89517844663229,
  "Vanilla-ES2015-Babel-Webpack-TodoMVC/DeletingItems/Async": 3.2140488174473045,
  "Vanilla-ES2015-Babel-Webpack-TodoMVC/DeletingItems/Sync": 40.13341513414297,
  "Vanilla-ES2015-Babel-Webpack-TodoMVC/DeletingItems/total": 43.5255123620902,
  "Vanilla-ES2015-Babel-Webpack-TodoMVC/total": 475.5591264474542,
  "Vanilla-ES2015-TodoMVC/Adding100Items/Async": 35.24000776881188,
  "Vanilla-ES2015-TodoMVC/Adding100Items/Sync": 312.35913580868515,
  "Vanilla-ES2015-TodoMVC/Adding100Items/total": 347.62066284661887,
  "Vanilla-ES2015-TodoMVC/CompletingAllItems/Async": 26.80208908164805,