{
  "browser-setup": 4.129564,
  "browser-tear_down": 0.28526,
  "probes-creation": 0.000127,
  "probes-setup": 9.9e-05,
  "probes-start": 5.6e-05,
  "run": 136.918015,
  "runner-cooldown": 2.002057
}