{
  "Angular2-TypeScript-TodoMVC/Adding100Items/Async": 37.692195847566985,
  "Angular2-TypeScript-TodoMVC/Adding100Items/Sync": 59.910462335430545,
  "Angular2-TypeScript-TodoMVC/Adding100Items/total": 97.64176147047255,
  "Angular2-TypeScript-TodoMVC/CompletingAllItems/Async": 17.631556632161367,
  "Angular2-TypeScript-TodoMVC/CompletingAllItems/Sync": 10.197826716276552,
  "Angular2-TypeScript-TodoMVC/CompletingAllItems/total": 27.84626683993334,
  "Angular2-TypeScript-TodoMVC/DeletingItems/Async": 3.712713744317224,
  "Angular2-TypeScript-TodoMVC/DeletingItems/Sync": 18.902497836760578,
  "Angular2-TypeScript-TodoMVC/DeletingItems/total": 22.62764103038855,
  "Angular2-TypeScript-TodoMVC/total": 148.1860433408955,
  "AngularJS-TodoMVC/Adding100Items/Async": 54.132960847794855,
  "AngularJS-TodoMVC/Adding100Items/Sync": 274.52592614313494,
  "AngularJS-TodoMVC/Adding100Items/total": 329.26887556074735,
  "AngularJS-TodoMVC/CompletingAllItems/Async": 35.773289463334585,
  "AngularJS-TodoMVC/CompletingAllItems/Sync": 87.71420163240356,
  "AngularJS-TodoMVC/CompletingAllItems/total": 123.87970595841597,
  "AngularJS-TodoMVC/DeletingAllItems/Async": 17.19579328292517,
  "AngularJS-TodoMVC/DeletingAllItems/Sync": 241.83063652370203,
  "AngularJS-TodoMVC/DeletingAllItems/total": 259.19854958737466,
  "AngularJS-TodoMVC/total": 712.9485051320046,
  "BackboneJS-TodoMVC/Adding100Items/Async": 45.40978592844663,
  "BackboneJS-TodoMVC/Adding100Items/Sync": 108.17996328194094,
  "BackboneJS-TodoMVC/Adding100Items/total": 154.20077016996504,
  "BackboneJS-TodoMVC/CompletingAllItems/Async": 34.086812575056506,
  "BackboneJS-TodoMVC/CompletingAllItems/Sync": 59.08167829025986,
  "BackboneJS-TodoMVC/CompletingAllItems/total": 93.33784018152197,
  "BackboneJS-TodoMVC/DeletingAllItems/Async": 5.06621385562172,
  "BackboneJS-TodoMVC/DeletingAllItems/Sync": 30.92113151506084,
  "BackboneJS-TodoMVC/DeletingAllItems/total": 36.018228006053555,
  "BackboneJS-TodoMVC/total": 283.8310795383156,
  "Elm-TodoMVC/Adding100Items/Async": 51.16508435077979,
  "Elm-TodoMVC/Adding100Items/Sync": 151.4395748793026,
  "Elm-TodoMVC/Adding100Items/total": 202.65635668317273,
  "Elm-TodoMVC/CompletingAllItems/Async": 41.62112840517763,
  "Elm-TodoMVC/CompletingAllItems/Sync": 175.83753417517593,
  "Elm-TodoMVC/CompletingAllItems/total": 223.94702658142498,
  "Elm-TodoMVC/DeletingItems/Async": 11.533968269564845,
  "Elm-TodoMVC/DeletingItems/Sync": 318.2888106691996,
  "Elm-TodoMVC/DeletingItems/total": 332.1982287509008,
  "Elm-TodoMVC/total": 849.9141088545759,
  "EmberJS-Debug-TodoMVC/Adding100Items/Async": 45.409322712452735,
  "EmberJS-Debug-TodoMVC/Adding100Items/Sync": 591.8079232761291,
  "EmberJS-Debug-TodoMVC/Adding100Items/total": 637.2857667059322,
  "EmberJS-Debug-TodoMVC/CompletingAllItems/Async": 32.00212703333913,
  "EmberJS-Debug-TodoMVC/CompletingAllItems/Sync": 356.2097589174951,
  "EmberJS-Debug-TodoMVC/CompletingAllItems/total": 388.23497403968247,
  "EmberJS-Debug-TodoMVC/DeletingItems/Async": 4.356260310648585,
  "EmberJS-Debug-TodoMVC/DeletingItems/Sync": 375.79425402294453,
  "EmberJS-Debug-TodoMVC/DeletingItems/total": 380.1918350136871,
  "EmberJS-Debug-TodoMVC/total": 1405.8543816738215,
  "EmberJS-TodoMVC/Adding100Items/Async": 42.90926869764248,
  "EmberJS-TodoMVC/Adding100Items/Sync": 223.40824271267505,
  "EmberJS-TodoMVC/Adding100Items/total": 266.42890275232196,
  "EmberJS-TodoMVC/CompletingAllItems/Async": 33.75290600862804,
  "EmberJS-TodoMVC/CompletingAllItems/Sync": 120.94132532791333,
  "EmberJS-TodoMVC/CompletingAllItems/total": 154.7041508759839,
  "EmberJS-TodoMVC/DeletingItems/Async": 6.299253650104246,
  "EmberJS-TodoMVC/DeletingItems/Sync": 83.48092313437884,
  "EmberJS-TodoMVC/DeletingItems/total": 90.79886547780421,
  "EmberJS-TodoMVC/total": 512.3436922758784,
  "Flight-TodoMVC/Adding100Items/Async": 40.698115982030785,
  "Flight-TodoMVC/Adding100Items/Sync": 116.12647532017985,
  "Flight-TodoMVC/Adding100Items/total": 157.13314106333667,
  "Flight-TodoMVC/CompletingAllItems/Async": 32.6486941133829,
  "Flight-TodoMVC/CompletingAllItems/Sync": 122.94933847446188,
  "Flight-TodoMVC/CompletingAllItems/total": 155.82591157109886,
  "Flight-TodoMVC/DeletingItems/Async": 4.950807698894583,
  "Flight-TodoMVC/DeletingItems/Sync": 107.37232331447069,
  "Flight-TodoMVC/DeletingItems/total": 112.7810524671619,
  "Flight-TodoMVC/total": 425.8406243753725,
  "Inferno-TodoMVC/Adding100Items/Async": 43.37877159589197,
  "Inferno-TodoMVC/Adding100Items/Sync": 55.38942929683386,
  "Inferno-TodoMVC/Adding100Items/total": 98.81117524402397,
  "Inferno-TodoMVC/CompletingAllItems/Async": 9.465002030103468,
  "Inferno-TodoMVC/CompletingAllItems/Sync": 116.86558097802173,
  "Inferno-TodoMVC/CompletingAllItems/total": 126.69046834398,
  "Inferno-TodoMVC/DeletingItems/Async": 3.839996132849359,
  "Inferno-TodoMVC/DeletingItems/Sync": 243.76467403749774,
  "Inferno-TodoMVC/DeletingItems/total": 247.63687780850455,
  "Inferno-TodoMVC/total": 473.42191498491144,
  "Preact-TodoMVC/Adding100Items/Async": 61.95945459664538,
  "Preact-TodoMVC/Adding100Items/Sync": 10.53889768913639,
  "Preact-TodoMVC/Adding100Items/total": 72.55125248296655,
  "Preact-TodoMVC/CompletingAllItems/Async": 28.54070839618451,
  "Preact-TodoMVC/CompletingAllItems/Sync": 3.991885956185493,
  "Preact-TodoMVC/CompletingAllItems/total": 32.61058732201237,
  "Preact-TodoMVC/DeletingItems/Async": 7.190552370847211,
  "Preact-TodoMVC/DeletingItems/Sync": 2.2109339351578594,
  "Preact-TodoMVC/DeletingItems/total": 9.431961726953805,
  "Preact-TodoMVC/total": 115.93238969990567,
  "React-Redux-TodoMVC/Adding100Items/Async": 44.903355568202315,
  "React-Redux-TodoMVC/Adding100Items/Sync": 197.59454491148966,
  "React-Redux-TodoMVC/Adding100Items/total": 243.08348027639124,
  "React-Redux-TodoMVC/CompletingAllItems/Async": 31.51165128741754,
  "React-Redux-TodoMVC/CompletingAllItems/Sync": 170.28429030054915,
  "React-Redux-TodoMVC/CompletingAllItems/total": 201.81512966664963,
  "React-Redux-TodoMVC/DeletingItems/Async": 4.334372789462207,
  "React-Redux-TodoMVC/DeletingItems/Sync": 114.47205778667062,
  "React-Redux-TodoMVC/DeletingItems/total": 118.87257356913997,
  "React-Redux-TodoMVC/total": 564.052773342833,
  "React-TodoMVC/Adding100Items/Async": 42.53721561696114,
  "React-TodoMVC/Adding100Items/Sync": 152.7946698242533,
  "React-TodoMVC/Adding100Items/total": 195.4253473175126,
  "React-TodoMVC/CompletingAllItems/Async": 34.24111636946389,
  "React-TodoMVC/CompletingAllItems/Sync": 85.35564431675529,
  "React-TodoMVC/CompletingAllItems/total": 119.63375717056357,
  "React-TodoMVC/DeletingAllItems/Async": 4.059861356732671,
  "React-TodoMVC/DeletingAllItems/Sync": 56.13040926599988,
  "React-TodoMVC/DeletingAllItems/total": 60.236289212438564,
  "React-TodoMVC/total": 375.493291012955,
  "Vanilla-ES2015-Babel-Webpack-TodoMVC/Adding100Items/Async": 39.58570052619979,
  "Vanilla-ES2015-Babel-Webpack-TodoMVC/Adding100Items/Sync": 343.1999601286288,
  "Vanilla-ES2015-Babel-Webpack-TodoMVC/Adding100Items/total": 382.87037761455343,
  "Vanilla-ES2015-Babel-Webpack-TodoMVC/CompletingAllItems/Async": 31.112979305622396,
  "Vanilla-ES2015-Babel-Webpack-TodoMVC/CompletingAllItems/Sync": 78.52382107562012,
  "Vanilla-ES2015-Babel-Webpack-TodoMVC/CompletingAllItems/total": 109.65365546502925,
  "Vanilla-ES2015-Babel-Webpack-TodoMVC/DeletingItems/Async": 4.461232401984662,
  "Vanilla-ES2015-Babel-Webpack-TodoMVC/DeletingItems/Sync": 52.64459737505558,
  "Vanilla-ES2015-Babel-Webpack-TodoMVC/DeletingItems/total": 57.14143655124524,
  "Vanilla-ES2015-Babel-Webpack-TodoMVC/total": 549.8526379849396,
  "Vanilla-ES2015-TodoMVC/Adding100Items/Async": 38.61896524506615,
  "Vanilla-ES2015-TodoMVC/Adding100Items/Sync": 354.60169063921614,
  "Vanilla-ES2015-TodoMVC/Adding100Items/total": 393.26028116175627,
  "Vanilla-ES2015-TodoMVC/CompletingAllItems/Async": 31.08826803670882,