{
  "browser-setup": 3.270513,
  "browser-tear_down": 0.274317,
  "probes-creation": 0.000198,
  "probes-setup": 0.000165,
  "probes-start": 8.4e-05,
  "run": 109.584545,
  "runner-cooldown": 2.00207
}