{
  "Angular2-TypeScript-TodoMVC/Adding100Items/Async": 32.9813607892692,
  "Angular2-TypeScript-TodoMVC/Adding100Items/Sync": 42.4382778906646,
  "Angular2-TypeScript-TodoMVC/Adding100Items/total": 75.55067652715864,
  "Angular2-TypeScript-TodoMVC/CompletingAllItems/Async": 13.968604409898514,
  "Angular2-TypeScript-TodoMVC/CompletingAllItems/Sync": 8.75803125241804,
  "Angular2-TypeScript-TodoMVC/CompletingAllItems/total": 22.789484747761872,
  "Angular2-TypeScript-TodoMVC/DeletingItems/Async": 2.7023891217887845,
  "Angular2-TypeScript-TodoMVC/DeletingItems/Sync": 19.78235243285096,
  "Angular2-TypeScript-TodoMVC/DeletingItems/total": 22.66800736015028,
  "Angular2-TypeScript-TodoMVC/total": 123.87563192447485,
  "AngularJS-TodoMVC/Adding100Items/Async": 40.36835262186464,
  "AngularJS-TodoMVC/Adding100Items/Sync": 154.09101649652993,
  "AngularJS-TodoMVC/Adding100Items/total": 194.46624781123145,
  "AngularJS-TodoMVC/CompletingAllItems/Async": 23.005848151803004,
  "AngularJS-TodoMVC/CompletingAllItems/Sync": 54.63576367883999,
  "AngularJS-TodoMVC/CompletingAllItems/total": 77.78096303581792,
  "AngularJS-TodoMVC/DeletingAllItems/Async": 15.051114860633321,
  "AngularJS-TodoMVC/DeletingAllItems/Sync": 176.40055135071984,
  "AngularJS-TodoMVC/DeletingAllItems/total": 191.49960482390017,
  "AngularJS-TodoMVC/total": 466.96806376667246,
  "BackboneJS-TodoMVC/Adding100Items/Async": 36.80348732504549,
  "BackboneJS-TodoMVC/Adding100Items/Sync": 55.973937770433366,
  "BackboneJS-TodoMVC/Adding100Items/total": 92.79664499615723,
  "BackboneJS-TodoMVC/CompletingAllItems/Async": 27.896738133648892,
  "BackboneJS-TodoMVC/CompletingAllItems/Sync": 38.28485437102955,
  "BackboneJS-TodoMVC/CompletingAllItems/total": 66.18320187846778,
  "BackboneJS-TodoMVC/DeletingAllItems/Async": 3.2289375921633816,
  "BackboneJS-TodoMVC/DeletingAllItems/Sync": 26.039837855995795,
  "BackboneJS-TodoMVC/DeletingAllItems/total": 29.278796659029172,
  "BackboneJS-TodoMVC/total": 188.29717356557813,
  "Elm-TodoMVC/Adding100Items/Async": 47.03784568010979,
  "Elm-TodoMVC/Adding100Items/Sync": 86.98310902531014,
  "Elm-TodoMVC/Adding100Items/total": 134.10590122437065,
  "Elm-TodoMVC/CompletingAllItems/Async": 31.37235704666311,
  "Elm-TodoMVC/CompletingAllItems/Sync": 111.2273518216715,
  "Elm-TodoMVC/CompletingAllItems/total": 143.98323951313716,
  "Elm-TodoMVC/DeletingItems/Async": 10.041916076443613,
  "Elm-TodoMVC/DeletingItems/Sync": 99.95504517709539,
  "Elm-TodoMVC/DeletingItems/total": 110.93403657025765,
  "Elm-TodoMVC/total": 395.7550105267588,
  "EmberJS-Debug-TodoMVC/Adding100Items/Async": 39.610936296416895,
  "EmberJS-Debug-TodoMVC/Adding100Items/Sync": 419.46957416915734,
  "EmberJS-Debug-TodoMVC/Adding100Items/total": 459.1507520553196,
  "EmberJS-Debug-TodoMVC/CompletingAllItems/Async": 26.7474813494281,
  "EmberJS-Debug-TodoMVC/CompletingAllItems/Sync": 276.9684818284303,
  "EmberJS-Debug-TodoMVC/CompletingAllItems/total": 303.80081227017814,
  "EmberJS-Debug-TodoMVC/DeletingItems/Async": 6.6209302586618,
  "EmberJS-Debug-TodoMVC/DeletingItems/Sync": 295.3538004990676,
  "EmberJS-Debug-TodoMVC/DeletingItems/total": 304.5398530967189,
  "EmberJS-Debug-TodoMVC/total": 1073.3446095729134,
  "EmberJS-TodoMVC/Adding100Items/Async": 34.97985964027359,
  "EmberJS-TodoMVC/Adding100Items/Sync": 149.4843564164666,
  "EmberJS-TodoMVC/Adding100Items/total": 184.67617672259203,
  "EmberJS-TodoMVC/CompletingAllItems/Async": 26.02280306507986,
  "EmberJS-TodoMVC/CompletingAllItems/Sync": 94.86896045531006,
  "EmberJS-TodoMVC/CompletingAllItems/total": 120.90745153373564,
  "EmberJS-TodoMVC/DeletingItems/Async": 3.223536308207254,
  "EmberJS-TodoMVC/DeletingItems/Sync": 62.073403033115085,
  "EmberJS-TodoMVC/DeletingItems/total": 65.52698161049035,
  "EmberJS-TodoMVC/total": 371.8397060588503,
  "Flight-TodoMVC/Adding100Items/Async": 32.82683287462406,
  "Flight-TodoMVC/Adding100Items/Sync": 79.21624828823622,
  "Flight-TodoMVC/Adding100Items/total": 112.04875416574014,
  "Flight-TodoMVC/CompletingAllItems/Async": 24.88567708266575,
  "Flight-TodoMVC/CompletingAllItems/Sync": 90.21551630088244,
  "Flight-TodoMVC/CompletingAllItems/total": 115.2665549517336,
  "Flight-TodoMVC/DeletingItems/Async": 3.374961854303696,
  "Flight-TodoMVC/DeletingItems/Sync": 70.48639496092481,
  "Flight-TodoMVC/DeletingItems/total": 74.51236414618154,
  "Flight-TodoMVC/total": 302.2779808704007,
  "Inferno-TodoMVC/Adding100Items/Async": 38.594217747884244,
  "Inferno-TodoMVC/Adding100Items/Sync": 41.59328736811038,
  "Inferno-TodoMVC/Adding100Items/total": 80.256532414875,
  "Inferno-TodoMVC/CompletingAllItems/Async": 6.417321731674714,
  "Inferno-TodoMVC/CompletingAllItems/Sync": 86.02480327351199,
  "Inferno-TodoMVC/CompletingAllItems/total": 92.44949882859136,
  "Inferno-TodoMVC/DeletingItems/Async": 3.3185982676565633,
  "Inferno-TodoMVC/DeletingItems/Sync": 215.6730405908966,
  "Inferno-TodoMVC/DeletingItems/total": 219.0699654418861,
  "Inferno-TodoMVC/total": 392.76596045209845,
  "Preact-TodoMVC/Adding100Items/Async": 37.185601057228325,
  "Preact-TodoMVC/Adding100Items/Sync": 5.062160541193907,
  "Preact-TodoMVC/Adding100Items/total": 42.25171546342181,
  "Preact-TodoMVC/CompletingAllItems/Async": 16.2342867977231,
  "Preact-TodoMVC/CompletingAllItems/Sync": 3.001203094104953,
  "Preact-TodoMVC/CompletingAllItems/total": 19.24055092019721,
  "Preact-TodoMVC/DeletingItems/Async": 4.459859839289208,
  "Preact-TodoMVC/DeletingItems/Sync": 1.621410085123023,
  "Preact-TodoMVC/DeletingItems/total": 6.088613987502659,
  "Preact-TodoMVC/total": 67.60067364415902,
  "React-Redux-TodoMVC/Adding100Items/Async": 32.89598648599509,
  "React-Redux-TodoMVC/Adding100Items/Sync": 129.28576449993358,
  "React-Redux-TodoMVC/Adding100Items/total": 162.2181949709667,
  "React-Redux-TodoMVC/CompletingAllItems/Async": 28.420348314279654,
  "React-Redux-TodoMVC/CompletingAllItems/Sync": 143.70555649598026,
  "React-Redux-TodoMVC/CompletingAllItems/total": 172.3634478885923,
  "React-Redux-TodoMVC/DeletingItems/Async": 4.6038590110275015,
  "React-Redux-TodoMVC/DeletingItems/Sync": 96.9388855994315,
  "React-Redux-TodoMVC/DeletingItems/total": 102.41847281230956,
  "React-Redux-TodoMVC/total": 442.52138774294593,
  "React-TodoMVC/Adding100Items/Async": 34.594548053860194,
  "React-TodoMVC/Adding100Items/Sync": 105.35865616509757,
  "React-TodoMVC/Adding100Items/total": 139.9736122972801,
  "React-TodoMVC/CompletingAllItems/Async": 26.11784737200544,
  "React-TodoMVC/CompletingAllItems/Sync": 71.8006489650058,
  "React-TodoMVC/CompletingAllItems/total": 98.4795377387436,
  "React-TodoMVC/DeletingAllItems/Async": 3.5956630916886523,
  "React-TodoMVC/DeletingAllItems/Sync": 45.79268279342374,
  "React-TodoMVC/DeletingAllItems/total": 49.992099550740285,
  "React-TodoMVC/total": 291.33353271974227,
  "Vanilla-ES2015-Babel-Webpack-TodoMVC/Adding100Items/Async": 34.898946246035635,
  "Vanilla-ES2015-Babel-Webpack-TodoMVC/Adding100Items/Sync": 299.2887542119729,
  "Vanilla-ES2015-Babel-Webpack-TodoMVC/Adding100Items/total": 334.2524821144565,
  "Vanilla-ES2015-Babel-Webpack-TodoMVC/CompletingAllItems/Async": 24.48354503989875,
  "Vanilla-ES2015-Babel-Webpack-TodoMVC/CompletingAllItems/Sync": 64.23067869085435,
  "Vanilla-ES2015-Babel-Webpack-TodoMVC/CompletingAllItems/total": 88.72980539216762,
  "Vanilla-ES2015-Babel-Webpack-TodoMVC/DeletingItems/Async": 2.81797015662603,
  "Vanilla-ES2015-Babel-Webpack-TodoMVC/DeletingItems/Sync": 40.24698348324389,
  "Vanilla-ES2015-Babel-Webpack-TodoMVC/DeletingItems/total": 43.06839896477827,
  "Vanilla-ES2015-Babel-Webpack-TodoMVC/total": 466.0689479261143,
  "Vanilla-ES2015-TodoMVC/Adding100Items/Async": 35.69659574098483,
  "Vanilla-ES2015-TodoMVC/Adding100Items/Sync": 330.85650062977436,
  "Vanilla-ES2015-TodoMVC/Adding100Items/total": 366.6380203903841,
  "Vanilla-ES2015-TodoMVC/CompletingAllItems/Async": 27.57502355010051,