{
  "browser-setup": 4.075743,
  "browser-tear_down": 0.288687,
  "probes-creation": 0.000131,
  "probes-setup": 0.0001,
  "probes-start": 5.8e-05,
  "run": 131.468415,
  "runner-cooldown": 2.002054
}