{
  "Angular2-TypeScript-TodoMVC/Adding100Items/Async": 37.841415566482546,
  "Angular2-TypeScript-TodoMVC/Adding100Items/Sync": 60.840412063699056,
  "Angular2-TypeScript-TodoMVC/Adding100Items/total": 98.71189830566354,
  "Angular2-TypeScript-TodoMVC/CompletingAllItems/Async": 19.50701515924362,
  "Angular2-TypeScript-TodoMVC/CompletingAllItems/Sync": 10.237228346167042,
  "Angular2-TypeScript-TodoMVC/CompletingAllItems/total": 29.923534517380318,
  "Angular2-TypeScript-TodoMVC/DeletingItems/Async": 4.432487343874242,
  "Angular2-TypeScript-TodoMVC/DeletingItems/Sync": 19.055958092451615,
  "Angular2-TypeScript-TodoMVC/DeletingItems/total": 23.929272319525186,
  "Angular2-TypeScript-TodoMVC/total": 153.09535277733687,
  "AngularJS-TodoMVC/Adding100Items/Async": 51.10804341934823,
  "AngularJS-TodoMVC/Adding100Items/Sync": 281.50841799938524,
  "AngularJS-TodoMVC/Adding100Items/total": 332.7701620261735,
  "AngularJS-TodoMVC/CompletingAllItems/Async": 35.705518212411555,
  "AngularJS-TodoMVC/CompletingAllItems/Sync": 86.74829890070218,
  "AngularJS-TodoMVC/CompletingAllItems/total": 122.83020102507105,
  "AngularJS-TodoMVC/DeletingAllItems/Async": 16.683304154909194,
  "AngularJS-TodoMVC/DeletingAllItems/Sync": 242.4071199029063,
  "AngularJS-TodoMVC/DeletingAllItems/total": 259.191000567953,
  "AngularJS-TodoMVC/total": 715.5042261992813,
  "BackboneJS-TodoMVC/Adding100Items/Async": 45.669636371648316,
  "BackboneJS-TodoMVC/Adding100Items/Sync": 108.59341512654538,
  "BackboneJS-TodoMVC/Adding100Items/total": 154.86594617720576,
  "BackboneJS-TodoMVC/CompletingAllItems/Async": 34.266920238714945,
  "BackboneJS-TodoMVC/CompletingAllItems/Sync": 59.50187451926871,
  "BackboneJS-TodoMVC/CompletingAllItems/total": 93.9396719370702,
  "BackboneJS-TodoMVC/DeletingAllItems/Async": 5.2019153041157455,
  "BackboneJS-TodoMVC/DeletingAllItems/Sync": 31.031507678185193,
  "BackboneJS-TodoMVC/DeletingAllItems/total": 36.27512926902742,
  "BackboneJS-TodoMVC/total": 285.34601621645885,
  "Elm-TodoMVC/Adding100Items/Async": 53.99036520096908,
  "Elm-TodoMVC/Adding100Items/Sync": 201.13080122893584,
  "Elm-TodoMVC/Adding100Items/total": 263.924233109449,
  "Elm-TodoMVC/CompletingAllItems/Async": 41.80302397049548,
  "Elm-TodoMVC/CompletingAllItems/Sync": 141.29367089251696,
  "Elm-TodoMVC/CompletingAllItems/total": 183.35343213916855,
  "Elm-TodoMVC/DeletingItems/Async": 10.645702835352704,
  "Elm-TodoMVC/DeletingItems/Sync": 308.97009454790685,
  "Elm-TodoMVC/DeletingItems/total": 320.91676133691345,
  "Elm-TodoMVC/total": 851.2202096721629,
  "EmberJS-Debug-TodoMVC/Adding100Items/Async": 45.114338109797245,
  "EmberJS-Debug-TodoMVC/Adding100Items/Sync": 587.7856167751929,
  "EmberJS-Debug-TodoMVC/Adding100Items/total": 632.9516204977808,
  "EmberJS-Debug-TodoMVC/CompletingAllItems/Async": 32.288428304192394,
  "EmberJS-Debug-TodoMVC/CompletingAllItems/Sync": 356.47950128095135,
  "EmberJS-Debug-TodoMVC/CompletingAllItems/total": 388.80546956121395,
  "EmberJS-Debug-TodoMVC/DeletingItems/Async": 5.472862417236152,
  "EmberJS-Debug-TodoMVC/DeletingItems/Sync": 393.28596669516634,
  "EmberJS-Debug-TodoMVC/DeletingItems/total": 399.36689838220934,
  "EmberJS-Debug-TodoMVC/total": 1421.740157937811,
  "EmberJS-TodoMVC/Adding100Items/Async": 42.89742360796733,
  "EmberJS-TodoMVC/Adding100Items/Sync": 222.83227238311483,
  "EmberJS-TodoMVC/Adding100Items/total": 265.8591341831243,
  "EmberJS-TodoMVC/CompletingAllItems/Async": 34.58843602014415,
  "EmberJS-TodoMVC/CompletingAllItems/Sync": 125.28540870935534,
  "EmberJS-TodoMVC/CompletingAllItems/total": 159.97303859838527,
  "EmberJS-TodoMVC/DeletingItems/Async": 4.771130245096539,
  "EmberJS-TodoMVC/DeletingItems/Sync": 85.69718725648893,
  "EmberJS-TodoMVC/DeletingItems/total": 91.0936123306726,
  "EmberJS-TodoMVC/total": 517.7536697075097,
  "Flight-TodoMVC/Adding100Items/Async": 40.87905376716048,
  "Flight-TodoMVC/Adding100Items/Sync": 117.63543906165505,
  "Flight-TodoMVC/Adding100Items/total": 158.74582918731556,
  "Flight-TodoMVC/CompletingAllItems/Async": 32.66452991262488,
  "Flight-TodoMVC/CompletingAllItems/Sync": 125.30641114523561,
  "Flight-TodoMVC/CompletingAllItems/total": 158.09745417361532,
  "Flight-TodoMVC/DeletingItems/Async": 5.008014007645404,
  "Flight-TodoMVC/DeletingItems/Sync": 110.03415532367573,
  "Flight-TodoMVC/DeletingItems/total": 115.35733563401432,
  "Flight-TodoMVC/total": 432.3090819289372,
  "Inferno-TodoMVC/Adding100Items/Async": 45.07139382922551,
  "Inferno-TodoMVC/Adding100Items/Sync": 56.43307450227816,
  "Inferno-TodoMVC/Adding100Items/total": 101.75267189124935,
  "Inferno-TodoMVC/CompletingAllItems/Async": 12.357557429081615,
  "Inferno-TodoMVC/CompletingAllItems/Sync": 114.40919606825722,
  "Inferno-TodoMVC/CompletingAllItems/total": 127.26471538636848,
  "Inferno-TodoMVC/DeletingItems/Async": 4.114909964701965,
  "Inferno-TodoMVC/DeletingItems/Sync": 248.63240565507581,
  "Inferno-TodoMVC/DeletingItems/total": 252.79944789934532,
  "Inferno-TodoMVC/total": 482.16985613525674,
  "Preact-TodoMVC/Adding100Items/Async": 59.376051950940294,
  "Preact-TodoMVC/Adding100Items/Sync": 10.65222180986801,
  "Preact-TodoMVC/Adding100Items/total": 70.05202690388913,
  "Preact-TodoMVC/CompletingAllItems/Async": 26.328304757949734,
  "Preact-TodoMVC/CompletingAllItems/Sync": 4.10307211989818,
  "Preact-TodoMVC/CompletingAllItems/total": 30.508519049328143,
  "Preact-TodoMVC/DeletingItems/Async": 7.5729539676980195,
  "Preact-TodoMVC/DeletingItems/Sync": 2.256782921623696,
  "Preact-TodoMVC/DeletingItems/total": 9.851695919007573,
  "Preact-TodoMVC/total": 111.70554974694129,
  "React-Redux-TodoMVC/Adding100Items/Async": 42.47974829594948,
  "React-Redux-TodoMVC/Adding100Items/Sync": 200.6063578432851,
  "React-Redux-TodoMVC/Adding100Items/total": 243.54024792804523,
  "React-Redux-TodoMVC/CompletingAllItems/Async": 31.44571699431952,
  "React-Redux-TodoMVC/CompletingAllItems/Sync": 168.8629628397982,
  "React-Redux-TodoMVC/CompletingAllItems/total": 200.329106630805,
  "React-Redux-TodoMVC/DeletingItems/Async": 4.346295867121161,
  "React-Redux-TodoMVC/DeletingItems/Sync": 111.43806103053741,
  "React-Redux-TodoMVC/DeletingItems/total": 115.81827062918495,
  "React-Redux-TodoMVC/total": 560.1186508203634,
  "React-TodoMVC/Adding100Items/Async": 43.15920492692201,
  "React-TodoMVC/Adding100Items/Sync": 146.23832747634125,
  "React-TodoMVC/Adding100Items/total": 189.48591435694573,
  "React-TodoMVC/CompletingAllItems/Async": 33.51043821110793,
  "React-TodoMVC/CompletingAllItems/Sync": 88.06673242292695,
  "React-TodoMVC/CompletingAllItems/total": 121.70317353122164,
  "React-TodoMVC/DeletingAllItems/Async": 4.014920557028296,
  "React-TodoMVC/DeletingAllItems/Sync": 55.59992762834016,
  "React-TodoMVC/DeletingAllItems/total": 59.65795235974382,
  "React-TodoMVC/total": 371.231559848253,
  "Vanilla-ES2015-Babel-Webpack-TodoMVC/Adding100Items/Async": 38.95566126639288,
  "Vanilla-ES2015-Babel-Webpack-TodoMVC/Adding100Items/Sync": 346.8023266962311,
  "Vanilla-ES2015-Babel-Webpack-TodoMVC/Adding100Items/total": 385.8068511828621,
  "Vanilla-ES2015-Babel-Webpack-TodoMVC/CompletingAllItems/Async": 30.928708480052055,
  "Vanilla-ES2015-Babel-Webpack-TodoMVC/CompletingAllItems/Sync": 78.88160476126096,
  "Vanilla-ES2015-Babel-Webpack-TodoMVC/CompletingAllItems/total": 109.82662168394697,
  "Vanilla-ES2015-Babel-Webpack-TodoMVC/DeletingItems/Async": 4.399446244650691,
  "Vanilla-ES2015-Babel-Webpack-TodoMVC/DeletingItems/Sync": 52.902663730361,
  "Vanilla-ES2015-Babel-Webpack-TodoMVC/DeletingItems/total": 57.32551566947199,
  "Vanilla-ES2015-Babel-Webpack-TodoMVC/total": 553.1656951446842,
  "Vanilla-ES2015-TodoMVC/Adding100Items/Async": 38.89455404096172,
  "Vanilla-ES2015-TodoMVC/Adding100Items/Sync": 357.2190783345107,
  "Vanilla-ES2015-TodoMVC/Adding100Items/total": 396.1566080660345,
  "Vanilla-ES2015-TodoMVC/CompletingAllItems/Async": 31.150559136948093,