{
  "browser-setup": 3.873327,
  "browser-tear_down": 0.274866,
  "probes-creation": 0.000121,
  "probes-setup": 0.0001,
  "probes-start": 5.5e-05,
  "run": 129.261583,
  "runner-cooldown": 2.00205
}