{
  "Angular2-TypeScript-TodoMVC/Adding100Items/Async": 37.28218103803035,
  "Angular2-TypeScript-TodoMVC/Adding100Items/Sync": 55.02422554129877,
  "Angular2-TypeScript-TodoMVC/Adding100Items/total": 92.33643066843167,
  "Angular2-TypeScript-TodoMVC/CompletingAllItems/Async": 14.197233640514872,
  "Angular2-TypeScript-TodoMVC/CompletingAllItems/Sync": 10.325728492913505,
  "Angular2-TypeScript-TodoMVC/CompletingAllItems/total": 24.546151108675218,
  "Angular2-TypeScript-TodoMVC/DeletingItems/Async": 3.6161268854573776,
  "Angular2-TypeScript-TodoMVC/DeletingItems/Sync": 19.111156984345516,
  "Angular2-TypeScript-TodoMVC/DeletingItems/total": 22.778100095950215,
  "Angular2-TypeScript-TodoMVC/total": 139.74652394602788,
  "AngularJS-TodoMVC/Adding100Items/Async": 49.06401530623626,
  "AngularJS-TodoMVC/Adding100Items/Sync": 232.8202156654559,
  "AngularJS-TodoMVC/Adding100Items/total": 282.21398659787945,
  "AngularJS-TodoMVC/CompletingAllItems/Async": 32.88184630507501,
  "AngularJS-TodoMVC/CompletingAllItems/Sync": 71.53060302447774,
  "AngularJS-TodoMVC/CompletingAllItems/total": 104.98311903412785,
  "AngularJS-TodoMVC/DeletingAllItems/Async": 17.81656051556128,
  "AngularJS-TodoMVC/DeletingAllItems/Sync": 286.3563537444493,
  "AngularJS-TodoMVC/DeletingAllItems/total": 304.36675695964897,
  "AngularJS-TodoMVC/total": 696.6812669528824,
  "BackboneJS-TodoMVC/Adding100Items/Async": 43.440418329796735,
  "BackboneJS-TodoMVC/Adding100Items/Sync": 71.05989569799826,
  "BackboneJS-TodoMVC/Adding100Items/total": 114.51720499338857,
  "BackboneJS-TodoMVC/CompletingAllItems/Async": 33.00890459209649,
  "BackboneJS-TodoMVC/CompletingAllItems/Sync": 46.16276185352864,
  "BackboneJS-TodoMVC/CompletingAllItems/total": 79.17301069644115,
  "BackboneJS-TodoMVC/DeletingAllItems/Async": 4.898146917116643,
  "BackboneJS-TodoMVC/DeletingAllItems/Sync": 29.392153185441455,
  "BackboneJS-TodoMVC/DeletingAllItems/total": 34.31074928967496,
  "BackboneJS-TodoMVC/total": 228.02683674002677,
  "Elm-TodoMVC/Adding100Items/Async": 49.39858121233423,
  "Elm-TodoMVC/Adding100Items/Sync": 125.29554019866889,
  "Elm-TodoMVC/Adding100Items/total": 174.80743490797835,
  "Elm-TodoMVC/CompletingAllItems/Async": 35.390729016432076,
  "Elm-TodoMVC/CompletingAllItems/Sync": 147.71699693145936,
  "Elm-TodoMVC/CompletingAllItems/total": 184.36384445023324,
  "Elm-TodoMVC/DeletingItems/Async": 10.342568980979067,
  "Elm-TodoMVC/DeletingItems/Sync": 149.2467088222715,
  "Elm-TodoMVC/DeletingItems/total": 160.05055775532347,
  "Elm-TodoMVC/total": 526.9032665214019,
  "EmberJS-Debug-TodoMVC/Adding100Items/Async": 47.38778367117365,
  "EmberJS-Debug-TodoMVC/Adding100Items/Sync": 597.7477157949847,
  "EmberJS-Debug-TodoMVC/Adding100Items/total": 645.3423959222996,
  "EmberJS-Debug-TodoMVC/CompletingAllItems/Async": 31.739782759523177,
  "EmberJS-Debug-TodoMVC/CompletingAllItems/Sync": 360.3259172517554,
  "EmberJS-Debug-TodoMVC/CompletingAllItems/total": 392.1227104996584,
  "EmberJS-Debug-TodoMVC/DeletingItems/Async": 9.50429589430974,
  "EmberJS-Debug-TodoMVC/DeletingItems/Sync": 380.5952815691139,
  "EmberJS-Debug-TodoMVC/DeletingItems/total": 391.0620277494734,
  "EmberJS-Debug-TodoMVC/total": 1437.3807395566437,
  "EmberJS-TodoMVC/Adding100Items/Async": 44.38877728956916,
  "EmberJS-TodoMVC/Adding100Items/Sync": 203.83974399941002,
  "EmberJS-TodoMVC/Adding100Items/total": 248.34753013653534,
  "EmberJS-TodoMVC/CompletingAllItems/Async": 33.890117529525085,
  "EmberJS-TodoMVC/CompletingAllItems/Sync": 118.83550311288235,
  "EmberJS-TodoMVC/CompletingAllItems/total": 153.33440231441344,
  "EmberJS-TodoMVC/DeletingItems/Async": 4.219544701267299,
  "EmberJS-TodoMVC/DeletingItems/Sync": 83.26768785064591,
  "EmberJS-TodoMVC/DeletingItems/total": 87.67388955029891,
  "EmberJS-TodoMVC/total": 490.2025444568146,
  "Flight-TodoMVC/Adding100Items/Async": 38.73852903645103,
  "Flight-TodoMVC/Adding100Items/Sync": 97.72426561480692,
  "Flight-TodoMVC/Adding100Items/total": 136.47254126507687,
  "Flight-TodoMVC/CompletingAllItems/Async": 28.598358429812293,
  "Flight-TodoMVC/CompletingAllItems/Sync": 105.14493379851658,
  "Flight-TodoMVC/CompletingAllItems/total": 133.7506061399459,
  "Flight-TodoMVC/DeletingItems/Async": 3.678958497897213,
  "Flight-TodoMVC/DeletingItems/Sync": 90.14439381577965,
  "Flight-TodoMVC/DeletingItems/total": 93.82583104544074,
  "Flight-TodoMVC/total": 364.13346021741353,
  "Inferno-TodoMVC/Adding100Items/Async": 43.03374977651141,
  "Inferno-TodoMVC/Adding100Items/Sync": 50.98812143425444,
  "Inferno-TodoMVC/Adding100Items/total": 94.46316390221712,
  "Inferno-TodoMVC/CompletingAllItems/Async": 10.48051943222643,
  "Inferno-TodoMVC/CompletingAllItems/Sync": 110.00681650713764,
  "Inferno-TodoMVC/CompletingAllItems/total": 121.06264691128034,
  "Inferno-TodoMVC/DeletingItems/Async": 3.3596414514796002,
  "Inferno-TodoMVC/DeletingItems/Sync": 246.87938326021958,
  "Inferno-TodoMVC/DeletingItems/total": 250.23987385684916,
  "Inferno-TodoMVC/total": 466.3063740565558,
  "Preact-TodoMVC/Adding100Items/Async": 43.076229825918844,
  "Preact-TodoMVC/Adding100Items/Sync": 6.611683411063384,
  "Preact-TodoMVC/Adding100Items/total": 49.6906726141931,
  "Preact-TodoMVC/CompletingAllItems/Async": 30.785967948708198,
  "Preact-TodoMVC/CompletingAllItems/Sync": 3.967414775174316,
  "Preact-TodoMVC/CompletingAllItems/total": 34.76092790365726,
  "Preact-TodoMVC/DeletingItems/Async": 7.70851078571538,
  "Preact-TodoMVC/DeletingItems/Sync": 2.1065576021087513,
  "Preact-TodoMVC/DeletingItems/total": 9.817206691255493,
  "Preact-TodoMVC/total": 94.27195791023595,
  "React-Redux-TodoMVC/Adding100Items/Async": 46.46074103593558,
  "React-Redux-TodoMVC/Adding100Items/Sync": 192.90757201940332,
  "React-Redux-TodoMVC/Adding100Items/total": 240.04376930385163,
  "React-Redux-TodoMVC/CompletingAllItems/Async": 29.804399452286273,
  "React-Redux-TodoMVC/CompletingAllItems/Sync": 187.47598782828723,
  "React-Redux-TodoMVC/CompletingAllItems/total": 217.70594120665234,
  "React-Redux-TodoMVC/DeletingItems/Async": 5.102857033730834,
  "React-Redux-TodoMVC/DeletingItems/Sync": 110.80948752893408,
  "React-Redux-TodoMVC/DeletingItems/total": 116.55120823924574,
  "React-Redux-TodoMVC/total": 579.6652969965025,
  "React-TodoMVC/Adding100Items/Async": 44.33536040090417,
  "React-TodoMVC/Adding100Items/Sync": 147.49616039440548,
  "React-TodoMVC/Adding100Items/total": 192.24124601998867,
  "React-TodoMVC/CompletingAllItems/Async": 30.838450669725766,
  "React-TodoMVC/CompletingAllItems/Sync": 83.49121805269256,
  "React-TodoMVC/CompletingAllItems/total": 114.40975634938576,
  "React-TodoMVC/DeletingAllItems/Async": 4.386805016379105,
  "React-TodoMVC/DeletingAllItems/Sync": 55.84995512224187,
  "React-TodoMVC/DeletingAllItems/total": 60.53804540810333,
  "React-TodoMVC/total": 368.64535556415245,
  "Vanilla-ES2015-Babel-Webpack-TodoMVC/Adding100Items/Async": 38.720670940257826,
  "Vanilla-ES2015-Babel-Webpack-TodoMVC/Adding100Items/Sync": 328.2757961561492,
  "Vanilla-ES2015-Babel-Webpack-TodoMVC/Adding100Items/total": 367.05631451505604,
  "Vanilla-ES2015-Babel-Webpack-TodoMVC/CompletingAllItems/Async": 28.99292665725536,
  "Vanilla-ES2015-Babel-Webpack-TodoMVC/CompletingAllItems/Sync": 77.96899278996266,
  "Vanilla-ES2015-Babel-Webpack-TodoMVC/CompletingAllItems/total": 107.55172506989248,
  "Vanilla-ES2015-Babel-Webpack-TodoMVC/DeletingItems/Async": 4.243986425354686,
  "Vanilla-ES2015-Babel-Webpack-TodoMVC/DeletingItems/Sync": 45.40991467297919,
  "Vanilla-ES2015-Babel-Webpack-TodoMVC/DeletingItems/total": 49.857848170007145,
  "Vanilla-ES2015-Babel-Webpack-TodoMVC/total": 527.9820916876282,
  "Vanilla-ES2015-TodoMVC/Adding100Items/Async": 38.32080057779554,
  "Vanilla-ES2015-TodoMVC/Adding100Items/Sync": 355.70620695554896,
  "Vanilla-ES2015-TodoMVC/Adding100Items/total": 394.15243864000195,
  "Vanilla-ES2015-TodoMVC/CompletingAllItems/Async": 30.592115872552988,