{
  "browser-setup": 4.013514,
  "browser-tear_down": 0.288152,
  "probes-creation": 0.00013,
  "probes-setup": 0.000102,
  "probes-start": 7.2e-05,
  "run": 132.345676,
  "runner-cooldown": 2.002054
}