{
  "Angular2-TypeScript-TodoMVC/Adding100Items/Async": 38.199332555323586,
  "Angular2-TypeScript-TodoMVC/Adding100Items/Sync": 60.213214427494954,
  "Angular2-TypeScript-TodoMVC/Adding100Items/total": 98.4656760857367,
  "Angular2-TypeScript-TodoMVC/CompletingAllItems/Async": 17.751999933553538,
  "Angular2-TypeScript-TodoMVC/CompletingAllItems/Sync": 10.154281614936771,
  "Angular2-TypeScript-TodoMVC/CompletingAllItems/total": 27.925301228213844,
  "Angular2-TypeScript-TodoMVC/DeletingItems/Async": 4.1493025371434085,
  "Angular2-TypeScript-TodoMVC/DeletingItems/Sync": 19.472746401526116,
  "Angular2-TypeScript-TodoMVC/DeletingItems/total": 23.67371078528301,
  "Angular2-TypeScript-TodoMVC/total": 150.30983218019037,
  "AngularJS-TodoMVC/Adding100Items/Async": 58.05213339827623,
  "AngularJS-TodoMVC/Adding100Items/Sync": 266.62579266419294,
  "AngularJS-TodoMVC/Adding100Items/total": 325.1408427959287,
  "AngularJS-TodoMVC/CompletingAllItems/Async": 38.83172624134885,
  "AngularJS-TodoMVC/CompletingAllItems/Sync": 82.71417486082585,
  "AngularJS-TodoMVC/CompletingAllItems/total": 122.65481612147303,
  "AngularJS-TodoMVC/DeletingAllItems/Async": 17.268075575977242,
  "AngularJS-TodoMVC/DeletingAllItems/Sync": 241.11662434710902,
  "AngularJS-TodoMVC/DeletingAllItems/total": 258.581900389128,
  "AngularJS-TodoMVC/total": 707.7977604400497,
  "BackboneJS-TodoMVC/Adding100Items/Async": 45.48655949894911,
  "BackboneJS-TodoMVC/Adding100Items/Sync": 97.91135787233084,
  "BackboneJS-TodoMVC/Adding100Items/total": 143.71571511278643,
  "BackboneJS-TodoMVC/CompletingAllItems/Async": 33.98731909532798,
  "BackboneJS-TodoMVC/CompletingAllItems/Sync": 55.55713682388203,
  "BackboneJS-TodoMVC/CompletingAllItems/total": 89.64641133736002,
  "BackboneJS-TodoMVC/DeletingAllItems/Async": 4.97625779944507,
  "BackboneJS-TodoMVC/DeletingAllItems/Sync": 30.79846463925004,
  "BackboneJS-TodoMVC/DeletingAllItems/total": 35.80645416686985,
  "BackboneJS-TodoMVC/total": 269.30770535084537,
  "Elm-TodoMVC/Adding100Items/Async": 53.75262577633783,
  "Elm-TodoMVC/Adding100Items/Sync": 201.84557969827466,
  "Elm-TodoMVC/Adding100Items/total": 264.66584776215836,
  "Elm-TodoMVC/CompletingAllItems/Async": 40.68095758769981,
  "Elm-TodoMVC/CompletingAllItems/Sync": 134.1231975250801,
  "Elm-TodoMVC/CompletingAllItems/total": 174.9026070304681,
  "Elm-TodoMVC/DeletingItems/Async": 10.793610186710156,
  "Elm-TodoMVC/DeletingItems/Sync": 255.07876580141325,
  "Elm-TodoMVC/DeletingItems/total": 266.76249089270857,
  "Elm-TodoMVC/total": 780.1658649377264,
  "EmberJS-Debug-TodoMVC/Adding100Items/Async": 45.521942160462025,
  "EmberJS-Debug-TodoMVC/Adding100Items/Sync": 583.1749870701807,
  "EmberJS-Debug-TodoMVC/Adding100Items/total": 628.7742554326629,
  "EmberJS-Debug-TodoMVC/CompletingAllItems/Async": 32.15055333745501,
  "EmberJS-Debug-TodoMVC/CompletingAllItems/Sync": 364.60961329153497,
  "EmberJS-Debug-TodoMVC/CompletingAllItems/total": 396.78128463331024,
  "EmberJS-Debug-TodoMVC/DeletingItems/Async": 4.721883297533581,
  "EmberJS-Debug-TodoMVC/DeletingItems/Sync": 377.9073115276193,
  "EmberJS-Debug-TodoMVC/DeletingItems/total": 382.6898593271058,
  "EmberJS-Debug-TodoMVC/total": 1408.523033658446,
  "EmberJS-TodoMVC/Adding100Items/Async": 43.43040437257053,
  "EmberJS-TodoMVC/Adding100Items/Sync": 222.2132976523481,
  "EmberJS-TodoMVC/Adding100Items/total": 265.7566913903297,
  "EmberJS-TodoMVC/CompletingAllItems/Async": 36.99949797104718,
  "EmberJS-TodoMVC/CompletingAllItems/Sync": 125.57036029564591,
  "EmberJS-TodoMVC/CompletingAllItems/total": 162.82199497203692,
  "EmberJS-TodoMVC/DeletingItems/Async": 4.349465402035565,
  "EmberJS-TodoMVC/DeletingItems/Sync": 85.51579067820074,
  "EmberJS-TodoMVC/DeletingItems/total": 89.93417348935617,
  "EmberJS-TodoMVC/total": 519.2042085198053,
  "Flight-TodoMVC/Adding100Items/Async": 40.776036891837634,
  "Flight-TodoMVC/Adding100Items/Sync": 111.09586556574314,
  "Flight-TodoMVC/Adding100Items/total": 152.04355893737318,
  "Flight-TodoMVC/CompletingAllItems/Async": 32.93645762205526,
  "Flight-TodoMVC/CompletingAllItems/Sync": 119.04530071343075,
  "Flight-TodoMVC/CompletingAllItems/total": 152.10373354582487,
  "Flight-TodoMVC/DeletingItems/Async": 4.892320147544574,
  "Flight-TodoMVC/DeletingItems/Sync": 104.10437818835081,
  "Flight-TodoMVC/DeletingItems/total": 109.34080594351059,
  "Flight-TodoMVC/total": 413.59127993392804,
  "Inferno-TodoMVC/Adding100Items/Async": 43.1837926069095,
  "Inferno-TodoMVC/Adding100Items/Sync": 55.144691724442,
  "Inferno-TodoMVC/Adding100Items/total": 98.52224037394043,
  "Inferno-TodoMVC/CompletingAllItems/Async": 9.788908946630729,
  "Inferno-TodoMVC/CompletingAllItems/Sync": 117.36520291864909,
  "Inferno-TodoMVC/CompletingAllItems/total": 127.58464597312988,
  "Inferno-TodoMVC/DeletingItems/Async": 4.122351955019811,
  "Inferno-TodoMVC/DeletingItems/Sync": 243.09551885397843,
  "Inferno-TodoMVC/DeletingItems/total": 247.24712204471723,
  "Inferno-TodoMVC/total": 473.518861895838,
  "Preact-TodoMVC/Adding100Items/Async": 58.53081506407164,
  "Preact-TodoMVC/Adding100Items/Sync": 9.211573530254226,
  "Preact-TodoMVC/Adding100Items/total": 67.75341528274356,
  "Preact-TodoMVC/CompletingAllItems/Async": 27.288962645599266,
  "Preact-TodoMVC/CompletingAllItems/Sync": 3.9106320426130594,
  "Preact-TodoMVC/CompletingAllItems/total": 31.264591893839448,
  "Preact-TodoMVC/DeletingItems/Async": 7.528079560484323,
  "Preact-TodoMVC/DeletingItems/Sync": 2.184678983928437,
  "Preact-TodoMVC/DeletingItems/total": 9.72367565705968,
  "Preact-TodoMVC/total": 110.08307187669705,
  "React-Redux-TodoMVC/Adding100Items/Async": 43.01567471993937,
  "React-Redux-TodoMVC/Adding100Items/Sync": 201.87084275985495,
  "React-Redux-TodoMVC/Adding100Items/total": 245.44540185219643,
  "React-Redux-TodoMVC/CompletingAllItems/Async": 31.744479719390117,
  "React-Redux-TodoMVC/CompletingAllItems/Sync": 171.1927844829316,
  "React-Redux-TodoMVC/CompletingAllItems/total": 202.9723459064985,
  "React-Redux-TodoMVC/DeletingItems/Async": 4.540411607134956,
  "React-Redux-TodoMVC/DeletingItems/Sync": 112.4171756806946,
  "React-Redux-TodoMVC/DeletingItems/total": 117.01056885917275,
  "React-Redux-TodoMVC/total": 565.8564383472263,
  "React-TodoMVC/Adding100Items/Async": 44.14244070963695,
  "React-TodoMVC/Adding100Items/Sync": 143.26305054367293,
  "React-TodoMVC/Adding100Items/total": 187.53371813659214,
  "React-TodoMVC/CompletingAllItems/Async": 34.481737911391996,
  "React-TodoMVC/CompletingAllItems/Sync": 86.32023101979685,
  "React-TodoMVC/CompletingAllItems/total": 121.04174460300851,
  "React-TodoMVC/DeletingAllItems/Async": 4.684088033334364,
  "React-TodoMVC/DeletingAllItems/Sync": 56.94669518204837,
  "React-TodoMVC/DeletingAllItems/total": 61.87045061088061,
  "React-TodoMVC/total": 370.61354292354264,
  "Vanilla-ES2015-Babel-Webpack-TodoMVC/Adding100Items/Async": 38.41837911050847,
  "Vanilla-ES2015-Babel-Webpack-TodoMVC/Adding100Items/Sync": 342.5996475314811,
  "Vanilla-ES2015-Babel-Webpack-TodoMVC/Adding100Items/total": 381.0449647927931,
  "Vanilla-ES2015-Babel-Webpack-TodoMVC/CompletingAllItems/Async": 31.154546061874363,
  "Vanilla-ES2015-Babel-Webpack-TodoMVC/CompletingAllItems/Sync": 78.67034509423564,
  "Vanilla-ES2015-Babel-Webpack-TodoMVC/CompletingAllItems/total": 109.83278779363283,
  "Vanilla-ES2015-Babel-Webpack-TodoMVC/DeletingItems/Async": 4.579729517175206,
  "Vanilla-ES2015-Babel-Webpack-TodoMVC/DeletingItems/Sync": 51.299395250504205,
  "Vanilla-ES2015-Babel-Webpack-TodoMVC/DeletingItems/total": 55.95065849386054,
  "Vanilla-ES2015-Babel-Webpack-TodoMVC/total": 546.9673032337818,
  "Vanilla-ES2015-TodoMVC/Adding100Items/Async": 37.825334519912225,
  "Vanilla-ES2015-TodoMVC/Adding100Items/Sync": 352.1147023332848,
  "Vanilla-ES2015-TodoMVC/Adding100Items/total": 389.94129286102327,
  "Vanilla-ES2015-TodoMVC/CompletingAllItems/Async": 31.34707803473395,