{
  "browser-setup": 4.119116,
  "browser-tear_down": 0.24749,
  "probes-creation": 0.000128,
  "probes-setup": 9.9e-05,
  "probes-start": 5.8e-05,
  "run": 130.169394,
  "runner-cooldown": 2.002051
}