{
  "Angular2-TypeScript-TodoMVC/Adding100Items/Async": 37.64928335148056,
  "Angular2-TypeScript-TodoMVC/Adding100Items/Sync": 59.41836309728243,
  "Angular2-TypeScript-TodoMVC/Adding100Items/total": 97.09385214050012,
  "Angular2-TypeScript-TodoMVC/CompletingAllItems/Async": 17.549298252535685,
  "Angular2-TypeScript-TodoMVC/CompletingAllItems/Sync": 10.113960111126431,
  "Angular2-TypeScript-TodoMVC/CompletingAllItems/total": 27.691667863096583,
  "Angular2-TypeScript-TodoMVC/DeletingItems/Async": 3.6871546382633817,
  "Angular2-TypeScript-TodoMVC/DeletingItems/Sync": 18.77623277516367,
  "Angular2-TypeScript-TodoMVC/DeletingItems/total": 22.47811953665448,
  "Angular2-TypeScript-TodoMVC/total": 147.31299376418752,
  "AngularJS-TodoMVC/Adding100Items/Async": 50.06561003138446,
  "AngularJS-TodoMVC/Adding100Items/Sync": 277.830430171455,
  "AngularJS-TodoMVC/Adding100Items/total": 328.0591999155168,
  "AngularJS-TodoMVC/CompletingAllItems/Async": 43.00080868228521,
  "AngularJS-TodoMVC/CompletingAllItems/Sync": 86.80507454779396,
  "AngularJS-TodoMVC/CompletingAllItems/total": 131.23089683120995,
  "AngularJS-TodoMVC/DeletingAllItems/Async": 16.97906342526388,
  "AngularJS-TodoMVC/DeletingAllItems/Sync": 247.9337366528802,
  "AngularJS-TodoMVC/DeletingAllItems/total": 265.19785271873377,
  "AngularJS-TodoMVC/total": 725.9404027136871,
  "BackboneJS-TodoMVC/Adding100Items/Async": 45.432861403057395,
  "BackboneJS-TodoMVC/Adding100Items/Sync": 108.44159463365915,
  "BackboneJS-TodoMVC/Adding100Items/total": 154.47284338904487,
  "BackboneJS-TodoMVC/CompletingAllItems/Async": 33.88791025215006,
  "BackboneJS-TodoMVC/CompletingAllItems/Sync": 59.15411876442953,
  "BackboneJS-TodoMVC/CompletingAllItems/total": 93.21489370954852,
  "BackboneJS-TodoMVC/DeletingAllItems/Async": 5.291320282536774,
  "BackboneJS-TodoMVC/DeletingAllItems/Sync": 30.833701645488823,
  "BackboneJS-TodoMVC/DeletingAllItems/total": 36.201603765410276,
  "BackboneJS-TodoMVC/total": 284.2017770249019,
  "Elm-TodoMVC/Adding100Items/Async": 53.277108951024466,
  "Elm-TodoMVC/Adding100Items/Sync": 200.24399937717482,
  "Elm-TodoMVC/Adding100Items/total": 262.2623927045372,
  "Elm-TodoMVC/CompletingAllItems/Async": 41.55724555171337,
  "Elm-TodoMVC/CompletingAllItems/Sync": 136.00417736906104,
  "Elm-TodoMVC/CompletingAllItems/total": 177.81976909238386,
  "Elm-TodoMVC/DeletingItems/Async": 10.808489932006363,
  "Elm-TodoMVC/DeletingItems/Sync": 307.4436454136962,
  "Elm-TodoMVC/DeletingItems/total": 319.79080980500595,
  "Elm-TodoMVC/total": 841.3326343295167,
  "EmberJS-Debug-TodoMVC/Adding100Items/Async": 44.688042838360985,
  "EmberJS-Debug-TodoMVC/Adding100Items/Sync": 589.2206320101366,
  "EmberJS-Debug-TodoMVC/Adding100Items/total": 633.9838743329309,
  "EmberJS-Debug-TodoMVC/CompletingAllItems/Async": 32.42343786686674,
  "EmberJS-Debug-TodoMVC/CompletingAllItems/Sync": 354.0140435578273,
  "EmberJS-Debug-TodoMVC/CompletingAllItems/total": 386.50815917953963,
  "EmberJS-Debug-TodoMVC/DeletingItems/Async": 5.614821162032115,
  "EmberJS-Debug-TodoMVC/DeletingItems/Sync": 374.22316882384627,
  "EmberJS-Debug-TodoMVC/DeletingItems/total": 380.72941582647496,
  "EmberJS-Debug-TodoMVC/total": 1401.488018237381,
  "EmberJS-TodoMVC/Adding100Items/Async": 42.168427574830204,
  "EmberJS-TodoMVC/Adding100Items/Sync": 224.22495698131686,
  "EmberJS-TodoMVC/Adding100Items/total": 266.4723874947016,
  "EmberJS-TodoMVC/CompletingAllItems/Async": 34.592801977526534,
  "EmberJS-TodoMVC/CompletingAllItems/Sync": 120.91901940503227,
  "EmberJS-TodoMVC/CompletingAllItems/total": 155.6041714436772,
  "EmberJS-TodoMVC/DeletingItems/Async": 5.020531905715449,
  "EmberJS-TodoMVC/DeletingItems/Sync": 83.27403790289985,
  "EmberJS-TodoMVC/DeletingItems/total": 88.62367912888365,
  "EmberJS-TodoMVC/total": 511.2610411734851,
  "Flight-TodoMVC/Adding100Items/Async": 40.69996102834726,
  "Flight-TodoMVC/Adding100Items/Sync": 117.13875427692706,
  "Flight-TodoMVC/Adding100Items/total": 158.08934803177004,
  "Flight-TodoMVC/CompletingAllItems/Async": 32.39620717646697,
  "Flight-TodoMVC/CompletingAllItems/Sync": 124.33203142032941,
  "Flight-TodoMVC/CompletingAllItems/total": 156.85438429489747,
  "Flight-TodoMVC/DeletingItems/Async": 4.880188586935412,
  "Flight-TodoMVC/DeletingItems/Sync": 109.86000203733964,
  "Flight-TodoMVC/DeletingItems/total": 115.06198856063453,
  "Flight-TodoMVC/total": 430.10838485167375,
  "Inferno-TodoMVC/Adding100Items/Async": 42.72077486578118,
  "Inferno-TodoMVC/Adding100Items/Sync": 58.54111574363875,
  "Inferno-TodoMVC/Adding100Items/total": 101.66073725790513,
  "Inferno-TodoMVC/CompletingAllItems/Async": 9.341929456652306,
  "Inferno-TodoMVC/CompletingAllItems/Sync": 118.18706425709577,
  "Inferno-TodoMVC/CompletingAllItems/total": 127.91626340831952,
  "Inferno-TodoMVC/DeletingItems/Async": 3.9907046841193594,
  "Inferno-TodoMVC/DeletingItems/Sync": 245.28928181589527,
  "Inferno-TodoMVC/DeletingItems/total": 249.31353485988305,
  "Inferno-TodoMVC/total": 479.3265924412988,
  "Preact-TodoMVC/Adding100Items/Async": 60.257592941462356,
  "Preact-TodoMVC/Adding100Items/Sync": 10.693905842990938,
  "Preact-TodoMVC/Adding100Items/total": 70.96639528757284,
  "Preact-TodoMVC/CompletingAllItems/Async": 27.482210453540926,
  "Preact-TodoMVC/CompletingAllItems/Sync": 3.9343893111084105,
  "Preact-TodoMVC/CompletingAllItems/total": 31.496698920865096,
  "Preact-TodoMVC/DeletingItems/Async": 7.88537901436442,
  "Preact-TodoMVC/DeletingItems/Sync": 2.25349969679005,
  "Preact-TodoMVC/DeletingItems/total": 10.143365505805717,
  "Preact-TodoMVC/total": 114.25774385629168,
  "React-Redux-TodoMVC/Adding100Items/Async": 41.14178356875534,
  "React-Redux-TodoMVC/Adding100Items/Sync": 206.9236578905961,
  "React-Redux-TodoMVC/Adding100Items/total": 248.33624846454637,
  "React-Redux-TodoMVC/CompletingAllItems/Async": 31.283186746219922,
  "React-Redux-TodoMVC/CompletingAllItems/Sync": 170.89157768218604,
  "React-Redux-TodoMVC/CompletingAllItems/total": 202.20774493894874,
  "React-Redux-TodoMVC/DeletingItems/Async": 4.161520790619008,
  "React-Redux-TodoMVC/DeletingItems/Sync": 113.61980721153459,
  "React-Redux-TodoMVC/DeletingItems/total": 117.86067574173913,
  "React-Redux-TodoMVC/total": 569.0078058797063,
  "React-TodoMVC/Adding100Items/Async": 42.84484377456092,
  "React-TodoMVC/Adding100Items/Sync": 149.52098448260435,
  "React-TodoMVC/Adding100Items/total": 192.48962553068236,
  "React-TodoMVC/CompletingAllItems/Async": 32.14248528902582,
  "React-TodoMVC/CompletingAllItems/Sync": 86.99466865533574,
  "React-TodoMVC/CompletingAllItems/total": 119.19111718243624,
  "React-TodoMVC/DeletingAllItems/Async": 4.791827163919868,
  "React-TodoMVC/DeletingAllItems/Sync": 57.22468228663853,
  "React-TodoMVC/DeletingAllItems/total": 62.11701581992786,
  "React-TodoMVC/total": 374.2247233342636,
  "Vanilla-ES2015-Babel-Webpack-TodoMVC/Adding100Items/Async": 38.64216816254733,
  "Vanilla-ES2015-Babel-Webpack-TodoMVC/Adding100Items/Sync": 341.89997373723395,
  "Vanilla-ES2015-Babel-Webpack-TodoMVC/Adding100Items/total": 380.59041220494794,
  "Vanilla-ES2015-Babel-Webpack-TodoMVC/CompletingAllItems/Async": 30.993661574802474,
  "Vanilla-ES2015-Babel-Webpack-TodoMVC/CompletingAllItems/Sync": 78.17986806166834,
  "Vanilla-ES2015-Babel-Webpack-TodoMVC/CompletingAllItems/total": 109.1913114712335,
  "Vanilla-ES2015-Babel-Webpack-TodoMVC/DeletingItems/Async": 4.376697144533856,
  "Vanilla-ES2015-Babel-Webpack-TodoMVC/DeletingItems/Sync": 52.58935977351409,
  "Vanilla-ES2015-Babel-Webpack-TodoMVC/DeletingItems/total": 57.006830883551345,
  "Vanilla-ES2015-Babel-Webpack-TodoMVC/total": 547.0074249256745,
  "Vanilla-ES2015-TodoMVC/Adding100Items/Async": 38.04637853874758,
  "Vanilla-ES2015-TodoMVC/Adding100Items/Sync": 352.9140374683195,
  "Vanilla-ES2015-TodoMVC/Adding100Items/total": 390.9832044056527,
  "Vanilla-ES2015-TodoMVC/CompletingAllItems/Async": 30.54106805945275,