{
  "browser-setup": 3.297489,
  "browser-tear_down": 0.248025,
  "probes-creation": 0.000198,
  "probes-setup": 0.000164,
  "probes-start": 7.3e-05,
  "run": 111.325477,
  "runner-cooldown": 2.002074
}