{
  "Angular2-TypeScript-TodoMVC/Adding100Items/Async": 31.236575690419503,
  "Angular2-TypeScript-TodoMVC/Adding100Items/Sync": 43.53535879820693,
  "Angular2-TypeScript-TodoMVC/Adding100Items/total": 74.84963695597651,
  "Angular2-TypeScript-TodoMVC/CompletingAllItems/Async": 12.58660998328042,
  "Angular2-TypeScript-TodoMVC/CompletingAllItems/Sync": 8.186083895897482,
  "Angular2-TypeScript-TodoMVC/CompletingAllItems/total": 20.774403740914178,
  "Angular2-TypeScript-TodoMVC/DeletingItems/Async": 2.6476213731948706,
  "Angular2-TypeScript-TodoMVC/DeletingItems/Sync": 16.352098778313348,
  "Angular2-TypeScript-TodoMVC/DeletingItems/total": 19.03336383937605,
  "Angular2-TypeScript-TodoMVC/total": 114.67866063813005,
  "AngularJS-TodoMVC/Adding100Items/Async": 40.32634411999615,
  "AngularJS-TodoMVC/Adding100Items/Sync": 156.47893914222067,
  "AngularJS-TodoMVC/Adding100Items/total": 196.82330802042281,
  "AngularJS-TodoMVC/CompletingAllItems/Async": 23.600764571288433,
  "AngularJS-TodoMVC/CompletingAllItems/Sync": 54.823718857360085,
  "AngularJS-TodoMVC/CompletingAllItems/total": 78.54915565283811,
  "AngularJS-TodoMVC/DeletingAllItems/Async": 13.751500640678794,
  "AngularJS-TodoMVC/DeletingAllItems/Sync": 159.3788177383836,
  "AngularJS-TodoMVC/DeletingAllItems/total": 173.13783052507506,
  "AngularJS-TodoMVC/total": 448.5568180766827,
  "BackboneJS-TodoMVC/Adding100Items/Async": 39.878131489032945,
  "BackboneJS-TodoMVC/Adding100Items/Sync": 54.42203780198111,
  "BackboneJS-TodoMVC/Adding100Items/total": 94.42486276157993,
  "BackboneJS-TodoMVC/CompletingAllItems/Async": 32.7804882602892,
  "BackboneJS-TodoMVC/CompletingAllItems/Sync": 37.1262301110867,
  "BackboneJS-TodoMVC/CompletingAllItems/total": 70.68120165901935,
  "BackboneJS-TodoMVC/DeletingAllItems/Async": 4.575097138992736,
  "BackboneJS-TodoMVC/DeletingAllItems/Sync": 25.81914965486088,
  "BackboneJS-TodoMVC/DeletingAllItems/total": 30.891404261308672,
  "BackboneJS-TodoMVC/total": 196.60618486675628,
  "Elm-TodoMVC/Adding100Items/Async": 47.008031979756794,
  "Elm-TodoMVC/Adding100Items/Sync": 86.73181235032702,
  "Elm-TodoMVC/Adding100Items/total": 133.80993835409407,
  "Elm-TodoMVC/CompletingAllItems/Async": 29.29136574741329,
  "Elm-TodoMVC/CompletingAllItems/Sync": 82.48399089366536,
  "Elm-TodoMVC/CompletingAllItems/total": 111.81363598682717,
  "Elm-TodoMVC/DeletingItems/Async": 8.172558869992928,
  "Elm-TodoMVC/DeletingItems/Sync": 102.83826699780909,
  "Elm-TodoMVC/DeletingItems/total": 111.0329446870255,
  "Elm-TodoMVC/total": 356.7376653480225,
  "EmberJS-Debug-TodoMVC/Adding100Items/Async": 43.92192827093558,
  "EmberJS-Debug-TodoMVC/Adding100Items/Sync": 734.5177746189778,
  "EmberJS-Debug-TodoMVC/Adding100Items/total": 779.2907968804683,
  "EmberJS-Debug-TodoMVC/CompletingAllItems/Async": 32.190832013629354,
  "EmberJS-Debug-TodoMVC/CompletingAllItems/Sync": 290.95852055630945,
  "EmberJS-Debug-TodoMVC/CompletingAllItems/total": 323.2535503516854,
  "EmberJS-Debug-TodoMVC/DeletingItems/Async": 10.62651514949183,
  "EmberJS-Debug-TodoMVC/DeletingItems/Sync": 279.27690126774445,
  "EmberJS-Debug-TodoMVC/DeletingItems/total": 294.494674335971,
  "EmberJS-Debug-TodoMVC/total": 1404.6063287141583,
  "EmberJS-TodoMVC/Adding100Items/Async": 32.986782661917246,
  "EmberJS-TodoMVC/Adding100Items/Sync": 149.48595555548985,
  "EmberJS-TodoMVC/Adding100Items/total": 182.5404415536789,
  "EmberJS-TodoMVC/CompletingAllItems/Async": 28.09207814229654,
  "EmberJS-TodoMVC/CompletingAllItems/Sync": 109.98143378593105,
  "EmberJS-TodoMVC/CompletingAllItems/total": 138.53956910283597,
  "EmberJS-TodoMVC/DeletingItems/Async": 2.727743142140551,
  "EmberJS-TodoMVC/DeletingItems/Sync": 74.44268013622576,
  "EmberJS-TodoMVC/DeletingItems/total": 77.18388342483453,
  "EmberJS-TodoMVC/total": 399.97007104547936,
  "Flight-TodoMVC/Adding100Items/Async": 32.37157964754331,
  "Flight-TodoMVC/Adding100Items/Sync": 77.11361305660941,
  "Flight-TodoMVC/Adding100Items/total": 109.49638036989543,
  "Flight-TodoMVC/CompletingAllItems/Async": 24.44712714287993,
  "Flight-TodoMVC/CompletingAllItems/Sync": 84.01204362796987,
  "Flight-TodoMVC/CompletingAllItems/total": 108.46042629177096,
  "Flight-TodoMVC/DeletingItems/Async": 3.681226625448103,
  "Flight-TodoMVC/DeletingItems/Sync": 69.86077053683415,
  "Flight-TodoMVC/DeletingItems/total": 75.91173634779327,
  "Flight-TodoMVC/total": 294.39344032391995,
  "Inferno-TodoMVC/Adding100Items/Async": 37.71601873900452,
  "Inferno-TodoMVC/Adding100Items/Sync": 43.62735966832646,
  "Inferno-TodoMVC/Adding100Items/total": 81.44650925591996,
  "Inferno-TodoMVC/CompletingAllItems/Async": 6.527420144643924,
  "Inferno-TodoMVC/CompletingAllItems/Sync": 84.79388972984631,
  "Inferno-TodoMVC/CompletingAllItems/total": 91.47813232282722,
  "Inferno-TodoMVC/DeletingItems/Async": 2.8638534629843617,
  "Inferno-TodoMVC/DeletingItems/Sync": 202.5171607602752,
  "Inferno-TodoMVC/DeletingItems/total": 205.38638721883842,
  "Inferno-TodoMVC/total": 378.3557005697485,
  "Preact-TodoMVC/Adding100Items/Async": 36.99992747262378,
  "Preact-TodoMVC/Adding100Items/Sync": 4.99876307665019,
  "Preact-TodoMVC/Adding100Items/total": 42.006738531317986,
  "Preact-TodoMVC/CompletingAllItems/Async": 16.62727378480525,
  "Preact-TodoMVC/CompletingAllItems/Sync": 3.112134993654454,
  "Preact-TodoMVC/CompletingAllItems/total": 19.78448625107391,
  "Preact-TodoMVC/DeletingItems/Async": 4.37234253387373,
  "Preact-TodoMVC/DeletingItems/Sync": 1.7701532977126728,
  "Preact-TodoMVC/DeletingItems/total": 6.169763286347074,
  "Preact-TodoMVC/total": 68.08944795267587,
  "React-Redux-TodoMVC/Adding100Items/Async": 32.50855913709091,
  "React-Redux-TodoMVC/Adding100Items/Sync": 133.47244020396602,
  "React-Redux-TodoMVC/Adding100Items/total": 166.05340840892163,
  "React-Redux-TodoMVC/CompletingAllItems/Async": 27.46511768073104,
  "React-Redux-TodoMVC/CompletingAllItems/Sync": 142.48017332236563,
  "React-Redux-TodoMVC/CompletingAllItems/total": 170.19102103016624,
  "React-Redux-TodoMVC/DeletingItems/Async": 2.7859401545048756,
  "React-Redux-TodoMVC/DeletingItems/Sync": 97.94448994573038,
  "React-Redux-TodoMVC/DeletingItems/total": 100.77395965987758,
  "React-Redux-TodoMVC/total": 438.7884945978616,
  "React-TodoMVC/Adding100Items/Async": 34.146641587205316,
  "React-TodoMVC/Adding100Items/Sync": 110.31581134351408,
  "React-TodoMVC/Adding100Items/total": 144.69529686189404,
  "React-TodoMVC/CompletingAllItems/Async": 27.053788111795498,
  "React-TodoMVC/CompletingAllItems/Sync": 62.8594398752941,
  "React-TodoMVC/CompletingAllItems/total": 89.92895037372197,
  "React-TodoMVC/DeletingAllItems/Async": 2.5981041471779265,
  "React-TodoMVC/DeletingAllItems/Sync": 46.43317623279398,
  "React-TodoMVC/DeletingAllItems/total": 49.0416512018136,
  "React-TodoMVC/total": 283.97839756870076,
  "Vanilla-ES2015-Babel-Webpack-TodoMVC/Adding100Items/Async": 36.836214354357246,
  "Vanilla-ES2015-Babel-Webpack-TodoMVC/Adding100Items/Sync": 294.4007801281278,
  "Vanilla-ES2015-Babel-Webpack-TodoMVC/Adding100Items/total": 331.5746787274383,
  "Vanilla-ES2015-Babel-Webpack-TodoMVC/CompletingAllItems/Async": 26.190047822539757,
  "Vanilla-ES2015-Babel-Webpack-TodoMVC/CompletingAllItems/Sync": 63.69517081323994,
  "Vanilla-ES2015-Babel-Webpack-TodoMVC/CompletingAllItems/total": 89.90055364805735,
  "Vanilla-ES2015-Babel-Webpack-TodoMVC/DeletingItems/Async": 2.7163460418617906,
  "Vanilla-ES2015-Babel-Webpack-TodoMVC/DeletingItems/Sync": 39.93370757812399,
  "Vanilla-ES2015-Babel-Webpack-TodoMVC/DeletingItems/total": 42.6535794393347,
  "Vanilla-ES2015-Babel-Webpack-TodoMVC/total": 464.15166931882,
  "Vanilla-ES2015-TodoMVC/Adding100Items/Async": 34.05682930546414,
  "Vanilla-ES2015-TodoMVC/Adding100Items/Sync": 298.1161611572707,
  "Vanilla-ES2015-TodoMVC/Adding100Items/total": 332.2118691412019,
  "Vanilla-ES2015-TodoMVC/CompletingAllItems/Async": 26.04799214731934,