{
  "browser-setup": 4.043927,
  "browser-tear_down": 0.296458,
  "probes-creation": 0.000131,
  "probes-setup": 9.9e-05,
  "probes-start": 6.2e-05,
  "run": 133.583134,
  "runner-cooldown": 2.002051
}