{
  "Angular2-TypeScript-TodoMVC/Adding100Items/Async": 37.98776433274248,
  "Angular2-TypeScript-TodoMVC/Adding100Items/Sync": 58.78173706365967,
  "Angular2-TypeScript-TodoMVC/Adding100Items/total": 96.79322696848837,
  "Angular2-TypeScript-TodoMVC/CompletingAllItems/Async": 18.684109768681836,
  "Angular2-TypeScript-TodoMVC/CompletingAllItems/Sync": 10.235599694607727,
  "Angular2-TypeScript-TodoMVC/CompletingAllItems/total": 29.02302501179182,
  "Angular2-TypeScript-TodoMVC/DeletingItems/Async": 3.6416929694857405,
  "Angular2-TypeScript-TodoMVC/DeletingItems/Sync": 18.300088714478154,
  "Angular2-TypeScript-TodoMVC/DeletingItems/total": 21.94934113999272,
  "Angular2-TypeScript-TodoMVC/total": 147.9292965206438,
  "AngularJS-TodoMVC/Adding100Items/Async": 53.374729843830266,
  "AngularJS-TodoMVC/Adding100Items/Sync": 263.5052507509173,
  "AngularJS-TodoMVC/Adding100Items/total": 317.578118526011,
  "AngularJS-TodoMVC/CompletingAllItems/Async": 37.02316268356148,
  "AngularJS-TodoMVC/CompletingAllItems/Sync": 82.04748561844521,
  "AngularJS-TodoMVC/CompletingAllItems/total": 119.73214902384409,
  "AngularJS-TodoMVC/DeletingAllItems/Async": 17.398236768279354,
  "AngularJS-TodoMVC/DeletingAllItems/Sync": 251.01305011202896,
  "AngularJS-TodoMVC/DeletingAllItems/total": 268.5861788982314,
  "AngularJS-TodoMVC/total": 707.0683684457574,
  "BackboneJS-TodoMVC/Adding100Items/Async": 45.578819643597846,
  "BackboneJS-TodoMVC/Adding100Items/Sync": 97.78498796091083,
  "BackboneJS-TodoMVC/Adding100Items/total": 143.68455568577892,
  "BackboneJS-TodoMVC/CompletingAllItems/Async": 33.9247275449316,
  "BackboneJS-TodoMVC/CompletingAllItems/Sync": 55.152993541168215,
  "BackboneJS-TodoMVC/CompletingAllItems/total": 89.16783609026193,
  "BackboneJS-TodoMVC/DeletingAllItems/Async": 4.865848160805152,
  "BackboneJS-TodoMVC/DeletingAllItems/Sync": 30.608861721438416,
  "BackboneJS-TodoMVC/DeletingAllItems/total": 35.4824474839871,
  "BackboneJS-TodoMVC/total": 268.47659532686407,
  "Elm-TodoMVC/Adding100Items/Async": 54.73869056333504,
  "Elm-TodoMVC/Adding100Items/Sync": 202.0219607762774,
  "Elm-TodoMVC/Adding100Items/total": 264.3671826705302,
  "Elm-TodoMVC/CompletingAllItems/Async": 39.63362212199204,
  "Elm-TodoMVC/CompletingAllItems/Sync": 133.75685072724977,
  "Elm-TodoMVC/CompletingAllItems/total": 173.49391048180792,
  "Elm-TodoMVC/DeletingItems/Async": 10.674910575548,
  "Elm-TodoMVC/DeletingItems/Sync": 257.19556052647687,
  "Elm-TodoMVC/DeletingItems/total": 268.71368174915955,
  "Elm-TodoMVC/total": 774.3241890457725,
  "EmberJS-Debug-TodoMVC/Adding100Items/Async": 46.47823319981119,
  "EmberJS-Debug-TodoMVC/Adding100Items/Sync": 588.2965873633952,
  "EmberJS-Debug-TodoMVC/Adding100Items/total": 634.8515489915546,
  "EmberJS-Debug-TodoMVC/CompletingAllItems/Async": 32.68815565204269,
  "EmberJS-Debug-TodoMVC/CompletingAllItems/Sync": 359.0355931020859,
  "EmberJS-Debug-TodoMVC/CompletingAllItems/total": 391.81612443312747,
  "EmberJS-Debug-TodoMVC/DeletingItems/Async": 4.55558368923788,
  "EmberJS-Debug-TodoMVC/DeletingItems/Sync": 379.56157910094646,
  "EmberJS-Debug-TodoMVC/DeletingItems/total": 384.15267646618946,
  "EmberJS-Debug-TodoMVC/total": 1411.2681170378758,
  "EmberJS-TodoMVC/Adding100Items/Async": 42.40314691317941,
  "EmberJS-TodoMVC/Adding100Items/Sync": 222.91282191255536,
  "EmberJS-TodoMVC/Adding100Items/total": 265.378828370632,
  "EmberJS-TodoMVC/CompletingAllItems/Async": 35.285253957096955,
  "EmberJS-TodoMVC/CompletingAllItems/Sync": 124.26413504878448,
  "EmberJS-TodoMVC/CompletingAllItems/total": 159.72744644428838,
  "EmberJS-TodoMVC/DeletingItems/Async": 4.344744668912488,
  "EmberJS-TodoMVC/DeletingItems/Sync": 81.52679248573955,
  "EmberJS-TodoMVC/DeletingItems/total": 85.9071797422313,
  "EmberJS-TodoMVC/total": 511.39756885948265,
  "Flight-TodoMVC/Adding100Items/Async": 40.85274450769425,
  "Flight-TodoMVC/Adding100Items/Sync": 111.77414749431216,
  "Flight-TodoMVC/Adding100Items/total": 152.78207379034168,
  "Flight-TodoMVC/CompletingAllItems/Async": 32.63096217428131,
  "Flight-TodoMVC/CompletingAllItems/Sync": 119.72577312205195,
  "Flight-TodoMVC/CompletingAllItems/total": 152.43261061753051,
  "Flight-TodoMVC/DeletingItems/Async": 4.8957906028358105,
  "Flight-TodoMVC/DeletingItems/Sync": 104.38001115339456,
  "Flight-TodoMVC/DeletingItems/total": 109.61854302077049,
  "Flight-TodoMVC/total": 414.91181308587295,
  "Inferno-TodoMVC/Adding100Items/Async": 47.06654534554612,
  "Inferno-TodoMVC/Adding100Items/Sync": 56.18853151408413,
  "Inferno-TodoMVC/Adding100Items/total": 103.54508670125283,
  "Inferno-TodoMVC/CompletingAllItems/Async": 10.39291599811382,
  "Inferno-TodoMVC/CompletingAllItems/Sync": 118.54799576684016,
  "Inferno-TodoMVC/CompletingAllItems/total": 129.4500186193535,
  "Inferno-TodoMVC/DeletingItems/Async": 4.132167592382538,
  "Inferno-TodoMVC/DeletingItems/Sync": 243.6253472355445,
  "Inferno-TodoMVC/DeletingItems/total": 247.8014971550715,
  "Inferno-TodoMVC/total": 481.1530316280537,
  "Preact-TodoMVC/Adding100Items/Async": 56.444206701919434,
  "Preact-TodoMVC/Adding100Items/Sync": 9.091106071522484,
  "Preact-TodoMVC/Adding100Items/total": 65.5550226801721,
  "Preact-TodoMVC/CompletingAllItems/Async": 27.421545475029156,
  "Preact-TodoMVC/CompletingAllItems/Sync": 3.7435713479203434,
  "Preact-TodoMVC/CompletingAllItems/total": 31.238444969930153,
  "Preact-TodoMVC/DeletingItems/Async": 7.517037186436811,
  "Preact-TodoMVC/DeletingItems/Sync": 2.173734110374811,
  "Preact-TodoMVC/DeletingItems/total": 9.704715725023462,
  "Preact-TodoMVC/total": 107.90214626288535,
  "React-Redux-TodoMVC/Adding100Items/Async": 41.77551062476477,
  "React-Redux-TodoMVC/Adding100Items/Sync": 196.96442000484967,
  "React-Redux-TodoMVC/Adding100Items/total": 238.91401038519476,
  "React-Redux-TodoMVC/CompletingAllItems/Async": 31.599280744725828,
  "React-Redux-TodoMVC/CompletingAllItems/Sync": 171.1109958911583,
  "React-Redux-TodoMVC/CompletingAllItems/total": 202.73247596397027,
  "React-Redux-TodoMVC/DeletingItems/Async": 4.517910326590352,
  "React-Redux-TodoMVC/DeletingItems/Sync": 112.57327890711719,
  "React-Redux-TodoMVC/DeletingItems/total": 117.1782578055714,
  "React-Redux-TodoMVC/total": 559.0161486467787,
  "React-TodoMVC/Adding100Items/Async": 43.23465095540781,
  "React-TodoMVC/Adding100Items/Sync": 143.93793419166295,
  "React-TodoMVC/Adding100Items/total": 187.25457073054756,
  "React-TodoMVC/CompletingAllItems/Async": 33.2753312102922,
  "React-TodoMVC/CompletingAllItems/Sync": 83.86907478440135,
  "React-TodoMVC/CompletingAllItems/total": 117.21261237340612,
  "React-TodoMVC/DeletingAllItems/Async": 4.471529518599376,
  "React-TodoMVC/DeletingAllItems/Sync": 55.90763059808276,
  "React-TodoMVC/DeletingAllItems/total": 60.45553904229107,
  "React-TodoMVC/total": 365.06512931502937,
  "Vanilla-ES2015-Babel-Webpack-TodoMVC/Adding100Items/Async": 38.4739044772792,
  "Vanilla-ES2015-Babel-Webpack-TodoMVC/Adding100Items/Sync": 338.0221125764876,
  "Vanilla-ES2015-Babel-Webpack-TodoMVC/Adding100Items/total": 376.5183817392301,
  "Vanilla-ES2015-Babel-Webpack-TodoMVC/CompletingAllItems/Async": 32.11300256826157,
  "Vanilla-ES2015-Babel-Webpack-TodoMVC/CompletingAllItems/Sync": 78.27944336926494,
  "Vanilla-ES2015-Babel-Webpack-TodoMVC/CompletingAllItems/total": 110.49104320888777,
  "Vanilla-ES2015-Babel-Webpack-TodoMVC/DeletingItems/Async": 4.490990141233108,
  "Vanilla-ES2015-Babel-Webpack-TodoMVC/DeletingItems/Sync": 51.221366736631296,
  "Vanilla-ES2015-Babel-Webpack-TodoMVC/DeletingItems/total": 55.75350290386605,
  "Vanilla-ES2015-Babel-Webpack-TodoMVC/total": 542.9349649364545,
  "Vanilla-ES2015-TodoMVC/Adding100Items/Async": 38.198158140925266,
  "Vanilla-ES2015-TodoMVC/Adding100Items/Sync": 347.2771297855318,
  "Vanilla-ES2015-TodoMVC/Adding100Items/total": 385.5004813913716,
  "Vanilla-ES2015-TodoMVC/CompletingAllItems/Async": 31.12471318035077,