{
  "browser-setup": 3.26559,
  "browser-tear_down": 0.281312,
  "probes-creation": 0.000201,
  "probes-setup": 0.000167,
  "probes-start": 7.7e-05,
  "run": 108.99618,
  "runner-cooldown": 2.002487
}