{
  "Angular2-TypeScript-TodoMVC/Adding100Items/Async": 32.91516010715626,
  "Angular2-TypeScript-TodoMVC/Adding100Items/Sync": 42.470307810120175,
  "Angular2-TypeScript-TodoMVC/Adding100Items/total": 75.52965495396344,
  "Angular2-TypeScript-TodoMVC/CompletingAllItems/Async": 12.606519036723482,
  "Angular2-TypeScript-TodoMVC/CompletingAllItems/Sync": 8.549174637527477,
  "Angular2-TypeScript-TodoMVC/CompletingAllItems/total": 21.161298765833887,
  "Angular2-TypeScript-TodoMVC/DeletingItems/Async": 2.7648363617092673,
  "Angular2-TypeScript-TodoMVC/DeletingItems/Sync": 16.599314674818455,
  "Angular2-TypeScript-TodoMVC/DeletingItems/total": 19.36628672016825,
  "Angular2-TypeScript-TodoMVC/total": 116.1072241444425,
  "AngularJS-TodoMVC/Adding100Items/Async": 41.411436829512965,
  "AngularJS-TodoMVC/Adding100Items/Sync": 158.35557245103917,
  "AngularJS-TodoMVC/Adding100Items/total": 199.85825912094032,
  "AngularJS-TodoMVC/CompletingAllItems/Async": 23.955796337838112,
  "AngularJS-TodoMVC/CompletingAllItems/Sync": 53.70909422115803,
  "AngularJS-TodoMVC/CompletingAllItems/total": 77.78553615135927,
  "AngularJS-TodoMVC/DeletingAllItems/Async": 14.405048001938976,
  "AngularJS-TodoMVC/DeletingAllItems/Sync": 166.20242094057892,
  "AngularJS-TodoMVC/DeletingAllItems/total": 180.67207317433892,
  "AngularJS-TodoMVC/total": 460.6850773512027,
  "BackboneJS-TodoMVC/Adding100Items/Async": 36.24773217506638,
  "BackboneJS-TodoMVC/Adding100Items/Sync": 54.45532229678081,
  "BackboneJS-TodoMVC/Adding100Items/total": 90.71673701508438,
  "BackboneJS-TodoMVC/CompletingAllItems/Async": 27.595941836857026,
  "BackboneJS-TodoMVC/CompletingAllItems/Sync": 37.68197442481725,
  "BackboneJS-TodoMVC/CompletingAllItems/total": 65.28055355779497,
  "BackboneJS-TodoMVC/DeletingAllItems/Async": 3.3085204018959913,
  "BackboneJS-TodoMVC/DeletingAllItems/Sync": 25.647033473763642,
  "BackboneJS-TodoMVC/DeletingAllItems/total": 28.967507013859052,
  "BackboneJS-TodoMVC/total": 184.98804876493298,
  "Elm-TodoMVC/Adding100Items/Async": 45.956987307881505,
  "Elm-TodoMVC/Adding100Items/Sync": 86.86456072888704,
  "Elm-TodoMVC/Adding100Items/total": 132.8549675393202,
  "Elm-TodoMVC/CompletingAllItems/Async": 29.456265680346778,
  "Elm-TodoMVC/CompletingAllItems/Sync": 84.23586115955678,
  "Elm-TodoMVC/CompletingAllItems/total": 113.7324601283312,
  "Elm-TodoMVC/DeletingItems/Async": 7.796222679244972,
  "Elm-TodoMVC/DeletingItems/Sync": 101.28968402820887,
  "Elm-TodoMVC/DeletingItems/total": 109.10514174139344,
  "Elm-TodoMVC/total": 355.88467593575933,
  "EmberJS-Debug-TodoMVC/Adding100Items/Async": 43.75463183047227,
  "EmberJS-Debug-TodoMVC/Adding100Items/Sync": 474.19286261339346,
  "EmberJS-Debug-TodoMVC/Adding100Items/total": 518.0760751335605,
  "EmberJS-Debug-TodoMVC/CompletingAllItems/Async": 30.026887195641297,
  "EmberJS-Debug-TodoMVC/CompletingAllItems/Sync": 286.81651170870043,
  "EmberJS-Debug-TodoMVC/CompletingAllItems/total": 317.1652465114154,
  "EmberJS-Debug-TodoMVC/DeletingItems/Async": 11.40747234183542,
  "EmberJS-Debug-TodoMVC/DeletingItems/Sync": 278.0280311569639,
  "EmberJS-Debug-TodoMVC/DeletingItems/total": 294.45981867987933,
  "EmberJS-Debug-TodoMVC/total": 1134.6981404414075,
  "EmberJS-TodoMVC/Adding100Items/Async": 33.564892308347794,
  "EmberJS-TodoMVC/Adding100Items/Sync": 137.18520878772773,
  "EmberJS-TodoMVC/Adding100Items/total": 170.79635124233116,
  "EmberJS-TodoMVC/CompletingAllItems/Async": 25.67112765278016,
  "EmberJS-TodoMVC/CompletingAllItems/Sync": 91.68601573700235,
  "EmberJS-TodoMVC/CompletingAllItems/total": 117.35991594478578,
  "EmberJS-TodoMVC/DeletingItems/Async": 2.8385168271415266,
  "EmberJS-TodoMVC/DeletingItems/Sync": 61.59500281914913,
  "EmberJS-TodoMVC/DeletingItems/total": 64.43538693227947,
  "EmberJS-TodoMVC/total": 352.6957489270749,
  "Flight-TodoMVC/Adding100Items/Async": 32.5456893653011,
  "Flight-TodoMVC/Adding100Items/Sync": 78.7748604374026,
  "Flight-TodoMVC/Adding100Items/total": 111.34097045815598,
  "Flight-TodoMVC/CompletingAllItems/Async": 24.72685062931424,
  "Flight-TodoMVC/CompletingAllItems/Sync": 89.20670910296548,
  "Flight-TodoMVC/CompletingAllItems/total": 114.12778925372014,
  "Flight-TodoMVC/DeletingItems/Async": 3.6225815254691383,
  "Flight-TodoMVC/DeletingItems/Sync": 87.69246211327179,
  "Flight-TodoMVC/DeletingItems/total": 91.31800974999692,
  "Flight-TodoMVC/total": 323.92332868088926,
  "Inferno-TodoMVC/Adding100Items/Async": 37.367672030815946,
  "Inferno-TodoMVC/Adding100Items/Sync": 43.37351137650212,
  "Inferno-TodoMVC/Adding100Items/total": 80.8309813221305,
  "Inferno-TodoMVC/CompletingAllItems/Async": 7.06542798656964,
  "Inferno-TodoMVC/CompletingAllItems/Sync": 95.15964927889796,
  "Inferno-TodoMVC/CompletingAllItems/total": 102.24589390116869,
  "Inferno-TodoMVC/DeletingItems/Async": 3.25817627179911,
  "Inferno-TodoMVC/DeletingItems/Sync": 210.59718506811956,
  "Inferno-TodoMVC/DeletingItems/total": 214.04740107773267,
  "Inferno-TodoMVC/total": 400.1401659849873,
  "Preact-TodoMVC/Adding100Items/Async": 36.58313361896161,
  "Preact-TodoMVC/Adding100Items/Sync": 5.085276684683227,
  "Preact-TodoMVC/Adding100Items/total": 41.66990253311974,
  "Preact-TodoMVC/CompletingAllItems/Async": 16.121275472270028,
  "Preact-TodoMVC/CompletingAllItems/Sync": 3.087587236569261,
  "Preact-TodoMVC/CompletingAllItems/total": 19.21432706564969,
  "Preact-TodoMVC/DeletingItems/Async": 4.461403364805605,
  "Preact-TodoMVC/DeletingItems/Sync": 1.7121548796409756,
  "Preact-TodoMVC/DeletingItems/total": 6.177508099612576,
  "Preact-TodoMVC/total": 67.10496901780887,
  "React-Redux-TodoMVC/Adding100Items/Async": 33.31662205174798,
  "React-Redux-TodoMVC/Adding100Items/Sync": 128.44829321142592,
  "React-Redux-TodoMVC/Adding100Items/total": 161.78510164381794,
  "React-Redux-TodoMVC/CompletingAllItems/Async": 25.27185329050679,
  "React-Redux-TodoMVC/CompletingAllItems/Sync": 132.8663309742573,
  "React-Redux-TodoMVC/CompletingAllItems/total": 158.344366965296,
  "React-Redux-TodoMVC/DeletingItems/Async": 3.5519514253745186,
  "React-Redux-TodoMVC/DeletingItems/Sync": 86.60367489160059,
  "React-Redux-TodoMVC/DeletingItems/total": 90.33992261278395,
  "React-Redux-TodoMVC/total": 410.48081268086884,
  "React-TodoMVC/Adding100Items/Async": 33.67166394027736,
  "React-TodoMVC/Adding100Items/Sync": 107.3280137445342,
  "React-TodoMVC/Adding100Items/total": 141.0199830160125,
  "React-TodoMVC/CompletingAllItems/Async": 27.446006098696863,
  "React-TodoMVC/CompletingAllItems/Sync": 71.28884763017129,
  "React-TodoMVC/CompletingAllItems/total": 99.47668833233134,
  "React-TodoMVC/DeletingAllItems/Async": 3.025889619121161,
  "React-TodoMVC/DeletingAllItems/Sync": 46.08129807552131,
  "React-TodoMVC/DeletingAllItems/total": 49.29267701428487,
  "React-TodoMVC/total": 292.42369430671954,
  "Vanilla-ES2015-Babel-Webpack-TodoMVC/Adding100Items/Async": 35.14464359558862,
  "Vanilla-ES2015-Babel-Webpack-TodoMVC/Adding100Items/Sync": 291.5487762742753,
  "Vanilla-ES2015-Babel-Webpack-TodoMVC/Adding100Items/total": 326.81154221129066,
  "Vanilla-ES2015-Babel-Webpack-TodoMVC/CompletingAllItems/Async": 26.003445683535574,
  "Vanilla-ES2015-Babel-Webpack-TodoMVC/CompletingAllItems/Sync": 63.67347772037771,
  "Vanilla-ES2015-Babel-Webpack-TodoMVC/CompletingAllItems/total": 89.6936863012016,
  "Vanilla-ES2015-Babel-Webpack-TodoMVC/DeletingItems/Async": 2.8076891358940887,
  "Vanilla-ES2015-Babel-Webpack-TodoMVC/DeletingItems/Sync": 39.681732617274186,
  "Vanilla-ES2015-Babel-Webpack-TodoMVC/DeletingItems/total": 42.491786089943346,
  "Vanilla-ES2015-Babel-Webpack-TodoMVC/total": 459.0078642960891,
  "Vanilla-ES2015-TodoMVC/Adding100Items/Async": 36.48015002471551,
  "Vanilla-ES2015-TodoMVC/Adding100Items/Sync": 340.536386345886,
  "Vanilla-ES2015-TodoMVC/Adding100Items/total": 377.2497338654995,
  "Vanilla-ES2015-TodoMVC/CompletingAllItems/Async": 27.837761079454676,