{
  "browser-setup": 4.034392,
  "browser-tear_down": 0.299771,
  "probes-creation": 0.000132,
  "probes-setup": 0.0001,
  "probes-start": 5.7e-05,
  "run": 131.557688,
  "runner-cooldown": 2.002051
}