{
  "Angular2-TypeScript-TodoMVC/Adding100Items/Async": 38.072242880727316,
  "Angular2-TypeScript-TodoMVC/Adding100Items/Sync": 59.23824809836854,
  "Angular2-TypeScript-TodoMVC/Adding100Items/total": 97.34212370223634,
  "Angular2-TypeScript-TodoMVC/CompletingAllItems/Async": 17.709276923915724,
  "Angular2-TypeScript-TodoMVC/CompletingAllItems/Sync": 10.086153749030906,
  "Angular2-TypeScript-TodoMVC/CompletingAllItems/total": 27.82004183170164,
  "Angular2-TypeScript-TodoMVC/DeletingItems/Async": 3.7518976749965245,
  "Angular2-TypeScript-TodoMVC/DeletingItems/Sync": 18.340351688705123,
  "Angular2-TypeScript-TodoMVC/DeletingItems/total": 22.09825530305271,
  "Angular2-TypeScript-TodoMVC/total": 147.29073401607616,
  "AngularJS-TodoMVC/Adding100Items/Async": 53.91182066881175,
  "AngularJS-TodoMVC/Adding100Items/Sync": 280.8110710120649,
  "AngularJS-TodoMVC/Adding100Items/total": 335.52806672541465,
  "AngularJS-TodoMVC/CompletingAllItems/Async": 38.75150724412435,
  "AngularJS-TodoMVC/CompletingAllItems/Sync": 87.01118194726769,
  "AngularJS-TodoMVC/CompletingAllItems/total": 126.53401248203132,
  "AngularJS-TodoMVC/DeletingAllItems/Async": 16.20811159362681,
  "AngularJS-TodoMVC/DeletingAllItems/Sync": 252.78334905338966,
  "AngularJS-TodoMVC/DeletingAllItems/total": 269.12317571068354,
  "AngularJS-TodoMVC/total": 733.3863848328773,
  "BackboneJS-TodoMVC/Adding100Items/Async": 46.09881295809635,
  "BackboneJS-TodoMVC/Adding100Items/Sync": 108.52819999642658,
  "BackboneJS-TodoMVC/Adding100Items/total": 155.24972453000805,
  "BackboneJS-TodoMVC/CompletingAllItems/Async": 34.15637447587073,
  "BackboneJS-TodoMVC/CompletingAllItems/Sync": 59.2355675878624,
  "BackboneJS-TodoMVC/CompletingAllItems/total": 93.56434418362258,
  "BackboneJS-TodoMVC/DeletingAllItems/Async": 5.179633019314528,
  "BackboneJS-TodoMVC/DeletingAllItems/Sync": 30.842108195804474,
  "BackboneJS-TodoMVC/DeletingAllItems/total": 36.043725416276295,
  "BackboneJS-TodoMVC/total": 285.1461916507842,
  "Elm-TodoMVC/Adding100Items/Async": 51.71436755054229,
  "Elm-TodoMVC/Adding100Items/Sync": 151.2417431911492,
  "Elm-TodoMVC/Adding100Items/total": 203.01803547270308,
  "Elm-TodoMVC/CompletingAllItems/Async": 42.21079800434591,
  "Elm-TodoMVC/CompletingAllItems/Sync": 180.78279103108494,
  "Elm-TodoMVC/CompletingAllItems/total": 229.04736738211483,
  "Elm-TodoMVC/DeletingItems/Async": 11.441719840640475,
  "Elm-TodoMVC/DeletingItems/Sync": 310.3436022301891,
  "Elm-TodoMVC/DeletingItems/total": 324.51214417858307,
  "Elm-TodoMVC/total": 854.0073982222232,
  "EmberJS-Debug-TodoMVC/Adding100Items/Async": 46.274713668683304,
  "EmberJS-Debug-TodoMVC/Adding100Items/Sync": 593.3193213625946,
  "EmberJS-Debug-TodoMVC/Adding100Items/total": 639.6424226945273,
  "EmberJS-Debug-TodoMVC/CompletingAllItems/Async": 32.188377509620764,
  "EmberJS-Debug-TodoMVC/CompletingAllItems/Sync": 363.5696132705582,
  "EmberJS-Debug-TodoMVC/CompletingAllItems/total": 395.77485255282124,
  "EmberJS-Debug-TodoMVC/DeletingItems/Async": 6.796924819014939,
  "EmberJS-Debug-TodoMVC/DeletingItems/Sync": 386.7158919788745,
  "EmberJS-Debug-TodoMVC/DeletingItems/total": 394.236513783576,
  "EmberJS-Debug-TodoMVC/total": 1430.078049451566,
  "EmberJS-TodoMVC/Adding100Items/Async": 42.69030164701158,
  "EmberJS-TodoMVC/Adding100Items/Sync": 224.8559243994271,
  "EmberJS-TodoMVC/Adding100Items/total": 267.6459343640039,
  "EmberJS-TodoMVC/CompletingAllItems/Async": 39.008680889399216,
  "EmberJS-TodoMVC/CompletingAllItems/Sync": 122.34871320206373,
  "EmberJS-TodoMVC/CompletingAllItems/total": 161.75704968442471,
  "EmberJS-TodoMVC/DeletingItems/Async": 4.701744869575807,
  "EmberJS-TodoMVC/DeletingItems/Sync": 85.75940293561382,
  "EmberJS-TodoMVC/DeletingItems/total": 90.58352243845593,
  "EmberJS-TodoMVC/total": 520.7185761451634,
  "Flight-TodoMVC/Adding100Items/Async": 41.074490091516424,
  "Flight-TodoMVC/Adding100Items/Sync": 118.13728293276716,
  "Flight-TodoMVC/Adding100Items/total": 159.45607773224143,
  "Flight-TodoMVC/CompletingAllItems/Async": 32.98447243002008,
  "Flight-TodoMVC/CompletingAllItems/Sync": 125.17657892069539,
  "Flight-TodoMVC/CompletingAllItems/total": 158.31639602876032,
  "Flight-TodoMVC/DeletingItems/Async": 5.156219920008816,
  "Flight-TodoMVC/DeletingItems/Sync": 110.27998044908338,
  "Flight-TodoMVC/DeletingItems/total": 115.95082712072461,
  "Flight-TodoMVC/total": 433.80914281103503,
  "Inferno-TodoMVC/Adding100Items/Async": 44.84274798248403,
  "Inferno-TodoMVC/Adding100Items/Sync": 54.93556680552068,
  "Inferno-TodoMVC/Adding100Items/total": 99.9746388119863,
  "Inferno-TodoMVC/CompletingAllItems/Async": 10.167426791946387,
  "Inferno-TodoMVC/CompletingAllItems/Sync": 118.43521298181034,
  "Inferno-TodoMVC/CompletingAllItems/total": 129.10157801010286,
  "Inferno-TodoMVC/DeletingItems/Async": 3.978794246772883,
  "Inferno-TodoMVC/DeletingItems/Sync": 247.5604587378059,
  "Inferno-TodoMVC/DeletingItems/total": 251.57919687843508,
  "Inferno-TodoMVC/total": 480.9140967643474,
  "Preact-TodoMVC/Adding100Items/Async": 61.823344702567574,
  "Preact-TodoMVC/Adding100Items/Sync": 10.591679981831973,
  "Preact-TodoMVC/Adding100Items/total": 72.444440452597,
  "Preact-TodoMVC/CompletingAllItems/Async": 26.50313012940803,
  "Preact-TodoMVC/CompletingAllItems/Sync": 3.902802461498981,
  "Preact-TodoMVC/CompletingAllItems/total": 30.464846251138226,
  "Preact-TodoMVC/DeletingItems/Async": 7.987195361583147,
  "Preact-TodoMVC/DeletingItems/Sync": 2.182276336645902,
  "Preact-TodoMVC/DeletingItems/total": 10.176631187906066,
  "Preact-TodoMVC/total": 114.69430455880148,
  "React-Redux-TodoMVC/Adding100Items/Async": 41.99602912913837,
  "React-Redux-TodoMVC/Adding100Items/Sync": 194.9142455525306,
  "React-Redux-TodoMVC/Adding100Items/total": 236.98545413798723,
  "React-Redux-TodoMVC/CompletingAllItems/Async": 31.752082038989023,
  "React-Redux-TodoMVC/CompletingAllItems/Sync": 175.07530220826686,
  "React-Redux-TodoMVC/CompletingAllItems/total": 206.85200040149695,
  "React-Redux-TodoMVC/DeletingItems/Async": 4.447859715935222,
  "React-Redux-TodoMVC/DeletingItems/Sync": 116.08009730353622,
  "React-Redux-TodoMVC/DeletingItems/total": 120.62385842244237,
  "React-Redux-TodoMVC/total": 564.62465758795,
  "React-TodoMVC/Adding100Items/Async": 43.49195357772129,
  "React-TodoMVC/Adding100Items/Sync": 143.81261150619653,
  "React-TodoMVC/Adding100Items/total": 187.33394786820858,
  "React-TodoMVC/CompletingAllItems/Async": 34.0917334999879,
  "React-TodoMVC/CompletingAllItems/Sync": 86.309462523087,
  "React-TodoMVC/CompletingAllItems/total": 120.50001111941646,
  "React-TodoMVC/DeletingAllItems/Async": 4.382094288962393,
  "React-TodoMVC/DeletingAllItems/Sync": 56.22775065299615,
  "React-TodoMVC/DeletingAllItems/total": 60.67829790836704,
  "React-TodoMVC/total": 368.5893599144219,
  "Vanilla-ES2015-Babel-Webpack-TodoMVC/Adding100Items/Async": 38.54249218271307,
  "Vanilla-ES2015-Babel-Webpack-TodoMVC/Adding100Items/Sync": 342.85291359554225,
  "Vanilla-ES2015-Babel-Webpack-TodoMVC/Adding100Items/total": 381.43109950277136,
  "Vanilla-ES2015-Babel-Webpack-TodoMVC/CompletingAllItems/Async": 31.31655994303905,
  "Vanilla-ES2015-Babel-Webpack-TodoMVC/CompletingAllItems/Sync": 78.36584488427256,
  "Vanilla-ES2015-Babel-Webpack-TodoMVC/CompletingAllItems/total": 109.7018571523643,
  "Vanilla-ES2015-Babel-Webpack-TodoMVC/DeletingItems/Async": 4.69216458958318,
  "Vanilla-ES2015-Babel-Webpack-TodoMVC/DeletingItems/Sync": 52.598571624922144,
  "Vanilla-ES2015-Babel-Webpack-TodoMVC/DeletingItems/total": 57.32800532516819,
  "Vanilla-ES2015-Babel-Webpack-TodoMVC/total": 548.6611411592762,
  "Vanilla-ES2015-TodoMVC/Adding100Items/Async": 38.47334806632564,
  "Vanilla-ES2015-TodoMVC/Adding100Items/Sync": 353.4252109638499,
  "Vanilla-ES2015-TodoMVC/Adding100Items/total": 391.92360834095314,
  "Vanilla-ES2015-TodoMVC/CompletingAllItems/Async": 31.470533804630268,