{
  "browser-setup": 3.302737,
  "browser-tear_down": 0.29653,
  "probes-creation": 0.000196,
  "probes-setup": 0.000168,
  "probes-start": 0.000107,
  "run": 111.592691,
  "runner-cooldown": 2.002076
}