{
  "Angular2-TypeScript-TodoMVC/Adding100Items/Async": 32.51703369929282,
  "Angular2-TypeScript-TodoMVC/Adding100Items/Sync": 42.25966370431698,
  "Angular2-TypeScript-TodoMVC/Adding100Items/total": 74.81574581164269,
  "Angular2-TypeScript-TodoMVC/CompletingAllItems/Async": 12.794717974332737,
  "Angular2-TypeScript-TodoMVC/CompletingAllItems/Sync": 8.585887747358205,
  "Angular2-TypeScript-TodoMVC/CompletingAllItems/total": 21.382173217334024,
  "Angular2-TypeScript-TodoMVC/DeletingItems/Async": 2.8945264089431975,
  "Angular2-TypeScript-TodoMVC/DeletingItems/Sync": 16.507685393415006,
  "Angular2-TypeScript-TodoMVC/DeletingItems/total": 19.415891955220623,
  "Angular2-TypeScript-TodoMVC/total": 115.62832738074032,
  "AngularJS-TodoMVC/Adding100Items/Async": 42.07966498858761,
  "AngularJS-TodoMVC/Adding100Items/Sync": 158.8730991712161,
  "AngularJS-TodoMVC/Adding100Items/total": 200.99607462255545,
  "AngularJS-TodoMVC/CompletingAllItems/Async": 25.44037568323729,
  "AngularJS-TodoMVC/CompletingAllItems/Sync": 55.09713661695894,
  "AngularJS-TodoMVC/CompletingAllItems/total": 80.58685853791306,
  "AngularJS-TodoMVC/DeletingAllItems/Async": 15.561291628264994,
  "AngularJS-TodoMVC/DeletingAllItems/Sync": 158.17046308170893,
  "AngularJS-TodoMVC/DeletingAllItems/total": 173.7922939100537,
  "AngularJS-TodoMVC/total": 455.51547290178013,
  "BackboneJS-TodoMVC/Adding100Items/Async": 41.9749859613446,
  "BackboneJS-TodoMVC/Adding100Items/Sync": 55.123816116117084,
  "BackboneJS-TodoMVC/Adding100Items/total": 97.23434496387625,
  "BackboneJS-TodoMVC/CompletingAllItems/Async": 30.698448985002074,
  "BackboneJS-TodoMVC/CompletingAllItems/Sync": 37.56629907785551,
  "BackboneJS-TodoMVC/CompletingAllItems/total": 68.36662082508553,
  "BackboneJS-TodoMVC/DeletingAllItems/Async": 4.862175868738216,
  "BackboneJS-TodoMVC/DeletingAllItems/Sync": 25.85241736953481,
  "BackboneJS-TodoMVC/DeletingAllItems/total": 31.208008699897864,
  "BackboneJS-TodoMVC/total": 196.92908190012167,
  "Elm-TodoMVC/Adding100Items/Async": 48.573582537462514,
  "Elm-TodoMVC/Adding100Items/Sync": 86.99571841633386,
  "Elm-TodoMVC/Adding100Items/total": 135.6243853250966,
  "Elm-TodoMVC/CompletingAllItems/Async": 30.152005257076887,
  "Elm-TodoMVC/CompletingAllItems/Sync": 82.7877012587743,
  "Elm-TodoMVC/CompletingAllItems/total": 112.97320112222224,
  "Elm-TodoMVC/DeletingItems/Async": 9.098781457726023,
  "Elm-TodoMVC/DeletingItems/Sync": 103.0072469180155,
  "Elm-TodoMVC/DeletingItems/total": 112.21120888914723,
  "Elm-TodoMVC/total": 360.8776341539804,
  "EmberJS-Debug-TodoMVC/Adding100Items/Async": 46.70198045068533,
  "EmberJS-Debug-TodoMVC/Adding100Items/Sync": 737.4876250930654,
  "EmberJS-Debug-TodoMVC/Adding100Items/total": 784.8892619503475,
  "EmberJS-Debug-TodoMVC/CompletingAllItems/Async": 33.31194445131258,
  "EmberJS-Debug-TodoMVC/CompletingAllItems/Sync": 296.2754902967019,
  "EmberJS-Debug-TodoMVC/CompletingAllItems/total": 329.7351051242171,
  "EmberJS-Debug-TodoMVC/DeletingItems/Async": 11.486525908018182,
  "EmberJS-Debug-TodoMVC/DeletingItems/Sync": 283.1389056591739,
  "EmberJS-Debug-TodoMVC/DeletingItems/total": 297.17441458810885,
  "EmberJS-Debug-TodoMVC/total": 1418.8640832943108,
  "EmberJS-TodoMVC/Adding100Items/Async": 34.034606720719246,
  "EmberJS-TodoMVC/Adding100Items/Sync": 150.55581464815546,
  "EmberJS-TodoMVC/Adding100Items/total": 184.7285733649742,
  "EmberJS-TodoMVC/CompletingAllItems/Async": 28.721667259387534,
  "EmberJS-TodoMVC/CompletingAllItems/Sync": 105.25159272853,
  "EmberJS-TodoMVC/CompletingAllItems/total": 134.13975432591553,
  "EmberJS-TodoMVC/DeletingItems/Async": 3.768495242151988,
  "EmberJS-TodoMVC/DeletingItems/Sync": 73.2216947541378,
  "EmberJS-TodoMVC/DeletingItems/total": 77.04020386052626,
  "EmberJS-TodoMVC/total": 397.02764349062636,
  "Flight-TodoMVC/Adding100Items/Async": 33.464296415194816,
  "Flight-TodoMVC/Adding100Items/Sync": 80.02052522755832,
  "Flight-TodoMVC/Adding100Items/total": 113.59488218240244,
  "Flight-TodoMVC/CompletingAllItems/Async": 24.875030469360397,
  "Flight-TodoMVC/CompletingAllItems/Sync": 83.92846587133542,
  "Flight-TodoMVC/CompletingAllItems/total": 108.80791018715063,
  "Flight-TodoMVC/DeletingItems/Async": 3.506019892959761,
  "Flight-TodoMVC/DeletingItems/Sync": 69.04567897136265,
  "Flight-TodoMVC/DeletingItems/total": 72.59417615512277,
  "Flight-TodoMVC/total": 295.15924221385643,
  "Inferno-TodoMVC/Adding100Items/Async": 39.91236056692635,
  "Inferno-TodoMVC/Adding100Items/Sync": 46.96201027595057,
  "Inferno-TodoMVC/Adding100Items/total": 86.97341812139403,
  "Inferno-TodoMVC/CompletingAllItems/Async": 6.684629300512477,
  "Inferno-TodoMVC/CompletingAllItems/Sync": 86.05891705857645,
  "Inferno-TodoMVC/CompletingAllItems/total": 92.78844140566648,
  "Inferno-TodoMVC/DeletingItems/Async": 3.239104332841801,
  "Inferno-TodoMVC/DeletingItems/Sync": 202.2284413768653,
  "Inferno-TodoMVC/DeletingItems/total": 205.50096978403585,
  "Inferno-TodoMVC/total": 385.6864038579878,
  "Preact-TodoMVC/Adding100Items/Async": 37.735698459203284,
  "Preact-TodoMVC/Adding100Items/Sync": 5.021298507424012,
  "Preact-TodoMVC/Adding100Items/total": 42.76056094559815,
  "Preact-TodoMVC/CompletingAllItems/Async": 17.17837465271094,
  "Preact-TodoMVC/CompletingAllItems/Sync": 3.0879088090688076,
  "Preact-TodoMVC/CompletingAllItems/total": 20.294519299337377,
  "Preact-TodoMVC/DeletingItems/Async": 4.890342565227782,
  "Preact-TodoMVC/DeletingItems/Sync": 1.6428198499838313,
  "Preact-TodoMVC/DeletingItems/total": 6.55846194635946,
  "Preact-TodoMVC/total": 69.78631928901427,
  "React-Redux-TodoMVC/Adding100Items/Async": 33.47671234572451,
  "React-Redux-TodoMVC/Adding100Items/Sync": 137.94488588418037,
  "React-Redux-TodoMVC/Adding100Items/total": 171.61297661124635,
  "React-Redux-TodoMVC/CompletingAllItems/Async": 27.800104914563523,
  "React-Redux-TodoMVC/CompletingAllItems/Sync": 148.43254062016473,
  "React-Redux-TodoMVC/CompletingAllItems/total": 176.83521449828132,
  "React-Redux-TodoMVC/DeletingItems/Async": 4.491646073757726,
  "React-Redux-TodoMVC/DeletingItems/Sync": 106.1097047688994,
  "React-Redux-TodoMVC/DeletingItems/total": 111.3635989346539,
  "React-Redux-TodoMVC/total": 462.58704436621645,
  "React-TodoMVC/Adding100Items/Async": 35.2154142842814,
  "React-TodoMVC/Adding100Items/Sync": 109.82393337418233,
  "React-TodoMVC/Adding100Items/total": 145.23267586520012,
  "React-TodoMVC/CompletingAllItems/Async": 27.768639044277393,
  "React-TodoMVC/CompletingAllItems/Sync": 62.90142457295092,
  "React-TodoMVC/CompletingAllItems/total": 90.69348400492788,
  "React-TodoMVC/DeletingAllItems/Async": 3.0085675164023904,
  "React-TodoMVC/DeletingAllItems/Sync": 48.08699595017469,
  "React-TodoMVC/DeletingAllItems/total": 51.12898017388089,
  "React-TodoMVC/total": 287.4946701110961,
  "Vanilla-ES2015-Babel-Webpack-TodoMVC/Adding100Items/Async": 35.398787340630285,
  "Vanilla-ES2015-Babel-Webpack-TodoMVC/Adding100Items/Sync": 293.0992539415465,
  "Vanilla-ES2015-Babel-Webpack-TodoMVC/Adding100Items/total": 328.5314792495048,
  "Vanilla-ES2015-Babel-Webpack-TodoMVC/CompletingAllItems/Async": 26.80533344157579,
  "Vanilla-ES2015-Babel-Webpack-TodoMVC/CompletingAllItems/Sync": 63.064194300284264,
  "Vanilla-ES2015-Babel-Webpack-TodoMVC/CompletingAllItems/total": 89.90803693590642,
  "Vanilla-ES2015-Babel-Webpack-TodoMVC/DeletingItems/Async": 4.274683000639694,
  "Vanilla-ES2015-Babel-Webpack-TodoMVC/DeletingItems/Sync": 39.9105428739888,
  "Vanilla-ES2015-Babel-Webpack-TodoMVC/DeletingItems/total": 46.753684387712234,
  "Vanilla-ES2015-Babel-Webpack-TodoMVC/total": 466.80049645536747,
  "Vanilla-ES2015-TodoMVC/Adding100Items/Async": 34.88046659114884,
  "Vanilla-ES2015-TodoMVC/Adding100Items/Sync": 301.3882497640946,
  "Vanilla-ES2015-TodoMVC/Adding100Items/total": 336.34991370965366,
  "Vanilla-ES2015-TodoMVC/CompletingAllItems/Async": 25.81204373036008,