{
  "browser-setup": 3.282427,
  "browser-tear_down": 0.232206,
  "probes-creation": 0.000211,
  "probes-setup": 0.00018,
  "probes-start": 8.6e-05,
  "run": 115.527928,
  "runner-cooldown": 2.002071
}