{
  "Angular2-TypeScript-TodoMVC/Adding100Items/Async": 32.37928858618869,
  "Angular2-TypeScript-TodoMVC/Adding100Items/Sync": 42.96364019646704,
  "Angular2-TypeScript-TodoMVC/Adding100Items/total": 75.39265042902115,
  "Angular2-TypeScript-TodoMVC/CompletingAllItems/Async": 12.93827904205919,
  "Angular2-TypeScript-TodoMVC/CompletingAllItems/Sync": 8.648121661281174,
  "Angular2-TypeScript-TodoMVC/CompletingAllItems/total": 21.58783437589834,
  "Angular2-TypeScript-TodoMVC/DeletingItems/Async": 2.8348120444479754,
  "Angular2-TypeScript-TodoMVC/DeletingItems/Sync": 16.51253069216064,
  "Angular2-TypeScript-TodoMVC/DeletingItems/total": 19.352467751306744,
  "Angular2-TypeScript-TodoMVC/total": 116.34724483428663,
  "AngularJS-TodoMVC/Adding100Items/Async": 41.84186514193825,
  "AngularJS-TodoMVC/Adding100Items/Sync": 155.84966614328732,
  "AngularJS-TodoMVC/Adding100Items/total": 197.70002796106627,
  "AngularJS-TodoMVC/CompletingAllItems/Async": 27.78610366625816,
  "AngularJS-TodoMVC/CompletingAllItems/Sync": 54.71447243579823,
  "AngularJS-TodoMVC/CompletingAllItems/total": 83.16644611378986,
  "AngularJS-TodoMVC/DeletingAllItems/Async": 16.223931927373293,
  "AngularJS-TodoMVC/DeletingAllItems/Sync": 157.9302511504848,
  "AngularJS-TodoMVC/DeletingAllItems/total": 174.22451508998148,
  "AngularJS-TodoMVC/total": 455.54141619949286,
  "BackboneJS-TodoMVC/Adding100Items/Async": 41.124471661303495,
  "BackboneJS-TodoMVC/Adding100Items/Sync": 55.82588150953996,
  "BackboneJS-TodoMVC/Adding100Items/total": 97.10261757218983,
  "BackboneJS-TodoMVC/CompletingAllItems/Async": 31.613513421085592,
  "BackboneJS-TodoMVC/CompletingAllItems/Sync": 37.952843454460854,
  "BackboneJS-TodoMVC/CompletingAllItems/total": 69.66379342957318,
  "BackboneJS-TodoMVC/DeletingAllItems/Async": 5.131183254915799,
  "BackboneJS-TodoMVC/DeletingAllItems/Sync": 26.203752521101386,
  "BackboneJS-TodoMVC/DeletingAllItems/total": 32.217072833632585,
  "BackboneJS-TodoMVC/total": 199.17776376505833,
  "Elm-TodoMVC/Adding100Items/Async": 48.86385888933863,
  "Elm-TodoMVC/Adding100Items/Sync": 89.29023544618944,
  "Elm-TodoMVC/Adding100Items/total": 138.28550161549225,
  "Elm-TodoMVC/CompletingAllItems/Async": 30.233668402065145,
  "Elm-TodoMVC/CompletingAllItems/Sync": 83.9992515856655,
  "Elm-TodoMVC/CompletingAllItems/total": 114.26980511139641,
  "Elm-TodoMVC/DeletingItems/Async": 9.303440135331241,
  "Elm-TodoMVC/DeletingItems/Sync": 104.67983737427588,
  "Elm-TodoMVC/DeletingItems/total": 114.10090494534055,
  "Elm-TodoMVC/total": 366.72164108655136,
  "EmberJS-Debug-TodoMVC/Adding100Items/Async": 46.30455530560144,
  "EmberJS-Debug-TodoMVC/Adding100Items/Sync": 739.2133365085817,
  "EmberJS-Debug-TodoMVC/Adding100Items/total": 786.226830098386,
  "EmberJS-Debug-TodoMVC/CompletingAllItems/Async": 35.85042720179438,
  "EmberJS-Debug-TodoMVC/CompletingAllItems/Sync": 296.82368974909315,
  "EmberJS-Debug-TodoMVC/CompletingAllItems/total": 333.08573604313926,
  "EmberJS-Debug-TodoMVC/DeletingItems/Async": 14.59434914641913,
  "EmberJS-Debug-TodoMVC/DeletingItems/Sync": 283.85957124485265,
  "EmberJS-Debug-TodoMVC/DeletingItems/total": 303.0739114169961,
  "EmberJS-Debug-TodoMVC/total": 1429.4724882028631,
  "EmberJS-TodoMVC/Adding100Items/Async": 34.14120510965029,
  "EmberJS-TodoMVC/Adding100Items/Sync": 150.28426333959348,
  "EmberJS-TodoMVC/Adding100Items/total": 184.51882856982112,
  "EmberJS-TodoMVC/CompletingAllItems/Async": 28.599123991127797,
  "EmberJS-TodoMVC/CompletingAllItems/Sync": 109.55057635054041,
  "EmberJS-TodoMVC/CompletingAllItems/total": 138.36944793636027,
  "EmberJS-TodoMVC/DeletingItems/Async": 3.6668675623233704,
  "EmberJS-TodoMVC/DeletingItems/Sync": 73.42022450565764,
  "EmberJS-TodoMVC/DeletingItems/total": 77.13602646009599,
  "EmberJS-TodoMVC/total": 400.97757931929567,
  "Flight-TodoMVC/Adding100Items/Async": 33.978933603126876,
  "Flight-TodoMVC/Adding100Items/Sync": 79.26859382622169,
  "Flight-TodoMVC/Adding100Items/total": 113.2627996174458,
  "Flight-TodoMVC/CompletingAllItems/Async": 25.436406913968938,
  "Flight-TodoMVC/CompletingAllItems/Sync": 86.24213403109705,
  "Flight-TodoMVC/CompletingAllItems/total": 111.68047949418164,
  "Flight-TodoMVC/DeletingItems/Async": 4.456142104433939,
  "Flight-TodoMVC/DeletingItems/Sync": 70.03737610514072,
  "Flight-TodoMVC/DeletingItems/total": 77.59138361375909,
  "Flight-TodoMVC/total": 303.3538275564122,
  "Inferno-TodoMVC/Adding100Items/Async": 39.362574497595084,
  "Inferno-TodoMVC/Adding100Items/Sync": 44.471950465650345,
  "Inferno-TodoMVC/Adding100Items/total": 83.95925638978952,
  "Inferno-TodoMVC/CompletingAllItems/Async": 7.233277735474458,
  "Inferno-TodoMVC/CompletingAllItems/Sync": 86.32853306177243,
  "Inferno-TodoMVC/CompletingAllItems/total": 93.83271242392767,
  "Inferno-TodoMVC/DeletingItems/Async": 3.399895227979072,
  "Inferno-TodoMVC/DeletingItems/Sync": 207.44569365204518,
  "Inferno-TodoMVC/DeletingItems/total": 210.88067934498034,
  "Inferno-TodoMVC/total": 388.7599168449983,
  "Preact-TodoMVC/Adding100Items/Async": 38.19369161946823,
  "Preact-TodoMVC/Adding100Items/Sync": 5.021656166115305,
  "Preact-TodoMVC/Adding100Items/total": 43.221788193476314,
  "Preact-TodoMVC/CompletingAllItems/Async": 16.42646824841977,
  "Preact-TodoMVC/CompletingAllItems/Sync": 3.194049689721144,
  "Preact-TodoMVC/CompletingAllItems/total": 19.63367759229918,
  "Preact-TodoMVC/DeletingItems/Async": 5.231758650320053,
  "Preact-TodoMVC/DeletingItems/Sync": 1.9255010392960297,
  "Preact-TodoMVC/DeletingItems/total": 7.205827426562193,
  "Preact-TodoMVC/total": 70.12192818727081,
  "React-Redux-TodoMVC/Adding100Items/Async": 33.70829808616906,
  "React-Redux-TodoMVC/Adding100Items/Sync": 137.3700333558439,
  "React-Redux-TodoMVC/Adding100Items/total": 171.23948313308733,
  "React-Redux-TodoMVC/CompletingAllItems/Async": 27.435025969828118,
  "React-Redux-TodoMVC/CompletingAllItems/Sync": 146.41569316308318,
  "React-Redux-TodoMVC/CompletingAllItems/total": 174.25979465392786,
  "React-Redux-TodoMVC/DeletingItems/Async": 4.410443451496704,
  "React-Redux-TodoMVC/DeletingItems/Sync": 107.45838954502115,
  "React-Redux-TodoMVC/DeletingItems/total": 112.1325544344696,
  "React-Redux-TodoMVC/total": 460.31379534320513,
  "React-TodoMVC/Adding100Items/Async": 35.09896990097527,
  "React-TodoMVC/Adding100Items/Sync": 109.84165688348642,
  "React-TodoMVC/Adding100Items/total": 145.1343349976774,
  "React-TodoMVC/CompletingAllItems/Async": 27.743976065941975,
  "React-TodoMVC/CompletingAllItems/Sync": 62.289650894538994,
  "React-TodoMVC/CompletingAllItems/total": 90.05477226345492,
  "React-TodoMVC/DeletingAllItems/Async": 3.091184103878204,
  "React-TodoMVC/DeletingAllItems/Sync": 47.919998812795384,
  "React-TodoMVC/DeletingAllItems/total": 51.076517543650816,
  "React-TodoMVC/total": 286.76368500422365,
  "Vanilla-ES2015-Babel-Webpack-TodoMVC/Adding100Items/Async": 35.54826549829023,
  "Vanilla-ES2015-Babel-Webpack-TodoMVC/Adding100Items/Sync": 295.56065202791666,
  "Vanilla-ES2015-Babel-Webpack-TodoMVC/Adding100Items/total": 331.1487848954002,
  "Vanilla-ES2015-Babel-Webpack-TodoMVC/CompletingAllItems/Async": 25.893973450710916,
  "Vanilla-ES2015-Babel-Webpack-TodoMVC/CompletingAllItems/Sync": 63.700274029511355,
  "Vanilla-ES2015-Babel-Webpack-TodoMVC/CompletingAllItems/total": 89.63458755285393,
  "Vanilla-ES2015-Babel-Webpack-TodoMVC/DeletingItems/Async": 3.3491609805919405,
  "Vanilla-ES2015-Babel-Webpack-TodoMVC/DeletingItems/Sync": 40.399194770068526,
  "Vanilla-ES2015-Babel-Webpack-TodoMVC/DeletingItems/total": 43.83673423778092,
  "Vanilla-ES2015-Babel-Webpack-TodoMVC/total": 464.6567714816796,
  "Vanilla-ES2015-TodoMVC/Adding100Items/Async": 35.176342181886085,
  "Vanilla-ES2015-TodoMVC/Adding100Items/Sync": 301.9353916905373,
  "Vanilla-ES2015-TodoMVC/Adding100Items/total": 337.18736379737936,
  "Vanilla-ES2015-TodoMVC/CompletingAllItems/Async": 26.827380230918447,