{
  "browser-setup": 4.053519,
  "browser-tear_down": 0.225716,
  "probes-creation": 0.000128,
  "probes-setup": 0.000102,
  "probes-start": 7e-05,
  "run": 135.307351,
  "runner-cooldown": 2.002051
}