{
  "Angular2-TypeScript-TodoMVC/Adding100Items/Async": 37.16814430831985,
  "Angular2-TypeScript-TodoMVC/Adding100Items/Sync": 53.767785660811,
  "Angular2-TypeScript-TodoMVC/Adding100Items/total": 90.95959945567658,
  "Angular2-TypeScript-TodoMVC/CompletingAllItems/Async": 14.128468653580377,
  "Angular2-TypeScript-TodoMVC/CompletingAllItems/Sync": 9.924583453137844,
  "Angular2-TypeScript-TodoMVC/CompletingAllItems/total": 24.05491965359895,
  "Angular2-TypeScript-TodoMVC/DeletingItems/Async": 3.7038822453854707,
  "Angular2-TypeScript-TodoMVC/DeletingItems/Sync": 17.51858905845481,
  "Angular2-TypeScript-TodoMVC/DeletingItems/total": 21.23283933647851,
  "Angular2-TypeScript-TodoMVC/total": 136.25210686259217,
  "AngularJS-TodoMVC/Adding100Items/Async": 55.576205070451515,
  "AngularJS-TodoMVC/Adding100Items/Sync": 265.0859533623857,
  "AngularJS-TodoMVC/Adding100Items/total": 322.71649117160007,
  "AngularJS-TodoMVC/CompletingAllItems/Async": 30.663771025081722,
  "AngularJS-TodoMVC/CompletingAllItems/Sync": 71.8911069148743,
  "AngularJS-TodoMVC/CompletingAllItems/total": 102.81401674426304,
  "AngularJS-TodoMVC/DeletingAllItems/Async": 16.22877447711355,
  "AngularJS-TodoMVC/DeletingAllItems/Sync": 284.6634720305062,
  "AngularJS-TodoMVC/DeletingAllItems/total": 301.0377119196865,
  "AngularJS-TodoMVC/total": 733.0668930004683,
  "BackboneJS-TodoMVC/Adding100Items/Async": 43.736875632802445,
  "BackboneJS-TodoMVC/Adding100Items/Sync": 73.65098208056713,
  "BackboneJS-TodoMVC/Adding100Items/total": 117.59131275560999,
  "BackboneJS-TodoMVC/CompletingAllItems/Async": 33.03894197030752,
  "BackboneJS-TodoMVC/CompletingAllItems/Sync": 48.672921835732296,
  "BackboneJS-TodoMVC/CompletingAllItems/total": 81.88970172402787,
  "BackboneJS-TodoMVC/DeletingAllItems/Async": 4.855718182453879,
  "BackboneJS-TodoMVC/DeletingAllItems/Sync": 30.79436719395658,
  "BackboneJS-TodoMVC/DeletingAllItems/total": 35.7004771241636,
  "BackboneJS-TodoMVC/total": 235.2378287480958,
  "Elm-TodoMVC/Adding100Items/Async": 52.33454353544626,
  "Elm-TodoMVC/Adding100Items/Sync": 148.668587934607,
  "Elm-TodoMVC/Adding100Items/total": 203.61906600184133,
  "Elm-TodoMVC/CompletingAllItems/Async": 35.348358509281844,
  "Elm-TodoMVC/CompletingAllItems/Sync": 140.25195234767776,
  "Elm-TodoMVC/CompletingAllItems/total": 176.65480899194293,
  "Elm-TodoMVC/DeletingItems/Async": 11.441133418624338,
  "Elm-TodoMVC/DeletingItems/Sync": 167.4833465740816,
  "Elm-TodoMVC/DeletingItems/total": 179.60260203387728,
  "Elm-TodoMVC/total": 583.9053361328348,
  "EmberJS-Debug-TodoMVC/Adding100Items/Async": 46.43716861049788,
  "EmberJS-Debug-TodoMVC/Adding100Items/Sync": 576.2333513957558,
  "EmberJS-Debug-TodoMVC/Adding100Items/total": 622.7552110157069,
  "EmberJS-Debug-TodoMVC/CompletingAllItems/Async": 31.3497274269397,
  "EmberJS-Debug-TodoMVC/CompletingAllItems/Sync": 357.12641207218564,
  "EmberJS-Debug-TodoMVC/CompletingAllItems/total": 388.54909915460604,
  "EmberJS-Debug-TodoMVC/DeletingItems/Async": 9.410856953852988,
  "EmberJS-Debug-TodoMVC/DeletingItems/Sync": 400.0886012476635,
  "EmberJS-Debug-TodoMVC/DeletingItems/total": 410.8076724313353,
  "EmberJS-Debug-TodoMVC/total": 1429.7410285509088,
  "EmberJS-TodoMVC/Adding100Items/Async": 43.649549234770745,
  "EmberJS-TodoMVC/Adding100Items/Sync": 203.94166469165265,
  "EmberJS-TodoMVC/Adding100Items/total": 247.90282983059657,
  "EmberJS-TodoMVC/CompletingAllItems/Async": 34.30468511697824,
  "EmberJS-TodoMVC/CompletingAllItems/Sync": 127.38903332129468,
  "EmberJS-TodoMVC/CompletingAllItems/total": 162.30767975114273,
  "EmberJS-TodoMVC/DeletingItems/Async": 4.611907351636476,
  "EmberJS-TodoMVC/DeletingItems/Sync": 83.64961177390101,
  "EmberJS-TodoMVC/DeletingItems/total": 88.48046870125245,
  "EmberJS-TodoMVC/total": 500.38441354689235,
  "Flight-TodoMVC/Adding100Items/Async": 38.94723138063875,
  "Flight-TodoMVC/Adding100Items/Sync": 97.63713303608698,
  "Flight-TodoMVC/Adding100Items/total": 136.59971180166255,
  "Flight-TodoMVC/CompletingAllItems/Async": 28.637553025300615,
  "Flight-TodoMVC/CompletingAllItems/Sync": 107.73183236606975,
  "Flight-TodoMVC/CompletingAllItems/total": 136.47744289649705,
  "Flight-TodoMVC/DeletingItems/Async": 3.756332023944371,
  "Flight-TodoMVC/DeletingItems/Sync": 87.64851742073145,
  "Flight-TodoMVC/DeletingItems/total": 91.41329692983061,
  "Flight-TodoMVC/total": 364.6676400661081,
  "Inferno-TodoMVC/Adding100Items/Async": 44.535670050511115,
  "Inferno-TodoMVC/Adding100Items/Sync": 51.15197722035836,
  "Inferno-TodoMVC/Adding100Items/total": 95.7616830342143,
  "Inferno-TodoMVC/CompletingAllItems/Async": 11.308086327424771,
  "Inferno-TodoMVC/CompletingAllItems/Sync": 110.56304359976146,
  "Inferno-TodoMVC/CompletingAllItems/total": 122.31422419695734,
  "Inferno-TodoMVC/DeletingItems/Async": 3.5221631724697557,
  "Inferno-TodoMVC/DeletingItems/Sync": 247.7031676696793,
  "Inferno-TodoMVC/DeletingItems/total": 251.2421109774034,
  "Inferno-TodoMVC/total": 469.6476795577667,
  "Preact-TodoMVC/Adding100Items/Async": 43.848535839885095,
  "Preact-TodoMVC/Adding100Items/Sync": 6.534374046535121,
  "Preact-TodoMVC/Adding100Items/total": 50.397154170229946,
  "Preact-TodoMVC/CompletingAllItems/Async": 31.647697872524287,
  "Preact-TodoMVC/CompletingAllItems/Sync": 4.186206312796632,
  "Preact-TodoMVC/CompletingAllItems/total": 35.84308396379744,
  "Preact-TodoMVC/DeletingItems/Async": 7.547986691762636,
  "Preact-TodoMVC/DeletingItems/Sync": 2.180852986018811,
  "Preact-TodoMVC/DeletingItems/total": 9.765730820977462,
  "Preact-TodoMVC/total": 96.01357020155358,
  "React-Redux-TodoMVC/Adding100Items/Async": 43.78012351077101,
  "React-Redux-TodoMVC/Adding100Items/Sync": 180.7580583687865,
  "React-Redux-TodoMVC/Adding100Items/total": 224.83289440500187,
  "React-Redux-TodoMVC/CompletingAllItems/Async": 30.684217245805453,
  "React-Redux-TodoMVC/CompletingAllItems/Sync": 195.24950132870256,
  "React-Redux-TodoMVC/CompletingAllItems/total": 226.27428879075808,
  "React-Redux-TodoMVC/DeletingItems/Async": 5.838247576313252,
  "React-Redux-TodoMVC/DeletingItems/Sync": 121.73316998196516,
  "React-Redux-TodoMVC/DeletingItems/total": 128.18985124883588,
  "React-Redux-TodoMVC/total": 585.6854995677645,
  "React-TodoMVC/Adding100Items/Async": 42.55011047697326,
  "React-TodoMVC/Adding100Items/Sync": 139.55782144590313,
  "React-TodoMVC/Adding100Items/total": 182.22509801349017,
  "React-TodoMVC/CompletingAllItems/Async": 30.86498672856487,
  "React-TodoMVC/CompletingAllItems/Sync": 106.58949417359776,
  "React-TodoMVC/CompletingAllItems/total": 139.30977524486596,
  "React-TodoMVC/DeletingAllItems/Async": 4.7476966251368795,
  "React-TodoMVC/DeletingAllItems/Sync": 57.18234452936726,
  "React-TodoMVC/DeletingAllItems/total": 62.47886031154861,
  "React-TodoMVC/total": 392.89669607544516,
  "Vanilla-ES2015-Babel-Webpack-TodoMVC/Adding100Items/Async": 39.098593542416076,
  "Vanilla-ES2015-Babel-Webpack-TodoMVC/Adding100Items/Sync": 348.12979532337954,
  "Vanilla-ES2015-Babel-Webpack-TodoMVC/Adding100Items/total": 387.3515478604369,
  "Vanilla-ES2015-Babel-Webpack-TodoMVC/CompletingAllItems/Async": 30.23224772249748,
  "Vanilla-ES2015-Babel-Webpack-TodoMVC/CompletingAllItems/Sync": 71.9738736888735,
  "Vanilla-ES2015-Babel-Webpack-TodoMVC/CompletingAllItems/total": 102.23182135494845,
  "Vanilla-ES2015-Babel-Webpack-TodoMVC/DeletingItems/Async": 4.180708922080196,
  "Vanilla-ES2015-Babel-Webpack-TodoMVC/DeletingItems/Sync": 45.83505325992224,
  "Vanilla-ES2015-Babel-Webpack-TodoMVC/DeletingItems/total": 50.17865215137516,
  "Vanilla-ES2015-Babel-Webpack-TodoMVC/total": 539.9780717964338,
  "Vanilla-ES2015-TodoMVC/Adding100Items/Async": 37.82143376349871,
  "Vanilla-ES2015-TodoMVC/Adding100Items/Sync": 358.1197431099752,
  "Vanilla-ES2015-TodoMVC/Adding100Items/total": 395.9699292480495,
  "Vanilla-ES2015-TodoMVC/CompletingAllItems/Async": 30.225763872387837,