{
  "browser-setup": 4.045972,
  "browser-tear_down": 0.280977,
  "probes-creation": 0.00012,
  "probes-setup": 0.000105,
  "probes-start": 5.5e-05,
  "run": 125.995722,
  "runner-cooldown": 2.00205
}