{
  "Angular2-TypeScript-TodoMVC/Adding100Items/Async": 36.89764181290418,
  "Angular2-TypeScript-TodoMVC/Adding100Items/Sync": 53.897354625528315,
  "Angular2-TypeScript-TodoMVC/Adding100Items/total": 90.83010414607253,
  "Angular2-TypeScript-TodoMVC/CompletingAllItems/Async": 14.018186542842312,
  "Angular2-TypeScript-TodoMVC/CompletingAllItems/Sync": 9.904444012881658,
  "Angular2-TypeScript-TodoMVC/CompletingAllItems/total": 23.92436258752667,
  "Angular2-TypeScript-TodoMVC/DeletingItems/Async": 3.6680869106850214,
  "Angular2-TypeScript-TodoMVC/DeletingItems/Sync": 17.62218824269503,
  "Angular2-TypeScript-TodoMVC/DeletingItems/total": 21.2933098092612,
  "Angular2-TypeScript-TodoMVC/total": 136.05772553021677,
  "AngularJS-TodoMVC/Adding100Items/Async": 50.84623679003984,
  "AngularJS-TodoMVC/Adding100Items/Sync": 229.1093612207749,
  "AngularJS-TodoMVC/Adding100Items/total": 280.46697048729504,
  "AngularJS-TodoMVC/CompletingAllItems/Async": 31.00795823330542,
  "AngularJS-TodoMVC/CompletingAllItems/Sync": 68.10050773898888,
  "AngularJS-TodoMVC/CompletingAllItems/total": 99.14497800720719,
  "AngularJS-TodoMVC/DeletingAllItems/Async": 19.746601629338553,
  "AngularJS-TodoMVC/DeletingAllItems/Sync": 251.88149573331734,
  "AngularJS-TodoMVC/DeletingAllItems/total": 277.0175668896657,
  "AngularJS-TodoMVC/total": 658.5634502431992,
  "BackboneJS-TodoMVC/Adding100Items/Async": 43.3402796226426,
  "BackboneJS-TodoMVC/Adding100Items/Sync": 71.02849036052278,
  "BackboneJS-TodoMVC/Adding100Items/total": 114.3814828838413,
  "BackboneJS-TodoMVC/CompletingAllItems/Async": 32.81897825662951,
  "BackboneJS-TodoMVC/CompletingAllItems/Sync": 46.36312259018287,
  "BackboneJS-TodoMVC/CompletingAllItems/total": 79.18364848431474,
  "BackboneJS-TodoMVC/DeletingAllItems/Async": 4.779096557253518,
  "BackboneJS-TodoMVC/DeletingAllItems/Sync": 29.413062363817104,
  "BackboneJS-TodoMVC/DeletingAllItems/total": 34.210615859873656,
  "BackboneJS-TodoMVC/total": 227.80368335400243,
  "Elm-TodoMVC/Adding100Items/Async": 51.776989569762215,
  "Elm-TodoMVC/Adding100Items/Sync": 153.8369375208961,
  "Elm-TodoMVC/Adding100Items/total": 207.7976482428336,
  "Elm-TodoMVC/CompletingAllItems/Async": 34.608267505782884,
  "Elm-TodoMVC/CompletingAllItems/Sync": 122.64981310434534,
  "Elm-TodoMVC/CompletingAllItems/total": 157.91529499583731,
  "Elm-TodoMVC/DeletingItems/Async": 11.123437684125305,
  "Elm-TodoMVC/DeletingItems/Sync": 153.7217409813419,
  "Elm-TodoMVC/DeletingItems/total": 165.32939869283194,
  "Elm-TodoMVC/total": 544.0935679049456,
  "EmberJS-Debug-TodoMVC/Adding100Items/Async": 47.365278688776634,
  "EmberJS-Debug-TodoMVC/Adding100Items/Sync": 580.3256939279079,
  "EmberJS-Debug-TodoMVC/Adding100Items/total": 627.8266989000168,
  "EmberJS-Debug-TodoMVC/CompletingAllItems/Async": 31.530188863973862,
  "EmberJS-Debug-TodoMVC/CompletingAllItems/Sync": 360.7650964446691,
  "EmberJS-Debug-TodoMVC/CompletingAllItems/total": 392.43823291421273,
  "EmberJS-Debug-TodoMVC/DeletingItems/Async": 7.56283344049255,
  "EmberJS-Debug-TodoMVC/DeletingItems/Sync": 406.8288567980531,
  "EmberJS-Debug-TodoMVC/DeletingItems/total": 415.0698656877939,
  "EmberJS-Debug-TodoMVC/total": 1444.4585014315562,
  "EmberJS-TodoMVC/Adding100Items/Async": 45.19556661388807,
  "EmberJS-TodoMVC/Adding100Items/Sync": 200.37401666853413,
  "EmberJS-TodoMVC/Adding100Items/total": 245.8692995173597,
  "EmberJS-TodoMVC/CompletingAllItems/Async": 32.61984823522175,
  "EmberJS-TodoMVC/CompletingAllItems/Sync": 123.54710491448894,
  "EmberJS-TodoMVC/CompletingAllItems/total": 156.6141683178061,
  "EmberJS-TodoMVC/DeletingItems/Async": 4.03683092792587,
  "EmberJS-TodoMVC/DeletingItems/Sync": 77.05251410331431,
  "EmberJS-TodoMVC/DeletingItems/total": 81.25462352300511,
  "EmberJS-TodoMVC/total": 485.5357716992243,
  "Flight-TodoMVC/Adding100Items/Async": 38.61959047895289,
  "Flight-TodoMVC/Adding100Items/Sync": 97.66099657251318,
  "Flight-TodoMVC/Adding100Items/total": 136.29109755786337,
  "Flight-TodoMVC/CompletingAllItems/Async": 28.338228732517287,
  "Flight-TodoMVC/CompletingAllItems/Sync": 104.11616524314537,
  "Flight-TodoMVC/CompletingAllItems/total": 132.4633620603419,
  "Flight-TodoMVC/DeletingItems/Async": 3.738615890464358,
  "Flight-TodoMVC/DeletingItems/Sync": 88.33077948423897,
  "Flight-TodoMVC/DeletingItems/total": 92.07018574143147,
  "Flight-TodoMVC/total": 360.84559729094514,
  "Inferno-TodoMVC/Adding100Items/Async": 42.900872161283154,
  "Inferno-TodoMVC/Adding100Items/Sync": 49.56618280367508,
  "Inferno-TodoMVC/Adding100Items/total": 92.56190150360288,
  "Inferno-TodoMVC/CompletingAllItems/Async": 9.864058906163475,
  "Inferno-TodoMVC/CompletingAllItems/Sync": 109.57932400184329,
  "Inferno-TodoMVC/CompletingAllItems/total": 119.89487598143822,
  "Inferno-TodoMVC/DeletingItems/Async": 3.4638920083714333,
  "Inferno-TodoMVC/DeletingItems/Sync": 250.01626867140283,
  "Inferno-TodoMVC/DeletingItems/total": 253.48549002087194,
  "Inferno-TodoMVC/total": 466.61653674441027,
  "Preact-TodoMVC/Adding100Items/Async": 42.80675844039334,
  "Preact-TodoMVC/Adding100Items/Sync": 6.590852284728286,
  "Preact-TodoMVC/Adding100Items/total": 49.403335799590025,
  "Preact-TodoMVC/CompletingAllItems/Async": 29.137536470370506,
  "Preact-TodoMVC/CompletingAllItems/Sync": 3.9706350375340427,
  "Preact-TodoMVC/CompletingAllItems/total": 33.16191378477188,
  "Preact-TodoMVC/DeletingItems/Async": 7.320146108484631,
  "Preact-TodoMVC/DeletingItems/Sync": 2.1211631150637427,
  "Preact-TodoMVC/DeletingItems/total": 9.467431816255846,
  "Preact-TodoMVC/total": 92.21132585241622,
  "React-Redux-TodoMVC/Adding100Items/Async": 41.98197437684751,
  "React-Redux-TodoMVC/Adding100Items/Sync": 180.6223063841711,
  "React-Redux-TodoMVC/Adding100Items/total": 222.769824527371,
  "React-Redux-TodoMVC/CompletingAllItems/Async": 29.24879141902239,
  "React-Redux-TodoMVC/CompletingAllItems/Sync": 178.3095268316337,
  "React-Redux-TodoMVC/CompletingAllItems/total": 207.70801709693805,
  "React-Redux-TodoMVC/DeletingItems/Async": 4.602032913820203,
  "React-Redux-TodoMVC/DeletingItems/Sync": 109.09357630608064,
  "React-Redux-TodoMVC/DeletingItems/total": 114.13278862253874,
  "React-Redux-TodoMVC/total": 546.3202960030083,
  "React-TodoMVC/Adding100Items/Async": 42.87936136017376,
  "React-TodoMVC/Adding100Items/Sync": 151.5002650155551,
  "React-TodoMVC/Adding100Items/total": 195.29718924375427,
  "React-TodoMVC/CompletingAllItems/Async": 34.17405796429267,
  "React-TodoMVC/CompletingAllItems/Sync": 105.62185152019052,
  "React-TodoMVC/CompletingAllItems/total": 141.41085048708857,
  "React-TodoMVC/DeletingAllItems/Async": 5.668455389119575,
  "React-TodoMVC/DeletingAllItems/Sync": 63.68024333604208,
  "React-TodoMVC/DeletingAllItems/total": 70.68390473107486,
  "React-TodoMVC/total": 421.7778986296955,
  "Vanilla-ES2015-Babel-Webpack-TodoMVC/Adding100Items/Async": 38.73733067371918,
  "Vanilla-ES2015-Babel-Webpack-TodoMVC/Adding100Items/Sync": 339.2055051121582,
  "Vanilla-ES2015-Babel-Webpack-TodoMVC/Adding100Items/total": 378.03999866362096,
  "Vanilla-ES2015-Babel-Webpack-TodoMVC/CompletingAllItems/Async": 28.406480094183916,
  "Vanilla-ES2015-Babel-Webpack-TodoMVC/CompletingAllItems/Sync": 71.49899449255173,
  "Vanilla-ES2015-Babel-Webpack-TodoMVC/CompletingAllItems/total": 99.92656206413199,
  "Vanilla-ES2015-Babel-Webpack-TodoMVC/DeletingItems/Async": 4.345059670247938,
  "Vanilla-ES2015-Babel-Webpack-TodoMVC/DeletingItems/Sync": 45.62402956512054,
  "Vanilla-ES2015-Babel-Webpack-TodoMVC/DeletingItems/total": 50.29343532532554,
  "Vanilla-ES2015-Babel-Webpack-TodoMVC/total": 528.3278884602585,
  "Vanilla-ES2015-TodoMVC/Adding100Items/Async": 36.39034233355594,
  "Vanilla-ES2015-TodoMVC/Adding100Items/Sync": 340.1775886639471,
  "Vanilla-ES2015-TodoMVC/Adding100Items/total": 376.59919211166937,
  "Vanilla-ES2015-TodoMVC/CompletingAllItems/Async": 29.36308304268865,