{
  "browser-setup": 4.123213,
  "browser-tear_down": 0.283708,
  "probes-creation": 0.000132,
  "probes-setup": 0.0001,
  "probes-start": 5.9e-05,
  "run": 132.805621,
  "runner-cooldown": 2.00205
}