{
  "Angular2-TypeScript-TodoMVC/Adding100Items/Async": 38.18854528804814,
  "Angular2-TypeScript-TodoMVC/Adding100Items/Sync": 58.76481892506664,
  "Angular2-TypeScript-TodoMVC/Adding100Items/total": 96.99835500626462,
  "Angular2-TypeScript-TodoMVC/CompletingAllItems/Async": 18.600530376771992,
  "Angular2-TypeScript-TodoMVC/CompletingAllItems/Sync": 9.965238364109533,
  "Angular2-TypeScript-TodoMVC/CompletingAllItems/total": 28.67615632801657,
  "Angular2-TypeScript-TodoMVC/DeletingItems/Async": 3.816392916243322,
  "Angular2-TypeScript-TodoMVC/DeletingItems/Sync": 19.11785022802074,
  "Angular2-TypeScript-TodoMVC/DeletingItems/total": 22.944555393544185,
  "Angular2-TypeScript-TodoMVC/total": 148.9428385329345,
  "AngularJS-TodoMVC/Adding100Items/Async": 51.202224995162474,
  "AngularJS-TodoMVC/Adding100Items/Sync": 263.1130340299439,
  "AngularJS-TodoMVC/Adding100Items/total": 314.6435390264608,
  "AngularJS-TodoMVC/CompletingAllItems/Async": 36.89856947521139,
  "AngularJS-TodoMVC/CompletingAllItems/Sync": 82.25558971178476,
  "AngularJS-TodoMVC/CompletingAllItems/total": 119.95785905667859,
  "AngularJS-TodoMVC/DeletingAllItems/Async": 17.889156151948125,
  "AngularJS-TodoMVC/DeletingAllItems/Sync": 243.59659884479842,
  "AngularJS-TodoMVC/DeletingAllItems/total": 261.6779402256136,
  "AngularJS-TodoMVC/total": 697.2163758185762,
  "BackboneJS-TodoMVC/Adding100Items/Async": 45.33519317521476,
  "BackboneJS-TodoMVC/Adding100Items/Sync": 97.1090845404597,
  "BackboneJS-TodoMVC/Adding100Items/total": 142.7613996998385,
  "BackboneJS-TodoMVC/CompletingAllItems/Async": 33.847194145786574,
  "BackboneJS-TodoMVC/CompletingAllItems/Sync": 55.21358327630691,
  "BackboneJS-TodoMVC/CompletingAllItems/total": 89.1530017562386,
  "BackboneJS-TodoMVC/DeletingAllItems/Async": 4.947396465493552,
  "BackboneJS-TodoMVC/DeletingAllItems/Sync": 30.69825389333667,
  "BackboneJS-TodoMVC/DeletingAllItems/total": 35.667599828580066,
  "BackboneJS-TodoMVC/total": 267.7332235911231,
  "Elm-TodoMVC/Adding100Items/Async": 51.30988778882726,
  "Elm-TodoMVC/Adding100Items/Sync": 149.06163571902218,
  "Elm-TodoMVC/Adding100Items/total": 200.45116835024814,
  "Elm-TodoMVC/CompletingAllItems/Async": 41.93414480242489,
  "Elm-TodoMVC/CompletingAllItems/Sync": 175.96110162897648,
  "Elm-TodoMVC/CompletingAllItems/total": 224.1533182345206,
  "Elm-TodoMVC/DeletingItems/Async": 11.311815018972803,
  "Elm-TodoMVC/DeletingItems/Sync": 255.2548261086411,
  "Elm-TodoMVC/DeletingItems/total": 268.67141862294426,
  "Elm-TodoMVC/total": 774.5041484522028,
  "EmberJS-Debug-TodoMVC/Adding100Items/Async": 44.853840922040234,
  "EmberJS-Debug-TodoMVC/Adding100Items/Sync": 597.5501184903069,
  "EmberJS-Debug-TodoMVC/Adding100Items/total": 642.5014723400184,
  "EmberJS-Debug-TodoMVC/CompletingAllItems/Async": 32.081541579595395,
  "EmberJS-Debug-TodoMVC/CompletingAllItems/Sync": 356.3064456429313,
  "EmberJS-Debug-TodoMVC/CompletingAllItems/total": 388.40307336127455,
  "EmberJS-Debug-TodoMVC/DeletingItems/Async": 4.828948479101107,
  "EmberJS-Debug-TodoMVC/DeletingItems/Sync": 375.54972602572366,
  "EmberJS-Debug-TodoMVC/DeletingItems/total": 380.4700797162302,
  "EmberJS-Debug-TodoMVC/total": 1411.7082577049355,
  "EmberJS-TodoMVC/Adding100Items/Async": 42.64733611692058,
  "EmberJS-TodoMVC/Adding100Items/Sync": 214.52832725647366,
  "EmberJS-TodoMVC/Adding100Items/total": 257.2742874005973,
  "EmberJS-TodoMVC/CompletingAllItems/Async": 36.46630542958027,
  "EmberJS-TodoMVC/CompletingAllItems/Sync": 124.69758758567909,
  "EmberJS-TodoMVC/CompletingAllItems/total": 161.28652410194198,
  "EmberJS-TodoMVC/DeletingItems/Async": 4.51677316575193,
  "EmberJS-TodoMVC/DeletingItems/Sync": 83.36169682727228,
  "EmberJS-TodoMVC/DeletingItems/total": 87.97899743952682,
  "EmberJS-TodoMVC/total": 507.5059004070864,
  "Flight-TodoMVC/Adding100Items/Async": 40.66473839606467,
  "Flight-TodoMVC/Adding100Items/Sync": 111.22775438475313,
  "Flight-TodoMVC/Adding100Items/total": 152.04089118002756,
  "Flight-TodoMVC/CompletingAllItems/Async": 32.82189536034281,
  "Flight-TodoMVC/CompletingAllItems/Sync": 119.590364179278,
  "Flight-TodoMVC/CompletingAllItems/total": 152.49558151175611,
  "Flight-TodoMVC/DeletingItems/Async": 4.959104587214707,
  "Flight-TodoMVC/DeletingItems/Sync": 104.49994829760216,
  "Flight-TodoMVC/DeletingItems/total": 109.78975315564404,
  "Flight-TodoMVC/total": 414.40567083953573,
  "Inferno-TodoMVC/Adding100Items/Async": 45.18038174726422,
  "Inferno-TodoMVC/Adding100Items/Sync": 57.68693713931584,
  "Inferno-TodoMVC/Adding100Items/total": 103.17226189030836,
  "Inferno-TodoMVC/CompletingAllItems/Async": 11.206096551311434,
  "Inferno-TodoMVC/CompletingAllItems/Sync": 116.74896457391235,
  "Inferno-TodoMVC/CompletingAllItems/total": 128.49351787687067,
  "Inferno-TodoMVC/DeletingItems/Async": 4.043341154024585,
  "Inferno-TodoMVC/DeletingItems/Sync": 240.46306694655047,
  "Inferno-TodoMVC/DeletingItems/total": 244.5421620776654,
  "Inferno-TodoMVC/total": 476.50690071831934,
  "Preact-TodoMVC/Adding100Items/Async": 55.641752916723185,
  "Preact-TodoMVC/Adding100Items/Sync": 9.18275313133391,
  "Preact-TodoMVC/Adding100Items/total": 64.87478610656314,
  "Preact-TodoMVC/CompletingAllItems/Async": 26.517150490341773,
  "Preact-TodoMVC/CompletingAllItems/Sync": 3.792918975062394,
  "Preact-TodoMVC/CompletingAllItems/total": 30.36639119169726,
  "Preact-TodoMVC/DeletingItems/Async": 7.8972128023595785,
  "Preact-TodoMVC/DeletingItems/Sync": 2.0317035178333454,
  "Preact-TodoMVC/DeletingItems/total": 9.93706417519356,
  "Preact-TodoMVC/total": 106.2224422409032,
  "React-Redux-TodoMVC/Adding100Items/Async": 42.393907567313455,
  "React-Redux-TodoMVC/Adding100Items/Sync": 190.25048442241692,
  "React-Redux-TodoMVC/Adding100Items/total": 232.79839281089176,
  "React-Redux-TodoMVC/CompletingAllItems/Async": 31.73749307585289,
  "React-Redux-TodoMVC/CompletingAllItems/Sync": 174.47983269087834,
  "React-Redux-TodoMVC/CompletingAllItems/total": 206.24375392288505,
  "React-Redux-TodoMVC/DeletingItems/Async": 4.637390312631732,
  "React-Redux-TodoMVC/DeletingItems/Sync": 113.32514278365254,
  "React-Redux-TodoMVC/DeletingItems/total": 118.03609133967598,
  "React-Redux-TodoMVC/total": 557.2951193532039,
  "React-TodoMVC/Adding100Items/Async": 42.77942170254276,
  "React-TodoMVC/Adding100Items/Sync": 142.33759218330215,
  "React-TodoMVC/Adding100Items/total": 185.1517401966833,
  "React-TodoMVC/CompletingAllItems/Async": 33.593905579789634,
  "React-TodoMVC/CompletingAllItems/Sync": 84.2567559190358,
  "React-TodoMVC/CompletingAllItems/total": 117.94404931260922,
  "React-TodoMVC/DeletingAllItems/Async": 4.403266126331624,
  "React-TodoMVC/DeletingAllItems/Sync": 56.923484050623664,
  "React-TodoMVC/DeletingAllItems/total": 61.38972317684531,
  "React-TodoMVC/total": 364.6377972928109,
  "Vanilla-ES2015-Babel-Webpack-TodoMVC/Adding100Items/Async": 38.75262823577663,
  "Vanilla-ES2015-Babel-Webpack-TodoMVC/Adding100Items/Sync": 333.09749012986487,
  "Vanilla-ES2015-Babel-Webpack-TodoMVC/Adding100Items/total": 371.89719071401134,
  "Vanilla-ES2015-Babel-Webpack-TodoMVC/CompletingAllItems/Async": 31.29830320868733,
  "Vanilla-ES2015-Babel-Webpack-TodoMVC/CompletingAllItems/Sync": 77.62145267805985,
  "Vanilla-ES2015-Babel-Webpack-TodoMVC/CompletingAllItems/total": 108.9248443117142,
  "Vanilla-ES2015-Babel-Webpack-TodoMVC/DeletingItems/Async": 4.4343255130745565,
  "Vanilla-ES2015-Babel-Webpack-TodoMVC/DeletingItems/Sync": 51.04513190513061,
  "Vanilla-ES2015-Babel-Webpack-TodoMVC/DeletingItems/total": 55.510655838645455,
  "Vanilla-ES2015-Babel-Webpack-TodoMVC/total": 536.4606043816368,
  "Vanilla-ES2015-TodoMVC/Adding100Items/Async": 38.100554767110765,
  "Vanilla-ES2015-TodoMVC/Adding100Items/Sync": 342.58143250453276,
  "Vanilla-ES2015-TodoMVC/Adding100Items/total": 380.709729480107,
  "Vanilla-ES2015-TodoMVC/CompletingAllItems/Async": 31.737666488245928,