{
  "browser-setup": 3.312524,
  "browser-tear_down": 0.221237,
  "probes-creation": 0.000204,
  "probes-setup": 0.000169,
  "probes-start": 8.2e-05,
  "run": 109.775647,
  "runner-cooldown": 2.002065
}