{
  "Angular2-TypeScript-TodoMVC/Adding100Items/Async": 30.897457586937374,
  "Angular2-TypeScript-TodoMVC/Adding100Items/Sync": 42.817873429541116,
  "Angular2-TypeScript-TodoMVC/Adding100Items/total": 73.75835784068757,
  "Angular2-TypeScript-TodoMVC/CompletingAllItems/Async": 12.854617920568712,
  "Angular2-TypeScript-TodoMVC/CompletingAllItems/Sync": 8.395312669734672,
  "Angular2-TypeScript-TodoMVC/CompletingAllItems/total": 21.25399736115267,
  "Angular2-TypeScript-TodoMVC/DeletingItems/Async": 2.631874770527719,
  "Angular2-TypeScript-TodoMVC/DeletingItems/Sync": 16.0959244365522,
  "Angular2-TypeScript-TodoMVC/DeletingItems/total": 18.732599331190738,
  "Angular2-TypeScript-TodoMVC/total": 113.76028109818161,
  "AngularJS-TodoMVC/Adding100Items/Async": 40.72028335408173,
  "AngularJS-TodoMVC/Adding100Items/Sync": 153.62455992313278,
  "AngularJS-TodoMVC/Adding100Items/total": 194.40948854868387,
  "AngularJS-TodoMVC/CompletingAllItems/Async": 25.533286759985604,
  "AngularJS-TodoMVC/CompletingAllItems/Sync": 59.88197321784189,
  "AngularJS-TodoMVC/CompletingAllItems/total": 85.66956013578748,
  "AngularJS-TodoMVC/DeletingAllItems/Async": 15.03379470569222,
  "AngularJS-TodoMVC/DeletingAllItems/Sync": 161.85165604565003,
  "AngularJS-TodoMVC/DeletingAllItems/total": 177.19882848755086,
  "AngularJS-TodoMVC/total": 459.468453300861,
  "BackboneJS-TodoMVC/Adding100Items/Async": 36.61782718680967,
  "BackboneJS-TodoMVC/Adding100Items/Sync": 56.19262617457692,
  "BackboneJS-TodoMVC/Adding100Items/total": 92.83025375445841,
  "BackboneJS-TodoMVC/CompletingAllItems/Async": 27.426978503170854,
  "BackboneJS-TodoMVC/CompletingAllItems/Sync": 38.18698718996953,
  "BackboneJS-TodoMVC/CompletingAllItems/total": 65.61955859900117,
  "BackboneJS-TodoMVC/DeletingAllItems/Async": 3.2416494588835527,
  "BackboneJS-TodoMVC/DeletingAllItems/Sync": 25.49564534281154,
  "BackboneJS-TodoMVC/DeletingAllItems/total": 28.741936379236627,
  "BackboneJS-TodoMVC/total": 187.22195063877882,
  "Elm-TodoMVC/Adding100Items/Async": 46.06728825056288,
  "Elm-TodoMVC/Adding100Items/Sync": 97.514818518191,
  "Elm-TodoMVC/Adding100Items/total": 144.26218541756964,
  "Elm-TodoMVC/CompletingAllItems/Async": 29.109535718636558,
  "Elm-TodoMVC/CompletingAllItems/Sync": 83.39978792360807,
  "Elm-TodoMVC/CompletingAllItems/total": 112.56888756865183,
  "Elm-TodoMVC/DeletingItems/Async": 8.666555350624286,
  "Elm-TodoMVC/DeletingItems/Sync": 104.51700230242608,
  "Elm-TodoMVC/DeletingItems/total": 113.37494676518106,
  "Elm-TodoMVC/total": 374.69996511637595,
  "EmberJS-Debug-TodoMVC/Adding100Items/Async": 38.2399272795332,
  "EmberJS-Debug-TodoMVC/Adding100Items/Sync": 405.2288626295024,
  "EmberJS-Debug-TodoMVC/Adding100Items/total": 443.49788189039253,
  "EmberJS-Debug-TodoMVC/CompletingAllItems/Async": 26.532174113066105,
  "EmberJS-Debug-TodoMVC/CompletingAllItems/Sync": 289.38480780391575,
  "EmberJS-Debug-TodoMVC/CompletingAllItems/total": 315.99458575841726,
  "EmberJS-Debug-TodoMVC/DeletingItems/Async": 5.748907514578739,
  "EmberJS-Debug-TodoMVC/DeletingItems/Sync": 296.07854194367354,
  "EmberJS-Debug-TodoMVC/DeletingItems/total": 303.67104432587087,
  "EmberJS-Debug-TodoMVC/total": 1069.2962933789076,
  "EmberJS-TodoMVC/Adding100Items/Async": 33.28687222211914,
  "EmberJS-TodoMVC/Adding100Items/Sync": 139.98263906415826,
  "EmberJS-TodoMVC/Adding100Items/total": 173.31841143400115,
  "EmberJS-TodoMVC/CompletingAllItems/Async": 25.296287570400654,
  "EmberJS-TodoMVC/CompletingAllItems/Sync": 93.33432361346236,
  "EmberJS-TodoMVC/CompletingAllItems/total": 118.64655780508247,
  "EmberJS-TodoMVC/DeletingItems/Async": 3.4354109802285193,
  "EmberJS-TodoMVC/DeletingItems/Sync": 64.43341035531033,
  "EmberJS-TodoMVC/DeletingItems/total": 68.54819379715136,
  "EmberJS-TodoMVC/total": 360.84890279924343,
  "Flight-TodoMVC/Adding100Items/Async": 32.04189013936235,
  "Flight-TodoMVC/Adding100Items/Sync": 77.69848165815641,
  "Flight-TodoMVC/Adding100Items/total": 109.74791178186128,
  "Flight-TodoMVC/CompletingAllItems/Async": 24.37873107076122,
  "Flight-TodoMVC/CompletingAllItems/Sync": 86.72242534473126,
  "Flight-TodoMVC/CompletingAllItems/total": 111.14140928103517,
  "Flight-TodoMVC/DeletingItems/Async": 3.0931595175499558,
  "Flight-TodoMVC/DeletingItems/Sync": 77.64307773442557,
  "Flight-TodoMVC/DeletingItems/total": 80.73777815313885,
  "Flight-TodoMVC/total": 304.8153832227542,
  "Inferno-TodoMVC/Adding100Items/Async": 37.555475273176874,
  "Inferno-TodoMVC/Adding100Items/Sync": 43.72493846597717,
  "Inferno-TodoMVC/Adding100Items/total": 81.35708495259632,
  "Inferno-TodoMVC/CompletingAllItems/Async": 7.053121825054478,
  "Inferno-TodoMVC/CompletingAllItems/Sync": 85.79202098541052,
  "Inferno-TodoMVC/CompletingAllItems/total": 93.43025130913881,
  "Inferno-TodoMVC/DeletingItems/Async": 3.4870425594154146,
  "Inferno-TodoMVC/DeletingItems/Sync": 213.3066058560887,
  "Inferno-TodoMVC/DeletingItems/total": 217.04475949051363,
  "Inferno-TodoMVC/total": 393.5205774877052,
  "Preact-TodoMVC/Adding100Items/Async": 36.37446829477073,
  "Preact-TodoMVC/Adding100Items/Sync": 4.864725075733868,
  "Preact-TodoMVC/Adding100Items/total": 41.24278404223544,
  "Preact-TodoMVC/CompletingAllItems/Async": 16.167829795165094,
  "Preact-TodoMVC/CompletingAllItems/Sync": 2.9561842224645694,
  "Preact-TodoMVC/CompletingAllItems/total": 19.127071573772067,
  "Preact-TodoMVC/DeletingItems/Async": 4.350631095579312,
  "Preact-TodoMVC/DeletingItems/Sync": 1.5673549148377701,
  "Preact-TodoMVC/DeletingItems/total": 5.944648399218974,
  "Preact-TodoMVC/total": 66.34504888868658,
  "React-Redux-TodoMVC/Adding100Items/Async": 33.90822798772368,
  "React-Redux-TodoMVC/Adding100Items/Sync": 129.41972663317569,
  "React-Redux-TodoMVC/Adding100Items/total": 163.35937124762015,
  "React-Redux-TodoMVC/CompletingAllItems/Async": 26.523893863329562,
  "React-Redux-TodoMVC/CompletingAllItems/Sync": 142.77533634698278,
  "React-Redux-TodoMVC/CompletingAllItems/total": 169.66065970793034,
  "React-Redux-TodoMVC/DeletingItems/Async": 4.72488160252807,
  "React-Redux-TodoMVC/DeletingItems/Sync": 106.63414082639568,
  "React-Redux-TodoMVC/DeletingItems/total": 111.7666746129184,
  "React-Redux-TodoMVC/total": 454.0179070614198,
  "React-TodoMVC/Adding100Items/Async": 34.282621121280535,
  "React-TodoMVC/Adding100Items/Sync": 105.00397565087377,
  "React-TodoMVC/Adding100Items/total": 139.29308439159317,
  "React-TodoMVC/CompletingAllItems/Async": 26.085103540434904,
  "React-TodoMVC/CompletingAllItems/Sync": 70.56318246953835,
  "React-TodoMVC/CompletingAllItems/total": 97.20676458885445,
  "React-TodoMVC/DeletingAllItems/Async": 3.4589063527562534,
  "React-TodoMVC/DeletingAllItems/Sync": 52.7629536442416,
  "React-TodoMVC/DeletingAllItems/total": 56.40529735901924,
  "React-TodoMVC/total": 300.9590845674618,
  "Vanilla-ES2015-Babel-Webpack-TodoMVC/Adding100Items/Async": 34.67038805090674,
  "Vanilla-ES2015-Babel-Webpack-TodoMVC/Adding100Items/Sync": 303.01852316050207,
  "Vanilla-ES2015-Babel-Webpack-TodoMVC/Adding100Items/total": 337.7981303475253,
  "Vanilla-ES2015-Babel-Webpack-TodoMVC/CompletingAllItems/Async": 26.260456679239194,
  "Vanilla-ES2015-Babel-Webpack-TodoMVC/CompletingAllItems/Sync": 64.03228217554458,
  "Vanilla-ES2015-Babel-Webpack-TodoMVC/CompletingAllItems/total": 90.31750724570699,
  "Vanilla-ES2015-Babel-Webpack-TodoMVC/DeletingItems/Async": 3.1070315614875907,
  "Vanilla-ES2015-Babel-Webpack-TodoMVC/DeletingItems/Sync": 40.36851300420198,
  "Vanilla-ES2015-Babel-Webpack-TodoMVC/DeletingItems/total": 43.64718268664693,
  "Vanilla-ES2015-Babel-Webpack-TodoMVC/total": 471.9876406106271,
  "Vanilla-ES2015-TodoMVC/Adding100Items/Async": 34.261640595976495,
  "Vanilla-ES2015-TodoMVC/Adding100Items/Sync": 309.0808643526188,
  "Vanilla-ES2015-TodoMVC/Adding100Items/total": 343.3765103333778,
  "Vanilla-ES2015-TodoMVC/CompletingAllItems/Async": 26.29637097641781,