{
  "browser-setup": 3.294302,
  "browser-tear_down": 0.295243,
  "probes-creation": 0.000206,
  "probes-setup": 0.000175,
  "probes-start": 8e-05,
  "run": 109.538374,
  "runner-cooldown": 2.00207
}