{
  "Angular2-TypeScript-TodoMVC/Adding100Items/Async": 33.47205913093694,
  "Angular2-TypeScript-TodoMVC/Adding100Items/Sync": 43.75460829253589,
  "Angular2-TypeScript-TodoMVC/Adding100Items/total": 77.26872684189698,
  "Angular2-TypeScript-TodoMVC/CompletingAllItems/Async": 13.351662328924547,
  "Angular2-TypeScript-TodoMVC/CompletingAllItems/Sync": 8.841413393129521,
  "Angular2-TypeScript-TodoMVC/CompletingAllItems/total": 22.19513852464453,
  "Angular2-TypeScript-TodoMVC/DeletingItems/Async": 2.9496670112544225,
  "Angular2-TypeScript-TodoMVC/DeletingItems/Sync": 16.996789089345075,
  "Angular2-TypeScript-TodoMVC/DeletingItems/total": 19.967589611202925,
  "Angular2-TypeScript-TodoMVC/total": 119.44721425119785,
  "AngularJS-TodoMVC/Adding100Items/Async": 41.26052136392042,
  "AngularJS-TodoMVC/Adding100Items/Sync": 156.12962248368748,
  "AngularJS-TodoMVC/Adding100Items/total": 197.39337476660052,
  "AngularJS-TodoMVC/CompletingAllItems/Async": 24.398168117628867,
  "AngularJS-TodoMVC/CompletingAllItems/Sync": 55.1446517821252,
  "AngularJS-TodoMVC/CompletingAllItems/total": 79.67607504809028,
  "AngularJS-TodoMVC/DeletingAllItems/Async": 16.43790208776273,
  "AngularJS-TodoMVC/DeletingAllItems/Sync": 159.94505821204424,
  "AngularJS-TodoMVC/DeletingAllItems/total": 176.465054005052,
  "AngularJS-TodoMVC/total": 453.6201779010117,
  "BackboneJS-TodoMVC/Adding100Items/Async": 42.2908792572526,
  "BackboneJS-TodoMVC/Adding100Items/Sync": 55.48687513390493,
  "BackboneJS-TodoMVC/Adding100Items/total": 97.98934439301793,
  "BackboneJS-TodoMVC/CompletingAllItems/Async": 31.584860838699253,
  "BackboneJS-TodoMVC/CompletingAllItems/Sync": 37.78471255839956,
  "BackboneJS-TodoMVC/CompletingAllItems/total": 69.49437998953918,
  "BackboneJS-TodoMVC/DeletingAllItems/Async": 5.402202625695128,
  "BackboneJS-TodoMVC/DeletingAllItems/Sync": 26.05993511882284,
  "BackboneJS-TodoMVC/DeletingAllItems/total": 32.04292173451296,
  "BackboneJS-TodoMVC/total": 199.68749435512711,
  "Elm-TodoMVC/Adding100Items/Async": 48.02214366677763,
  "Elm-TodoMVC/Adding100Items/Sync": 84.78547514904905,
  "Elm-TodoMVC/Adding100Items/total": 132.8701023761802,
  "Elm-TodoMVC/CompletingAllItems/Async": 29.75907354071531,
  "Elm-TodoMVC/CompletingAllItems/Sync": 81.87372049560798,
  "Elm-TodoMVC/CompletingAllItems/total": 111.65328462645634,
  "Elm-TodoMVC/DeletingItems/Async": 9.138982601712778,
  "Elm-TodoMVC/DeletingItems/Sync": 100.76754099740104,
  "Elm-TodoMVC/DeletingItems/total": 110.02409346159622,
  "Elm-TodoMVC/total": 354.56860982288765,
  "EmberJS-Debug-TodoMVC/Adding100Items/Async": 46.13095564212396,
  "EmberJS-Debug-TodoMVC/Adding100Items/Sync": 724.0507361451012,
  "EmberJS-Debug-TodoMVC/Adding100Items/total": 770.9962724244273,
  "EmberJS-Debug-TodoMVC/CompletingAllItems/Async": 33.39930293807875,
  "EmberJS-Debug-TodoMVC/CompletingAllItems/Sync": 300.99084242935254,
  "EmberJS-Debug-TodoMVC/CompletingAllItems/total": 334.49256094870447,
  "EmberJS-Debug-TodoMVC/DeletingItems/Async": 9.36098850955166,
  "EmberJS-Debug-TodoMVC/DeletingItems/Sync": 286.0644619382354,
  "EmberJS-Debug-TodoMVC/DeletingItems/total": 295.98302421440695,
  "EmberJS-Debug-TodoMVC/total": 1408.6381069703148,
  "EmberJS-TodoMVC/Adding100Items/Async": 34.93899395444786,
  "EmberJS-TodoMVC/Adding100Items/Sync": 151.1541991347143,
  "EmberJS-TodoMVC/Adding100Items/total": 186.1818828904159,
  "EmberJS-TodoMVC/CompletingAllItems/Async": 28.529084819463076,
  "EmberJS-TodoMVC/CompletingAllItems/Sync": 111.3145778130027,
  "EmberJS-TodoMVC/CompletingAllItems/total": 140.22407769283078,
  "EmberJS-TodoMVC/DeletingItems/Async": 3.6457639579958867,
  "EmberJS-TodoMVC/DeletingItems/Sync": 75.5509849805655,
  "EmberJS-TodoMVC/DeletingItems/total": 79.23769000120939,
  "EmberJS-TodoMVC/total": 406.87155535681836,
  "Flight-TodoMVC/Adding100Items/Async": 33.813727079451766,
  "Flight-TodoMVC/Adding100Items/Sync": 78.89849144371267,
  "Flight-TodoMVC/Adding100Items/total": 112.72721562091589,
  "Flight-TodoMVC/CompletingAllItems/Async": 25.10635767059317,
  "Flight-TodoMVC/CompletingAllItems/Sync": 85.69172483925306,
  "Flight-TodoMVC/CompletingAllItems/total": 110.79981605752451,
  "Flight-TodoMVC/DeletingItems/Async": 3.4501887568634544,
  "Flight-TodoMVC/DeletingItems/Sync": 70.00833849483595,
  "Flight-TodoMVC/DeletingItems/total": 73.50482680796262,
  "Flight-TodoMVC/total": 297.0393817620579,
  "Inferno-TodoMVC/Adding100Items/Async": 38.15594925921189,
  "Inferno-TodoMVC/Adding100Items/Sync": 43.110563234293785,
  "Inferno-TodoMVC/Adding100Items/total": 81.33769218519406,
  "Inferno-TodoMVC/CompletingAllItems/Async": 6.314675106494047,
  "Inferno-TodoMVC/CompletingAllItems/Sync": 84.72156812767139,
  "Inferno-TodoMVC/CompletingAllItems/total": 91.0409605988403,
  "Inferno-TodoMVC/DeletingItems/Async": 3.3095144384925512,
  "Inferno-TodoMVC/DeletingItems/Sync": 200.14707397166245,
  "Inferno-TodoMVC/DeletingItems/total": 203.4924630507466,
  "Inferno-TodoMVC/total": 375.91567189020174,
  "Preact-TodoMVC/Adding100Items/Async": 37.648295092810315,
  "Preact-TodoMVC/Adding100Items/Sync": 4.923822581254897,
  "Preact-TodoMVC/Adding100Items/total": 42.5769496165472,
  "Preact-TodoMVC/CompletingAllItems/Async": 16.086914673406525,
  "Preact-TodoMVC/CompletingAllItems/Sync": 3.0246879481719615,
  "Preact-TodoMVC/CompletingAllItems/total": 19.132090256083007,
  "Preact-TodoMVC/DeletingItems/Async": 4.454902367291056,
  "Preact-TodoMVC/DeletingItems/Sync": 1.6786511209479151,
  "Preact-TodoMVC/DeletingItems/total": 6.148114514967646,
  "Preact-TodoMVC/total": 67.92153274818065,
  "React-Redux-TodoMVC/Adding100Items/Async": 34.93099484581916,
  "React-Redux-TodoMVC/Adding100Items/Sync": 134.85867376284278,
  "React-Redux-TodoMVC/Adding100Items/total": 170.06958217767973,
  "React-Redux-TodoMVC/CompletingAllItems/Async": 27.572990467397407,
  "React-Redux-TodoMVC/CompletingAllItems/Sync": 146.94813978225443,
  "React-Redux-TodoMVC/CompletingAllItems/total": 174.8444648982692,
  "React-Redux-TodoMVC/DeletingItems/Async": 3.7479369993108516,
  "React-Redux-TodoMVC/DeletingItems/Sync": 103.04469160881634,
  "React-Redux-TodoMVC/DeletingItems/total": 106.95542148329346,
  "React-Redux-TodoMVC/total": 454.2719502693881,
  "React-TodoMVC/Adding100Items/Async": 35.38445743162662,
  "React-TodoMVC/Adding100Items/Sync": 109.40416386667195,
  "React-TodoMVC/Adding100Items/total": 144.96933456571108,
  "React-TodoMVC/CompletingAllItems/Async": 27.62445725487041,
  "React-TodoMVC/CompletingAllItems/Sync": 64.4189219057062,
  "React-TodoMVC/CompletingAllItems/total": 92.08977091419543,
  "React-TodoMVC/DeletingAllItems/Async": 3.1196221293624955,
  "React-TodoMVC/DeletingAllItems/Sync": 47.34512990173846,
  "React-TodoMVC/DeletingAllItems/total": 50.50515421148157,
  "React-TodoMVC/total": 287.74083001632005,
  "Vanilla-ES2015-Babel-Webpack-TodoMVC/Adding100Items/Async": 34.535753514521346,
  "Vanilla-ES2015-Babel-Webpack-TodoMVC/Adding100Items/Sync": 294.7437798591409,
  "Vanilla-ES2015-Babel-Webpack-TodoMVC/Adding100Items/total": 329.3370788600303,
  "Vanilla-ES2015-Babel-Webpack-TodoMVC/CompletingAllItems/Async": 26.6150797656978,
  "Vanilla-ES2015-Babel-Webpack-TodoMVC/CompletingAllItems/Sync": 65.02055835176411,
  "Vanilla-ES2015-Babel-Webpack-TodoMVC/CompletingAllItems/total": 91.66943600150404,
  "Vanilla-ES2015-Babel-Webpack-TodoMVC/DeletingItems/Async": 3.375701098473462,
  "Vanilla-ES2015-Babel-Webpack-TodoMVC/DeletingItems/Sync": 40.77880175666407,
  "Vanilla-ES2015-Babel-Webpack-TodoMVC/DeletingItems/total": 44.2136212986701,
  "Vanilla-ES2015-Babel-Webpack-TodoMVC/total": 465.24006899059276,
  "Vanilla-ES2015-TodoMVC/Adding100Items/Async": 34.94748832683912,
  "Vanilla-ES2015-TodoMVC/Adding100Items/Sync": 299.1493096991955,
  "Vanilla-ES2015-TodoMVC/Adding100Items/total": 334.13303434024107,
  "Vanilla-ES2015-TodoMVC/CompletingAllItems/Async": 26.785845425918502,