{
  "browser-setup": 4.100954,
  "browser-tear_down": 0.276816,
  "probes-creation": 0.000121,
  "probes-setup": 9.9e-05,
  "probes-start": 5.4e-05,
  "run": 125.065731,
  "runner-cooldown": 2.002051
}