{
  "Angular2-TypeScript-TodoMVC/Adding100Items/Async": 38.89214039026909,
  "Angular2-TypeScript-TodoMVC/Adding100Items/Sync": 53.284002896783115,
  "Angular2-TypeScript-TodoMVC/Adding100Items/total": 92.26993616187123,
  "Angular2-TypeScript-TodoMVC/CompletingAllItems/Async": 15.796436776363038,
  "Angular2-TypeScript-TodoMVC/CompletingAllItems/Sync": 9.957994183944122,
  "Angular2-TypeScript-TodoMVC/CompletingAllItems/total": 25.94042710655553,
  "Angular2-TypeScript-TodoMVC/DeletingItems/Async": 3.9700630646621065,
  "Angular2-TypeScript-TodoMVC/DeletingItems/Sync": 17.626855982306516,
  "Angular2-TypeScript-TodoMVC/DeletingItems/total": 21.884290009485614,
  "Angular2-TypeScript-TodoMVC/total": 140.57833675672535,
  "AngularJS-TodoMVC/Adding100Items/Async": 48.551457086631196,
  "AngularJS-TodoMVC/Adding100Items/Sync": 230.02456567995222,
  "AngularJS-TodoMVC/Adding100Items/total": 278.9780590696896,
  "AngularJS-TodoMVC/CompletingAllItems/Async": 38.19618591130253,
  "AngularJS-TodoMVC/CompletingAllItems/Sync": 68.65332666577618,
  "AngularJS-TodoMVC/CompletingAllItems/total": 107.98229747503525,
  "AngularJS-TodoMVC/DeletingAllItems/Async": 15.337183898524689,
  "AngularJS-TodoMVC/DeletingAllItems/Sync": 253.31197822861265,
  "AngularJS-TodoMVC/DeletingAllItems/total": 268.67178732141895,
  "AngularJS-TodoMVC/total": 660.8027606243355,
  "BackboneJS-TodoMVC/Adding100Items/Async": 43.560071795624474,
  "BackboneJS-TodoMVC/Adding100Items/Sync": 70.34918835110784,
  "BackboneJS-TodoMVC/Adding100Items/total": 113.92420027754831,
  "BackboneJS-TodoMVC/CompletingAllItems/Async": 32.918628582945914,
  "BackboneJS-TodoMVC/CompletingAllItems/Sync": 45.69285464145353,
  "BackboneJS-TodoMVC/CompletingAllItems/total": 78.61363570128368,
  "BackboneJS-TodoMVC/DeletingAllItems/Async": 4.576033590616535,
  "BackboneJS-TodoMVC/DeletingAllItems/Sync": 29.217752182771225,
  "BackboneJS-TodoMVC/DeletingAllItems/total": 33.797665774982,
  "BackboneJS-TodoMVC/total": 226.3603990982172,
  "Elm-TodoMVC/Adding100Items/Async": 50.96325343284586,
  "Elm-TodoMVC/Adding100Items/Sync": 120.2084354366682,
  "Elm-TodoMVC/Adding100Items/total": 171.28741718412232,
  "Elm-TodoMVC/CompletingAllItems/Async": 33.267019449109355,
  "Elm-TodoMVC/CompletingAllItems/Sync": 123.60821227155027,
  "Elm-TodoMVC/CompletingAllItems/total": 158.1902643471704,
  "Elm-TodoMVC/DeletingItems/Async": 10.109385746276773,
  "Elm-TodoMVC/DeletingItems/Sync": 143.57884534553094,
  "Elm-TodoMVC/DeletingItems/total": 154.28135182978966,
  "Elm-TodoMVC/total": 489.84911067258884,
  "EmberJS-Debug-TodoMVC/Adding100Items/Async": 47.26015099096185,
  "EmberJS-Debug-TodoMVC/Adding100Items/Sync": 577.6671588507402,
  "EmberJS-Debug-TodoMVC/Adding100Items/total": 624.986007885776,
  "EmberJS-Debug-TodoMVC/CompletingAllItems/Async": 29.8633724777446,
  "EmberJS-Debug-TodoMVC/CompletingAllItems/Sync": 360.51402589772454,
  "EmberJS-Debug-TodoMVC/CompletingAllItems/total": 390.4705030223224,
  "EmberJS-Debug-TodoMVC/DeletingItems/Async": 7.6898166091422295,
  "EmberJS-Debug-TodoMVC/DeletingItems/Sync": 382.92714100113056,
  "EmberJS-Debug-TodoMVC/DeletingItems/total": 392.6055917074501,
  "EmberJS-Debug-TodoMVC/total": 1414.6596346541198,
  "EmberJS-TodoMVC/Adding100Items/Async": 44.825382204898176,
  "EmberJS-TodoMVC/Adding100Items/Sync": 203.5898729188816,
  "EmberJS-TodoMVC/Adding100Items/total": 248.71233335432552,
  "EmberJS-TodoMVC/CompletingAllItems/Async": 30.639425358849724,
  "EmberJS-TodoMVC/CompletingAllItems/Sync": 119.43291432415481,
  "EmberJS-TodoMVC/CompletingAllItems/total": 150.29948185980086,
  "EmberJS-TodoMVC/DeletingItems/Async": 3.779639071426377,
  "EmberJS-TodoMVC/DeletingItems/Sync": 78.4485061437217,
  "EmberJS-TodoMVC/DeletingItems/total": 82.23706003359139,
  "EmberJS-TodoMVC/total": 481.6405850009323,
  "Flight-TodoMVC/Adding100Items/Async": 38.928872796972804,
  "Flight-TodoMVC/Adding100Items/Sync": 97.48220718385251,
  "Flight-TodoMVC/Adding100Items/total": 136.42204503224545,
  "Flight-TodoMVC/CompletingAllItems/Async": 28.879001008239886,
  "Flight-TodoMVC/CompletingAllItems/Sync": 105.55065243801941,
  "Flight-TodoMVC/CompletingAllItems/total": 134.44489146562196,
  "Flight-TodoMVC/DeletingItems/Async": 3.7275809040015035,
  "Flight-TodoMVC/DeletingItems/Sync": 88.01600001603408,
  "Flight-TodoMVC/DeletingItems/total": 91.74690687165246,
  "Flight-TodoMVC/total": 362.62864195406337,
  "Inferno-TodoMVC/Adding100Items/Async": 49.62610650878263,
  "Inferno-TodoMVC/Adding100Items/Sync": 51.25337778286824,
  "Inferno-TodoMVC/Adding100Items/total": 101.18472309207603,
  "Inferno-TodoMVC/CompletingAllItems/Async": 9.558185169359541,
  "Inferno-TodoMVC/CompletingAllItems/Sync": 108.94682960206602,
  "Inferno-TodoMVC/CompletingAllItems/total": 118.9706710804129,
  "Inferno-TodoMVC/DeletingItems/Async": 4.2952128562332454,
  "Inferno-TodoMVC/DeletingItems/Sync": 242.28834418591845,
  "Inferno-TodoMVC/DeletingItems/total": 247.14931233021463,
  "Inferno-TodoMVC/total": 467.8964376985187,
  "Preact-TodoMVC/Adding100Items/Async": 42.92736987507669,
  "Preact-TodoMVC/Adding100Items/Sync": 6.273134617519132,
  "Preact-TodoMVC/Adding100Items/total": 49.20326796231633,
  "Preact-TodoMVC/CompletingAllItems/Async": 31.054550387601726,
  "Preact-TodoMVC/CompletingAllItems/Sync": 3.8093952547331082,
  "Preact-TodoMVC/CompletingAllItems/total": 34.87169341921922,
  "Preact-TodoMVC/DeletingItems/Async": 7.738662880541555,
  "Preact-TodoMVC/DeletingItems/Sync": 2.1328411891539925,
  "Preact-TodoMVC/DeletingItems/total": 9.895935128170864,
  "Preact-TodoMVC/total": 93.9834822848197,
  "React-Redux-TodoMVC/Adding100Items/Async": 45.316534392893935,
  "React-Redux-TodoMVC/Adding100Items/Sync": 178.22547114331508,
  "React-Redux-TodoMVC/Adding100Items/total": 223.68570917765152,
  "React-Redux-TodoMVC/CompletingAllItems/Async": 31.464450686503838,
  "React-Redux-TodoMVC/CompletingAllItems/Sync": 222.2984400115067,
  "React-Redux-TodoMVC/CompletingAllItems/total": 254.66560672904203,
  "React-Redux-TodoMVC/DeletingItems/Async": 7.4949786398548035,
  "React-Redux-TodoMVC/DeletingItems/Sync": 128.34507646227647,
  "React-Redux-TodoMVC/DeletingItems/total": 136.76479984468938,
  "React-Redux-TodoMVC/total": 629.4977998627719,
  "React-TodoMVC/Adding100Items/Async": 44.2618643113969,
  "React-TodoMVC/Adding100Items/Sync": 154.5869840914066,
  "React-TodoMVC/Adding100Items/total": 199.01315278213468,
  "React-TodoMVC/CompletingAllItems/Async": 31.47179848985675,
  "React-TodoMVC/CompletingAllItems/Sync": 87.38163300215987,
  "React-TodoMVC/CompletingAllItems/total": 118.89811165407194,
  "React-TodoMVC/DeletingAllItems/Async": 3.798093473330381,
  "React-TodoMVC/DeletingAllItems/Sync": 55.5737854765663,
  "React-TodoMVC/DeletingAllItems/total": 59.51176415342064,
  "React-TodoMVC/total": 379.90274055877194,
  "Vanilla-ES2015-Babel-Webpack-TodoMVC/Adding100Items/Async": 38.00238578053882,
  "Vanilla-ES2015-Babel-Webpack-TodoMVC/Adding100Items/Sync": 328.77813556494203,
  "Vanilla-ES2015-Babel-Webpack-TodoMVC/Adding100Items/total": 366.8595968143999,
  "Vanilla-ES2015-Babel-Webpack-TodoMVC/CompletingAllItems/Async": 30.303134614921042,
  "Vanilla-ES2015-Babel-Webpack-TodoMVC/CompletingAllItems/Sync": 73.936707473733,
  "Vanilla-ES2015-Babel-Webpack-TodoMVC/CompletingAllItems/total": 104.26730129392908,
  "Vanilla-ES2015-Babel-Webpack-TodoMVC/DeletingItems/Async": 4.272695645536291,
  "Vanilla-ES2015-Babel-Webpack-TodoMVC/DeletingItems/Sync": 46.895419889406234,
  "Vanilla-ES2015-Babel-Webpack-TodoMVC/DeletingItems/total": 51.312717368511976,
  "Vanilla-ES2015-Babel-Webpack-TodoMVC/total": 522.5012626627896,
  "Vanilla-ES2015-TodoMVC/Adding100Items/Async": 36.40881135013794,
  "Vanilla-ES2015-TodoMVC/Adding100Items/Sync": 334.9041901027747,
  "Vanilla-ES2015-TodoMVC/Adding100Items/total": 371.31420863136753,
  "Vanilla-ES2015-TodoMVC/CompletingAllItems/Async": 30.451829558442544,