{
  "browser-setup": 4.16107,
  "browser-tear_down": 0.286365,
  "probes-creation": 0.000124,
  "probes-setup": 0.000103,
  "probes-start": 5.4e-05,
  "run": 127.187882,
  "runner-cooldown": 2.00205
}