{
  "Angular2-TypeScript-TodoMVC/Adding100Items/Async": 37.790388073745184,
  "Angular2-TypeScript-TodoMVC/Adding100Items/Sync": 55.02944720059812,
  "Angular2-TypeScript-TodoMVC/Adding100Items/total": 92.89647725031952,
  "Angular2-TypeScript-TodoMVC/CompletingAllItems/Async": 14.05748649639017,
  "Angular2-TypeScript-TodoMVC/CompletingAllItems/Sync": 9.976342682398469,
  "Angular2-TypeScript-TodoMVC/CompletingAllItems/total": 24.035934904519216,
  "Angular2-TypeScript-TodoMVC/DeletingItems/Async": 3.5450672012161846,
  "Angular2-TypeScript-TodoMVC/DeletingItems/Sync": 18.219480069311942,
  "Angular2-TypeScript-TodoMVC/DeletingItems/total": 21.789329104848502,
  "Angular2-TypeScript-TodoMVC/total": 138.828226198347,
  "AngularJS-TodoMVC/Adding100Items/Async": 52.2114287739262,
  "AngularJS-TodoMVC/Adding100Items/Sync": 234.8088823608588,
  "AngularJS-TodoMVC/Adding100Items/total": 287.3088768478938,
  "AngularJS-TodoMVC/CompletingAllItems/Async": 31.526341034432612,
  "AngularJS-TodoMVC/CompletingAllItems/Sync": 69.6393823704975,
  "AngularJS-TodoMVC/CompletingAllItems/total": 101.33161431529999,
  "AngularJS-TodoMVC/DeletingAllItems/Async": 18.625319334056158,
  "AngularJS-TodoMVC/DeletingAllItems/Sync": 247.3964838828795,
  "AngularJS-TodoMVC/DeletingAllItems/total": 271.39143823013757,
  "AngularJS-TodoMVC/total": 664.0883391162708,
  "BackboneJS-TodoMVC/Adding100Items/Async": 43.40990243129348,
  "BackboneJS-TodoMVC/Adding100Items/Sync": 72.24577447340398,
  "BackboneJS-TodoMVC/Adding100Items/total": 115.68861092764645,
  "BackboneJS-TodoMVC/CompletingAllItems/Async": 32.94854623109377,
  "BackboneJS-TodoMVC/CompletingAllItems/Sync": 46.78637295381829,
  "BackboneJS-TodoMVC/CompletingAllItems/total": 79.74704924367416,
  "BackboneJS-TodoMVC/DeletingAllItems/Async": 4.781619936169817,
  "BackboneJS-TodoMVC/DeletingAllItems/Sync": 29.8427624334262,
  "BackboneJS-TodoMVC/DeletingAllItems/total": 34.64415023700595,
  "BackboneJS-TodoMVC/total": 230.10412135001357,
  "Elm-TodoMVC/Adding100Items/Async": 50.43521250367875,
  "Elm-TodoMVC/Adding100Items/Sync": 122.17845884546786,
  "Elm-TodoMVC/Adding100Items/total": 172.87085410888062,
  "Elm-TodoMVC/CompletingAllItems/Async": 33.14241007949794,
  "Elm-TodoMVC/CompletingAllItems/Sync": 123.75781140628229,
  "Elm-TodoMVC/CompletingAllItems/total": 157.1925338471029,
  "Elm-TodoMVC/DeletingItems/Async": 9.050772849254987,
  "Elm-TodoMVC/DeletingItems/Sync": 144.87304144139515,
  "Elm-TodoMVC/DeletingItems/total": 154.07389732094882,
  "Elm-TodoMVC/total": 486.5751395607873,
  "EmberJS-Debug-TodoMVC/Adding100Items/Async": 47.34240656124971,
  "EmberJS-Debug-TodoMVC/Adding100Items/Sync": 595.1856660923954,
  "EmberJS-Debug-TodoMVC/Adding100Items/total": 642.6359073371017,
  "EmberJS-Debug-TodoMVC/CompletingAllItems/Async": 31.888210224052674,
  "EmberJS-Debug-TodoMVC/CompletingAllItems/Sync": 381.7441161585808,
  "EmberJS-Debug-TodoMVC/CompletingAllItems/total": 413.7583573927387,
  "EmberJS-Debug-TodoMVC/DeletingItems/Async": 8.060784463968167,
  "EmberJS-Debug-TodoMVC/DeletingItems/Sync": 381.1095578127673,
  "EmberJS-Debug-TodoMVC/DeletingItems/total": 389.76407325937197,
  "EmberJS-Debug-TodoMVC/total": 1455.9118151651842,
  "EmberJS-TodoMVC/Adding100Items/Async": 42.90529037874221,
  "EmberJS-TodoMVC/Adding100Items/Sync": 198.91028678504566,
  "EmberJS-TodoMVC/Adding100Items/total": 242.07144348616075,
  "EmberJS-TodoMVC/CompletingAllItems/Async": 34.033069770293565,
  "EmberJS-TodoMVC/CompletingAllItems/Sync": 115.39456357880523,
  "EmberJS-TodoMVC/CompletingAllItems/total": 149.81070163533792,
  "EmberJS-TodoMVC/DeletingItems/Async": 3.9429823528326082,
  "EmberJS-TodoMVC/DeletingItems/Sync": 80.71331913674138,
  "EmberJS-TodoMVC/DeletingItems/total": 84.70196896165787,
  "EmberJS-TodoMVC/total": 477.1274807839416,
  "Flight-TodoMVC/Adding100Items/Async": 39.38546835979764,
  "Flight-TodoMVC/Adding100Items/Sync": 105.93012522206848,
  "Flight-TodoMVC/Adding100Items/total": 145.57969537136415,
  "Flight-TodoMVC/CompletingAllItems/Async": 29.069741207275534,
  "Flight-TodoMVC/CompletingAllItems/Sync": 107.92551172442114,
  "Flight-TodoMVC/CompletingAllItems/total": 137.02418989750026,
  "Flight-TodoMVC/DeletingItems/Async": 4.000858090746146,
  "Flight-TodoMVC/DeletingItems/Sync": 89.02789866660139,
  "Flight-TodoMVC/DeletingItems/total": 93.21620788886955,
  "Flight-TodoMVC/total": 376.59339146462213,
  "Inferno-TodoMVC/Adding100Items/Async": 43.47962142718376,
  "Inferno-TodoMVC/Adding100Items/Sync": 48.404685505702396,
  "Inferno-TodoMVC/Adding100Items/total": 92.00670877990221,
  "Inferno-TodoMVC/CompletingAllItems/Async": 11.3209484040646,
  "Inferno-TodoMVC/CompletingAllItems/Sync": 132.8240715617663,
  "Inferno-TodoMVC/CompletingAllItems/total": 144.64387707437643,
  "Inferno-TodoMVC/DeletingItems/Async": 4.163230855690551,
  "Inferno-TodoMVC/DeletingItems/Sync": 242.81779451028078,
  "Inferno-TodoMVC/DeletingItems/total": 247.45915494580416,
  "Inferno-TodoMVC/total": 493.8002159704614,
  "Preact-TodoMVC/Adding100Items/Async": 43.62699380386538,
  "Preact-TodoMVC/Adding100Items/Sync": 6.522453498631877,
  "Preact-TodoMVC/Adding100Items/total": 50.160708342418054,
  "Preact-TodoMVC/CompletingAllItems/Async": 29.02435790917259,
  "Preact-TodoMVC/CompletingAllItems/Sync": 3.8423850712033754,
  "Preact-TodoMVC/CompletingAllItems/total": 32.932155433420384,
  "Preact-TodoMVC/DeletingItems/Async": 7.3785626338874515,
  "Preact-TodoMVC/DeletingItems/Sync": 2.0764679584361025,
  "Preact-TodoMVC/DeletingItems/total": 9.467102295312282,
  "Preact-TodoMVC/total": 92.94724886704094,
  "React-Redux-TodoMVC/Adding100Items/Async": 45.5041997991214,
  "React-Redux-TodoMVC/Adding100Items/Sync": 194.4074373914822,
  "React-Redux-TodoMVC/Adding100Items/total": 240.78550181214305,
  "React-Redux-TodoMVC/CompletingAllItems/Async": 28.878640927668414,
  "React-Redux-TodoMVC/CompletingAllItems/Sync": 171.28594110447239,
  "React-Redux-TodoMVC/CompletingAllItems/total": 200.22470503165604,
  "React-Redux-TodoMVC/DeletingItems/Async": 4.872621522815514,
  "React-Redux-TodoMVC/DeletingItems/Sync": 116.65557640105365,
  "React-Redux-TodoMVC/DeletingItems/total": 121.83622325575784,
  "React-Redux-TodoMVC/total": 567.6556420576622,
  "React-TodoMVC/Adding100Items/Async": 42.650372257113936,
  "React-TodoMVC/Adding100Items/Sync": 147.99365007418777,
  "React-TodoMVC/Adding100Items/total": 191.19329354573955,
  "React-TodoMVC/CompletingAllItems/Async": 31.744370641891837,
  "React-TodoMVC/CompletingAllItems/Sync": 91.7939008623009,
  "React-TodoMVC/CompletingAllItems/total": 124.30476377701183,
  "React-TodoMVC/DeletingAllItems/Async": 5.075767725815632,
  "React-TodoMVC/DeletingAllItems/Sync": 55.266025380096984,
  "React-TodoMVC/DeletingAllItems/total": 61.15537256012797,
  "React-TodoMVC/total": 381.73335507167457,
  "Vanilla-ES2015-Babel-Webpack-TodoMVC/Adding100Items/Async": 38.81304802314265,
  "Vanilla-ES2015-Babel-Webpack-TodoMVC/Adding100Items/Sync": 337.3900475534579,
  "Vanilla-ES2015-Babel-Webpack-TodoMVC/Adding100Items/total": 376.2660656758684,
  "Vanilla-ES2015-Babel-Webpack-TodoMVC/CompletingAllItems/Async": 29.197063869316054,
  "Vanilla-ES2015-Babel-Webpack-TodoMVC/CompletingAllItems/Sync": 71.11741577822391,
  "Vanilla-ES2015-Babel-Webpack-TodoMVC/CompletingAllItems/total": 100.3629565216581,
  "Vanilla-ES2015-Babel-Webpack-TodoMVC/DeletingItems/Async": 4.220108999530907,
  "Vanilla-ES2015-Babel-Webpack-TodoMVC/DeletingItems/Sync": 45.34040023007738,
  "Vanilla-ES2015-Babel-Webpack-TodoMVC/DeletingItems/total": 49.710029622726026,
  "Vanilla-ES2015-Babel-Webpack-TodoMVC/total": 526.4933477741887,
  "Vanilla-ES2015-TodoMVC/Adding100Items/Async": 37.428478401225,
  "Vanilla-ES2015-TodoMVC/Adding100Items/Sync": 355.338464038547,
  "Vanilla-ES2015-TodoMVC/Adding100Items/total": 392.77737892119495,
  "Vanilla-ES2015-TodoMVC/CompletingAllItems/Async": 31.113246933765172,