{
  "browser-setup": 3.317403,
  "browser-tear_down": 0.286383,
  "probes-creation": 0.000196,
  "probes-setup": 0.000169,
  "probes-start": 7.8e-05,
  "run": 109.44132,
  "runner-cooldown": 2.002071
}