{
  "Angular2-TypeScript-TodoMVC/Adding100Items/Async": 30.917556051498526,
  "Angular2-TypeScript-TodoMVC/Adding100Items/Sync": 41.23414820936817,
  "Angular2-TypeScript-TodoMVC/Adding100Items/total": 72.19570792131478,
  "Angular2-TypeScript-TodoMVC/CompletingAllItems/Async": 12.816731971200381,
  "Angular2-TypeScript-TodoMVC/CompletingAllItems/Sync": 8.324411421972767,
  "Angular2-TypeScript-TodoMVC/CompletingAllItems/total": 21.144380174164798,
  "Angular2-TypeScript-TodoMVC/DeletingItems/Async": 2.594208842103696,
  "Angular2-TypeScript-TodoMVC/DeletingItems/Sync": 16.02247923821618,
  "Angular2-TypeScript-TodoMVC/DeletingItems/total": 18.62236824026084,
  "Angular2-TypeScript-TodoMVC/total": 111.9755308586607,
  "AngularJS-TodoMVC/Adding100Items/Async": 40.20712314929583,
  "AngularJS-TodoMVC/Adding100Items/Sync": 151.5960122950957,
  "AngularJS-TodoMVC/Adding100Items/total": 191.8108416043712,
  "AngularJS-TodoMVC/CompletingAllItems/Async": 24.195007874750658,
  "AngularJS-TodoMVC/CompletingAllItems/Sync": 60.436435653121556,
  "AngularJS-TodoMVC/CompletingAllItems/total": 85.07294112084755,
  "AngularJS-TodoMVC/DeletingAllItems/Async": 13.882447959339567,
  "AngularJS-TodoMVC/DeletingAllItems/Sync": 158.5506642259398,
  "AngularJS-TodoMVC/DeletingAllItems/total": 172.49295983179448,
  "AngularJS-TodoMVC/total": 452.7551951384966,
  "BackboneJS-TodoMVC/Adding100Items/Async": 35.912315565689426,
  "BackboneJS-TodoMVC/Adding100Items/Sync": 54.13290448928537,
  "BackboneJS-TodoMVC/Adding100Items/total": 90.057751942276,
  "BackboneJS-TodoMVC/CompletingAllItems/Async": 27.33325220240058,
  "BackboneJS-TodoMVC/CompletingAllItems/Sync": 37.05141086447735,
  "BackboneJS-TodoMVC/CompletingAllItems/total": 64.38660892658415,
  "BackboneJS-TodoMVC/DeletingAllItems/Async": 3.3100494897185055,
  "BackboneJS-TodoMVC/DeletingAllItems/Sync": 25.36656433071936,
  "BackboneJS-TodoMVC/DeletingAllItems/total": 28.69356710887791,
  "BackboneJS-TodoMVC/total": 183.16090351397702,
  "Elm-TodoMVC/Adding100Items/Async": 45.617480575903855,
  "Elm-TodoMVC/Adding100Items/Sync": 88.97186653692488,
  "Elm-TodoMVC/Adding100Items/total": 134.6697690587704,
  "Elm-TodoMVC/CompletingAllItems/Async": 30.526038243437483,
  "Elm-TodoMVC/CompletingAllItems/Sync": 103.31325700108735,
  "Elm-TodoMVC/CompletingAllItems/total": 135.02853091658642,
  "Elm-TodoMVC/DeletingItems/Async": 8.633225920827,
  "Elm-TodoMVC/DeletingItems/Sync": 96.9952078695558,
  "Elm-TodoMVC/DeletingItems/total": 105.85436992908748,
  "Elm-TodoMVC/total": 381.27791609075626,
  "EmberJS-Debug-TodoMVC/Adding100Items/Async": 40.57579863325749,
  "EmberJS-Debug-TodoMVC/Adding100Items/Sync": 424.78277508633676,
  "EmberJS-Debug-TodoMVC/Adding100Items/total": 465.47273087789836,
  "EmberJS-Debug-TodoMVC/CompletingAllItems/Async": 27.21346023858242,
  "EmberJS-Debug-TodoMVC/CompletingAllItems/Sync": 279.0903220535436,
  "EmberJS-Debug-TodoMVC/CompletingAllItems/total": 306.532190955571,
  "EmberJS-Debug-TodoMVC/DeletingItems/Async": 7.515970247278303,
  "EmberJS-Debug-TodoMVC/DeletingItems/Sync": 287.7933541404265,
  "EmberJS-Debug-TodoMVC/DeletingItems/total": 297.65680718766407,
  "EmberJS-Debug-TodoMVC/total": 1077.1048375811822,
  "EmberJS-TodoMVC/Adding100Items/Async": 34.16299175708452,
  "EmberJS-TodoMVC/Adding100Items/Sync": 149.32602810135467,
  "EmberJS-TodoMVC/Adding100Items/total": 183.89089920682235,
  "EmberJS-TodoMVC/CompletingAllItems/Async": 26.361949868383487,
  "EmberJS-TodoMVC/CompletingAllItems/Sync": 92.53475605211031,
  "EmberJS-TodoMVC/CompletingAllItems/total": 118.92410417479155,
  "EmberJS-TodoMVC/DeletingItems/Async": 3.308003354404741,
  "EmberJS-TodoMVC/DeletingItems/Sync": 61.90754440594673,
  "EmberJS-TodoMVC/DeletingItems/total": 65.69628561447398,
  "EmberJS-TodoMVC/total": 369.7886060717169,
  "Flight-TodoMVC/Adding100Items/Async": 32.2418989453735,
  "Flight-TodoMVC/Adding100Items/Sync": 77.94531458459691,
  "Flight-TodoMVC/Adding100Items/total": 110.1943410797325,
  "Flight-TodoMVC/CompletingAllItems/Async": 24.675102917702212,
  "Flight-TodoMVC/CompletingAllItems/Sync": 85.20064108224922,
  "Flight-TodoMVC/CompletingAllItems/total": 109.8791261104228,
  "Flight-TodoMVC/DeletingItems/Async": 2.807689084537604,
  "Flight-TodoMVC/DeletingItems/Sync": 69.23338470760025,
  "Flight-TodoMVC/DeletingItems/total": 72.04315349866381,
  "Flight-TodoMVC/total": 292.12296346117705,
  "Inferno-TodoMVC/Adding100Items/Async": 37.84129185929372,
  "Inferno-TodoMVC/Adding100Items/Sync": 44.04871562906517,
  "Inferno-TodoMVC/Adding100Items/total": 81.99061352262464,
  "Inferno-TodoMVC/CompletingAllItems/Async": 7.410104593131961,
  "Inferno-TodoMVC/CompletingAllItems/Sync": 94.37590134509136,
  "Inferno-TodoMVC/CompletingAllItems/total": 102.1142372391391,
  "Inferno-TodoMVC/DeletingItems/Async": 3.724876127493992,
  "Inferno-TodoMVC/DeletingItems/Sync": 223.91777856968173,
  "Inferno-TodoMVC/DeletingItems/total": 227.89731568294155,
  "Inferno-TodoMVC/total": 416.7320571182206,
  "Preact-TodoMVC/Adding100Items/Async": 36.64321168497112,
  "Preact-TodoMVC/Adding100Items/Sync": 4.9539799881199915,
  "Preact-TodoMVC/Adding100Items/total": 41.60274999620569,
  "Preact-TodoMVC/CompletingAllItems/Async": 16.16408440075365,
  "Preact-TodoMVC/CompletingAllItems/Sync": 3.035612975025538,
  "Preact-TodoMVC/CompletingAllItems/total": 19.213740495228173,
  "Preact-TodoMVC/DeletingItems/Async": 4.333590366760706,
  "Preact-TodoMVC/DeletingItems/Sync": 1.6676884811762318,
  "Preact-TodoMVC/DeletingItems/total": 6.002748230711116,
  "Preact-TodoMVC/total": 66.82796732316585,
  "React-Redux-TodoMVC/Adding100Items/Async": 32.81216094972017,
  "React-Redux-TodoMVC/Adding100Items/Sync": 129.4555253244194,
  "React-Redux-TodoMVC/Adding100Items/total": 162.31698412249446,
  "React-Redux-TodoMVC/CompletingAllItems/Async": 26.6625002824913,
  "React-Redux-TodoMVC/CompletingAllItems/Sync": 141.5178046247125,
  "React-Redux-TodoMVC/CompletingAllItems/total": 168.58381617762515,
  "React-Redux-TodoMVC/DeletingItems/Async": 4.078128128743391,
  "React-Redux-TodoMVC/DeletingItems/Sync": 86.77518278459878,
  "React-Redux-TodoMVC/DeletingItems/total": 91.32653847707277,
  "React-Redux-TodoMVC/total": 424.42499158462863,
  "React-TodoMVC/Adding100Items/Async": 34.392402929066904,
  "React-TodoMVC/Adding100Items/Sync": 104.64872825596166,
  "React-TodoMVC/Adding100Items/total": 139.06066330835583,
  "React-TodoMVC/CompletingAllItems/Async": 26.14814216330311,
  "React-TodoMVC/CompletingAllItems/Sync": 70.49421233000575,
  "React-TodoMVC/CompletingAllItems/total": 97.20312447522342,
  "React-TodoMVC/DeletingAllItems/Async": 3.7194946013904344,
  "React-TodoMVC/DeletingAllItems/Sync": 45.334096290490095,
  "React-TodoMVC/DeletingAllItems/total": 49.928917412050694,
  "React-TodoMVC/total": 289.2291189350384,
  "Vanilla-ES2015-Babel-Webpack-TodoMVC/Adding100Items/Async": 34.35920722613953,
  "Vanilla-ES2015-Babel-Webpack-TodoMVC/Adding100Items/Sync": 295.36224668411023,
  "Vanilla-ES2015-Babel-Webpack-TodoMVC/Adding100Items/total": 329.7236711078864,
  "Vanilla-ES2015-Babel-Webpack-TodoMVC/CompletingAllItems/Async": 24.08909329439571,
  "Vanilla-ES2015-Babel-Webpack-TodoMVC/CompletingAllItems/Sync": 62.28332746046279,
  "Vanilla-ES2015-Babel-Webpack-TodoMVC/CompletingAllItems/total": 86.39813963470411,
  "Vanilla-ES2015-Babel-Webpack-TodoMVC/DeletingItems/Async": 2.735358399463693,
  "Vanilla-ES2015-Babel-Webpack-TodoMVC/DeletingItems/Sync": 39.54344905464525,
  "Vanilla-ES2015-Babel-Webpack-TodoMVC/DeletingItems/total": 42.28157096759347,
  "Vanilla-ES2015-Babel-Webpack-TodoMVC/total": 458.41697427281474,
  "Vanilla-ES2015-TodoMVC/Adding100Items/Async": 34.24992135714532,
  "Vanilla-ES2015-TodoMVC/Adding100Items/Sync": 316.4965933346883,
  "Vanilla-ES2015-TodoMVC/Adding100Items/total": 350.827718960168,
  "Vanilla-ES2015-TodoMVC/CompletingAllItems/Async": 27.51367570289612,