{
  "browser-setup": 3.280337,
  "browser-tear_down": 0.225724,
  "probes-creation": 0.000188,
  "probes-setup": 0.000157,
  "probes-start": 7.8e-05,
  "run": 107.859887,
  "runner-cooldown": 2.002309
}