{
  "Angular2-TypeScript-TodoMVC/Adding100Items/Async": 31.014347322277196,
  "Angular2-TypeScript-TodoMVC/Adding100Items/Sync": 42.02194571929848,
  "Angular2-TypeScript-TodoMVC/Adding100Items/total": 73.07406659661915,
  "Angular2-TypeScript-TodoMVC/CompletingAllItems/Async": 12.892242318722083,
  "Angular2-TypeScript-TodoMVC/CompletingAllItems/Sync": 8.431776331866473,
  "Angular2-TypeScript-TodoMVC/CompletingAllItems/total": 21.335359393169547,
  "Angular2-TypeScript-TodoMVC/DeletingItems/Async": 2.713495896381162,
  "Angular2-TypeScript-TodoMVC/DeletingItems/Sync": 16.401752402906997,
  "Angular2-TypeScript-TodoMVC/DeletingItems/total": 19.117378639545684,
  "Angular2-TypeScript-TodoMVC/total": 113.56608817542063,
  "AngularJS-TodoMVC/Adding100Items/Async": 40.03433560705007,
  "AngularJS-TodoMVC/Adding100Items/Sync": 153.24873055188843,
  "AngularJS-TodoMVC/Adding100Items/total": 193.3058723663021,
  "AngularJS-TodoMVC/CompletingAllItems/Async": 24.368927082384165,
  "AngularJS-TodoMVC/CompletingAllItems/Sync": 53.41684928798232,
  "AngularJS-TodoMVC/CompletingAllItems/total": 77.84961604403215,
  "AngularJS-TodoMVC/DeletingAllItems/Async": 14.195536471465221,
  "AngularJS-TodoMVC/DeletingAllItems/Sync": 160.71697385456625,
  "AngularJS-TodoMVC/DeletingAllItems/total": 174.97204258588485,
  "AngularJS-TodoMVC/total": 446.2191157048622,
  "BackboneJS-TodoMVC/Adding100Items/Async": 36.3558980905324,
  "BackboneJS-TodoMVC/Adding100Items/Sync": 54.96542655543186,
  "BackboneJS-TodoMVC/Adding100Items/total": 91.33987444576128,
  "BackboneJS-TodoMVC/CompletingAllItems/Async": 27.216040720976423,
  "BackboneJS-TodoMVC/CompletingAllItems/Sync": 37.6942436565825,
  "BackboneJS-TodoMVC/CompletingAllItems/total": 64.91416605221771,
  "BackboneJS-TodoMVC/DeletingAllItems/Async": 3.462808657413947,
  "BackboneJS-TodoMVC/DeletingAllItems/Sync": 30.252891169446862,
  "BackboneJS-TodoMVC/DeletingAllItems/total": 33.9131046953051,
  "BackboneJS-TodoMVC/total": 194.22640143173075,
  "Elm-TodoMVC/Adding100Items/Async": 46.49610576493548,
  "Elm-TodoMVC/Adding100Items/Sync": 97.33993722281022,
  "Elm-TodoMVC/Adding100Items/total": 144.7288544258176,
  "Elm-TodoMVC/CompletingAllItems/Async": 30.669648898634392,
  "Elm-TodoMVC/CompletingAllItems/Sync": 93.03357445738445,
  "Elm-TodoMVC/CompletingAllItems/total": 124.48535968482932,
  "Elm-TodoMVC/DeletingItems/Async": 9.315171994788383,
  "Elm-TodoMVC/DeletingItems/Sync": 97.64743309594952,
  "Elm-TodoMVC/DeletingItems/total": 107.44316582154583,
  "Elm-TodoMVC/total": 382.6914241671842,
  "EmberJS-Debug-TodoMVC/Adding100Items/Async": 39.64132131653808,
  "EmberJS-Debug-TodoMVC/Adding100Items/Sync": 422.40055622746314,
  "EmberJS-Debug-TodoMVC/Adding100Items/total": 462.09328862089825,
  "EmberJS-Debug-TodoMVC/CompletingAllItems/Async": 27.603751997077747,
  "EmberJS-Debug-TodoMVC/CompletingAllItems/Sync": 282.3465323415788,
  "EmberJS-Debug-TodoMVC/CompletingAllItems/total": 310.1504033334925,
  "EmberJS-Debug-TodoMVC/DeletingItems/Async": 6.886956883971103,
  "EmberJS-Debug-TodoMVC/DeletingItems/Sync": 288.08312627214116,
  "EmberJS-Debug-TodoMVC/DeletingItems/total": 297.66459478940527,
  "EmberJS-Debug-TodoMVC/total": 1074.2391250485914,
  "EmberJS-TodoMVC/Adding100Items/Async": 33.085412138653055,
  "EmberJS-TodoMVC/Adding100Items/Sync": 139.2990512758992,
  "EmberJS-TodoMVC/Adding100Items/total": 172.4500344861054,
  "EmberJS-TodoMVC/CompletingAllItems/Async": 25.456823003332484,
  "EmberJS-TodoMVC/CompletingAllItems/Sync": 93.18286694211706,
  "EmberJS-TodoMVC/CompletingAllItems/total": 118.65255902395798,
  "EmberJS-TodoMVC/DeletingItems/Async": 3.2821323221105865,
  "EmberJS-TodoMVC/DeletingItems/Sync": 69.45725991065582,
  "EmberJS-TodoMVC/DeletingItems/total": 72.75024393132546,
  "EmberJS-TodoMVC/total": 367.11130741356465,
  "Flight-TodoMVC/Adding100Items/Async": 32.18471860712287,
  "Flight-TodoMVC/Adding100Items/Sync": 78.1391246205001,
  "Flight-TodoMVC/Adding100Items/total": 110.3317399119477,
  "Flight-TodoMVC/CompletingAllItems/Async": 24.6679323915885,
  "Flight-TodoMVC/CompletingAllItems/Sync": 89.54681646286757,
  "Flight-TodoMVC/CompletingAllItems/total": 114.38995207829149,
  "Flight-TodoMVC/DeletingItems/Async": 3.4716143474196035,
  "Flight-TodoMVC/DeletingItems/Sync": 77.76698073068735,
  "Flight-TodoMVC/DeletingItems/total": 81.40829944212389,
  "Flight-TodoMVC/total": 309.46543306043463,
  "Inferno-TodoMVC/Adding100Items/Async": 37.865971395575436,
  "Inferno-TodoMVC/Adding100Items/Sync": 43.367648463968365,
  "Inferno-TodoMVC/Adding100Items/total": 81.43598067576296,
  "Inferno-TodoMVC/CompletingAllItems/Async": 6.34787015209151,
  "Inferno-TodoMVC/CompletingAllItems/Sync": 94.02922782544827,
  "Inferno-TodoMVC/CompletingAllItems/total": 100.52723857335928,
  "Inferno-TodoMVC/DeletingItems/Async": 3.2766661064758473,
  "Inferno-TodoMVC/DeletingItems/Sync": 202.285610933011,
  "Inferno-TodoMVC/DeletingItems/total": 205.81556595479316,
  "Inferno-TodoMVC/total": 390.53386848035757,
  "Preact-TodoMVC/Adding100Items/Async": 36.624663988740345,
  "Preact-TodoMVC/Adding100Items/Sync": 4.980804683949708,
  "Preact-TodoMVC/Adding100Items/total": 41.611389441379124,
  "Preact-TodoMVC/CompletingAllItems/Async": 16.064253327906954,
  "Preact-TodoMVC/CompletingAllItems/Sync": 2.9219085563836704,
  "Preact-TodoMVC/CompletingAllItems/total": 18.991373292942964,
  "Preact-TodoMVC/DeletingItems/Async": 4.065122487824553,
  "Preact-TodoMVC/DeletingItems/Sync": 1.5767878311188948,
  "Preact-TodoMVC/DeletingItems/total": 5.6498783024041,
  "Preact-TodoMVC/total": 66.26357745009436,
  "React-Redux-TodoMVC/Adding100Items/Async": 33.18818742285189,
  "React-Redux-TodoMVC/Adding100Items/Sync": 127.83866530155333,
  "React-Redux-TodoMVC/Adding100Items/total": 161.05865915305924,
  "React-Redux-TodoMVC/CompletingAllItems/Async": 24.924045110037152,
  "React-Redux-TodoMVC/CompletingAllItems/Sync": 131.4565747422861,
  "React-Redux-TodoMVC/CompletingAllItems/total": 156.42252193908323,
  "React-Redux-TodoMVC/DeletingItems/Async": 3.9926671122148374,
  "React-Redux-TodoMVC/DeletingItems/Sync": 95.14615289504395,
  "React-Redux-TodoMVC/DeletingItems/total": 99.34014126099663,
  "React-Redux-TodoMVC/total": 420.07849940423495,
  "React-TodoMVC/Adding100Items/Async": 34.66799153460348,
  "React-TodoMVC/Adding100Items/Sync": 104.96603763929939,
  "React-TodoMVC/Adding100Items/total": 139.65244250156982,
  "React-TodoMVC/CompletingAllItems/Async": 26.584063303697114,
  "React-TodoMVC/CompletingAllItems/Sync": 70.3113687706291,
  "React-TodoMVC/CompletingAllItems/total": 97.51710376954948,
  "React-TodoMVC/DeletingAllItems/Async": 3.3680003739281266,
  "React-TodoMVC/DeletingAllItems/Sync": 46.031327451940726,
  "React-TodoMVC/DeletingAllItems/total": 49.62255027555293,
  "React-TodoMVC/total": 289.6043577957452,
  "Vanilla-ES2015-Babel-Webpack-TodoMVC/Adding100Items/Async": 34.66779567781388,
  "Vanilla-ES2015-Babel-Webpack-TodoMVC/Adding100Items/Sync": 302.3123415244554,
  "Vanilla-ES2015-Babel-Webpack-TodoMVC/Adding100Items/total": 337.07344094234986,
  "Vanilla-ES2015-Babel-Webpack-TodoMVC/CompletingAllItems/Async": 24.536556157433207,
  "Vanilla-ES2015-Babel-Webpack-TodoMVC/CompletingAllItems/Sync": 64.37703925216437,
  "Vanilla-ES2015-Babel-Webpack-TodoMVC/CompletingAllItems/total": 88.94028177806263,
  "Vanilla-ES2015-Babel-Webpack-TodoMVC/DeletingItems/Async": 3.667247684843357,
  "Vanilla-ES2015-Babel-Webpack-TodoMVC/DeletingItems/Sync": 47.223995927078086,
  "Vanilla-ES2015-Babel-Webpack-TodoMVC/DeletingItems/total": 51.48789056384748,
  "Vanilla-ES2015-Babel-Webpack-TodoMVC/total": 484.8470728685978,
  "Vanilla-ES2015-TodoMVC/Adding100Items/Async": 33.52763827388909,
  "Vanilla-ES2015-TodoMVC/Adding100Items/Sync": 295.3036362777045,
  "Vanilla-ES2015-TodoMVC/Adding100Items/total": 328.85478840666644,
  "Vanilla-ES2015-TodoMVC/CompletingAllItems/Async": 25.849920993701748,