{
  "browser-setup": 3.991738,
  "browser-tear_down": 0.297474,
  "probes-creation": 0.000129,
  "probes-setup": 0.000103,
  "probes-start": 7.3e-05,
  "run": 131.110331,
  "runner-cooldown": 2.001017
}