{
  "Angular2-TypeScript-TodoMVC/Adding100Items/Async": 37.56903115478671,
  "Angular2-TypeScript-TodoMVC/Adding100Items/Sync": 60.68605457796295,
  "Angular2-TypeScript-TodoMVC/Adding100Items/total": 98.28211593548824,
  "Angular2-TypeScript-TodoMVC/CompletingAllItems/Async": 18.61095186543867,
  "Angular2-TypeScript-TodoMVC/CompletingAllItems/Sync": 10.207131939042394,
  "Angular2-TypeScript-TodoMVC/CompletingAllItems/total": 28.903370827272077,
  "Angular2-TypeScript-TodoMVC/DeletingItems/Async": 3.7565453607169803,
  "Angular2-TypeScript-TodoMVC/DeletingItems/Sync": 18.486739524993354,
  "Angular2-TypeScript-TodoMVC/DeletingItems/total": 22.25908167437441,
  "Angular2-TypeScript-TodoMVC/total": 149.63740172948815,
  "AngularJS-TodoMVC/Adding100Items/Async": 53.02811707814247,
  "AngularJS-TodoMVC/Adding100Items/Sync": 279.54396027874526,
  "AngularJS-TodoMVC/Adding100Items/total": 333.0734766852473,
  "AngularJS-TodoMVC/CompletingAllItems/Async": 35.820580927177986,
  "AngularJS-TodoMVC/CompletingAllItems/Sync": 86.05689790603304,
  "AngularJS-TodoMVC/CompletingAllItems/total": 122.44102080473834,
  "AngularJS-TodoMVC/DeletingAllItems/Async": 16.619232250590745,
  "AngularJS-TodoMVC/DeletingAllItems/Sync": 247.96177623487543,
  "AngularJS-TodoMVC/DeletingAllItems/total": 264.70180448530084,
  "AngularJS-TodoMVC/total": 721.7476460510322,
  "BackboneJS-TodoMVC/Adding100Items/Async": 45.318798172405096,
  "BackboneJS-TodoMVC/Adding100Items/Sync": 109.44863908051613,
  "BackboneJS-TodoMVC/Adding100Items/total": 155.362156318766,
  "BackboneJS-TodoMVC/CompletingAllItems/Async": 33.96571191173796,
  "BackboneJS-TodoMVC/CompletingAllItems/Sync": 59.8395052704608,
  "BackboneJS-TodoMVC/CompletingAllItems/total": 93.96566561193468,
  "BackboneJS-TodoMVC/DeletingAllItems/Async": 5.072488318281583,
  "BackboneJS-TodoMVC/DeletingAllItems/Sync": 31.32330344329661,
  "BackboneJS-TodoMVC/DeletingAllItems/total": 36.43909149643979,
  "BackboneJS-TodoMVC/total": 286.05931980592607,
  "Elm-TodoMVC/Adding100Items/Async": 53.43242693256096,
  "Elm-TodoMVC/Adding100Items/Sync": 195.70429468051253,
  "Elm-TodoMVC/Adding100Items/total": 257.3501933034066,
  "Elm-TodoMVC/CompletingAllItems/Async": 41.71828980980915,
  "Elm-TodoMVC/CompletingAllItems/Sync": 137.94811211831546,
  "Elm-TodoMVC/CompletingAllItems/total": 179.8793013774765,
  "Elm-TodoMVC/DeletingItems/Async": 10.744586873187073,
  "Elm-TodoMVC/DeletingItems/Sync": 309.4932954027512,
  "Elm-TodoMVC/DeletingItems/total": 321.62727418348925,
  "Elm-TodoMVC/total": 841.5285511521926,
  "EmberJS-Debug-TodoMVC/Adding100Items/Async": 44.61145485622238,
  "EmberJS-Debug-TodoMVC/Adding100Items/Sync": 596.7576142131103,
  "EmberJS-Debug-TodoMVC/Adding100Items/total": 641.4399816529552,
  "EmberJS-Debug-TodoMVC/CompletingAllItems/Async": 32.91794491902525,
  "EmberJS-Debug-TodoMVC/CompletingAllItems/Sync": 365.7033221734678,
  "EmberJS-Debug-TodoMVC/CompletingAllItems/total": 398.7825975934395,
  "EmberJS-Debug-TodoMVC/DeletingItems/Async": 5.328539238528026,
  "EmberJS-Debug-TodoMVC/DeletingItems/Sync": 386.24621785218307,
  "EmberJS-Debug-TodoMVC/DeletingItems/total": 392.19772854323054,
  "EmberJS-Debug-TodoMVC/total": 1432.765563378064,
  "EmberJS-TodoMVC/Adding100Items/Async": 42.34000805271328,
  "EmberJS-TodoMVC/Adding100Items/Sync": 224.03151216610334,
  "EmberJS-TodoMVC/Adding100Items/total": 266.4124833881789,
  "EmberJS-TodoMVC/CompletingAllItems/Async": 35.35533278485673,
  "EmberJS-TodoMVC/CompletingAllItems/Sync": 124.69542319327887,
  "EmberJS-TodoMVC/CompletingAllItems/total": 160.1594653098089,
  "EmberJS-TodoMVC/DeletingItems/Async": 5.206303131025495,
  "EmberJS-TodoMVC/DeletingItems/Sync": 84.10842945517591,
  "EmberJS-TodoMVC/DeletingItems/total": 89.82983356818772,
  "EmberJS-TodoMVC/total": 516.8047416127295,
  "Flight-TodoMVC/Adding100Items/Async": 40.72532238884275,
  "Flight-TodoMVC/Adding100Items/Sync": 119.13813884799636,
  "Flight-TodoMVC/Adding100Items/total": 160.09589791967986,
  "Flight-TodoMVC/CompletingAllItems/Async": 32.71443510183936,
  "Flight-TodoMVC/CompletingAllItems/Sync": 127.19834928849376,
  "Flight-TodoMVC/CompletingAllItems/total": 160.06994757248393,
  "Flight-TodoMVC/DeletingItems/Async": 5.067756382259651,
  "Flight-TodoMVC/DeletingItems/Sync": 111.8307184817267,
  "Flight-TodoMVC/DeletingItems/total": 117.27728114499727,
  "Flight-TodoMVC/total": 437.5144359660483,
  "Inferno-TodoMVC/Adding100Items/Async": 43.41538811407022,
  "Inferno-TodoMVC/Adding100Items/Sync": 55.27640314992295,
  "Inferno-TodoMVC/Adding100Items/total": 98.7586053416753,
  "Inferno-TodoMVC/CompletingAllItems/Async": 10.184843580697645,
  "Inferno-TodoMVC/CompletingAllItems/Sync": 115.5838731968747,
  "Inferno-TodoMVC/CompletingAllItems/total": 126.1833079600406,
  "Inferno-TodoMVC/DeletingItems/Async": 4.273504607760045,
  "Inferno-TodoMVC/DeletingItems/Sync": 250.72729281466735,
  "Inferno-TodoMVC/DeletingItems/total": 255.03261365298673,
  "Inferno-TodoMVC/total": 480.14257775313007,
  "Preact-TodoMVC/Adding100Items/Async": 60.40284058518205,
  "Preact-TodoMVC/Adding100Items/Sync": 10.678472937331787,
  "Preact-TodoMVC/Adding100Items/total": 71.09901171105595,
  "Preact-TodoMVC/CompletingAllItems/Async": 28.842487147919336,
  "Preact-TodoMVC/CompletingAllItems/Sync": 3.873264194007845,
  "Preact-TodoMVC/CompletingAllItems/total": 32.77650748346285,
  "Preact-TodoMVC/DeletingItems/Async": 7.3675553816452535,
  "Preact-TodoMVC/DeletingItems/Sync": 2.205620604112173,
  "Preact-TodoMVC/DeletingItems/total": 9.585427912511927,
  "Preact-TodoMVC/total": 115.27032975488561,
  "React-Redux-TodoMVC/Adding100Items/Async": 42.90703940474126,
  "React-Redux-TodoMVC/Adding100Items/Sync": 199.22790989874045,
  "React-Redux-TodoMVC/Adding100Items/total": 242.36321759378868,
  "React-Redux-TodoMVC/CompletingAllItems/Async": 31.373045964149114,
  "React-Redux-TodoMVC/CompletingAllItems/Sync": 176.9426436350806,
  "React-Redux-TodoMVC/CompletingAllItems/total": 208.34110468374152,
  "React-Redux-TodoMVC/DeletingItems/Async": 4.537049113278802,
  "React-Redux-TodoMVC/DeletingItems/Sync": 114.80232654883041,
  "React-Redux-TodoMVC/DeletingItems/total": 119.414557619037,
  "React-Redux-TodoMVC/total": 570.3562152304513,
  "React-TodoMVC/Adding100Items/Async": 42.354227483292895,
  "React-TodoMVC/Adding100Items/Sync": 156.07998822643967,
  "React-TodoMVC/Adding100Items/total": 198.57109789715324,
  "React-TodoMVC/CompletingAllItems/Async": 34.13429789283174,
  "React-TodoMVC/CompletingAllItems/Sync": 85.09819570606656,
  "React-TodoMVC/CompletingAllItems/total": 119.42124537435663,
  "React-TodoMVC/DeletingAllItems/Async": 3.956119091664447,
  "React-TodoMVC/DeletingAllItems/Sync": 56.67655135497098,
  "React-TodoMVC/DeletingAllItems/total": 60.66020477508927,
  "React-TodoMVC/total": 378.94500916405593,
  "Vanilla-ES2015-Babel-Webpack-TodoMVC/Adding100Items/Async": 39.15338529558605,
  "Vanilla-ES2015-Babel-Webpack-TodoMVC/Adding100Items/Sync": 348.81302847242927,
  "Vanilla-ES2015-Babel-Webpack-TodoMVC/Adding100Items/total": 388.03368065129905,
  "Vanilla-ES2015-Babel-Webpack-TodoMVC/CompletingAllItems/Async": 31.072159036518872,
  "Vanilla-ES2015-Babel-Webpack-TodoMVC/CompletingAllItems/Sync": 79.43077458717256,
  "Vanilla-ES2015-Babel-Webpack-TodoMVC/CompletingAllItems/total": 110.51867669050478,
  "Vanilla-ES2015-Babel-Webpack-TodoMVC/DeletingItems/Async": 4.477419368051999,
  "Vanilla-ES2015-Babel-Webpack-TodoMVC/DeletingItems/Sync": 53.208791127285615,
  "Vanilla-ES2015-Babel-Webpack-TodoMVC/DeletingItems/total": 57.70376674939386,
  "Vanilla-ES2015-Babel-Webpack-TodoMVC/total": 556.4321754097564,
  "Vanilla-ES2015-TodoMVC/Adding100Items/Async": 38.41855413186539,
  "Vanilla-ES2015-TodoMVC/Adding100Items/Sync": 358.5714917309208,
  "Vanilla-ES2015-TodoMVC/Adding100Items/total": 397.03383063374366,
  "Vanilla-ES2015-TodoMVC/CompletingAllItems/Async": 31.087008364148083,