{
  "Angular2-TypeScript-TodoMVC/Adding100Items/Async": 37.74967308202555,
  "Angular2-TypeScript-TodoMVC/Adding100Items/Sync": 58.71637263598102,
  "Angular2-TypeScript-TodoMVC/Adding100Items/total": 96.49279324102312,
  "Angular2-TypeScript-TodoMVC/CompletingAllItems/Async": 18.447302048501985,
  "Angular2-TypeScript-TodoMVC/CompletingAllItems/Sync": 10.037385590409183,
  "Angular2-TypeScript-TodoMVC/CompletingAllItems/total": 28.569348697307667,
  "Angular2-TypeScript-TodoMVC/DeletingItems/Async": 3.696257379688765,
  "Angular2-TypeScript-TodoMVC/DeletingItems/Sync": 18.12603886847365,
  "Angular2-TypeScript-TodoMVC/DeletingItems/total": 21.832398449074972,
  "Angular2-TypeScript-TodoMVC/total": 147.06603428381382,
  "AngularJS-TodoMVC/Adding100Items/Async": 54.26618902876256,
  "AngularJS-TodoMVC/Adding100Items/Sync": 262.19553060202514,
  "AngularJS-TodoMVC/Adding100Items/total": 317.3872296817027,
  "AngularJS-TodoMVC/CompletingAllItems/Async": 34.070621957416655,
  "AngularJS-TodoMVC/CompletingAllItems/Sync": 82.061380026865,
  "AngularJS-TodoMVC/CompletingAllItems/total": 116.22915297244455,
  "AngularJS-TodoMVC/DeletingAllItems/Async": 17.980199260007865,
  "AngularJS-TodoMVC/DeletingAllItems/Sync": 243.6415985270003,
  "AngularJS-TodoMVC/DeletingAllItems/total": 261.93053036759505,
  "AngularJS-TodoMVC/total": 696.0934123509459,
  "BackboneJS-TodoMVC/Adding100Items/Async": 45.31702285813607,
  "BackboneJS-TodoMVC/Adding100Items/Sync": 97.56170333652886,
  "BackboneJS-TodoMVC/Adding100Items/total": 143.1768535481711,
  "BackboneJS-TodoMVC/CompletingAllItems/Async": 33.718584379024314,
  "BackboneJS-TodoMVC/CompletingAllItems/Sync": 55.42874480192883,
  "BackboneJS-TodoMVC/CompletingAllItems/total": 89.25140328778818,
  "BackboneJS-TodoMVC/DeletingAllItems/Async": 4.986532853662646,
  "BackboneJS-TodoMVC/DeletingAllItems/Sync": 30.671048893803896,
  "BackboneJS-TodoMVC/DeletingAllItems/total": 35.680902675637036,
  "BackboneJS-TodoMVC/total": 268.2494820072054,
  "Elm-TodoMVC/Adding100Items/Async": 53.75093383022005,
  "Elm-TodoMVC/Adding100Items/Sync": 197.1856998792553,
  "Elm-TodoMVC/Adding100Items/total": 260.2684261377973,
  "Elm-TodoMVC/CompletingAllItems/Async": 41.776105704917846,
  "Elm-TodoMVC/CompletingAllItems/Sync": 135.8636730283501,
  "Elm-TodoMVC/CompletingAllItems/total": 177.8477887155427,
  "Elm-TodoMVC/DeletingItems/Async": 10.873867845042977,
  "Elm-TodoMVC/DeletingItems/Sync": 255.23386876365356,
  "Elm-TodoMVC/DeletingItems/total": 267.07458545052,
  "Elm-TodoMVC/total": 773.5299956166402,
  "EmberJS-Debug-TodoMVC/Adding100Items/Async": 44.19441913347901,
  "EmberJS-Debug-TodoMVC/Adding100Items/Sync": 598.8294438977496,
  "EmberJS-Debug-TodoMVC/Adding100Items/total": 643.0968132214064,
  "EmberJS-Debug-TodoMVC/CompletingAllItems/Async": 33.664509331386206,
  "EmberJS-Debug-TodoMVC/CompletingAllItems/Sync": 358.6236345494967,
  "EmberJS-Debug-TodoMVC/CompletingAllItems/total": 392.4676035805176,
  "EmberJS-Debug-TodoMVC/DeletingItems/Async": 6.036290014856056,
  "EmberJS-Debug-TodoMVC/DeletingItems/Sync": 382.89533427723524,
  "EmberJS-Debug-TodoMVC/DeletingItems/total": 389.5769046715959,
  "EmberJS-Debug-TodoMVC/total": 1425.8450624758905,
  "EmberJS-TodoMVC/Adding100Items/Async": 42.731740206578685,
  "EmberJS-TodoMVC/Adding100Items/Sync": 223.00710388267572,
  "EmberJS-TodoMVC/Adding100Items/total": 265.78704508479683,
  "EmberJS-TodoMVC/CompletingAllItems/Async": 34.1032238446831,
  "EmberJS-TodoMVC/CompletingAllItems/Sync": 125.2172990749372,
  "EmberJS-TodoMVC/CompletingAllItems/total": 159.34029912571347,
  "EmberJS-TodoMVC/DeletingItems/Async": 5.809811317520766,
  "EmberJS-TodoMVC/DeletingItems/Sync": 81.1986005796901,
  "EmberJS-TodoMVC/DeletingItems/total": 87.7595839111304,
  "EmberJS-TodoMVC/total": 513.1272795762497,
  "Flight-TodoMVC/Adding100Items/Async": 40.57017665357686,
  "Flight-TodoMVC/Adding100Items/Sync": 111.37349090131374,
  "Flight-TodoMVC/Adding100Items/total": 152.07714053441458,
  "Flight-TodoMVC/CompletingAllItems/Async": 32.5150748816032,
  "Flight-TodoMVC/CompletingAllItems/Sync": 119.23590442533927,
  "Flight-TodoMVC/CompletingAllItems/total": 151.82918907222037,
  "Flight-TodoMVC/DeletingItems/Async": 4.90264843780774,
  "Flight-TodoMVC/DeletingItems/Sync": 104.21674045653018,
  "Flight-TodoMVC/DeletingItems/total": 109.4759113150373,
  "Flight-TodoMVC/total": 413.46765956638546,
  "Inferno-TodoMVC/Adding100Items/Async": 44.96021608109889,
  "Inferno-TodoMVC/Adding100Items/Sync": 57.111671219673916,
  "Inferno-TodoMVC/Adding100Items/total": 102.47069807828568,
  "Inferno-TodoMVC/CompletingAllItems/Async": 9.972016779398931,
  "Inferno-TodoMVC/CompletingAllItems/Sync": 114.76081865123783,
  "Inferno-TodoMVC/CompletingAllItems/total": 125.21298833151094,
  "Inferno-TodoMVC/DeletingItems/Async": 4.052654506436056,
  "Inferno-TodoMVC/DeletingItems/Sync": 244.93260514770887,
  "Inferno-TodoMVC/DeletingItems/total": 249.02530588148636,
  "Inferno-TodoMVC/total": 477.24642042292805,
  "Preact-TodoMVC/Adding100Items/Async": 54.45855871963274,
  "Preact-TodoMVC/Adding100Items/Sync": 9.098114435669798,
  "Preact-TodoMVC/Adding100Items/total": 63.599031425179035,
  "Preact-TodoMVC/CompletingAllItems/Async": 30.224763724875825,
  "Preact-TodoMVC/CompletingAllItems/Sync": 3.8342778557108934,
  "Preact-TodoMVC/CompletingAllItems/total": 34.12763197674595,
  "Preact-TodoMVC/DeletingItems/Async": 7.006212318009834,
  "Preact-TodoMVC/DeletingItems/Sync": 2.1434128847081775,
  "Preact-TodoMVC/DeletingItems/total": 9.17117003924975,
  "Preact-TodoMVC/total": 107.9406730389738,
  "React-Redux-TodoMVC/Adding100Items/Async": 42.94334070218737,
  "React-Redux-TodoMVC/Adding100Items/Sync": 194.00947283809128,
  "React-Redux-TodoMVC/Adding100Items/total": 237.18910341902267,
  "React-Redux-TodoMVC/CompletingAllItems/Async": 32.21692055131966,
  "React-Redux-TodoMVC/CompletingAllItems/Sync": 172.12563037031958,
  "React-Redux-TodoMVC/CompletingAllItems/total": 204.4179706577062,
  "React-Redux-TodoMVC/DeletingItems/Async": 4.51980517349356,
  "React-Redux-TodoMVC/DeletingItems/Sync": 113.01152091209254,
  "React-Redux-TodoMVC/DeletingItems/total": 117.62011803084013,
  "React-Redux-TodoMVC/total": 559.5422599358466,
  "React-TodoMVC/Adding100Items/Async": 42.78629827255796,
  "React-TodoMVC/Adding100Items/Sync": 144.8123704629718,
  "React-TodoMVC/Adding100Items/total": 187.65865702588437,
  "React-TodoMVC/CompletingAllItems/Async": 32.03510081197647,
  "React-TodoMVC/CompletingAllItems/Sync": 87.32281769038258,
  "React-TodoMVC/CompletingAllItems/total": 119.44368440109942,
  "React-TodoMVC/DeletingAllItems/Async": 4.1769687371589965,
  "React-TodoMVC/DeletingAllItems/Sync": 55.498661341345745,
  "React-TodoMVC/DeletingAllItems/total": 59.73101874341377,
  "React-TodoMVC/total": 367.0082310977401,
  "Vanilla-ES2015-Babel-Webpack-TodoMVC/Adding100Items/Async": 38.66208985601471,
  "Vanilla-ES2015-Babel-Webpack-TodoMVC/Adding100Items/Sync": 334.9837972573166,
  "Vanilla-ES2015-Babel-Webpack-TodoMVC/Adding100Items/total": 373.69113841995045,
  "Vanilla-ES2015-Babel-Webpack-TodoMVC/CompletingAllItems/Async": 30.94544589521766,
  "Vanilla-ES2015-Babel-Webpack-TodoMVC/CompletingAllItems/Sync": 77.8239467067408,
  "Vanilla-ES2015-Babel-Webpack-TodoMVC/CompletingAllItems/total": 108.77607480318773,
  "Vanilla-ES2015-Babel-Webpack-TodoMVC/DeletingItems/Async": 4.501087935626449,
  "Vanilla-ES2015-Babel-Webpack-TodoMVC/DeletingItems/Sync": 50.98861411090282,
  "Vanilla-ES2015-Babel-Webpack-TodoMVC/DeletingItems/total": 55.52881778782925,
  "Vanilla-ES2015-Babel-Webpack-TodoMVC/total": 538.1174100450218,
  "Vanilla-ES2015-TodoMVC/Adding100Items/Async": 38.54243949652986,
  "Vanilla-ES2015-TodoMVC/Adding100Items/Sync": 344.76320240377,
  "Vanilla-ES2015-TodoMVC/Adding100Items/total": 383.35435150729853,
  "Vanilla-ES2015-TodoMVC/CompletingAllItems/Async": 31.05684686982571,