{
  "browser-setup": 3.963363,
  "browser-tear_down": 0.278625,
  "probes-creation": 0.000126,
  "probes-setup": 0.000101,
  "probes-start": 7.2e-05,
  "run": 125.551208,
  "runner-cooldown": 2.00205
}