{
  "Angular2-TypeScript-TodoMVC/Adding100Items/Async": 38.330367831511985,
  "Angular2-TypeScript-TodoMVC/Adding100Items/Sync": 55.204671751075075,
  "Angular2-TypeScript-TodoMVC/Adding100Items/total": 93.56574999030752,
  "Angular2-TypeScript-TodoMVC/CompletingAllItems/Async": 16.737139178238287,
  "Angular2-TypeScript-TodoMVC/CompletingAllItems/Sync": 10.055282696059594,
  "Angular2-TypeScript-TodoMVC/CompletingAllItems/total": 27.08900398159089,
  "Angular2-TypeScript-TodoMVC/DeletingItems/Async": 4.455585954721735,
  "Angular2-TypeScript-TodoMVC/DeletingItems/Sync": 17.76173983530777,
  "Angular2-TypeScript-TodoMVC/DeletingItems/total": 22.58697999141491,
  "Angular2-TypeScript-TodoMVC/total": 143.7798620770382,
  "AngularJS-TodoMVC/Adding100Items/Async": 56.165738953648585,
  "AngularJS-TodoMVC/Adding100Items/Sync": 244.83497667878044,
  "AngularJS-TodoMVC/Adding100Items/total": 302.9851542548639,
  "AngularJS-TodoMVC/CompletingAllItems/Async": 31.009828097233246,
  "AngularJS-TodoMVC/CompletingAllItems/Sync": 69.41309823152076,
  "AngularJS-TodoMVC/CompletingAllItems/total": 100.48974767769496,
  "AngularJS-TodoMVC/DeletingAllItems/Async": 16.56828237998846,
  "AngularJS-TodoMVC/DeletingAllItems/Sync": 257.2822842973254,
  "AngularJS-TodoMVC/DeletingAllItems/total": 274.1666197608578,
  "AngularJS-TodoMVC/total": 685.1378130889327,
  "BackboneJS-TodoMVC/Adding100Items/Async": 43.74003382483023,
  "BackboneJS-TodoMVC/Adding100Items/Sync": 70.57026998318415,
  "BackboneJS-TodoMVC/Adding100Items/total": 114.33332513558503,
  "BackboneJS-TodoMVC/CompletingAllItems/Async": 33.1382079246687,
  "BackboneJS-TodoMVC/CompletingAllItems/Sync": 45.97666161379722,
  "BackboneJS-TodoMVC/CompletingAllItems/total": 79.11970209616445,
  "BackboneJS-TodoMVC/DeletingAllItems/Async": 4.672805711676195,
  "BackboneJS-TodoMVC/DeletingAllItems/Sync": 29.225690740246193,
  "BackboneJS-TodoMVC/DeletingAllItems/total": 33.908013075746915,
  "BackboneJS-TodoMVC/total": 227.38254547595696,
  "Elm-TodoMVC/Adding100Items/Async": 51.86956886864594,
  "Elm-TodoMVC/Adding100Items/Sync": 133.03665386095048,
  "Elm-TodoMVC/Adding100Items/total": 186.36490158135086,
  "Elm-TodoMVC/CompletingAllItems/Async": 34.36039697720206,
  "Elm-TodoMVC/CompletingAllItems/Sync": 121.73520449452657,
  "Elm-TodoMVC/CompletingAllItems/total": 156.7753448272679,
  "Elm-TodoMVC/DeletingItems/Async": 10.364901139412398,
  "Elm-TodoMVC/DeletingItems/Sync": 155.90082414063156,
  "Elm-TodoMVC/DeletingItems/total": 166.47373946437312,
  "Elm-TodoMVC/total": 521.9319209943052,
  "EmberJS-Debug-TodoMVC/Adding100Items/Async": 47.88883616827508,
  "EmberJS-Debug-TodoMVC/Adding100Items/Sync": 581.3995229079937,
  "EmberJS-Debug-TodoMVC/Adding100Items/total": 629.3862054373787,
  "EmberJS-Debug-TodoMVC/CompletingAllItems/Async": 30.590603975977153,
  "EmberJS-Debug-TodoMVC/CompletingAllItems/Sync": 352.2097752106926,
  "EmberJS-Debug-TodoMVC/CompletingAllItems/total": 382.81950685212803,
  "EmberJS-Debug-TodoMVC/DeletingItems/Async": 9.56400489216567,
  "EmberJS-Debug-TodoMVC/DeletingItems/Sync": 398.28731289664654,
  "EmberJS-Debug-TodoMVC/DeletingItems/total": 411.47724610780307,
  "EmberJS-Debug-TodoMVC/total": 1432.0980779317151,
  "EmberJS-TodoMVC/Adding100Items/Async": 43.47591342105025,
  "EmberJS-TodoMVC/Adding100Items/Sync": 199.92599824073434,
  "EmberJS-TodoMVC/Adding100Items/total": 243.59700925150193,
  "EmberJS-TodoMVC/CompletingAllItems/Async": 35.37865698670634,
  "EmberJS-TodoMVC/CompletingAllItems/Sync": 116.82268692494797,
  "EmberJS-TodoMVC/CompletingAllItems/total": 152.81671019102652,
  "EmberJS-TodoMVC/DeletingItems/Async": 3.9063049681791027,
  "EmberJS-TodoMVC/DeletingItems/Sync": 82.68709192616562,
  "EmberJS-TodoMVC/DeletingItems/total": 86.61816434699625,
  "EmberJS-TodoMVC/total": 483.62255942987656,
  "Flight-TodoMVC/Adding100Items/Async": 39.218603804364925,
  "Flight-TodoMVC/Adding100Items/Sync": 97.86484534577097,
  "Flight-TodoMVC/Adding100Items/total": 137.09386055971706,
  "Flight-TodoMVC/CompletingAllItems/Async": 28.977175436353118,
  "Flight-TodoMVC/CompletingAllItems/Sync": 106.83075609901539,
  "Flight-TodoMVC/CompletingAllItems/total": 135.82772334859834,
  "Flight-TodoMVC/DeletingItems/Async": 3.9366428075285502,
  "Flight-TodoMVC/DeletingItems/Sync": 89.10993115921202,
  "Flight-TodoMVC/DeletingItems/total": 93.08893914968118,
  "Flight-TodoMVC/total": 366.06125918822477,
  "Inferno-TodoMVC/Adding100Items/Async": 47.82893945212931,
  "Inferno-TodoMVC/Adding100Items/Sync": 50.66290037642696,
  "Inferno-TodoMVC/Adding100Items/total": 98.82694131742434,
  "Inferno-TodoMVC/CompletingAllItems/Async": 9.67581989669536,
  "Inferno-TodoMVC/CompletingAllItems/Sync": 113.06744816315195,
  "Inferno-TodoMVC/CompletingAllItems/total": 123.43164010815349,
  "Inferno-TodoMVC/DeletingItems/Async": 3.9656643131061338,
  "Inferno-TodoMVC/DeletingItems/Sync": 239.74853102991392,
  "Inferno-TodoMVC/DeletingItems/total": 244.29897122383892,
  "Inferno-TodoMVC/total": 467.16815948855367,
  "Preact-TodoMVC/Adding100Items/Async": 44.38168812087292,
  "Preact-TodoMVC/Adding100Items/Sync": 6.2732829073744405,
  "Preact-TodoMVC/Adding100Items/total": 50.66664622416153,
  "Preact-TodoMVC/CompletingAllItems/Async": 29.373197969248167,
  "Preact-TodoMVC/CompletingAllItems/Sync": 3.9033081857081906,
  "Preact-TodoMVC/CompletingAllItems/total": 33.33668494174037,
  "Preact-TodoMVC/DeletingItems/Async": 7.4457781170451565,
  "Preact-TodoMVC/DeletingItems/Sync": 2.003180316373578,
  "Preact-TodoMVC/DeletingItems/total": 9.473759669137179,
  "Preact-TodoMVC/total": 93.986524374356,
  "React-Redux-TodoMVC/Adding100Items/Async": 43.41480233588913,
  "React-Redux-TodoMVC/Adding100Items/Sync": 216.30039099500777,
  "React-Redux-TodoMVC/Adding100Items/total": 261.59582511391903,
  "React-Redux-TodoMVC/CompletingAllItems/Async": 29.712666861506857,
  "React-Redux-TodoMVC/CompletingAllItems/Sync": 170.59238688032147,
  "React-Redux-TodoMVC/CompletingAllItems/total": 200.34020140386878,
  "React-Redux-TodoMVC/DeletingItems/Async": 6.451147054881949,
  "React-Redux-TodoMVC/DeletingItems/Sync": 118.41797393939044,
  "React-Redux-TodoMVC/DeletingItems/total": 125.94284981409602,
  "React-Redux-TodoMVC/total": 597.393770616234,
  "React-TodoMVC/Adding100Items/Async": 43.16363574654764,
  "React-TodoMVC/Adding100Items/Sync": 150.01067809166847,
  "React-TodoMVC/Adding100Items/total": 193.9010189143802,
  "React-TodoMVC/CompletingAllItems/Async": 32.29007771131118,
  "React-TodoMVC/CompletingAllItems/Sync": 84.98197705004301,
  "React-TodoMVC/CompletingAllItems/total": 117.33177304100037,
  "React-TodoMVC/DeletingAllItems/Async": 4.39759367880911,
  "React-TodoMVC/DeletingAllItems/Sync": 55.56766014856761,
  "React-TodoMVC/DeletingAllItems/total": 60.508506597673225,
  "React-TodoMVC/total": 373.45910645217026,
  "Vanilla-ES2015-Babel-Webpack-TodoMVC/Adding100Items/Async": 39.38559657698577,
  "Vanilla-ES2015-Babel-Webpack-TodoMVC/Adding100Items/Sync": 346.2514956612115,
  "Vanilla-ES2015-Babel-Webpack-TodoMVC/Adding100Items/total": 385.7956032143579,
  "Vanilla-ES2015-Babel-Webpack-TodoMVC/CompletingAllItems/Async": 29.479422586913405,
  "Vanilla-ES2015-Babel-Webpack-TodoMVC/CompletingAllItems/Sync": 73.22513352980131,
  "Vanilla-ES2015-Babel-Webpack-TodoMVC/CompletingAllItems/total": 102.73776235579534,
  "Vanilla-ES2015-Babel-Webpack-TodoMVC/DeletingItems/Async": 4.2360441729843785,
  "Vanilla-ES2015-Babel-Webpack-TodoMVC/DeletingItems/Sync": 46.2195749679825,
  "Vanilla-ES2015-Babel-Webpack-TodoMVC/DeletingItems/total": 50.607198449745894,
  "Vanilla-ES2015-Babel-Webpack-TodoMVC/total": 539.4131594309318,
  "Vanilla-ES2015-TodoMVC/Adding100Items/Async": 38.26789856747562,
  "Vanilla-ES2015-TodoMVC/Adding100Items/Sync": 354.2997700735097,
  "Vanilla-ES2015-TodoMVC/Adding100Items/total": 392.6989061630867,
  "Vanilla-ES2015-TodoMVC/CompletingAllItems/Async": 30.836082118089102,