{
  "browser-setup": 3.893097,
  "browser-tear_down": 0.279627,
  "probes-creation": 0.000121,
  "probes-setup": 9.8e-05,
  "probes-start": 5.4e-05,
  "run": 126.168882,
  "runner-cooldown": 2.00205
}