{
  "Angular2-TypeScript-TodoMVC/Adding100Items/Async": 40.274638326624114,
  "Angular2-TypeScript-TodoMVC/Adding100Items/Sync": 62.50655175106122,
  "Angular2-TypeScript-TodoMVC/Adding100Items/total": 103.46068951054598,
  "Angular2-TypeScript-TodoMVC/CompletingAllItems/Async": 16.085519956017386,
  "Angular2-TypeScript-TodoMVC/CompletingAllItems/Sync": 10.001652645780082,
  "Angular2-TypeScript-TodoMVC/CompletingAllItems/total": 26.24287563838078,
  "Angular2-TypeScript-TodoMVC/DeletingItems/Async": 3.5565581748930737,
  "Angular2-TypeScript-TodoMVC/DeletingItems/Sync": 17.574864043521085,
  "Angular2-TypeScript-TodoMVC/DeletingItems/total": 21.138356884165724,
  "Angular2-TypeScript-TodoMVC/total": 152.13571530813846,
  "AngularJS-TodoMVC/Adding100Items/Async": 56.92796256143146,
  "AngularJS-TodoMVC/Adding100Items/Sync": 226.47237311439204,
  "AngularJS-TodoMVC/Adding100Items/total": 283.99137384649504,
  "AngularJS-TodoMVC/CompletingAllItems/Async": 32.4058882825122,
  "AngularJS-TodoMVC/CompletingAllItems/Sync": 72.24206946604328,
  "AngularJS-TodoMVC/CompletingAllItems/total": 105.36417148650082,
  "AngularJS-TodoMVC/DeletingAllItems/Async": 15.369414849884294,
  "AngularJS-TodoMVC/DeletingAllItems/Sync": 246.0630474344983,
  "AngularJS-TodoMVC/DeletingAllItems/total": 261.4366003681346,
  "AngularJS-TodoMVC/total": 653.7726336938504,
  "BackboneJS-TodoMVC/Adding100Items/Async": 43.842952850173276,
  "BackboneJS-TodoMVC/Adding100Items/Sync": 69.88051108440344,
  "BackboneJS-TodoMVC/Adding100Items/total": 113.740888523574,
  "BackboneJS-TodoMVC/CompletingAllItems/Async": 33.198504261776705,
  "BackboneJS-TodoMVC/CompletingAllItems/Sync": 45.96468790877072,
  "BackboneJS-TodoMVC/CompletingAllItems/total": 79.16484886620212,
  "BackboneJS-TodoMVC/DeletingAllItems/Async": 4.836863963011801,
  "BackboneJS-TodoMVC/DeletingAllItems/Sync": 29.14219214876203,
  "BackboneJS-TodoMVC/DeletingAllItems/total": 33.99400255902572,
  "BackboneJS-TodoMVC/total": 226.9227337286831,
  "Elm-TodoMVC/Adding100Items/Async": 50.307687278815465,
  "Elm-TodoMVC/Adding100Items/Sync": 124.83873144368359,
  "Elm-TodoMVC/Adding100Items/total": 175.54280234002275,
  "Elm-TodoMVC/CompletingAllItems/Async": 34.43160053532313,
  "Elm-TodoMVC/CompletingAllItems/Sync": 122.93232270958649,
  "Elm-TodoMVC/CompletingAllItems/total": 158.06270884054624,
  "Elm-TodoMVC/DeletingItems/Async": 9.712981358906074,
  "Elm-TodoMVC/DeletingItems/Sync": 156.63850753652335,
  "Elm-TodoMVC/DeletingItems/total": 166.587644901643,
  "Elm-TodoMVC/total": 511.0963350251364,
  "EmberJS-Debug-TodoMVC/Adding100Items/Async": 48.56747769019541,
  "EmberJS-Debug-TodoMVC/Adding100Items/Sync": 574.9611986374448,
  "EmberJS-Debug-TodoMVC/Adding100Items/total": 623.5681282739033,
  "EmberJS-Debug-TodoMVC/CompletingAllItems/Async": 29.93821008320407,
  "EmberJS-Debug-TodoMVC/CompletingAllItems/Sync": 355.7426741132568,
  "EmberJS-Debug-TodoMVC/CompletingAllItems/total": 385.79979302005773,
  "EmberJS-Debug-TodoMVC/DeletingItems/Async": 9.439631540760995,
  "EmberJS-Debug-TodoMVC/DeletingItems/Sync": 391.31210130225566,
  "EmberJS-Debug-TodoMVC/DeletingItems/total": 401.8942238748903,
  "EmberJS-Debug-TodoMVC/total": 1420.032297983405,
  "EmberJS-TodoMVC/Adding100Items/Async": 42.872069348312664,
  "EmberJS-TodoMVC/Adding100Items/Sync": 204.25907325923828,
  "EmberJS-TodoMVC/Adding100Items/total": 247.38812847827955,
  "EmberJS-TodoMVC/CompletingAllItems/Async": 34.94803375250202,
  "EmberJS-TodoMVC/CompletingAllItems/Sync": 120.46352032807246,
  "EmberJS-TodoMVC/CompletingAllItems/total": 156.0867794123381,
  "EmberJS-TodoMVC/DeletingItems/Async": 4.443458109044774,
  "EmberJS-TodoMVC/DeletingItems/Sync": 80.61904784183513,
  "EmberJS-TodoMVC/DeletingItems/total": 85.60605256577155,
  "EmberJS-TodoMVC/total": 489.9035496329965,
  "Flight-TodoMVC/Adding100Items/Async": 39.24895416270357,
  "Flight-TodoMVC/Adding100Items/Sync": 96.98836188345948,
  "Flight-TodoMVC/Adding100Items/total": 136.2492189394522,
  "Flight-TodoMVC/CompletingAllItems/Async": 28.87869604227943,
  "Flight-TodoMVC/CompletingAllItems/Sync": 107.74662669149544,
  "Flight-TodoMVC/CompletingAllItems/total": 136.70949112674788,
  "Flight-TodoMVC/DeletingItems/Async": 4.334728295876294,
  "Flight-TodoMVC/DeletingItems/Sync": 97.44430162306882,
  "Flight-TodoMVC/DeletingItems/total": 101.8288251055375,
  "Flight-TodoMVC/total": 377.5254732328304,
  "Inferno-TodoMVC/Adding100Items/Async": 45.53879376260727,
  "Inferno-TodoMVC/Adding100Items/Sync": 51.57637261731567,
  "Inferno-TodoMVC/Adding100Items/total": 97.61076764557417,
  "Inferno-TodoMVC/CompletingAllItems/Async": 9.631640777224565,
  "Inferno-TodoMVC/CompletingAllItems/Sync": 108.74250370476268,
  "Inferno-TodoMVC/CompletingAllItems/total": 118.91343799110496,
  "Inferno-TodoMVC/DeletingItems/Async": 3.496837420426227,
  "Inferno-TodoMVC/DeletingItems/Sync": 240.36977750632943,
  "Inferno-TodoMVC/DeletingItems/total": 243.87228249914426,
  "Inferno-TodoMVC/total": 460.81860504543215,
  "Preact-TodoMVC/Adding100Items/Async": 44.22325616430005,
  "Preact-TodoMVC/Adding100Items/Sync": 6.0490834802744295,
  "Preact-TodoMVC/Adding100Items/total": 50.29216278775682,
  "Preact-TodoMVC/CompletingAllItems/Async": 29.212910147557718,
  "Preact-TodoMVC/CompletingAllItems/Sync": 3.8310870401038533,
  "Preact-TodoMVC/CompletingAllItems/total": 33.118386663286564,
  "Preact-TodoMVC/DeletingItems/Async": 7.688482591971596,
  "Preact-TodoMVC/DeletingItems/Sync": 1.9796569885209083,
  "Preact-TodoMVC/DeletingItems/total": 9.675320636861729,
  "Preact-TodoMVC/total": 93.54870192102486,
  "React-Redux-TodoMVC/Adding100Items/Async": 43.6220972369041,
  "React-Redux-TodoMVC/Adding100Items/Sync": 194.99900125330464,
  "React-Redux-TodoMVC/Adding100Items/total": 239.3419305420372,
  "React-Redux-TodoMVC/CompletingAllItems/Async": 29.66782208894711,
  "React-Redux-TodoMVC/CompletingAllItems/Sync": 174.3849444271643,
  "React-Redux-TodoMVC/CompletingAllItems/total": 204.09674627065647,
  "React-Redux-TodoMVC/DeletingItems/Async": 6.449090443239932,
  "React-Redux-TodoMVC/DeletingItems/Sync": 153.0407890231249,
  "React-Redux-TodoMVC/DeletingItems/total": 159.909913236792,
  "React-Redux-TodoMVC/total": 621.5494007979436,
  "React-TodoMVC/Adding100Items/Async": 41.91737579391307,
  "React-TodoMVC/Adding100Items/Sync": 142.04117954556781,
  "React-TodoMVC/Adding100Items/total": 184.1736831919403,
  "React-TodoMVC/CompletingAllItems/Async": 33.2857442019581,
  "React-TodoMVC/CompletingAllItems/Sync": 104.38337506021803,
  "React-TodoMVC/CompletingAllItems/total": 139.40003244556715,
  "React-TodoMVC/DeletingAllItems/Async": 4.735625380051559,
  "React-TodoMVC/DeletingAllItems/Sync": 55.38252496306443,
  "React-TodoMVC/DeletingAllItems/total": 60.862391133261895,
  "React-TodoMVC/total": 390.60473389162564,
  "Vanilla-ES2015-Babel-Webpack-TodoMVC/Adding100Items/Async": 38.84306391648037,
  "Vanilla-ES2015-Babel-Webpack-TodoMVC/Adding100Items/Sync": 329.9518550043724,
  "Vanilla-ES2015-Babel-Webpack-TodoMVC/Adding100Items/total": 369.2041685677566,
  "Vanilla-ES2015-Babel-Webpack-TodoMVC/CompletingAllItems/Async": 30.172981455145024,
  "Vanilla-ES2015-Babel-Webpack-TodoMVC/CompletingAllItems/Sync": 72.33371361504433,
  "Vanilla-ES2015-Babel-Webpack-TodoMVC/CompletingAllItems/total": 102.520637273782,
  "Vanilla-ES2015-Babel-Webpack-TodoMVC/DeletingItems/Async": 4.106641952206883,
  "Vanilla-ES2015-Babel-Webpack-TodoMVC/DeletingItems/Sync": 46.0044473739361,
  "Vanilla-ES2015-Babel-Webpack-TodoMVC/DeletingItems/total": 50.26531668704627,
  "Vanilla-ES2015-Babel-Webpack-TodoMVC/total": 522.0046352261031,
  "Vanilla-ES2015-TodoMVC/Adding100Items/Async": 36.569046203990844,
  "Vanilla-ES2015-TodoMVC/Adding100Items/Sync": 339.6604227868372,
  "Vanilla-ES2015-TodoMVC/Adding100Items/total": 376.230997265109,
  "Vanilla-ES2015-TodoMVC/CompletingAllItems/Async": 30.36386924243051,