{
  "browser-setup": 3.254861,
  "browser-tear_down": 0.225864,
  "probes-creation": 0.000235,
  "probes-setup": 0.000303,
  "probes-start": 7.8e-05,
  "run": 109.271001,
  "runner-cooldown": 2.002436
}