{
  "Angular2-TypeScript-TodoMVC/Adding100Items/Async": 32.02828708644705,
  "Angular2-TypeScript-TodoMVC/Adding100Items/Sync": 41.61105737727129,
  "Angular2-TypeScript-TodoMVC/Adding100Items/total": 73.70174638355869,
  "Angular2-TypeScript-TodoMVC/CompletingAllItems/Async": 14.325606909708211,
  "Angular2-TypeScript-TodoMVC/CompletingAllItems/Sync": 8.573187334679657,
  "Angular2-TypeScript-TodoMVC/CompletingAllItems/total": 23.024169929517512,
  "Angular2-TypeScript-TodoMVC/DeletingItems/Async": 2.6628753063124213,
  "Angular2-TypeScript-TodoMVC/DeletingItems/Sync": 16.181998976877153,
  "Angular2-TypeScript-TodoMVC/DeletingItems/total": 18.847010653965672,
  "Angular2-TypeScript-TodoMVC/total": 115.78643608670392,
  "AngularJS-TodoMVC/Adding100Items/Async": 40.90681497374198,
  "AngularJS-TodoMVC/Adding100Items/Sync": 152.47252463506138,
  "AngularJS-TodoMVC/Adding100Items/total": 193.3925378492658,
  "AngularJS-TodoMVC/CompletingAllItems/Async": 25.339204668409305,
  "AngularJS-TodoMVC/CompletingAllItems/Sync": 55.25434914687121,
  "AngularJS-TodoMVC/CompletingAllItems/total": 80.66754334509909,
  "AngularJS-TodoMVC/DeletingAllItems/Async": 14.673180456129362,
  "AngularJS-TodoMVC/DeletingAllItems/Sync": 167.21772817537564,
  "AngularJS-TodoMVC/DeletingAllItems/total": 181.97488291786064,
  "AngularJS-TodoMVC/total": 458.42599677470145,
  "BackboneJS-TodoMVC/Adding100Items/Async": 36.72017822756563,
  "BackboneJS-TodoMVC/Adding100Items/Sync": 54.70808065377928,
  "BackboneJS-TodoMVC/Adding100Items/total": 91.4461733523204,
  "BackboneJS-TodoMVC/CompletingAllItems/Async": 27.816496508901924,
  "BackboneJS-TodoMVC/CompletingAllItems/Sync": 37.61321081556853,
  "BackboneJS-TodoMVC/CompletingAllItems/total": 65.43088459683514,
  "BackboneJS-TodoMVC/DeletingAllItems/Async": 3.209667006552145,
  "BackboneJS-TodoMVC/DeletingAllItems/Sync": 25.780692949812956,
  "BackboneJS-TodoMVC/DeletingAllItems/total": 29.00972889249735,
  "BackboneJS-TodoMVC/total": 185.9182323199606,
  "Elm-TodoMVC/Adding100Items/Async": 48.48836375436516,
  "Elm-TodoMVC/Adding100Items/Sync": 112.0108130458747,
  "Elm-TodoMVC/Adding100Items/total": 162.18567144027182,
  "Elm-TodoMVC/CompletingAllItems/Async": 30.652182183200274,
  "Elm-TodoMVC/CompletingAllItems/Sync": 86.7516108551367,
  "Elm-TodoMVC/CompletingAllItems/total": 117.46942620587988,
  "Elm-TodoMVC/DeletingItems/Async": 14.156320159197934,
  "Elm-TodoMVC/DeletingItems/Sync": 100.40415673853131,
  "Elm-TodoMVC/DeletingItems/total": 122.35907872746688,
  "Elm-TodoMVC/total": 410.6141205173029,
  "EmberJS-Debug-TodoMVC/Adding100Items/Async": 40.180016940154744,
  "EmberJS-Debug-TodoMVC/Adding100Items/Sync": 412.0392588724846,
  "EmberJS-Debug-TodoMVC/Adding100Items/total": 452.340051402391,
  "EmberJS-Debug-TodoMVC/CompletingAllItems/Async": 26.916030350080717,
  "EmberJS-Debug-TodoMVC/CompletingAllItems/Sync": 266.82740909453105,
  "EmberJS-Debug-TodoMVC/CompletingAllItems/total": 293.93515938065474,
  "EmberJS-Debug-TodoMVC/DeletingItems/Async": 7.081735750087033,
  "EmberJS-Debug-TodoMVC/DeletingItems/Sync": 288.1010064941663,
  "EmberJS-Debug-TodoMVC/DeletingItems/total": 296.98612489745966,
  "EmberJS-Debug-TodoMVC/total": 1047.0914710183822,
  "EmberJS-TodoMVC/Adding100Items/Async": 34.31896453740138,
  "EmberJS-TodoMVC/Adding100Items/Sync": 143.2172893446399,
  "EmberJS-TodoMVC/Adding100Items/total": 177.63027541506594,
  "EmberJS-TodoMVC/CompletingAllItems/Async": 26.94928503528834,
  "EmberJS-TodoMVC/CompletingAllItems/Sync": 103.6176505882944,
  "EmberJS-TodoMVC/CompletingAllItems/total": 131.19485367960854,
  "EmberJS-TodoMVC/DeletingItems/Async": 3.539427374663407,
  "EmberJS-TodoMVC/DeletingItems/Sync": 62.91190869830582,
  "EmberJS-TodoMVC/DeletingItems/total": 66.73079419641357,
  "EmberJS-TodoMVC/total": 379.2839372754508,
  "Flight-TodoMVC/Adding100Items/Async": 32.57624450886025,
  "Flight-TodoMVC/Adding100Items/Sync": 77.98888230857114,
  "Flight-TodoMVC/Adding100Items/total": 110.57068314523293,
  "Flight-TodoMVC/CompletingAllItems/Async": 24.607459396734818,
  "Flight-TodoMVC/CompletingAllItems/Sync": 85.40775042423877,
  "Flight-TodoMVC/CompletingAllItems/total": 110.02292352027344,
  "Flight-TodoMVC/DeletingItems/Async": 2.80840862689127,
  "Flight-TodoMVC/DeletingItems/Sync": 69.45466705199924,
  "Flight-TodoMVC/DeletingItems/total": 72.26471895501437,
  "Flight-TodoMVC/total": 292.86381429367196,
  "Inferno-TodoMVC/Adding100Items/Async": 37.50145514406405,
  "Inferno-TodoMVC/Adding100Items/Sync": 43.55571361145634,
  "Inferno-TodoMVC/Adding100Items/total": 81.16273336852817,
  "Inferno-TodoMVC/CompletingAllItems/Async": 7.208287703163756,
  "Inferno-TodoMVC/CompletingAllItems/Sync": 87.25508253397578,
  "Inferno-TodoMVC/CompletingAllItems/total": 94.73142364157295,
  "Inferno-TodoMVC/DeletingItems/Async": 2.9509301257885987,
  "Inferno-TodoMVC/DeletingItems/Sync": 205.93337763711975,
  "Inferno-TodoMVC/DeletingItems/total": 208.89635874857774,
  "Inferno-TodoMVC/total": 384.9335024033549,
  "Preact-TodoMVC/Adding100Items/Async": 37.74113169890391,
  "Preact-TodoMVC/Adding100Items/Sync": 5.083506611269312,
  "Preact-TodoMVC/Adding100Items/total": 42.83060180014929,
  "Preact-TodoMVC/CompletingAllItems/Async": 16.096462946190485,
  "Preact-TodoMVC/CompletingAllItems/Sync": 2.966741955715649,
  "Preact-TodoMVC/CompletingAllItems/total": 19.07213895847242,
  "Preact-TodoMVC/DeletingItems/Async": 4.195057810643179,
  "Preact-TodoMVC/DeletingItems/Sync": 1.5662368499723838,
  "Preact-TodoMVC/DeletingItems/total": 5.765090910394234,
  "Preact-TodoMVC/total": 67.6952975510486,
  "React-Redux-TodoMVC/Adding100Items/Async": 34.767748747551295,
  "React-Redux-TodoMVC/Adding100Items/Sync": 139.88901025651975,
  "React-Redux-TodoMVC/Adding100Items/total": 174.875348793673,
  "React-Redux-TodoMVC/CompletingAllItems/Async": 26.533621393192952,
  "React-Redux-TodoMVC/CompletingAllItems/Sync": 133.27211368563002,
  "React-Redux-TodoMVC/CompletingAllItems/total": 159.8598383740985,
  "React-Redux-TodoMVC/DeletingItems/Async": 4.282798200401046,
  "React-Redux-TodoMVC/DeletingItems/Sync": 96.30152531127659,
  "React-Redux-TodoMVC/DeletingItems/total": 100.95106891388318,
  "React-Redux-TodoMVC/total": 442.15457882202224,
  "React-TodoMVC/Adding100Items/Async": 34.803063983386615,
  "React-TodoMVC/Adding100Items/Sync": 103.84577692356575,
  "React-TodoMVC/Adding100Items/total": 138.66932425069652,
  "React-TodoMVC/CompletingAllItems/Async": 26.82027467431888,
  "React-TodoMVC/CompletingAllItems/Sync": 70.0875657522499,
  "React-TodoMVC/CompletingAllItems/total": 97.64811007864006,
  "React-TodoMVC/DeletingAllItems/Async": 3.121152657061396,
  "React-TodoMVC/DeletingAllItems/Sync": 45.236735238344295,
  "React-TodoMVC/DeletingAllItems/total": 48.59844177014433,
  "React-TodoMVC/total": 287.66735525826607,
  "Vanilla-ES2015-Babel-Webpack-TodoMVC/Adding100Items/Async": 35.31336337624456,
  "Vanilla-ES2015-Babel-Webpack-TodoMVC/Adding100Items/Sync": 294.45971259838507,
  "Vanilla-ES2015-Babel-Webpack-TodoMVC/Adding100Items/total": 329.9190009669754,
  "Vanilla-ES2015-Babel-Webpack-TodoMVC/CompletingAllItems/Async": 26.699783452618206,
  "Vanilla-ES2015-Babel-Webpack-TodoMVC/CompletingAllItems/Sync": 62.81703479230439,
  "Vanilla-ES2015-Babel-Webpack-TodoMVC/CompletingAllItems/total": 89.53276945761554,
  "Vanilla-ES2015-Babel-Webpack-TodoMVC/DeletingItems/Async": 3.147259201232721,
  "Vanilla-ES2015-Babel-Webpack-TodoMVC/DeletingItems/Sync": 39.74334391162236,
  "Vanilla-ES2015-Babel-Webpack-TodoMVC/DeletingItems/total": 43.05465912077589,
  "Vanilla-ES2015-Babel-Webpack-TodoMVC/total": 462.54213360038466,
  "Vanilla-ES2015-TodoMVC/Adding100Items/Async": 34.23139544062753,
  "Vanilla-ES2015-TodoMVC/Adding100Items/Sync": 298.64210132920823,
  "Vanilla-ES2015-TodoMVC/Adding100Items/total": 332.8955239946821,
  "Vanilla-ES2015-TodoMVC/CompletingAllItems/Async": 27.014246895989064,