{
  "browser-setup": 3.288119,
  "browser-tear_down": 0.274359,
  "probes-creation": 0.000198,
  "probes-setup": 0.00017,
  "probes-start": 8e-05,
  "run": 111.592881,
  "runner-cooldown": 2.00207
}