{
  "Angular2-TypeScript-TodoMVC/Adding100Items/Async": 35.37752503617434,
  "Angular2-TypeScript-TodoMVC/Adding100Items/Sync": 43.26965254820392,
  "Angular2-TypeScript-TodoMVC/Adding100Items/total": 80.10552782001281,
  "Angular2-TypeScript-TodoMVC/CompletingAllItems/Async": 13.81948178118684,
  "Angular2-TypeScript-TodoMVC/CompletingAllItems/Sync": 8.570063790311348,
  "Angular2-TypeScript-TodoMVC/CompletingAllItems/total": 22.45045729639182,
  "Angular2-TypeScript-TodoMVC/DeletingItems/Async": 3.242460997195284,
  "Angular2-TypeScript-TodoMVC/DeletingItems/Sync": 16.432086348305088,
  "Angular2-TypeScript-TodoMVC/DeletingItems/total": 20.283807748118505,
  "Angular2-TypeScript-TodoMVC/total": 122.90563608018478,
  "AngularJS-TodoMVC/Adding100Items/Async": 41.44858334377188,
  "AngularJS-TodoMVC/Adding100Items/Sync": 165.31382555789406,
  "AngularJS-TodoMVC/Adding100Items/total": 206.97229456235672,
  "AngularJS-TodoMVC/CompletingAllItems/Async": 24.684972498680924,
  "AngularJS-TodoMVC/CompletingAllItems/Sync": 53.19499670117765,
  "AngularJS-TodoMVC/CompletingAllItems/total": 78.13897974947832,
  "AngularJS-TodoMVC/DeletingAllItems/Async": 13.670675053792337,
  "AngularJS-TodoMVC/DeletingAllItems/Sync": 161.62280345224696,
  "AngularJS-TodoMVC/DeletingAllItems/total": 175.3377062113882,
  "AngularJS-TodoMVC/total": 461.52107005290554,
  "BackboneJS-TodoMVC/Adding100Items/Async": 36.19174196627528,
  "BackboneJS-TodoMVC/Adding100Items/Sync": 55.09593491327099,
  "BackboneJS-TodoMVC/Adding100Items/total": 91.30853619203303,
  "BackboneJS-TodoMVC/CompletingAllItems/Async": 27.547839613619953,
  "BackboneJS-TodoMVC/CompletingAllItems/Sync": 37.746454339425846,
  "BackboneJS-TodoMVC/CompletingAllItems/total": 65.29711801542602,
  "BackboneJS-TodoMVC/DeletingAllItems/Async": 3.286233687577688,
  "BackboneJS-TodoMVC/DeletingAllItems/Sync": 25.674228338311508,
  "BackboneJS-TodoMVC/DeletingAllItems/total": 28.974130449531998,
  "BackboneJS-TodoMVC/total": 185.60302102669203,
  "Elm-TodoMVC/Adding100Items/Async": 46.10986791054295,
  "Elm-TodoMVC/Adding100Items/Sync": 88.59376688537499,
  "Elm-TodoMVC/Adding100Items/total": 134.74573903051166,
  "Elm-TodoMVC/CompletingAllItems/Async": 30.08996168694902,
  "Elm-TodoMVC/CompletingAllItems/Sync": 105.939454159834,
  "Elm-TodoMVC/CompletingAllItems/total": 137.28852231305254,
  "Elm-TodoMVC/DeletingItems/Async": 8.51900720053336,
  "Elm-TodoMVC/DeletingItems/Sync": 97.80743189919404,
  "Elm-TodoMVC/DeletingItems/total": 106.61486623600207,
  "Elm-TodoMVC/total": 385.3654003994047,
  "EmberJS-Debug-TodoMVC/Adding100Items/Async": 39.94768529897108,
  "EmberJS-Debug-TodoMVC/Adding100Items/Sync": 417.1972129518959,
  "EmberJS-Debug-TodoMVC/Adding100Items/total": 457.18925465042287,
  "EmberJS-Debug-TodoMVC/CompletingAllItems/Async": 28.49075301496962,
  "EmberJS-Debug-TodoMVC/CompletingAllItems/Sync": 299.9379707269346,
  "EmberJS-Debug-TodoMVC/CompletingAllItems/total": 328.50601936317156,
  "EmberJS-Debug-TodoMVC/DeletingItems/Async": 7.9132979863391215,
  "EmberJS-Debug-TodoMVC/DeletingItems/Sync": 295.87975447326863,
  "EmberJS-Debug-TodoMVC/DeletingItems/total": 304.71742980851855,
  "EmberJS-Debug-TodoMVC/total": 1099.3055886479324,
  "EmberJS-TodoMVC/Adding100Items/Async": 34.39902632101469,
  "EmberJS-TodoMVC/Adding100Items/Sync": 149.56833287474615,
  "EmberJS-TodoMVC/Adding100Items/total": 184.134582132658,
  "EmberJS-TodoMVC/CompletingAllItems/Async": 26.06566658964237,
  "EmberJS-TodoMVC/CompletingAllItems/Sync": 95.43961037044471,
  "EmberJS-TodoMVC/CompletingAllItems/total": 121.52554654731094,
  "EmberJS-TodoMVC/DeletingItems/Async": 3.2115147827490493,
  "EmberJS-TodoMVC/DeletingItems/Sync": 63.54132971254847,
  "EmberJS-TodoMVC/DeletingItems/total": 66.96490632262663,
  "EmberJS-TodoMVC/total": 373.2439868770438,
  "Flight-TodoMVC/Adding100Items/Async": 33.775803965970475,
  "Flight-TodoMVC/Adding100Items/Sync": 85.26106844689868,
  "Flight-TodoMVC/Adding100Items/total": 119.82760530525132,
  "Flight-TodoMVC/CompletingAllItems/Async": 24.9827660350495,
  "Flight-TodoMVC/CompletingAllItems/Sync": 84.68648503062303,
  "Flight-TodoMVC/CompletingAllItems/total": 109.68651227736251,
  "Flight-TodoMVC/DeletingItems/Async": 4.332702324917264,
  "Flight-TodoMVC/DeletingItems/Sync": 69.11053258319834,
  "Flight-TodoMVC/DeletingItems/total": 74.51245465269598,
  "Flight-TodoMVC/total": 305.9786245787671,
  "Inferno-TodoMVC/Adding100Items/Async": 38.48412456452155,
  "Inferno-TodoMVC/Adding100Items/Sync": 51.33804288781635,
  "Inferno-TodoMVC/Adding100Items/total": 90.99302413558975,
  "Inferno-TodoMVC/CompletingAllItems/Async": 7.364074549148029,
  "Inferno-TodoMVC/CompletingAllItems/Sync": 96.21401497958065,
  "Inferno-TodoMVC/CompletingAllItems/total": 103.70670173251412,
  "Inferno-TodoMVC/DeletingItems/Async": 3.9974200588763202,
  "Inferno-TodoMVC/DeletingItems/Sync": 221.95750299667873,
  "Inferno-TodoMVC/DeletingItems/total": 226.31816744122594,
  "Inferno-TodoMVC/total": 427.9243627010623,
  "Preact-TodoMVC/Adding100Items/Async": 37.40447276354138,
  "Preact-TodoMVC/Adding100Items/Sync": 5.085114370147765,
  "Preact-TodoMVC/Adding100Items/total": 42.49812704855988,
  "Preact-TodoMVC/CompletingAllItems/Async": 17.169190717710922,
  "Preact-TodoMVC/CompletingAllItems/Sync": 3.190038169663841,
  "Preact-TodoMVC/CompletingAllItems/total": 20.401570956272,
  "Preact-TodoMVC/DeletingItems/Async": 4.602286798384621,
  "Preact-TodoMVC/DeletingItems/Sync": 1.829746275072745,
  "Preact-TodoMVC/DeletingItems/total": 6.452653292560699,
  "Preact-TodoMVC/total": 69.53174365588377,
  "React-Redux-TodoMVC/Adding100Items/Async": 34.13901904184461,
  "React-Redux-TodoMVC/Adding100Items/Sync": 131.5043718859447,
  "React-Redux-TodoMVC/Adding100Items/total": 165.75607962003156,
  "React-Redux-TodoMVC/CompletingAllItems/Async": 25.54403563389401,
  "React-Redux-TodoMVC/CompletingAllItems/Sync": 144.39682040438007,
  "React-Redux-TodoMVC/CompletingAllItems/total": 170.1293520466088,
  "React-Redux-TodoMVC/DeletingItems/Async": 4.430603255294407,
  "React-Redux-TodoMVC/DeletingItems/Sync": 88.91803461078082,
  "React-Redux-TodoMVC/DeletingItems/total": 93.73361411569171,
  "React-Redux-TodoMVC/total": 431.75739478368996,
  "React-TodoMVC/Adding100Items/Async": 34.50242444839755,
  "React-TodoMVC/Adding100Items/Sync": 113.41551096921906,
  "React-TodoMVC/Adding100Items/total": 148.2449229922065,
  "React-TodoMVC/CompletingAllItems/Async": 28.245632484062817,
  "React-TodoMVC/CompletingAllItems/Sync": 71.39393456854938,
  "React-TodoMVC/CompletingAllItems/total": 100.37836069590367,
  "React-TodoMVC/DeletingAllItems/Async": 3.6220936729241116,
  "React-TodoMVC/DeletingAllItems/Sync": 46.41478321625597,
  "React-TodoMVC/DeletingAllItems/total": 50.604046202317065,
  "React-TodoMVC/total": 303.0012987371171,
  "Vanilla-ES2015-Babel-Webpack-TodoMVC/Adding100Items/Async": 34.87125406083053,
  "Vanilla-ES2015-Babel-Webpack-TodoMVC/Adding100Items/Sync": 293.0020566753607,
  "Vanilla-ES2015-Babel-Webpack-TodoMVC/Adding100Items/total": 328.18487321689247,
  "Vanilla-ES2015-Babel-Webpack-TodoMVC/CompletingAllItems/Async": 24.162102848054644,
  "Vanilla-ES2015-Babel-Webpack-TodoMVC/CompletingAllItems/Sync": 63.258786472722605,
  "Vanilla-ES2015-Babel-Webpack-TodoMVC/CompletingAllItems/total": 87.43714538137785,
  "Vanilla-ES2015-Babel-Webpack-TodoMVC/DeletingItems/Async": 2.8491459065008247,
  "Vanilla-ES2015-Babel-Webpack-TodoMVC/DeletingItems/Sync": 39.580804351008794,
  "Vanilla-ES2015-Babel-Webpack-TodoMVC/DeletingItems/total": 42.437192210344975,
  "Vanilla-ES2015-Babel-Webpack-TodoMVC/total": 458.0948322033926,
  "Vanilla-ES2015-TodoMVC/Adding100Items/Async": 33.89832852817576,
  "Vanilla-ES2015-TodoMVC/Adding100Items/Sync": 297.5175449317277,
  "Vanilla-ES2015-TodoMVC/Adding100Items/total": 331.4681874260118,
  "Vanilla-ES2015-TodoMVC/CompletingAllItems/Async": 26.83902912948305,