{
  "browser-setup": 4.113671,
  "browser-tear_down": 0.283648,
  "probes-creation": 0.00013,
  "probes-setup": 0.0001,
  "probes-start": 5.9e-05,
  "run": 133.020423,
  "runner-cooldown": 2.002049
}