{
  "Angular2-TypeScript-TodoMVC/Adding100Items/Async": 37.890821866999644,
  "Angular2-TypeScript-TodoMVC/Adding100Items/Sync": 59.00816614555172,
  "Angular2-TypeScript-TodoMVC/Adding100Items/total": 96.91662319369237,
  "Angular2-TypeScript-TodoMVC/CompletingAllItems/Async": 19.68532348126225,
  "Angular2-TypeScript-TodoMVC/CompletingAllItems/Sync": 10.207220256366847,
  "Angular2-TypeScript-TodoMVC/CompletingAllItems/total": 30.05368368542278,
  "Angular2-TypeScript-TodoMVC/DeletingItems/Async": 3.7235993726767185,
  "Angular2-TypeScript-TodoMVC/DeletingItems/Sync": 18.22020637189836,
  "Angular2-TypeScript-TodoMVC/DeletingItems/total": 21.949518232208064,
  "Angular2-TypeScript-TodoMVC/total": 149.19110355019205,
  "AngularJS-TodoMVC/Adding100Items/Async": 50.747349421850934,
  "AngularJS-TodoMVC/Adding100Items/Sync": 263.02755986447687,
  "AngularJS-TodoMVC/Adding100Items/total": 314.06223969841807,
  "AngularJS-TodoMVC/CompletingAllItems/Async": 35.424351731313884,
  "AngularJS-TodoMVC/CompletingAllItems/Sync": 83.0310046875349,
  "AngularJS-TodoMVC/CompletingAllItems/total": 118.79424145883628,
  "AngularJS-TodoMVC/DeletingAllItems/Async": 17.268644917631416,
  "AngularJS-TodoMVC/DeletingAllItems/Sync": 248.97666951657277,
  "AngularJS-TodoMVC/DeletingAllItems/total": 266.52025570316766,
  "AngularJS-TodoMVC/total": 700.6049588308188,
  "BackboneJS-TodoMVC/Adding100Items/Async": 45.487284094504155,
  "BackboneJS-TodoMVC/Adding100Items/Sync": 98.03346152671462,
  "BackboneJS-TodoMVC/Adding100Items/total": 143.8393619660169,
  "BackboneJS-TodoMVC/CompletingAllItems/Async": 34.12502559050088,
  "BackboneJS-TodoMVC/CompletingAllItems/Sync": 55.57406213854664,
  "BackboneJS-TodoMVC/CompletingAllItems/total": 89.78539820161171,
  "BackboneJS-TodoMVC/DeletingAllItems/Async": 5.106100256471461,
  "BackboneJS-TodoMVC/DeletingAllItems/Sync": 30.942351657911836,
  "BackboneJS-TodoMVC/DeletingAllItems/total": 36.08234425349163,
  "BackboneJS-TodoMVC/total": 269.84514507190715,
  "Elm-TodoMVC/Adding100Items/Async": 53.42828556684046,
  "Elm-TodoMVC/Adding100Items/Sync": 198.68376570237177,
  "Elm-TodoMVC/Adding100Items/total": 261.10041900046633,
  "Elm-TodoMVC/CompletingAllItems/Async": 42.72668779991866,
  "Elm-TodoMVC/CompletingAllItems/Sync": 140.08506582891098,
  "Elm-TodoMVC/CompletingAllItems/total": 183.1635548732652,
  "Elm-TodoMVC/DeletingItems/Async": 10.826878583239798,
  "Elm-TodoMVC/DeletingItems/Sync": 257.10164868683006,
  "Elm-TodoMVC/DeletingItems/total": 268.9950562111803,
  "Elm-TodoMVC/total": 779.8021163052634,
  "EmberJS-Debug-TodoMVC/Adding100Items/Async": 45.422966190027154,
  "EmberJS-Debug-TodoMVC/Adding100Items/Sync": 595.0517362580918,
  "EmberJS-Debug-TodoMVC/Adding100Items/total": 640.507948016394,
  "EmberJS-Debug-TodoMVC/CompletingAllItems/Async": 32.13367092666465,
  "EmberJS-Debug-TodoMVC/CompletingAllItems/Sync": 358.87197744819304,
  "EmberJS-Debug-TodoMVC/CompletingAllItems/total": 391.02324945781044,
  "EmberJS-Debug-TodoMVC/DeletingItems/Async": 6.829818522718392,
  "EmberJS-Debug-TodoMVC/DeletingItems/Sync": 385.69885375570215,
  "EmberJS-Debug-TodoMVC/DeletingItems/total": 393.60689285091786,
  "EmberJS-Debug-TodoMVC/total": 1425.6265645198775,
  "EmberJS-TodoMVC/Adding100Items/Async": 42.78758795056605,
  "EmberJS-TodoMVC/Adding100Items/Sync": 222.52568111018644,
  "EmberJS-TodoMVC/Adding100Items/total": 265.5117669555436,
  "EmberJS-TodoMVC/CompletingAllItems/Async": 38.49554922046539,
  "EmberJS-TodoMVC/CompletingAllItems/Sync": 124.44464502939914,
  "EmberJS-TodoMVC/CompletingAllItems/total": 163.38399932202364,
  "EmberJS-TodoMVC/DeletingItems/Async": 4.930736609791753,
  "EmberJS-TodoMVC/DeletingItems/Sync": 84.45253665638576,
  "EmberJS-TodoMVC/DeletingItems/total": 89.45021690127106,
  "EmberJS-TodoMVC/total": 519.6961703929367,
  "Flight-TodoMVC/Adding100Items/Async": 40.71711770203228,
  "Flight-TodoMVC/Adding100Items/Sync": 112.30870335249226,
  "Flight-TodoMVC/Adding100Items/total": 153.1586280181183,
  "Flight-TodoMVC/CompletingAllItems/Async": 32.912887382482594,
  "Flight-TodoMVC/CompletingAllItems/Sync": 121.48785883179298,
  "Flight-TodoMVC/CompletingAllItems/total": 154.4832100315222,
  "Flight-TodoMVC/DeletingItems/Async": 4.952654230740079,
  "Flight-TodoMVC/DeletingItems/Sync": 105.29470897734616,
  "Flight-TodoMVC/DeletingItems/total": 110.53773283438565,
  "Flight-TodoMVC/total": 418.2649546163391,
  "Inferno-TodoMVC/Adding100Items/Async": 42.90450304449595,
  "Inferno-TodoMVC/Adding100Items/Sync": 59.021052173587925,
  "Inferno-TodoMVC/Adding100Items/total": 102.19804247209142,
  "Inferno-TodoMVC/CompletingAllItems/Async": 12.105972310183457,
  "Inferno-TodoMVC/CompletingAllItems/Sync": 121.42947599647641,
  "Inferno-TodoMVC/CompletingAllItems/total": 134.017110949326,
  "Inferno-TodoMVC/DeletingItems/Async": 4.203114798156169,
  "Inferno-TodoMVC/DeletingItems/Sync": 243.17873515283588,
  "Inferno-TodoMVC/DeletingItems/total": 247.42511252760394,
  "Inferno-TodoMVC/total": 484.22146893795593,
  "Preact-TodoMVC/Adding100Items/Async": 56.353608700233075,
  "Preact-TodoMVC/Adding100Items/Sync": 9.074836854724952,
  "Preact-TodoMVC/Adding100Items/total": 65.48824964687986,
  "Preact-TodoMVC/CompletingAllItems/Async": 30.04504334808329,
  "Preact-TodoMVC/CompletingAllItems/Sync": 3.923120983044819,
  "Preact-TodoMVC/CompletingAllItems/total": 34.13282736743978,
  "Preact-TodoMVC/DeletingItems/Async": 7.749057712603104,
  "Preact-TodoMVC/DeletingItems/Sync": 2.168428470691919,
  "Preact-TodoMVC/DeletingItems/total": 9.924456910388015,
  "Preact-TodoMVC/total": 110.21606418243692,
  "React-Redux-TodoMVC/Adding100Items/Async": 41.06091885621743,
  "React-Redux-TodoMVC/Adding100Items/Sync": 207.33503755838,
  "React-Redux-TodoMVC/Adding100Items/total": 248.6453052050572,
  "React-Redux-TodoMVC/CompletingAllItems/Async": 31.74744063572457,
  "React-Redux-TodoMVC/CompletingAllItems/Sync": 169.97896533265117,
  "React-Redux-TodoMVC/CompletingAllItems/total": 201.74428262491907,
  "React-Redux-TodoMVC/DeletingItems/Async": 4.685586340086008,
  "React-Redux-TodoMVC/DeletingItems/Sync": 113.27526715545251,
  "React-Redux-TodoMVC/DeletingItems/total": 118.02875365085836,
  "React-Redux-TodoMVC/total": 568.888607281711,
  "React-TodoMVC/Adding100Items/Async": 42.98573069032491,
  "React-TodoMVC/Adding100Items/Sync": 147.5201631545079,
  "React-TodoMVC/Adding100Items/total": 190.57444732621326,
  "React-TodoMVC/CompletingAllItems/Async": 33.11176205297281,
  "React-TodoMVC/CompletingAllItems/Sync": 85.32635052274487,
  "React-TodoMVC/CompletingAllItems/total": 118.48031194231547,
  "React-TodoMVC/DeletingAllItems/Async": 4.319924535100559,
  "React-TodoMVC/DeletingAllItems/Sync": 56.074290624841574,
  "React-TodoMVC/DeletingAllItems/total": 60.462394026044095,
  "React-TodoMVC/total": 369.6351085390402,
  "Vanilla-ES2015-Babel-Webpack-TodoMVC/Adding100Items/Async": 38.25670342670277,
  "Vanilla-ES2015-Babel-Webpack-TodoMVC/Adding100Items/Sync": 334.49773025236186,
  "Vanilla-ES2015-Babel-Webpack-TodoMVC/Adding100Items/total": 372.7820207675682,
  "Vanilla-ES2015-Babel-Webpack-TodoMVC/CompletingAllItems/Async": 31.234276595678395,
  "Vanilla-ES2015-Babel-Webpack-TodoMVC/CompletingAllItems/Sync": 78.250355691293,
  "Vanilla-ES2015-Babel-Webpack-TodoMVC/CompletingAllItems/total": 109.49090295342552,
  "Vanilla-ES2015-Babel-Webpack-TodoMVC/DeletingItems/Async": 4.5463939726483655,
  "Vanilla-ES2015-Babel-Webpack-TodoMVC/DeletingItems/Sync": 51.00988065165382,
  "Vanilla-ES2015-Babel-Webpack-TodoMVC/DeletingItems/total": 55.597130236911894,
  "Vanilla-ES2015-Babel-Webpack-TodoMVC/total": 537.991863795622,
  "Vanilla-ES2015-TodoMVC/Adding100Items/Async": 38.57390352753195,
  "Vanilla-ES2015-TodoMVC/Adding100Items/Sync": 344.0934042190848,
  "Vanilla-ES2015-TodoMVC/Adding100Items/total": 382.71175356734426,
  "Vanilla-ES2015-TodoMVC/CompletingAllItems/Async": 31.207686622468998,