{
  "browser-setup": 3.302787,
  "browser-tear_down": 0.222668,
  "probes-creation": 0.000194,
  "probes-setup": 0.000171,
  "probes-start": 7.9e-05,
  "run": 107.658196,
  "runner-cooldown": 2.002067
}