{
  "Angular2-TypeScript-TodoMVC/Adding100Items/Async": 30.913936359407796,
  "Angular2-TypeScript-TodoMVC/Adding100Items/Sync": 41.92426531516147,
  "Angular2-TypeScript-TodoMVC/Adding100Items/total": 72.88665899465519,
  "Angular2-TypeScript-TodoMVC/CompletingAllItems/Async": 13.529070068198136,
  "Angular2-TypeScript-TodoMVC/CompletingAllItems/Sync": 8.508410233261039,
  "Angular2-TypeScript-TodoMVC/CompletingAllItems/total": 22.11447529373971,
  "Angular2-TypeScript-TodoMVC/DeletingItems/Async": 2.6750281526461888,
  "Angular2-TypeScript-TodoMVC/DeletingItems/Sync": 16.827018947509398,
  "Angular2-TypeScript-TodoMVC/DeletingItems/total": 19.51213294994539,
  "Angular2-TypeScript-TodoMVC/total": 114.69771419159862,
  "AngularJS-TodoMVC/Adding100Items/Async": 41.1044619069235,
  "AngularJS-TodoMVC/Adding100Items/Sync": 153.67490792207198,
  "AngularJS-TodoMVC/Adding100Items/total": 194.81627758564838,
  "AngularJS-TodoMVC/CompletingAllItems/Async": 22.600877476235116,
  "AngularJS-TodoMVC/CompletingAllItems/Sync": 54.45286126216153,
  "AngularJS-TodoMVC/CompletingAllItems/total": 77.17207265777402,
  "AngularJS-TodoMVC/DeletingAllItems/Async": 15.18697887225305,
  "AngularJS-TodoMVC/DeletingAllItems/Sync": 171.9437458884394,
  "AngularJS-TodoMVC/DeletingAllItems/total": 187.38769350777392,
  "AngularJS-TodoMVC/total": 461.12777500129556,
  "BackboneJS-TodoMVC/Adding100Items/Async": 36.029103328839234,
  "BackboneJS-TodoMVC/Adding100Items/Sync": 54.73520455735663,
  "BackboneJS-TodoMVC/Adding100Items/total": 90.79683885907588,
  "BackboneJS-TodoMVC/CompletingAllItems/Async": 27.250829393460403,
  "BackboneJS-TodoMVC/CompletingAllItems/Sync": 37.773263369963495,
  "BackboneJS-TodoMVC/CompletingAllItems/total": 65.03401054582469,
  "BackboneJS-TodoMVC/DeletingAllItems/Async": 3.445713722797801,
  "BackboneJS-TodoMVC/DeletingAllItems/Sync": 25.74831576901653,
  "BackboneJS-TodoMVC/DeletingAllItems/total": 29.212347287897728,
  "BackboneJS-TodoMVC/total": 185.07971890198965,
  "Elm-TodoMVC/Adding100Items/Async": 46.46003882836511,
  "Elm-TodoMVC/Adding100Items/Sync": 93.48960583068474,
  "Elm-TodoMVC/Adding100Items/total": 140.81314545552644,
  "Elm-TodoMVC/CompletingAllItems/Async": 30.346660591579063,
  "Elm-TodoMVC/CompletingAllItems/Sync": 94.24291970183677,
  "Elm-TodoMVC/CompletingAllItems/total": 125.38138595913088,
  "Elm-TodoMVC/DeletingItems/Async": 9.659608820654324,
  "Elm-TodoMVC/DeletingItems/Sync": 114.14209202825052,
  "Elm-TodoMVC/DeletingItems/total": 124.91977415826634,
  "Elm-TodoMVC/total": 402.56011123750596,
  "EmberJS-Debug-TodoMVC/Adding100Items/Async": 37.860632440866084,
  "EmberJS-Debug-TodoMVC/Adding100Items/Sync": 405.1221316067589,
  "EmberJS-Debug-TodoMVC/Adding100Items/total": 443.0118773318345,
  "EmberJS-Debug-TodoMVC/CompletingAllItems/Async": 27.024925936069604,
  "EmberJS-Debug-TodoMVC/CompletingAllItems/Sync": 293.1764490094565,
  "EmberJS-Debug-TodoMVC/CompletingAllItems/total": 320.41683422019423,
  "EmberJS-Debug-TodoMVC/DeletingItems/Async": 7.238846392026118,
  "EmberJS-Debug-TodoMVC/DeletingItems/Sync": 315.3969239559585,
  "EmberJS-Debug-TodoMVC/DeletingItems/total": 323.5208246223541,
  "EmberJS-Debug-TodoMVC/total": 1097.3317545247842,
  "EmberJS-TodoMVC/Adding100Items/Async": 33.18033759456052,
  "EmberJS-TodoMVC/Adding100Items/Sync": 142.1848159258426,
  "EmberJS-TodoMVC/Adding100Items/total": 175.38271657926845,
  "EmberJS-TodoMVC/CompletingAllItems/Async": 25.413284428070714,
  "EmberJS-TodoMVC/CompletingAllItems/Sync": 93.11326470558694,
  "EmberJS-TodoMVC/CompletingAllItems/total": 118.53462449129292,
  "EmberJS-TodoMVC/DeletingItems/Async": 3.3206524738617906,
  "EmberJS-TodoMVC/DeletingItems/Sync": 70.7609934937423,
  "EmberJS-TodoMVC/DeletingItems/total": 74.0943065210466,
  "EmberJS-TodoMVC/total": 371.95151618230415,
  "Flight-TodoMVC/Adding100Items/Async": 32.0624589501288,
  "Flight-TodoMVC/Adding100Items/Sync": 78.7425980100872,
  "Flight-TodoMVC/Adding100Items/total": 110.81524076861693,
  "Flight-TodoMVC/CompletingAllItems/Async": 24.394705780650877,
  "Flight-TodoMVC/CompletingAllItems/Sync": 88.78916377424605,
  "Flight-TodoMVC/CompletingAllItems/total": 113.25974708098713,
  "Flight-TodoMVC/DeletingItems/Async": 2.886443204031321,
  "Flight-TodoMVC/DeletingItems/Sync": 70.5257502579004,
  "Flight-TodoMVC/DeletingItems/total": 73.4139460567832,
  "Flight-TodoMVC/total": 297.61842530256484,
  "Inferno-TodoMVC/Adding100Items/Async": 37.73515356360581,
  "Inferno-TodoMVC/Adding100Items/Sync": 43.05578785673316,
  "Inferno-TodoMVC/Adding100Items/total": 80.91138190153845,
  "Inferno-TodoMVC/CompletingAllItems/Async": 6.99823232880557,
  "Inferno-TodoMVC/CompletingAllItems/Sync": 93.35149986682927,
  "Inferno-TodoMVC/CompletingAllItems/total": 100.35704172132816,
  "Inferno-TodoMVC/DeletingItems/Async": 3.909688754856597,
  "Inferno-TodoMVC/DeletingItems/Sync": 216.39824279403604,
  "Inferno-TodoMVC/DeletingItems/total": 221.72700070860049,
  "Inferno-TodoMVC/total": 407.4957132057305,
  "Preact-TodoMVC/Adding100Items/Async": 37.32052788865184,
  "Preact-TodoMVC/Adding100Items/Sync": 4.918222713033753,
  "Preact-TodoMVC/Adding100Items/total": 42.24543378411271,
  "Preact-TodoMVC/CompletingAllItems/Async": 16.45083666141164,
  "Preact-TodoMVC/CompletingAllItems/Sync": 2.9190924077121836,
  "Preact-TodoMVC/CompletingAllItems/total": 19.380151602252184,
  "Preact-TodoMVC/DeletingItems/Async": 4.400615757423601,
  "Preact-TodoMVC/DeletingItems/Sync": 1.613965990704214,
  "Preact-TodoMVC/DeletingItems/total": 6.0282780985585465,
  "Preact-TodoMVC/total": 67.68668626815042,
  "React-Redux-TodoMVC/Adding100Items/Async": 33.83395198599736,
  "React-Redux-TodoMVC/Adding100Items/Sync": 144.6970871866259,
  "React-Redux-TodoMVC/Adding100Items/total": 178.9238616569673,
  "React-Redux-TodoMVC/CompletingAllItems/Async": 26.72209183038638,
  "React-Redux-TodoMVC/CompletingAllItems/Sync": 155.9805100968217,
  "React-Redux-TodoMVC/CompletingAllItems/total": 183.06340635352336,
  "React-Redux-TodoMVC/DeletingItems/Async": 5.5841362375998616,
  "React-Redux-TodoMVC/DeletingItems/Sync": 89.87150880721572,
  "React-Redux-TodoMVC/DeletingItems/total": 97.13366921360814,
  "React-Redux-TodoMVC/total": 464.23062414904604,
  "React-TodoMVC/Adding100Items/Async": 34.899076960800166,
  "React-TodoMVC/Adding100Items/Sync": 110.82813794140105,
  "React-TodoMVC/Adding100Items/total": 145.9303854927899,
  "React-TodoMVC/CompletingAllItems/Async": 28.53750747292373,
  "React-TodoMVC/CompletingAllItems/Sync": 71.44992963095592,
  "React-TodoMVC/CompletingAllItems/total": 100.82193348120714,
  "React-TodoMVC/DeletingAllItems/Async": 3.931059088288703,
  "React-TodoMVC/DeletingAllItems/Sync": 53.52964398598527,
  "React-TodoMVC/DeletingAllItems/total": 57.82655425258593,
  "React-TodoMVC/total": 311.7708767647763,
  "Vanilla-ES2015-Babel-Webpack-TodoMVC/Adding100Items/Async": 33.99923577713218,
  "Vanilla-ES2015-Babel-Webpack-TodoMVC/Adding100Items/Sync": 291.28054815561944,
  "Vanilla-ES2015-Babel-Webpack-TodoMVC/Adding100Items/total": 325.3170198284735,
  "Vanilla-ES2015-Babel-Webpack-TodoMVC/CompletingAllItems/Async": 24.23179405154946,
  "Vanilla-ES2015-Babel-Webpack-TodoMVC/CompletingAllItems/Sync": 64.29866793859485,
  "Vanilla-ES2015-Babel-Webpack-TodoMVC/CompletingAllItems/total": 88.53633637652646,
  "Vanilla-ES2015-Babel-Webpack-TodoMVC/DeletingItems/Async": 3.2010622408653506,
  "Vanilla-ES2015-Babel-Webpack-TodoMVC/DeletingItems/Sync": 46.558101777436484,
  "Vanilla-ES2015-Babel-Webpack-TodoMVC/DeletingItems/total": 49.7778958812824,
  "Vanilla-ES2015-Babel-Webpack-TodoMVC/total": 469.94618343964373,
  "Vanilla-ES2015-TodoMVC/Adding100Items/Async": 33.85006068543255,
  "Vanilla-ES2015-TodoMVC/Adding100Items/Sync": 295.3228148954609,
  "Vanilla-ES2015-TodoMVC/Adding100Items/total": 329.2301365464188,
  "Vanilla-ES2015-TodoMVC/CompletingAllItems/Async": 25.689534113134826,