{
  "browser-setup": 4.067792,
  "browser-tear_down": 0.225687,
  "probes-creation": 0.000122,
  "probes-setup": 0.000105,
  "probes-start": 5.5e-05,
  "run": 126.163527,
  "runner-cooldown": 2.002051
}