{
  "Angular2-TypeScript-TodoMVC/Adding100Items/Async": 37.78753091701152,
  "Angular2-TypeScript-TodoMVC/Adding100Items/Sync": 54.0992280300746,
  "Angular2-TypeScript-TodoMVC/Adding100Items/total": 91.95773086887803,
  "Angular2-TypeScript-TodoMVC/CompletingAllItems/Async": 14.266215312946738,
  "Angular2-TypeScript-TodoMVC/CompletingAllItems/Sync": 9.963930646857701,
  "Angular2-TypeScript-TodoMVC/CompletingAllItems/total": 24.233519378023303,
  "Angular2-TypeScript-TodoMVC/DeletingItems/Async": 3.5577054792585066,
  "Angular2-TypeScript-TodoMVC/DeletingItems/Sync": 18.081479732220547,
  "Angular2-TypeScript-TodoMVC/DeletingItems/total": 21.661510396151428,
  "Angular2-TypeScript-TodoMVC/total": 137.96425291567246,
  "AngularJS-TodoMVC/Adding100Items/Async": 55.099886933087845,
  "AngularJS-TodoMVC/Adding100Items/Sync": 252.4744002009077,
  "AngularJS-TodoMVC/Adding100Items/total": 308.2273672269072,
  "AngularJS-TodoMVC/CompletingAllItems/Async": 34.8069662904106,
  "AngularJS-TodoMVC/CompletingAllItems/Sync": 68.23303042031047,
  "AngularJS-TodoMVC/CompletingAllItems/total": 103.56718746554932,
  "AngularJS-TodoMVC/DeletingAllItems/Async": 14.465123565964225,
  "AngularJS-TodoMVC/DeletingAllItems/Sync": 240.12280095961177,
  "AngularJS-TodoMVC/DeletingAllItems/total": 254.6062395257324,
  "AngularJS-TodoMVC/total": 668.4108374672891,
  "BackboneJS-TodoMVC/Adding100Items/Async": 44.15992534439176,
  "BackboneJS-TodoMVC/Adding100Items/Sync": 78.69842202569366,
  "BackboneJS-TodoMVC/Adding100Items/total": 123.75949020029742,
  "BackboneJS-TodoMVC/CompletingAllItems/Async": 33.563311359746905,
  "BackboneJS-TodoMVC/CompletingAllItems/Sync": 46.171591069297115,
  "BackboneJS-TodoMVC/CompletingAllItems/total": 79.74796108689117,
  "BackboneJS-TodoMVC/DeletingAllItems/Async": 5.368405507703445,
  "BackboneJS-TodoMVC/DeletingAllItems/Sync": 29.435801711591242,
  "BackboneJS-TodoMVC/DeletingAllItems/total": 35.11857967691603,
  "BackboneJS-TodoMVC/total": 239.66137715110094,
  "Elm-TodoMVC/Adding100Items/Async": 51.07721760177627,
  "Elm-TodoMVC/Adding100Items/Sync": 136.8003744706482,
  "Elm-TodoMVC/Adding100Items/total": 189.38482557013182,
  "Elm-TodoMVC/CompletingAllItems/Async": 34.14658804741139,
  "Elm-TodoMVC/CompletingAllItems/Sync": 121.24690351932048,
  "Elm-TodoMVC/CompletingAllItems/total": 155.99784063195332,
  "Elm-TodoMVC/DeletingItems/Async": 10.252123442192095,
  "Elm-TodoMVC/DeletingItems/Sync": 137.23498736938114,
  "Elm-TodoMVC/DeletingItems/total": 147.83011507298284,
  "Elm-TodoMVC/total": 498.85322728070383,
  "EmberJS-Debug-TodoMVC/Adding100Items/Async": 47.02048769854457,
  "EmberJS-Debug-TodoMVC/Adding100Items/Sync": 571.8377162016666,
  "EmberJS-Debug-TodoMVC/Adding100Items/total": 618.8923267886904,
  "EmberJS-Debug-TodoMVC/CompletingAllItems/Async": 29.38863115159329,
  "EmberJS-Debug-TodoMVC/CompletingAllItems/Sync": 359.1282635536597,
  "EmberJS-Debug-TodoMVC/CompletingAllItems/total": 388.62188597017405,
  "EmberJS-Debug-TodoMVC/DeletingItems/Async": 7.16215033655452,
  "EmberJS-Debug-TodoMVC/DeletingItems/Sync": 399.4519624146515,
  "EmberJS-Debug-TodoMVC/DeletingItems/total": 408.5206972433159,
  "EmberJS-Debug-TodoMVC/total": 1424.9339796815896,
  "EmberJS-TodoMVC/Adding100Items/Async": 42.36663912497104,
  "EmberJS-TodoMVC/Adding100Items/Sync": 201.76418669500345,
  "EmberJS-TodoMVC/Adding100Items/total": 244.22425880985068,
  "EmberJS-TodoMVC/CompletingAllItems/Async": 35.32553145469886,
  "EmberJS-TodoMVC/CompletingAllItems/Sync": 127.23989006620951,
  "EmberJS-TodoMVC/CompletingAllItems/total": 163.5725416258174,
  "EmberJS-TodoMVC/DeletingItems/Async": 4.701437250356872,
  "EmberJS-TodoMVC/DeletingItems/Sync": 81.28458527643187,
  "EmberJS-TodoMVC/DeletingItems/total": 86.46851584745094,
  "EmberJS-TodoMVC/total": 497.0652145201139,
  "Flight-TodoMVC/Adding100Items/Async": 39.61677887318977,
  "Flight-TodoMVC/Adding100Items/Sync": 106.28142832527213,
  "Flight-TodoMVC/Adding100Items/total": 146.65061084480942,
  "Flight-TodoMVC/CompletingAllItems/Async": 29.359538856428003,
  "Flight-TodoMVC/CompletingAllItems/Sync": 104.69407294437795,
  "Flight-TodoMVC/CompletingAllItems/total": 134.07862700632197,
  "Flight-TodoMVC/DeletingItems/Async": 4.075523165247769,
  "Flight-TodoMVC/DeletingItems/Sync": 87.31441064785734,
  "Flight-TodoMVC/DeletingItems/total": 91.5576476101886,
  "Flight-TodoMVC/total": 374.2123883318283,
  "Inferno-TodoMVC/Adding100Items/Async": 44.38657516271906,
  "Inferno-TodoMVC/Adding100Items/Sync": 49.26752776978064,
  "Inferno-TodoMVC/Adding100Items/total": 93.92772103480783,
  "Inferno-TodoMVC/CompletingAllItems/Async": 9.673850968203293,
  "Inferno-TodoMVC/CompletingAllItems/Sync": 106.16402722789162,
  "Inferno-TodoMVC/CompletingAllItems/total": 116.31605223292621,
  "Inferno-TodoMVC/DeletingItems/Async": 3.5158422937015987,
  "Inferno-TodoMVC/DeletingItems/Sync": 238.68062405088585,
  "Inferno-TodoMVC/DeletingItems/total": 242.20222374760976,
  "Inferno-TodoMVC/total": 452.960605279871,
  "Preact-TodoMVC/Adding100Items/Async": 43.00405354767457,
  "Preact-TodoMVC/Adding100Items/Sync": 6.175833032140011,
  "Preact-TodoMVC/Adding100Items/total": 49.18086167526412,
  "Preact-TodoMVC/CompletingAllItems/Async": 30.87753955523369,
  "Preact-TodoMVC/CompletingAllItems/Sync": 3.8221828669543267,
  "Preact-TodoMVC/CompletingAllItems/total": 34.70455595718491,
  "Preact-TodoMVC/DeletingItems/Async": 7.373473420629623,
  "Preact-TodoMVC/DeletingItems/Sync": 2.020187995823471,
  "Preact-TodoMVC/DeletingItems/total": 9.429730927261044,
  "Preact-TodoMVC/total": 93.35009703716864,
  "React-Redux-TodoMVC/Adding100Items/Async": 42.94813540621581,
  "React-Redux-TodoMVC/Adding100Items/Sync": 220.81883856840443,
  "React-Redux-TodoMVC/Adding100Items/total": 265.20752355494864,
  "React-Redux-TodoMVC/CompletingAllItems/Async": 30.350617473375877,
  "React-Redux-TodoMVC/CompletingAllItems/Sync": 182.1947654062819,
  "React-Redux-TodoMVC/CompletingAllItems/total": 212.80332821229413,
  "React-Redux-TodoMVC/DeletingItems/Async": 5.948346209957663,
  "React-Redux-TodoMVC/DeletingItems/Sync": 121.3475867437866,
  "React-Redux-TodoMVC/DeletingItems/total": 127.81746870783286,
  "React-Redux-TodoMVC/total": 620.7263765601541,
  "React-TodoMVC/Adding100Items/Async": 45.74996580448257,
  "React-TodoMVC/Adding100Items/Sync": 147.3255322830059,
  "React-TodoMVC/Adding100Items/total": 193.90110748782791,
  "React-TodoMVC/CompletingAllItems/Async": 30.724596466546856,
  "React-TodoMVC/CompletingAllItems/Sync": 82.63892736930109,
  "React-TodoMVC/CompletingAllItems/total": 113.41598320586776,
  "React-TodoMVC/DeletingAllItems/Async": 4.621153735706339,
  "React-TodoMVC/DeletingAllItems/Sync": 55.00900735839353,
  "React-TodoMVC/DeletingAllItems/total": 60.01569762926824,
  "React-TodoMVC/total": 368.54329491368804,
  "Vanilla-ES2015-Babel-Webpack-TodoMVC/Adding100Items/Async": 38.24994362136376,
  "Vanilla-ES2015-Babel-Webpack-TodoMVC/Adding100Items/Sync": 327.3685861336502,
  "Vanilla-ES2015-Babel-Webpack-TodoMVC/Adding100Items/total": 365.6980099652707,
  "Vanilla-ES2015-Babel-Webpack-TodoMVC/CompletingAllItems/Async": 29.652936817594714,
  "Vanilla-ES2015-Babel-Webpack-TodoMVC/CompletingAllItems/Sync": 73.5616689421107,
  "Vanilla-ES2015-Babel-Webpack-TodoMVC/CompletingAllItems/total": 103.2247530641092,
  "Vanilla-ES2015-Babel-Webpack-TodoMVC/DeletingItems/Async": 3.837666844825094,
  "Vanilla-ES2015-Babel-Webpack-TodoMVC/DeletingItems/Sync": 46.3834355547009,
  "Vanilla-ES2015-Babel-Webpack-TodoMVC/DeletingItems/total": 50.225487567453726,
  "Vanilla-ES2015-Babel-Webpack-TodoMVC/total": 519.1907623825863,
  "Vanilla-ES2015-TodoMVC/Adding100Items/Async": 36.77218233361072,
  "Vanilla-ES2015-TodoMVC/Adding100Items/Sync": 348.7506715173937,
  "Vanilla-ES2015-TodoMVC/Adding100Items/total": 385.56692514678576,
  "Vanilla-ES2015-TodoMVC/CompletingAllItems/Async": 29.973669905462362,