{
  "browser-setup": 3.329767,
  "browser-tear_down": 0.225428,
  "probes-creation": 0.000184,
  "probes-setup": 0.000156,
  "probes-start": 8e-05,
  "run": 109.470953,
  "runner-cooldown": 2.002066
}