{
  "Angular2-TypeScript-TodoMVC/Adding100Items/Async": 35.45013555146994,
  "Angular2-TypeScript-TodoMVC/Adding100Items/Sync": 41.73246059593369,
  "Angular2-TypeScript-TodoMVC/Adding100Items/total": 78.71304017118261,
  "Angular2-TypeScript-TodoMVC/CompletingAllItems/Async": 13.796200733245058,
  "Angular2-TypeScript-TodoMVC/CompletingAllItems/Sync": 8.535501281984718,
  "Angular2-TypeScript-TodoMVC/CompletingAllItems/total": 22.423804829175314,
  "Angular2-TypeScript-TodoMVC/DeletingItems/Async": 3.1150074625660613,
  "Angular2-TypeScript-TodoMVC/DeletingItems/Sync": 16.472841846656724,
  "Angular2-TypeScript-TodoMVC/DeletingItems/total": 20.001600334536217,
  "Angular2-TypeScript-TodoMVC/total": 121.21630822623088,
  "AngularJS-TodoMVC/Adding100Items/Async": 42.96173544334785,
  "AngularJS-TodoMVC/Adding100Items/Sync": 170.1219319840827,
  "AngularJS-TodoMVC/Adding100Items/total": 213.28178423202954,
  "AngularJS-TodoMVC/CompletingAllItems/Async": 25.07063374690555,
  "AngularJS-TodoMVC/CompletingAllItems/Sync": 60.99033671714186,
  "AngularJS-TodoMVC/CompletingAllItems/total": 86.41953382010371,
  "AngularJS-TodoMVC/DeletingAllItems/Async": 14.142872493139675,
  "AngularJS-TodoMVC/DeletingAllItems/Sync": 163.13386894760595,
  "AngularJS-TodoMVC/DeletingAllItems/total": 177.33855926309153,
  "AngularJS-TodoMVC/total": 482.0339467755978,
  "BackboneJS-TodoMVC/Adding100Items/Async": 36.74257234313759,
  "BackboneJS-TodoMVC/Adding100Items/Sync": 56.396193951337594,
  "BackboneJS-TodoMVC/Adding100Items/total": 93.1625743252155,
  "BackboneJS-TodoMVC/CompletingAllItems/Async": 27.797167116635272,
  "BackboneJS-TodoMVC/CompletingAllItems/Sync": 38.44256612575329,
  "BackboneJS-TodoMVC/CompletingAllItems/total": 66.24704289122838,
  "BackboneJS-TodoMVC/DeletingAllItems/Async": 3.2992784887417432,
  "BackboneJS-TodoMVC/DeletingAllItems/Sync": 25.871223924463838,
  "BackboneJS-TodoMVC/DeletingAllItems/total": 29.179153142961738,
  "BackboneJS-TodoMVC/total": 188.60840439672157,
  "Elm-TodoMVC/Adding100Items/Async": 45.971751811874746,
  "Elm-TodoMVC/Adding100Items/Sync": 89.15249349864301,
  "Elm-TodoMVC/Adding100Items/total": 135.25389320399745,
  "Elm-TodoMVC/CompletingAllItems/Async": 30.804034449904634,
  "Elm-TodoMVC/CompletingAllItems/Sync": 106.50138192965254,
  "Elm-TodoMVC/CompletingAllItems/total": 139.1466132622448,
  "Elm-TodoMVC/DeletingItems/Async": 10.948655734103427,
  "Elm-TodoMVC/DeletingItems/Sync": 136.8382388872128,
  "Elm-TodoMVC/DeletingItems/total": 148.37464723048762,
  "Elm-TodoMVC/total": 443.6942889052879,
  "EmberJS-Debug-TodoMVC/Adding100Items/Async": 38.17389574595248,
  "EmberJS-Debug-TodoMVC/Adding100Items/Sync": 399.06507004264176,
  "EmberJS-Debug-TodoMVC/Adding100Items/total": 437.299590105083,
  "EmberJS-Debug-TodoMVC/CompletingAllItems/Async": 26.829470840098374,
  "EmberJS-Debug-TodoMVC/CompletingAllItems/Sync": 283.21994114892374,
  "EmberJS-Debug-TodoMVC/CompletingAllItems/total": 310.0637959352104,
  "EmberJS-Debug-TodoMVC/DeletingItems/Async": 5.8488482891052325,
  "EmberJS-Debug-TodoMVC/DeletingItems/Sync": 314.6035535676028,
  "EmberJS-Debug-TodoMVC/DeletingItems/total": 321.6019558690885,
  "EmberJS-Debug-TodoMVC/total": 1074.8643474142161,
  "EmberJS-TodoMVC/Adding100Items/Async": 35.00550837301731,
  "EmberJS-TodoMVC/Adding100Items/Sync": 158.69437839942657,
  "EmberJS-TodoMVC/Adding100Items/total": 194.0364894877414,
  "EmberJS-TodoMVC/CompletingAllItems/Async": 29.17331943508371,
  "EmberJS-TodoMVC/CompletingAllItems/Sync": 114.27428301351439,
  "EmberJS-TodoMVC/CompletingAllItems/total": 144.5041977002113,
  "EmberJS-TodoMVC/DeletingItems/Async": 5.72107644329303,
  "EmberJS-TodoMVC/DeletingItems/Sync": 73.22752313975337,
  "EmberJS-TodoMVC/DeletingItems/total": 80.41743762615366,
  "EmberJS-TodoMVC/total": 429.4105825807335,
  "Flight-TodoMVC/Adding100Items/Async": 32.428421428567944,
  "Flight-TodoMVC/Adding100Items/Sync": 79.00445451095553,
  "Flight-TodoMVC/Adding100Items/total": 111.44023319214898,
  "Flight-TodoMVC/CompletingAllItems/Async": 24.57845707492535,
  "Flight-TodoMVC/CompletingAllItems/Sync": 86.21542397516612,
  "Flight-TodoMVC/CompletingAllItems/total": 110.7977730186983,
  "Flight-TodoMVC/DeletingItems/Async": 2.7887674976118606,
  "Flight-TodoMVC/DeletingItems/Sync": 69.91562432778841,
  "Flight-TodoMVC/DeletingItems/total": 72.70659919174749,
  "Flight-TodoMVC/total": 294.9642428289478,
  "Inferno-TodoMVC/Adding100Items/Async": 38.844660230636094,
  "Inferno-TodoMVC/Adding100Items/Sync": 47.99686560266642,
  "Inferno-TodoMVC/Adding100Items/total": 88.02481809428177,
  "Inferno-TodoMVC/CompletingAllItems/Async": 8.083418332597686,
  "Inferno-TodoMVC/CompletingAllItems/Sync": 94.08082995567288,
  "Inferno-TodoMVC/CompletingAllItems/total": 103.1655631571058,
  "Inferno-TodoMVC/DeletingItems/Async": 3.6681816517264276,
  "Inferno-TodoMVC/DeletingItems/Sync": 212.94533679838688,
  "Inferno-TodoMVC/DeletingItems/total": 216.92704637838244,
  "Inferno-TodoMVC/total": 412.5608097052651,
  "Preact-TodoMVC/Adding100Items/Async": 36.88143767946378,
  "Preact-TodoMVC/Adding100Items/Sync": 4.9645692113240765,
  "Preact-TodoMVC/Adding100Items/total": 41.84908321271633,
  "Preact-TodoMVC/CompletingAllItems/Async": 16.454141339209958,
  "Preact-TodoMVC/CompletingAllItems/Sync": 3.058364305439928,
  "Preact-TodoMVC/CompletingAllItems/total": 19.522718131886677,
  "Preact-TodoMVC/DeletingItems/Async": 4.538357809396023,
  "Preact-TodoMVC/DeletingItems/Sync": 1.6276598077105686,
  "Preact-TodoMVC/DeletingItems/total": 6.185458249237547,
  "Preact-TodoMVC/total": 67.60267600016367,
  "React-Redux-TodoMVC/Adding100Items/Async": 33.45298712284183,
  "React-Redux-TodoMVC/Adding100Items/Sync": 129.53816660828113,
  "React-Redux-TodoMVC/Adding100Items/total": 163.04327350939926,
  "React-Redux-TodoMVC/CompletingAllItems/Async": 24.9613465665971,
  "React-Redux-TodoMVC/CompletingAllItems/Sync": 131.83666046046653,
  "React-Redux-TodoMVC/CompletingAllItems/total": 156.82593460463144,
  "React-Redux-TodoMVC/DeletingItems/Async": 3.4757018528235033,
  "React-Redux-TodoMVC/DeletingItems/Sync": 87.16913496964085,
  "React-Redux-TodoMVC/DeletingItems/total": 90.82531452360662,
  "React-Redux-TodoMVC/total": 410.7228797260714,
  "React-TodoMVC/Adding100Items/Async": 35.39771935494063,
  "React-TodoMVC/Adding100Items/Sync": 113.29913580308478,
  "React-TodoMVC/Adding100Items/total": 148.98251234291376,
  "React-TodoMVC/CompletingAllItems/Async": 26.935984766888282,
  "React-TodoMVC/CompletingAllItems/Sync": 71.37307032482661,
  "React-TodoMVC/CompletingAllItems/total": 99.05209422466193,
  "React-TodoMVC/DeletingAllItems/Async": 4.443053514762023,
  "React-TodoMVC/DeletingAllItems/Sync": 46.203526742823364,
  "React-TodoMVC/DeletingAllItems/total": 51.919328908520605,
  "React-TodoMVC/total": 304.14944061605615,
  "Vanilla-ES2015-Babel-Webpack-TodoMVC/Adding100Items/Async": 35.61674555977292,
  "Vanilla-ES2015-Babel-Webpack-TodoMVC/Adding100Items/Sync": 301.85319364484377,
  "Vanilla-ES2015-Babel-Webpack-TodoMVC/Adding100Items/total": 337.475115898501,
  "Vanilla-ES2015-Babel-Webpack-TodoMVC/CompletingAllItems/Async": 25.88392386965128,
  "Vanilla-ES2015-Babel-Webpack-TodoMVC/CompletingAllItems/Sync": 64.10249337786051,
  "Vanilla-ES2015-Babel-Webpack-TodoMVC/CompletingAllItems/total": 90.05596960233932,
  "Vanilla-ES2015-Babel-Webpack-TodoMVC/DeletingItems/Async": 3.181786398766147,
  "Vanilla-ES2015-Babel-Webpack-TodoMVC/DeletingItems/Sync": 40.084879707139486,
  "Vanilla-ES2015-Babel-Webpack-TodoMVC/DeletingItems/total": 43.39944374940049,
  "Vanilla-ES2015-Babel-Webpack-TodoMVC/total": 471.0820430150501,
  "Vanilla-ES2015-TodoMVC/Adding100Items/Async": 33.89084047427072,
  "Vanilla-ES2015-TodoMVC/Adding100Items/Sync": 295.7254344001813,
  "Vanilla-ES2015-TodoMVC/Adding100Items/total": 329.63218823423205,
  "Vanilla-ES2015-TodoMVC/CompletingAllItems/Async": 26.4827375987754,