{
  "browser-setup": 3.304189,
  "browser-tear_down": 0.254038,
  "probes-creation": 0.000201,
  "probes-setup": 0.000167,
  "probes-start": 7.9e-05,
  "run": 114.103975,
  "runner-cooldown": 2.002081
}