{
  "Angular2-TypeScript-TodoMVC/Adding100Items/Async": 31.12785311653471,
  "Angular2-TypeScript-TodoMVC/Adding100Items/Sync": 41.37919796709695,
  "Angular2-TypeScript-TodoMVC/Adding100Items/total": 72.5514159292022,
  "Angular2-TypeScript-TodoMVC/CompletingAllItems/Async": 13.605499058511999,
  "Angular2-TypeScript-TodoMVC/CompletingAllItems/Sync": 8.487382198694792,
  "Angular2-TypeScript-TodoMVC/CompletingAllItems/total": 22.17610467696839,
  "Angular2-TypeScript-TodoMVC/DeletingItems/Async": 2.6565673449698357,
  "Angular2-TypeScript-TodoMVC/DeletingItems/Sync": 15.755363161931573,
  "Angular2-TypeScript-TodoMVC/DeletingItems/total": 18.41563356274011,
  "Angular2-TypeScript-TodoMVC/total": 113.307907247446,
  "AngularJS-TodoMVC/Adding100Items/Async": 41.132017994595245,
  "AngularJS-TodoMVC/Adding100Items/Sync": 160.62167488931794,
  "AngularJS-TodoMVC/Adding100Items/total": 201.82277961756532,
  "AngularJS-TodoMVC/CompletingAllItems/Async": 24.516878349832385,
  "AngularJS-TodoMVC/CompletingAllItems/Sync": 54.785764208404125,
  "AngularJS-TodoMVC/CompletingAllItems/total": 79.39646912421975,
  "AngularJS-TodoMVC/DeletingAllItems/Async": 13.374438326348137,
  "AngularJS-TodoMVC/DeletingAllItems/Sync": 159.94974500584811,
  "AngularJS-TodoMVC/DeletingAllItems/total": 173.35634130478996,
  "AngularJS-TodoMVC/total": 455.1304919738089,
  "BackboneJS-TodoMVC/Adding100Items/Async": 36.194206553311716,
  "BackboneJS-TodoMVC/Adding100Items/Sync": 54.961810897487716,
  "BackboneJS-TodoMVC/Adding100Items/total": 91.18232357889073,
  "BackboneJS-TodoMVC/CompletingAllItems/Async": 27.58538393641078,
  "BackboneJS-TodoMVC/CompletingAllItems/Sync": 37.50155832054028,
  "BackboneJS-TodoMVC/CompletingAllItems/total": 65.09030639827786,
  "BackboneJS-TodoMVC/DeletingAllItems/Async": 3.3507799580203272,
  "BackboneJS-TodoMVC/DeletingAllItems/Sync": 25.865828324384033,
  "BackboneJS-TodoMVC/DeletingAllItems/total": 29.229081332032106,
  "BackboneJS-TodoMVC/total": 185.53464964473181,
  "Elm-TodoMVC/Adding100Items/Async": 47.76671175910403,
  "Elm-TodoMVC/Adding100Items/Sync": 113.1309640468957,
  "Elm-TodoMVC/Adding100Items/total": 162.84354688007193,
  "Elm-TodoMVC/CompletingAllItems/Async": 33.039084622077894,
  "Elm-TodoMVC/CompletingAllItems/Sync": 121.21259266281596,
  "Elm-TodoMVC/CompletingAllItems/total": 156.08909736980354,
  "Elm-TodoMVC/DeletingItems/Async": 13.936306514587192,
  "Elm-TodoMVC/DeletingItems/Sync": 107.63626813279176,
  "Elm-TodoMVC/DeletingItems/total": 123.46418762824669,
  "Elm-TodoMVC/total": 460.2597282808508,
  "EmberJS-Debug-TodoMVC/Adding100Items/Async": 39.11946862188599,
  "EmberJS-Debug-TodoMVC/Adding100Items/Sync": 401.2378531610652,
  "EmberJS-Debug-TodoMVC/Adding100Items/total": 440.4968451002607,
  "EmberJS-Debug-TodoMVC/CompletingAllItems/Async": 27.280115729465397,
  "EmberJS-Debug-TodoMVC/CompletingAllItems/Sync": 305.582401770186,
  "EmberJS-Debug-TodoMVC/CompletingAllItems/total": 332.88737564189915,
  "EmberJS-Debug-TodoMVC/DeletingItems/Async": 8.129338134923414,
  "EmberJS-Debug-TodoMVC/DeletingItems/Sync": 329.56386931889267,
  "EmberJS-Debug-TodoMVC/DeletingItems/total": 339.78835652467274,
  "EmberJS-Debug-TodoMVC/total": 1123.8765428126526,
  "EmberJS-TodoMVC/Adding100Items/Async": 33.785166720115384,
  "EmberJS-TodoMVC/Adding100Items/Sync": 140.1665412745345,
  "EmberJS-TodoMVC/Adding100Items/total": 173.98164533122457,
  "EmberJS-TodoMVC/CompletingAllItems/Async": 26.608193571143126,
  "EmberJS-TodoMVC/CompletingAllItems/Sync": 100.95889425628467,
  "EmberJS-TodoMVC/CompletingAllItems/total": 127.86444415292486,
  "EmberJS-TodoMVC/DeletingItems/Async": 4.302635252966677,
  "EmberJS-TodoMVC/DeletingItems/Sync": 70.20047450237787,
  "EmberJS-TodoMVC/DeletingItems/total": 75.25075804452499,
  "EmberJS-TodoMVC/total": 382.8748089499973,
  "Flight-TodoMVC/Adding100Items/Async": 32.20297709686689,
  "Flight-TodoMVC/Adding100Items/Sync": 78.34996207145224,
  "Flight-TodoMVC/Adding100Items/total": 110.56133198538095,
  "Flight-TodoMVC/CompletingAllItems/Async": 24.732908113765934,
  "Flight-TodoMVC/CompletingAllItems/Sync": 85.56409309921662,
  "Flight-TodoMVC/CompletingAllItems/total": 110.30631265498629,
  "Flight-TodoMVC/DeletingItems/Async": 3.5057821823464574,
  "Flight-TodoMVC/DeletingItems/Sync": 69.645163416235,
  "Flight-TodoMVC/DeletingItems/total": 74.23957425852858,
  "Flight-TodoMVC/total": 295.2736161786979,
  "Inferno-TodoMVC/Adding100Items/Async": 38.830832846260414,
  "Inferno-TodoMVC/Adding100Items/Sync": 45.054296220797134,
  "Inferno-TodoMVC/Adding100Items/total": 84.10718085007431,
  "Inferno-TodoMVC/CompletingAllItems/Async": 6.853747319315267,
  "Inferno-TodoMVC/CompletingAllItems/Sync": 94.929173604896,
  "Inferno-TodoMVC/CompletingAllItems/total": 101.78740373912443,
  "Inferno-TodoMVC/DeletingItems/Async": 3.677673282749558,
  "Inferno-TodoMVC/DeletingItems/Sync": 204.09009443514734,
  "Inferno-TodoMVC/DeletingItems/total": 209.20305994463888,
  "Inferno-TodoMVC/total": 398.31040080780207,
  "Preact-TodoMVC/Adding100Items/Async": 37.00463680406813,
  "Preact-TodoMVC/Adding100Items/Sync": 4.932216322616771,
  "Preact-TodoMVC/Adding100Items/total": 41.948691501771314,
  "Preact-TodoMVC/CompletingAllItems/Async": 18.01531740064285,
  "Preact-TodoMVC/CompletingAllItems/Sync": 3.202804262400329,
  "Preact-TodoMVC/CompletingAllItems/total": 21.31823573747156,
  "Preact-TodoMVC/DeletingItems/Async": 5.000532244794611,
  "Preact-TodoMVC/DeletingItems/Sync": 1.7352411165360275,
  "Preact-TodoMVC/DeletingItems/total": 6.7764957092816775,
  "Preact-TodoMVC/total": 70.28712116403277,
  "React-Redux-TodoMVC/Adding100Items/Async": 36.99352490561036,
  "React-Redux-TodoMVC/Adding100Items/Sync": 169.32807681294952,
  "React-Redux-TodoMVC/Adding100Items/total": 207.20061203289234,
  "React-Redux-TodoMVC/CompletingAllItems/Async": 28.93434443739873,
  "React-Redux-TodoMVC/CompletingAllItems/Sync": 138.0929082015739,
  "React-Redux-TodoMVC/CompletingAllItems/total": 167.37222989811934,
  "React-Redux-TodoMVC/DeletingItems/Async": 6.207414730449106,
  "React-Redux-TodoMVC/DeletingItems/Sync": 88.12625638109579,
  "React-Redux-TodoMVC/DeletingItems/total": 95.84742328489016,
  "React-Redux-TodoMVC/total": 473.2060378804833,
  "React-TodoMVC/Adding100Items/Async": 34.279319859098564,
  "React-TodoMVC/Adding100Items/Sync": 108.04266524339623,
  "React-TodoMVC/Adding100Items/total": 142.41237325643107,
  "React-TodoMVC/CompletingAllItems/Async": 26.78529503943798,
  "React-TodoMVC/CompletingAllItems/Sync": 70.19829240467035,
  "React-TodoMVC/CompletingAllItems/total": 97.57173850378622,
  "React-TodoMVC/DeletingAllItems/Async": 3.193944970999643,
  "React-TodoMVC/DeletingAllItems/Sync": 52.64100283039657,
  "React-TodoMVC/DeletingAllItems/total": 56.167010737771534,
  "React-TodoMVC/total": 303.58977388509146,
  "Vanilla-ES2015-Babel-Webpack-TodoMVC/Adding100Items/Async": 34.3162619258874,
  "Vanilla-ES2015-Babel-Webpack-TodoMVC/Adding100Items/Sync": 294.8785358187011,
  "Vanilla-ES2015-Babel-Webpack-TodoMVC/Adding100Items/total": 329.1995769751021,
  "Vanilla-ES2015-Babel-Webpack-TodoMVC/CompletingAllItems/Async": 26.515098211140216,
  "Vanilla-ES2015-Babel-Webpack-TodoMVC/CompletingAllItems/Sync": 63.98841538716933,
  "Vanilla-ES2015-Babel-Webpack-TodoMVC/CompletingAllItems/total": 90.513147505454,
  "Vanilla-ES2015-Babel-Webpack-TodoMVC/DeletingItems/Async": 2.90466507564452,
  "Vanilla-ES2015-Babel-Webpack-TodoMVC/DeletingItems/Sync": 40.44723916745406,
  "Vanilla-ES2015-Babel-Webpack-TodoMVC/DeletingItems/total": 43.35468036414118,
  "Vanilla-ES2015-Babel-Webpack-TodoMVC/total": 463.07797694037566,
  "Vanilla-ES2015-TodoMVC/Adding100Items/Async": 33.67291399840879,
  "Vanilla-ES2015-TodoMVC/Adding100Items/Sync": 300.06970553979966,
  "Vanilla-ES2015-TodoMVC/Adding100Items/total": 333.7789114444204,
  "Vanilla-ES2015-TodoMVC/CompletingAllItems/Async": 26.216558572791445,