{
  "Angular2-TypeScript-TodoMVC/Adding100Items/Async": 38.631283089735994,
  "Angular2-TypeScript-TodoMVC/Adding100Items/Sync": 60.29390699555466,
  "Angular2-TypeScript-TodoMVC/Adding100Items/total": 98.98689927469863,
  "Angular2-TypeScript-TodoMVC/CompletingAllItems/Async": 18.592001626865212,
  "Angular2-TypeScript-TodoMVC/CompletingAllItems/Sync": 10.19755014026987,
  "Angular2-TypeScript-TodoMVC/CompletingAllItems/total": 28.881142837928177,
  "Angular2-TypeScript-TodoMVC/DeletingItems/Async": 3.922746810746607,
  "Angular2-TypeScript-TodoMVC/DeletingItems/Sync": 20.29448786741621,
  "Angular2-TypeScript-TodoMVC/DeletingItems/total": 24.260996961872053,
  "Angular2-TypeScript-TodoMVC/total": 152.4364807042006,
  "AngularJS-TodoMVC/Adding100Items/Async": 52.27152262937331,
  "AngularJS-TodoMVC/Adding100Items/Sync": 274.1557190203247,
  "AngularJS-TodoMVC/Adding100Items/total": 326.75324532586075,
  "AngularJS-TodoMVC/CompletingAllItems/Async": 36.04445573573194,
  "AngularJS-TodoMVC/CompletingAllItems/Sync": 86.69952072351843,
  "AngularJS-TodoMVC/CompletingAllItems/total": 123.17843848824663,
  "AngularJS-TodoMVC/DeletingAllItems/Async": 16.97131678879482,
  "AngularJS-TodoMVC/DeletingAllItems/Sync": 246.86597717038046,
  "AngularJS-TodoMVC/DeletingAllItems/total": 263.98690426158896,
  "AngularJS-TodoMVC/total": 714.4417770971168,
  "BackboneJS-TodoMVC/Adding100Items/Async": 45.6477635613623,
  "BackboneJS-TodoMVC/Adding100Items/Sync": 107.94986422187243,
  "BackboneJS-TodoMVC/Adding100Items/total": 154.18191400541073,
  "BackboneJS-TodoMVC/CompletingAllItems/Async": 34.176573229838716,
  "BackboneJS-TodoMVC/CompletingAllItems/Sync": 59.07282437530544,
  "BackboneJS-TodoMVC/CompletingAllItems/total": 93.4234151972757,
  "BackboneJS-TodoMVC/DeletingAllItems/Async": 5.07137868492839,
  "BackboneJS-TodoMVC/DeletingAllItems/Sync": 30.620456784587606,
  "BackboneJS-TodoMVC/DeletingAllItems/total": 35.717797774155954,
  "BackboneJS-TodoMVC/total": 283.62256423438174,
  "Elm-TodoMVC/Adding100Items/Async": 55.28306779079802,
  "Elm-TodoMVC/Adding100Items/Sync": 198.941603943851,
  "Elm-TodoMVC/Adding100Items/total": 262.76565487807886,
  "Elm-TodoMVC/CompletingAllItems/Async": 40.604056799213645,
  "Elm-TodoMVC/CompletingAllItems/Sync": 135.05137656474065,
  "Elm-TodoMVC/CompletingAllItems/total": 176.19865635858554,
  "Elm-TodoMVC/DeletingItems/Async": 10.824822420175723,
  "Elm-TodoMVC/DeletingItems/Sync": 322.64226149905016,
  "Elm-TodoMVC/DeletingItems/total": 334.34418349558024,
  "Elm-TodoMVC/total": 856.046593538082,
  "EmberJS-Debug-TodoMVC/Adding100Items/Async": 46.155231131810886,
  "EmberJS-Debug-TodoMVC/Adding100Items/Sync": 611.5953592653925,
  "EmberJS-Debug-TodoMVC/Adding100Items/total": 657.8211559628659,
  "EmberJS-Debug-TodoMVC/CompletingAllItems/Async": 32.041404370077196,
  "EmberJS-Debug-TodoMVC/CompletingAllItems/Sync": 360.40937318598014,
  "EmberJS-Debug-TodoMVC/CompletingAllItems/total": 392.46862856948786,
  "EmberJS-Debug-TodoMVC/DeletingItems/Async": 6.548398735827844,
  "EmberJS-Debug-TodoMVC/DeletingItems/Sync": 389.8299024345773,
  "EmberJS-Debug-TodoMVC/DeletingItems/total": 397.19581105212416,
  "EmberJS-Debug-TodoMVC/total": 1447.9970953070535,
  "EmberJS-TodoMVC/Adding100Items/Async": 43.09225275338198,
  "EmberJS-TodoMVC/Adding100Items/Sync": 217.44964510752888,
  "EmberJS-TodoMVC/Adding100Items/total": 260.66106437447354,
  "EmberJS-TodoMVC/CompletingAllItems/Async": 36.558735900178284,
  "EmberJS-TodoMVC/CompletingAllItems/Sync": 123.20055679516345,
  "EmberJS-TodoMVC/CompletingAllItems/total": 159.9324115544643,
  "EmberJS-TodoMVC/DeletingItems/Async": 5.2474593603356725,
  "EmberJS-TodoMVC/DeletingItems/Sync": 79.93840738336387,
  "EmberJS-TodoMVC/DeletingItems/total": 85.52590699165384,
  "EmberJS-TodoMVC/total": 506.39335082635074,
  "Flight-TodoMVC/Adding100Items/Async": 41.07085421833001,
  "Flight-TodoMVC/Adding100Items/Sync": 116.90926963927039,
  "Flight-TodoMVC/Adding100Items/total": 158.264080162334,
  "Flight-TodoMVC/CompletingAllItems/Async": 32.896122595858834,
  "Flight-TodoMVC/CompletingAllItems/Sync": 124.58470950051898,
  "Flight-TodoMVC/CompletingAllItems/total": 157.68461760468998,
  "Flight-TodoMVC/DeletingItems/Async": 4.935220726872664,
  "Flight-TodoMVC/DeletingItems/Sync": 109.23489623177493,
  "Flight-TodoMVC/DeletingItems/total": 114.60633344621267,
  "Flight-TodoMVC/total": 430.6636253937003,
  "Inferno-TodoMVC/Adding100Items/Async": 43.93335792772435,
  "Inferno-TodoMVC/Adding100Items/Sync": 57.635543401440906,
  "Inferno-TodoMVC/Adding100Items/total": 101.76063298892161,
  "Inferno-TodoMVC/CompletingAllItems/Async": 10.377322098871353,
  "Inferno-TodoMVC/CompletingAllItems/Sync": 116.54929932236654,
  "Inferno-TodoMVC/CompletingAllItems/total": 127.49029999835028,
  "Inferno-TodoMVC/DeletingItems/Async": 4.003655229200316,
  "Inferno-TodoMVC/DeletingItems/Sync": 246.44897272032517,
  "Inferno-TodoMVC/DeletingItems/total": 250.47897385423403,
  "Inferno-TodoMVC/total": 479.9762377065105,
  "Preact-TodoMVC/Adding100Items/Async": 62.74674369887792,
  "Preact-TodoMVC/Adding100Items/Sync": 10.570225863113075,
  "Preact-TodoMVC/Adding100Items/total": 73.34459187065796,
  "Preact-TodoMVC/CompletingAllItems/Async": 26.183404547738288,
  "Preact-TodoMVC/CompletingAllItems/Sync": 3.9744435711756494,
  "Preact-TodoMVC/CompletingAllItems/total": 30.22660806366803,
  "Preact-TodoMVC/DeletingItems/Async": 7.598457485358956,
  "Preact-TodoMVC/DeletingItems/Sync": 2.234942080319585,
  "Preact-TodoMVC/DeletingItems/total": 9.859179459047791,
  "Preact-TodoMVC/total": 114.85007905323612,
  "React-Redux-TodoMVC/Adding100Items/Async": 44.056734288682925,
  "React-Redux-TodoMVC/Adding100Items/Sync": 193.21760433797306,
  "React-Redux-TodoMVC/Adding100Items/total": 237.29963930810953,
  "React-Redux-TodoMVC/CompletingAllItems/Async": 31.61576715628101,
  "React-Redux-TodoMVC/CompletingAllItems/Sync": 171.5520393269388,
  "React-Redux-TodoMVC/CompletingAllItems/total": 203.18170381361722,
  "React-Redux-TodoMVC/DeletingItems/Async": 4.523691863673931,
  "React-Redux-TodoMVC/DeletingItems/Sync": 113.94586144499863,
  "React-Redux-TodoMVC/DeletingItems/total": 118.54058893517647,
  "React-Redux-TodoMVC/total": 559.2656353280154,
  "React-TodoMVC/Adding100Items/Async": 43.221154577634955,
  "React-TodoMVC/Adding100Items/Sync": 147.12438983187266,
  "React-TodoMVC/Adding100Items/total": 190.4710753706812,
  "React-TodoMVC/CompletingAllItems/Async": 33.21294649542002,
  "React-TodoMVC/CompletingAllItems/Sync": 82.14820805952547,
  "React-TodoMVC/CompletingAllItems/total": 115.38316593737883,
  "React-TodoMVC/DeletingAllItems/Async": 4.448288989856764,
  "React-TodoMVC/DeletingAllItems/Sync": 57.6389964686689,
  "React-TodoMVC/DeletingAllItems/total": 62.137152397692425,
  "React-TodoMVC/total": 368.3752695588685,
  "Vanilla-ES2015-Babel-Webpack-TodoMVC/Adding100Items/Async": 39.11838180600112,
  "Vanilla-ES2015-Babel-Webpack-TodoMVC/Adding100Items/Sync": 346.16231099753344,
  "Vanilla-ES2015-Babel-Webpack-TodoMVC/Adding100Items/total": 385.32682654188324,
  "Vanilla-ES2015-Babel-Webpack-TodoMVC/CompletingAllItems/Async": 31.135244673059397,
  "Vanilla-ES2015-Babel-Webpack-TodoMVC/CompletingAllItems/Sync": 78.36876900227671,
  "Vanilla-ES2015-Babel-Webpack-TodoMVC/CompletingAllItems/total": 109.52111811009338,
  "Vanilla-ES2015-Babel-Webpack-TodoMVC/DeletingItems/Async": 4.5257104198061375,
  "Vanilla-ES2015-Babel-Webpack-TodoMVC/DeletingItems/Sync": 52.67399765440621,
  "Vanilla-ES2015-Babel-Webpack-TodoMVC/DeletingItems/total": 57.239443962676575,
  "Vanilla-ES2015-Babel-Webpack-TodoMVC/total": 552.2981893082192,
  "Vanilla-ES2015-TodoMVC/Adding100Items/Async": 38.83593310658805,
  "Vanilla-ES2015-TodoMVC/Adding100Items/Sync": 356.6409852628954,
  "Vanilla-ES2015-TodoMVC/Adding100Items/total": 395.51920291228095,
  "Vanilla-ES2015-TodoMVC/CompletingAllItems/Async": 31.104173692498684,