{
  "browser-setup": 4.04397,
  "browser-tear_down": 0.27599,
  "probes-creation": 0.00012,
  "probes-setup": 0.000101,
  "probes-start": 5.4e-05,
  "run": 125.294363,
  "runner-cooldown": 2.002049
}