{
  "Angular2-TypeScript-TodoMVC/Adding100Items/Async": 37.51433948707908,
  "Angular2-TypeScript-TodoMVC/Adding100Items/Sync": 53.377777768350626,
  "Angular2-TypeScript-TodoMVC/Adding100Items/total": 90.93642070766268,
  "Angular2-TypeScript-TodoMVC/CompletingAllItems/Async": 14.427817466419025,
  "Angular2-TypeScript-TodoMVC/CompletingAllItems/Sync": 9.86251872499054,
  "Angular2-TypeScript-TodoMVC/CompletingAllItems/total": 24.29259293159729,
  "Angular2-TypeScript-TodoMVC/DeletingItems/Async": 3.6186479130248714,
  "Angular2-TypeScript-TodoMVC/DeletingItems/Sync": 18.13792437484748,
  "Angular2-TypeScript-TodoMVC/DeletingItems/total": 21.775499041048473,
  "Angular2-TypeScript-TodoMVC/total": 137.1280728230454,
  "AngularJS-TodoMVC/Adding100Items/Async": 48.84242358601621,
  "AngularJS-TodoMVC/Adding100Items/Sync": 226.74908536533522,
  "AngularJS-TodoMVC/Adding100Items/total": 275.75526878433504,
  "AngularJS-TodoMVC/CompletingAllItems/Async": 40.43975028605579,
  "AngularJS-TodoMVC/CompletingAllItems/Sync": 81.299726790253,
  "AngularJS-TodoMVC/CompletingAllItems/total": 124.60248905232642,
  "AngularJS-TodoMVC/DeletingAllItems/Async": 16.888409286706267,
  "AngularJS-TodoMVC/DeletingAllItems/Sync": 259.21961031701716,
  "AngularJS-TodoMVC/DeletingAllItems/total": 276.3205033431861,
  "AngularJS-TodoMVC/total": 681.3538573531216,
  "BackboneJS-TodoMVC/Adding100Items/Async": 43.55046344048528,
  "BackboneJS-TodoMVC/Adding100Items/Sync": 69.90281976544105,
  "BackboneJS-TodoMVC/Adding100Items/total": 113.46804067151533,
  "BackboneJS-TodoMVC/CompletingAllItems/Async": 33.098003583970495,
  "BackboneJS-TodoMVC/CompletingAllItems/Sync": 45.682546502242204,
  "BackboneJS-TodoMVC/CompletingAllItems/total": 78.78226216753635,
  "BackboneJS-TodoMVC/DeletingAllItems/Async": 4.424899835909029,
  "BackboneJS-TodoMVC/DeletingAllItems/Sync": 29.243193746635715,
  "BackboneJS-TodoMVC/DeletingAllItems/total": 33.672970176334516,
  "BackboneJS-TodoMVC/total": 225.94314659274855,
  "Elm-TodoMVC/Adding100Items/Async": 50.08977992999128,
  "Elm-TodoMVC/Adding100Items/Sync": 117.97563869186764,
  "Elm-TodoMVC/Adding100Items/total": 168.14265567601237,
  "Elm-TodoMVC/CompletingAllItems/Async": 34.57325576263635,
  "Elm-TodoMVC/CompletingAllItems/Sync": 136.8481884313737,
  "Elm-TodoMVC/CompletingAllItems/total": 172.84263540760523,
  "Elm-TodoMVC/DeletingItems/Async": 9.682780253671629,
  "Elm-TodoMVC/DeletingItems/Sync": 144.0210048388414,
  "Elm-TodoMVC/DeletingItems/total": 154.03027985590754,
  "Elm-TodoMVC/total": 503.3595729360962,
  "EmberJS-Debug-TodoMVC/Adding100Items/Async": 46.900742455105394,
  "EmberJS-Debug-TodoMVC/Adding100Items/Sync": 579.3297662187122,
  "EmberJS-Debug-TodoMVC/Adding100Items/total": 626.5909606753665,
  "EmberJS-Debug-TodoMVC/CompletingAllItems/Async": 30.406970957583532,
  "EmberJS-Debug-TodoMVC/CompletingAllItems/Sync": 361.61455169043006,
  "EmberJS-Debug-TodoMVC/CompletingAllItems/total": 392.11855984487795,
  "EmberJS-Debug-TodoMVC/DeletingItems/Async": 7.44957329110575,
  "EmberJS-Debug-TodoMVC/DeletingItems/Sync": 380.1866559295028,
  "EmberJS-Debug-TodoMVC/DeletingItems/total": 388.6702786140794,
  "EmberJS-Debug-TodoMVC/total": 1414.1940119318874,
  "EmberJS-TodoMVC/Adding100Items/Async": 43.383851202287424,
  "EmberJS-TodoMVC/Adding100Items/Sync": 205.71842247460407,
  "EmberJS-TodoMVC/Adding100Items/total": 249.36512359377951,
  "EmberJS-TodoMVC/CompletingAllItems/Async": 34.21366429426063,
  "EmberJS-TodoMVC/CompletingAllItems/Sync": 129.29097842112478,
  "EmberJS-TodoMVC/CompletingAllItems/total": 163.73688159579265,
  "EmberJS-TodoMVC/DeletingItems/Async": 5.081086049964376,
  "EmberJS-TodoMVC/DeletingItems/Sync": 81.47062049617557,
  "EmberJS-TodoMVC/DeletingItems/total": 86.8908737736526,
  "EmberJS-TodoMVC/total": 503.38625061707745,
  "Flight-TodoMVC/Adding100Items/Async": 39.10927139106241,
  "Flight-TodoMVC/Adding100Items/Sync": 96.86150424946867,
  "Flight-TodoMVC/Adding100Items/total": 135.97986207976518,
  "Flight-TodoMVC/CompletingAllItems/Async": 29.028447081233583,
  "Flight-TodoMVC/CompletingAllItems/Sync": 104.18288473571994,
  "Flight-TodoMVC/CompletingAllItems/total": 133.21573254892388,
  "Flight-TodoMVC/DeletingItems/Async": 4.103627130562821,
  "Flight-TodoMVC/DeletingItems/Sync": 97.0197841633986,
  "Flight-TodoMVC/DeletingItems/total": 101.1256124908087,
  "Flight-TodoMVC/total": 374.2501850277615,
  "Inferno-TodoMVC/Adding100Items/Async": 45.42100451712802,
  "Inferno-TodoMVC/Adding100Items/Sync": 49.753442869693174,
  "Inferno-TodoMVC/Adding100Items/total": 95.44102664370968,
  "Inferno-TodoMVC/CompletingAllItems/Async": 9.735734971196397,
  "Inferno-TodoMVC/CompletingAllItems/Sync": 109.2796172881006,
  "Inferno-TodoMVC/CompletingAllItems/total": 119.55772218296565,
  "Inferno-TodoMVC/DeletingItems/Async": 3.51676608539527,
  "Inferno-TodoMVC/DeletingItems/Sync": 237.74934593295862,
  "Inferno-TodoMVC/DeletingItems/total": 241.27214532930523,
  "Inferno-TodoMVC/total": 456.7115011618588,
  "Preact-TodoMVC/Adding100Items/Async": 43.57649861007838,
  "Preact-TodoMVC/Adding100Items/Sync": 6.243608665822012,
  "Preact-TodoMVC/Adding100Items/total": 49.826516101504055,
  "Preact-TodoMVC/CompletingAllItems/Async": 29.28144827981448,
  "Preact-TodoMVC/CompletingAllItems/Sync": 3.868925651638201,
  "Preact-TodoMVC/CompletingAllItems/total": 33.20882354055939,
  "Preact-TodoMVC/DeletingItems/Async": 7.628419564546479,
  "Preact-TodoMVC/DeletingItems/Sync": 2.0451689922105176,
  "Preact-TodoMVC/DeletingItems/total": 9.677580998286924,
  "Preact-TodoMVC/total": 93.08275026107468,
  "React-Redux-TodoMVC/Adding100Items/Async": 42.78963800063675,
  "React-Redux-TodoMVC/Adding100Items/Sync": 183.98140501167384,
  "React-Redux-TodoMVC/Adding100Items/total": 226.93660736585753,
  "React-Redux-TodoMVC/CompletingAllItems/Async": 32.792580838606504,
  "React-Redux-TodoMVC/CompletingAllItems/Sync": 204.15969065278685,
  "React-Redux-TodoMVC/CompletingAllItems/total": 237.45758178324937,
  "React-Redux-TodoMVC/DeletingItems/Async": 5.737278052109273,
  "React-Redux-TodoMVC/DeletingItems/Sync": 111.70886762103532,
  "React-Redux-TodoMVC/DeletingItems/total": 118.12497855166669,
  "React-Redux-TodoMVC/total": 588.8095539930162,
  "React-TodoMVC/Adding100Items/Async": 44.860299344648716,
  "React-TodoMVC/Adding100Items/Sync": 154.7608913796343,
  "React-TodoMVC/Adding100Items/total": 200.5881284016207,
  "React-TodoMVC/CompletingAllItems/Async": 30.513598564733698,
  "React-TodoMVC/CompletingAllItems/Sync": 87.59357709105733,
  "React-TodoMVC/CompletingAllItems/total": 118.17749459235495,
  "React-TodoMVC/DeletingAllItems/Async": 3.8078285109560994,
  "React-TodoMVC/DeletingAllItems/Sync": 55.37213114768139,
  "React-TodoMVC/DeletingAllItems/total": 59.32853324979233,
  "React-TodoMVC/total": 379.1111257264751,
  "Vanilla-ES2015-Babel-Webpack-TodoMVC/Adding100Items/Async": 38.838987653533586,
  "Vanilla-ES2015-Babel-Webpack-TodoMVC/Adding100Items/Sync": 341.01982983307795,
  "Vanilla-ES2015-Babel-Webpack-TodoMVC/Adding100Items/total": 379.9752754746938,
  "Vanilla-ES2015-Babel-Webpack-TodoMVC/CompletingAllItems/Async": 29.001041670367854,
  "Vanilla-ES2015-Babel-Webpack-TodoMVC/CompletingAllItems/Sync": 73.62620133218343,
  "Vanilla-ES2015-Babel-Webpack-TodoMVC/CompletingAllItems/total": 102.66315909533556,
  "Vanilla-ES2015-Babel-Webpack-TodoMVC/DeletingItems/Async": 4.232416550391407,
  "Vanilla-ES2015-Babel-Webpack-TodoMVC/DeletingItems/Sync": 46.33023189929559,
  "Vanilla-ES2015-Babel-Webpack-TodoMVC/DeletingItems/total": 50.686849169581784,
  "Vanilla-ES2015-Babel-Webpack-TodoMVC/total": 533.620127858503,
  "Vanilla-ES2015-TodoMVC/Adding100Items/Async": 37.99646061344531,
  "Vanilla-ES2015-TodoMVC/Adding100Items/Sync": 351.04125782046304,
  "Vanilla-ES2015-TodoMVC/Adding100Items/total": 389.06599502153296,
  "Vanilla-ES2015-TodoMVC/CompletingAllItems/Async": 30.40891600130015,