{
  "browser-setup": 3.310733,
  "browser-tear_down": 0.225708,
  "probes-creation": 0.000251,
  "probes-setup": 0.000167,
  "probes-start": 8.1e-05,
  "run": 108.596024,
  "runner-cooldown": 2.001661
}