{
  "Angular2-TypeScript-TodoMVC/Adding100Items/Async": 31.911118469344093,
  "Angular2-TypeScript-TodoMVC/Adding100Items/Sync": 46.54129677812462,
  "Angular2-TypeScript-TodoMVC/Adding100Items/total": 79.01460773953757,
  "Angular2-TypeScript-TodoMVC/CompletingAllItems/Async": 13.365856649792075,
  "Angular2-TypeScript-TodoMVC/CompletingAllItems/Sync": 8.572380361401173,
  "Angular2-TypeScript-TodoMVC/CompletingAllItems/total": 22.00199305300021,
  "Angular2-TypeScript-TodoMVC/DeletingItems/Async": 2.605153130074655,
  "Angular2-TypeScript-TodoMVC/DeletingItems/Sync": 16.250717971678878,
  "Angular2-TypeScript-TodoMVC/DeletingItems/total": 18.859358575800375,
  "Angular2-TypeScript-TodoMVC/total": 120.3927564669466,
  "AngularJS-TodoMVC/Adding100Items/Async": 41.71726559631393,
  "AngularJS-TodoMVC/Adding100Items/Sync": 159.79972958400384,
  "AngularJS-TodoMVC/Adding100Items/total": 201.6175825992972,
  "AngularJS-TodoMVC/CompletingAllItems/Async": 24.41288189278345,
  "AngularJS-TodoMVC/CompletingAllItems/Sync": 54.19519644056219,
  "AngularJS-TodoMVC/CompletingAllItems/total": 78.7018223519831,
  "AngularJS-TodoMVC/DeletingAllItems/Async": 14.160650688427177,
  "AngularJS-TodoMVC/DeletingAllItems/Sync": 169.1952825482167,
  "AngularJS-TodoMVC/DeletingAllItems/total": 183.38960672910622,
  "AngularJS-TodoMVC/total": 466.43045356285535,
  "BackboneJS-TodoMVC/Adding100Items/Async": 35.92094472480744,
  "BackboneJS-TodoMVC/Adding100Items/Sync": 55.41943783717018,
  "BackboneJS-TodoMVC/Adding100Items/total": 91.35635559302376,
  "BackboneJS-TodoMVC/CompletingAllItems/Async": 27.50473129004144,
  "BackboneJS-TodoMVC/CompletingAllItems/Sync": 37.74094744425252,
  "BackboneJS-TodoMVC/CompletingAllItems/total": 65.24750757184273,
  "BackboneJS-TodoMVC/DeletingAllItems/Async": 3.1988551571872,
  "BackboneJS-TodoMVC/DeletingAllItems/Sync": 25.693094108901622,
  "BackboneJS-TodoMVC/DeletingAllItems/total": 28.903495814907952,
  "BackboneJS-TodoMVC/total": 185.52312084591603,
  "Elm-TodoMVC/Adding100Items/Async": 46.57751782342736,
  "Elm-TodoMVC/Adding100Items/Sync": 95.63893660184623,
  "Elm-TodoMVC/Adding100Items/total": 143.00084796328042,
  "Elm-TodoMVC/CompletingAllItems/Async": 30.330004342056217,
  "Elm-TodoMVC/CompletingAllItems/Sync": 90.784577757427,
  "Elm-TodoMVC/CompletingAllItems/total": 121.67967246520139,
  "Elm-TodoMVC/DeletingItems/Async": 9.7501389202632,
  "Elm-TodoMVC/DeletingItems/Sync": 105.2799212041627,
  "Elm-TodoMVC/DeletingItems/total": 115.9790309306203,
  "Elm-TodoMVC/total": 388.3821468721458,
  "EmberJS-Debug-TodoMVC/Adding100Items/Async": 38.893639463125375,
  "EmberJS-Debug-TodoMVC/Adding100Items/Sync": 413.5988824155922,
  "EmberJS-Debug-TodoMVC/Adding100Items/total": 452.5147861581666,
  "EmberJS-Debug-TodoMVC/CompletingAllItems/Async": 27.76312843887249,
  "EmberJS-Debug-TodoMVC/CompletingAllItems/Sync": 281.89952698741337,
  "EmberJS-Debug-TodoMVC/CompletingAllItems/total": 309.7287815534468,
  "EmberJS-Debug-TodoMVC/DeletingItems/Async": 7.995203976250367,
  "EmberJS-Debug-TodoMVC/DeletingItems/Sync": 299.4508647290835,
  "EmberJS-Debug-TodoMVC/DeletingItems/total": 308.8371955689154,
  "EmberJS-Debug-TodoMVC/total": 1077.7941552890668,
  "EmberJS-TodoMVC/Adding100Items/Async": 33.196431166357634,
  "EmberJS-TodoMVC/Adding100Items/Sync": 139.74936891855708,
  "EmberJS-TodoMVC/Adding100Items/total": 173.00674929277054,
  "EmberJS-TodoMVC/CompletingAllItems/Async": 25.558378582385718,
  "EmberJS-TodoMVC/CompletingAllItems/Sync": 92.53532221303949,
  "EmberJS-TodoMVC/CompletingAllItems/total": 118.10764380032901,
  "EmberJS-TodoMVC/DeletingItems/Async": 2.867555623756823,
  "EmberJS-TodoMVC/DeletingItems/Sync": 62.775373122888645,
  "EmberJS-TodoMVC/DeletingItems/total": 65.6451216745761,
  "EmberJS-TodoMVC/total": 356.8954757895864,
  "Flight-TodoMVC/Adding100Items/Async": 32.34635095792514,
  "Flight-TodoMVC/Adding100Items/Sync": 78.38120776739429,
  "Flight-TodoMVC/Adding100Items/total": 110.7337410648755,
  "Flight-TodoMVC/CompletingAllItems/Async": 24.950499307332034,
  "Flight-TodoMVC/CompletingAllItems/Sync": 87.90686249531144,
  "Flight-TodoMVC/CompletingAllItems/total": 112.92594406931525,
  "Flight-TodoMVC/DeletingItems/Async": 3.546967547180355,
  "Flight-TodoMVC/DeletingItems/Sync": 77.09727697078638,
  "Flight-TodoMVC/DeletingItems/total": 80.83865540873123,
  "Flight-TodoMVC/total": 306.7669412727277,
  "Inferno-TodoMVC/Adding100Items/Async": 38.23666796546599,
  "Inferno-TodoMVC/Adding100Items/Sync": 42.21995688519708,
  "Inferno-TodoMVC/Adding100Items/total": 80.54623078477881,
  "Inferno-TodoMVC/CompletingAllItems/Async": 7.897403151986287,
  "Inferno-TodoMVC/CompletingAllItems/Sync": 100.49947407539126,
  "Inferno-TodoMVC/CompletingAllItems/total": 108.53668780584063,
  "Inferno-TodoMVC/DeletingItems/Async": 3.6279162132677563,
  "Inferno-TodoMVC/DeletingItems/Sync": 208.23220667345052,
  "Inferno-TodoMVC/DeletingItems/total": 212.1957309975211,
  "Inferno-TodoMVC/total": 405.3152833069509,
  "Preact-TodoMVC/Adding100Items/Async": 36.35280833762128,
  "Preact-TodoMVC/Adding100Items/Sync": 4.898180914176752,
  "Preact-TodoMVC/Adding100Items/total": 41.254641704665744,
  "Preact-TodoMVC/CompletingAllItems/Async": 16.168268838322632,
  "Preact-TodoMVC/CompletingAllItems/Sync": 2.97205938225767,
  "Preact-TodoMVC/CompletingAllItems/total": 19.145737141068242,
  "Preact-TodoMVC/DeletingItems/Async": 4.347385457182573,
  "Preact-TodoMVC/DeletingItems/Sync": 1.5898592192188872,
  "Preact-TodoMVC/DeletingItems/total": 5.941646851691778,
  "Preact-TodoMVC/total": 66.36926532527572,
  "React-Redux-TodoMVC/Adding100Items/Async": 34.00499068446136,
  "React-Redux-TodoMVC/Adding100Items/Sync": 138.61667782634188,
  "React-Redux-TodoMVC/Adding100Items/total": 172.96859712347245,
  "React-Redux-TodoMVC/CompletingAllItems/Async": 27.519404724321888,
  "React-Redux-TodoMVC/CompletingAllItems/Sync": 152.62452677747297,
  "React-Redux-TodoMVC/CompletingAllItems/total": 180.3683256982076,
  "React-Redux-TodoMVC/DeletingItems/Async": 5.10092684744176,
  "React-Redux-TodoMVC/DeletingItems/Sync": 88.3240998188324,
  "React-Redux-TodoMVC/DeletingItems/total": 94.56766009837142,
  "React-Redux-TodoMVC/total": 452.61081196140987,
  "React-TodoMVC/Adding100Items/Async": 34.286462599523915,
  "React-TodoMVC/Adding100Items/Sync": 107.153750575575,
  "React-TodoMVC/Adding100Items/total": 141.46385020263924,
  "React-TodoMVC/CompletingAllItems/Async": 26.22632654482884,
  "React-TodoMVC/CompletingAllItems/Sync": 71.13044762945148,
  "React-TodoMVC/CompletingAllItems/total": 97.9218399073375,
  "React-TodoMVC/DeletingAllItems/Async": 3.1776980453774746,
  "React-TodoMVC/DeletingAllItems/Sync": 45.99132180377269,
  "React-TodoMVC/DeletingAllItems/total": 49.337289274505345,
  "React-TodoMVC/total": 291.2183265030882,
  "Vanilla-ES2015-Babel-Webpack-TodoMVC/Adding100Items/Async": 35.517547612697754,
  "Vanilla-ES2015-Babel-Webpack-TodoMVC/Adding100Items/Sync": 309.69237810343003,
  "Vanilla-ES2015-Babel-Webpack-TodoMVC/Adding100Items/total": 345.3723294005859,
  "Vanilla-ES2015-Babel-Webpack-TodoMVC/CompletingAllItems/Async": 26.244498049309577,
  "Vanilla-ES2015-Babel-Webpack-TodoMVC/CompletingAllItems/Sync": 65.49149292844916,
  "Vanilla-ES2015-Babel-Webpack-TodoMVC/CompletingAllItems/total": 91.79333213018302,
  "Vanilla-ES2015-Babel-Webpack-TodoMVC/DeletingItems/Async": 3.09044488891362,
  "Vanilla-ES2015-Babel-Webpack-TodoMVC/DeletingItems/Sync": 40.00145813453094,
  "Vanilla-ES2015-Babel-Webpack-TodoMVC/DeletingItems/total": 43.26482381329484,
  "Vanilla-ES2015-Babel-Webpack-TodoMVC/total": 480.9223487510812,
  "Vanilla-ES2015-TodoMVC/Adding100Items/Async": 34.562193042530595,
  "Vanilla-ES2015-TodoMVC/Adding100Items/Sync": 314.34971852359644,
  "Vanilla-ES2015-TodoMVC/Adding100Items/total": 348.9506720790165,
  "Vanilla-ES2015-TodoMVC/CompletingAllItems/Async": 26.6680377477126,