{
  "browser-setup": 3.285171,
  "browser-tear_down": 0.224864,
  "probes-creation": 0.000249,
  "probes-setup": 0.000166,
  "probes-start": 6.6e-05,
  "run": 107.570417,
  "runner-cooldown": 2.002059
}