{
  "Angular2-TypeScript-TodoMVC/Adding100Items/Async": 31.007879914231854,
  "Angular2-TypeScript-TodoMVC/Adding100Items/Sync": 41.37555506937049,
  "Angular2-TypeScript-TodoMVC/Adding100Items/total": 72.42209028431006,
  "Angular2-TypeScript-TodoMVC/CompletingAllItems/Async": 12.856901522156932,
  "Angular2-TypeScript-TodoMVC/CompletingAllItems/Sync": 8.437960572054841,
  "Angular2-TypeScript-TodoMVC/CompletingAllItems/total": 21.29600955015473,
  "Angular2-TypeScript-TodoMVC/DeletingItems/Async": 2.6009286749818963,
  "Angular2-TypeScript-TodoMVC/DeletingItems/Sync": 15.79022506812555,
  "Angular2-TypeScript-TodoMVC/DeletingItems/total": 18.399224914359195,
  "Angular2-TypeScript-TodoMVC/total": 112.12648554121454,
  "AngularJS-TodoMVC/Adding100Items/Async": 41.17474320306922,
  "AngularJS-TodoMVC/Adding100Items/Sync": 154.77993992694448,
  "AngularJS-TodoMVC/Adding100Items/total": 195.96881249618258,
  "AngularJS-TodoMVC/CompletingAllItems/Async": 23.329684034421614,
  "AngularJS-TodoMVC/CompletingAllItems/Sync": 55.134055045865736,
  "AngularJS-TodoMVC/CompletingAllItems/total": 78.56574391812342,
  "AngularJS-TodoMVC/DeletingAllItems/Async": 13.501037260233439,
  "AngularJS-TodoMVC/DeletingAllItems/Sync": 160.58851182306535,
  "AngularJS-TodoMVC/DeletingAllItems/total": 174.126587035901,
  "AngularJS-TodoMVC/total": 448.81739692508404,
  "BackboneJS-TodoMVC/Adding100Items/Async": 36.39692673680823,
  "BackboneJS-TodoMVC/Adding100Items/Sync": 55.263782732030855,
  "BackboneJS-TodoMVC/Adding100Items/total": 91.67882257165186,
  "BackboneJS-TodoMVC/CompletingAllItems/Async": 27.733378526766433,
  "BackboneJS-TodoMVC/CompletingAllItems/Sync": 37.878641266269845,
  "BackboneJS-TodoMVC/CompletingAllItems/total": 65.6155700687162,
  "BackboneJS-TodoMVC/DeletingAllItems/Async": 3.2921055365647707,
  "BackboneJS-TodoMVC/DeletingAllItems/Sync": 25.937592084728916,
  "BackboneJS-TodoMVC/DeletingAllItems/total": 29.237883831253882,
  "BackboneJS-TodoMVC/total": 186.55667713227,
  "Elm-TodoMVC/Adding100Items/Async": 47.30118576553679,
  "Elm-TodoMVC/Adding100Items/Sync": 96.5433968338678,
  "Elm-TodoMVC/Adding100Items/total": 144.56645463871658,
  "Elm-TodoMVC/CompletingAllItems/Async": 30.04827844171133,
  "Elm-TodoMVC/CompletingAllItems/Sync": 93.33383585393679,
  "Elm-TodoMVC/CompletingAllItems/total": 123.88315824247171,
  "Elm-TodoMVC/DeletingItems/Async": 8.561649042572471,
  "Elm-TodoMVC/DeletingItems/Sync": 96.94706816681773,
  "Elm-TodoMVC/DeletingItems/total": 105.72500848651107,
  "Elm-TodoMVC/total": 378.5734974736867,
  "EmberJS-Debug-TodoMVC/Adding100Items/Async": 39.268341540863105,
  "EmberJS-Debug-TodoMVC/Adding100Items/Sync": 420.9556381628137,
  "EmberJS-Debug-TodoMVC/Adding100Items/total": 460.24391311654506,
  "EmberJS-Debug-TodoMVC/CompletingAllItems/Async": 29.310734723711626,
  "EmberJS-Debug-TodoMVC/CompletingAllItems/Sync": 298.89009661329396,
  "EmberJS-Debug-TodoMVC/CompletingAllItems/total": 328.4420552143154,
  "EmberJS-Debug-TodoMVC/DeletingItems/Async": 7.817513566646662,
  "EmberJS-Debug-TodoMVC/DeletingItems/Sync": 299.00286630391827,
  "EmberJS-Debug-TodoMVC/DeletingItems/total": 308.5292367444871,
  "EmberJS-Debug-TodoMVC/total": 1104.3372563972096,
  "EmberJS-TodoMVC/Adding100Items/Async": 33.35325726106064,
  "EmberJS-TodoMVC/Adding100Items/Sync": 141.00478342401183,
  "EmberJS-TodoMVC/Adding100Items/total": 174.41433196795072,
  "EmberJS-TodoMVC/CompletingAllItems/Async": 25.288478201263107,
  "EmberJS-TodoMVC/CompletingAllItems/Sync": 93.67018950915757,
  "EmberJS-TodoMVC/CompletingAllItems/total": 118.96131605673176,
  "EmberJS-TodoMVC/DeletingItems/Async": 2.9386232609506355,
  "EmberJS-TodoMVC/DeletingItems/Sync": 63.057919452551126,
  "EmberJS-TodoMVC/DeletingItems/total": 66.00974580324747,
  "EmberJS-TodoMVC/total": 359.49286587989315,
  "Flight-TodoMVC/Adding100Items/Async": 33.178612800166896,
  "Flight-TodoMVC/Adding100Items/Sync": 86.94389818553121,
  "Flight-TodoMVC/Adding100Items/total": 120.67399153219104,
  "Flight-TodoMVC/CompletingAllItems/Async": 25.03163591818279,
  "Flight-TodoMVC/CompletingAllItems/Sync": 86.91892500839617,
  "Flight-TodoMVC/CompletingAllItems/total": 111.96890102480269,
  "Flight-TodoMVC/DeletingItems/Async": 3.1500776205088803,
  "Flight-TodoMVC/DeletingItems/Sync": 69.69694228346533,
  "Flight-TodoMVC/DeletingItems/total": 73.04256708476848,
  "Flight-TodoMVC/total": 307.2489419030862,
  "Inferno-TodoMVC/Adding100Items/Async": 37.278037426041536,
  "Inferno-TodoMVC/Adding100Items/Sync": 43.69152724907469,
  "Inferno-TodoMVC/Adding100Items/total": 81.11323902589959,
  "Inferno-TodoMVC/CompletingAllItems/Async": 8.723414222304154,
  "Inferno-TodoMVC/CompletingAllItems/Sync": 97.09020509432226,
  "Inferno-TodoMVC/CompletingAllItems/total": 106.25050393945308,
  "Inferno-TodoMVC/DeletingItems/Async": 4.197226968535012,
  "Inferno-TodoMVC/DeletingItems/Sync": 214.27250703900842,
  "Inferno-TodoMVC/DeletingItems/total": 219.2126147565432,
  "Inferno-TodoMVC/total": 410.69127022543694,
  "Preact-TodoMVC/Adding100Items/Async": 38.64854679666937,
  "Preact-TodoMVC/Adding100Items/Sync": 5.098946795544147,
  "Preact-TodoMVC/Adding100Items/total": 43.769284814756055,
  "Preact-TodoMVC/CompletingAllItems/Async": 16.47663113281315,
  "Preact-TodoMVC/CompletingAllItems/Sync": 2.9910987321662015,
  "Preact-TodoMVC/CompletingAllItems/total": 19.4761168712308,
  "Preact-TodoMVC/DeletingItems/Async": 4.688146384927528,
  "Preact-TodoMVC/DeletingItems/Sync": 1.6714822380311003,
  "Preact-TodoMVC/DeletingItems/total": 6.416196732243485,
  "Preact-TodoMVC/total": 69.80530674592812,
  "React-Redux-TodoMVC/Adding100Items/Async": 33.66792898051469,
  "React-Redux-TodoMVC/Adding100Items/Sync": 140.10112095684457,
  "React-Redux-TodoMVC/Adding100Items/total": 173.9111280856355,
  "React-Redux-TodoMVC/CompletingAllItems/Async": 26.631895420283726,
  "React-Redux-TodoMVC/CompletingAllItems/Sync": 152.58647172552483,
  "React-Redux-TodoMVC/CompletingAllItems/total": 179.64998023235734,
  "React-Redux-TodoMVC/DeletingItems/Async": 5.295066764167199,
  "React-Redux-TodoMVC/DeletingItems/Sync": 90.3100100956409,
  "React-Redux-TodoMVC/DeletingItems/total": 96.53990107723115,
  "React-Redux-TodoMVC/total": 454.3649195238631,
  "React-TodoMVC/Adding100Items/Async": 34.95354287304311,
  "React-TodoMVC/Adding100Items/Sync": 112.76094590373297,
  "React-TodoMVC/Adding100Items/total": 148.09510617941766,
  "React-TodoMVC/CompletingAllItems/Async": 27.619817785703287,
  "React-TodoMVC/CompletingAllItems/Sync": 80.22986821123057,
  "React-TodoMVC/CompletingAllItems/total": 108.98757764153241,
  "React-TodoMVC/DeletingAllItems/Async": 3.926433864114768,
  "React-TodoMVC/DeletingAllItems/Sync": 46.616030372818074,
  "React-TodoMVC/DeletingAllItems/total": 51.09009090588737,
  "React-TodoMVC/total": 314.80906809798597,
  "Vanilla-ES2015-Babel-Webpack-TodoMVC/Adding100Items/Async": 34.52488095395339,
  "Vanilla-ES2015-Babel-Webpack-TodoMVC/Adding100Items/Sync": 293.097767223608,
  "Vanilla-ES2015-Babel-Webpack-TodoMVC/Adding100Items/total": 327.70463592180425,
  "Vanilla-ES2015-Babel-Webpack-TodoMVC/CompletingAllItems/Async": 24.723199852614435,
  "Vanilla-ES2015-Babel-Webpack-TodoMVC/CompletingAllItems/Sync": 63.950787319069434,
  "Vanilla-ES2015-Babel-Webpack-TodoMVC/CompletingAllItems/total": 88.70298210457061,
  "Vanilla-ES2015-Babel-Webpack-TodoMVC/DeletingItems/Async": 3.3411639319855637,
  "Vanilla-ES2015-Babel-Webpack-TodoMVC/DeletingItems/Sync": 40.24071024070825,
  "Vanilla-ES2015-Babel-Webpack-TodoMVC/DeletingItems/total": 44.12214186979872,
  "Vanilla-ES2015-Babel-Webpack-TodoMVC/total": 460.6423802717761,
  "Vanilla-ES2015-TodoMVC/Adding100Items/Async": 33.46759441707146,
  "Vanilla-ES2015-TodoMVC/Adding100Items/Sync": 300.721755344228,
  "Vanilla-ES2015-TodoMVC/Adding100Items/total": 334.22329996434127,
  "Vanilla-ES2015-TodoMVC/CompletingAllItems/Async": 26.766327233547795,