{
  "Angular2-TypeScript-TodoMVC/Adding100Items/Async": 38.41737682194362,
  "Angular2-TypeScript-TodoMVC/Adding100Items/Sync": 60.462231477634994,
  "Angular2-TypeScript-TodoMVC/Adding100Items/total": 98.91483943775881,
  "Angular2-TypeScript-TodoMVC/CompletingAllItems/Async": 17.68019395394752,
  "Angular2-TypeScript-TodoMVC/CompletingAllItems/Sync": 10.402910406189806,
  "Angular2-TypeScript-TodoMVC/CompletingAllItems/total": 28.103274207655872,
  "Angular2-TypeScript-TodoMVC/DeletingItems/Async": 3.6859600874228886,
  "Angular2-TypeScript-TodoMVC/DeletingItems/Sync": 18.50304285408275,
  "Angular2-TypeScript-TodoMVC/DeletingItems/total": 22.201653573030065,
  "Angular2-TypeScript-TodoMVC/total": 149.23690938758347,
  "AngularJS-TodoMVC/Adding100Items/Async": 52.945092415708665,
  "AngularJS-TodoMVC/Adding100Items/Sync": 284.736760487464,
  "AngularJS-TodoMVC/Adding100Items/total": 337.99709268565385,
  "AngularJS-TodoMVC/CompletingAllItems/Async": 33.75488669769005,
  "AngularJS-TodoMVC/CompletingAllItems/Sync": 86.41774209095179,
  "AngularJS-TodoMVC/CompletingAllItems/total": 120.34336737990871,
  "AngularJS-TodoMVC/DeletingAllItems/Async": 17.293814507514956,
  "AngularJS-TodoMVC/DeletingAllItems/Sync": 250.93382385319993,
  "AngularJS-TodoMVC/DeletingAllItems/total": 268.4919110785704,
  "AngularJS-TodoMVC/total": 727.5245246269465,
  "BackboneJS-TodoMVC/Adding100Items/Async": 45.75755928813684,
  "BackboneJS-TodoMVC/Adding100Items/Sync": 109.73576985097748,
  "BackboneJS-TodoMVC/Adding100Items/total": 156.10399919903745,
  "BackboneJS-TodoMVC/CompletingAllItems/Async": 33.998135502663494,
  "BackboneJS-TodoMVC/CompletingAllItems/Sync": 60.00253924763516,
  "BackboneJS-TodoMVC/CompletingAllItems/total": 94.18816776977415,
  "BackboneJS-TodoMVC/DeletingAllItems/Async": 5.234040626870161,
  "BackboneJS-TodoMVC/DeletingAllItems/Sync": 31.088688881975976,
  "BackboneJS-TodoMVC/DeletingAllItems/total": 36.372256635350396,
  "BackboneJS-TodoMVC/total": 286.95226496099576,
  "Elm-TodoMVC/Adding100Items/Async": 51.57271784925604,
  "Elm-TodoMVC/Adding100Items/Sync": 149.47877812147846,
  "Elm-TodoMVC/Adding100Items/total": 201.11074799980918,
  "Elm-TodoMVC/CompletingAllItems/Async": 40.126152806996494,
  "Elm-TodoMVC/CompletingAllItems/Sync": 177.04803105223002,
  "Elm-TodoMVC/CompletingAllItems/total": 225.88504660113776,
  "Elm-TodoMVC/DeletingItems/Async": 11.152693080311526,
  "Elm-TodoMVC/DeletingItems/Sync": 321.00069263050705,
  "Elm-TodoMVC/DeletingItems/total": 333.75714242502397,
  "Elm-TodoMVC/total": 855.0867713572569,
  "EmberJS-Debug-TodoMVC/Adding100Items/Async": 45.00584008016963,
  "EmberJS-Debug-TodoMVC/Adding100Items/Sync": 593.2112797388402,
  "EmberJS-Debug-TodoMVC/Adding100Items/total": 638.2762694400524,
  "EmberJS-Debug-TodoMVC/CompletingAllItems/Async": 32.06016502211927,
  "EmberJS-Debug-TodoMVC/CompletingAllItems/Sync": 359.21842283436484,
  "EmberJS-Debug-TodoMVC/CompletingAllItems/total": 391.2992627246061,
  "EmberJS-Debug-TodoMVC/DeletingItems/Async": 4.74869197778605,
  "EmberJS-Debug-TodoMVC/DeletingItems/Sync": 381.81440819198747,
  "EmberJS-Debug-TodoMVC/DeletingItems/total": 386.6155732904531,
  "EmberJS-Debug-TodoMVC/total": 1416.9344067656054,
  "EmberJS-TodoMVC/Adding100Items/Async": 44.50871077832406,
  "EmberJS-TodoMVC/Adding100Items/Sync": 220.482308932331,
  "EmberJS-TodoMVC/Adding100Items/total": 265.3528037492118,
  "EmberJS-TodoMVC/CompletingAllItems/Async": 37.67106527078136,
  "EmberJS-TodoMVC/CompletingAllItems/Sync": 125.62043597129008,
  "EmberJS-TodoMVC/CompletingAllItems/total": 163.5839315555366,
  "EmberJS-TodoMVC/DeletingItems/Async": 5.55598177280797,
  "EmberJS-TodoMVC/DeletingItems/Sync": 89.59885214327532,
  "EmberJS-TodoMVC/DeletingItems/total": 95.71580323586777,
  "EmberJS-TodoMVC/total": 525.1411433018145,
  "Flight-TodoMVC/Adding100Items/Async": 40.962125616635795,
  "Flight-TodoMVC/Adding100Items/Sync": 118.28331226883941,
  "Flight-TodoMVC/Adding100Items/total": 159.57010853659753,
  "Flight-TodoMVC/CompletingAllItems/Async": 32.7843857710471,
  "Flight-TodoMVC/CompletingAllItems/Sync": 125.11360090588276,
  "Flight-TodoMVC/CompletingAllItems/total": 158.08846775966845,
  "Flight-TodoMVC/DeletingItems/Async": 5.007110312736522,
  "Flight-TodoMVC/DeletingItems/Sync": 109.82582981060273,
  "Flight-TodoMVC/DeletingItems/total": 115.25386548070519,
  "Flight-TodoMVC/total": 433.01679966514916,
  "Inferno-TodoMVC/Adding100Items/Async": 44.42472015292486,
  "Inferno-TodoMVC/Adding100Items/Sync": 56.58611756509923,
  "Inferno-TodoMVC/Adding100Items/total": 101.09365509077054,
  "Inferno-TodoMVC/CompletingAllItems/Async": 8.859244508202165,
  "Inferno-TodoMVC/CompletingAllItems/Sync": 118.90469271000791,
  "Inferno-TodoMVC/CompletingAllItems/total": 127.97519393847627,
  "Inferno-TodoMVC/DeletingItems/Async": 3.9776478578555365,
  "Inferno-TodoMVC/DeletingItems/Sync": 252.05976197943238,
  "Inferno-TodoMVC/DeletingItems/total": 256.0847017875017,
  "Inferno-TodoMVC/total": 485.49285023909675,
  "Preact-TodoMVC/Adding100Items/Async": 61.816576302331846,
  "Preact-TodoMVC/Adding100Items/Sync": 10.675296002819698,
  "Preact-TodoMVC/Adding100Items/total": 72.53265766535176,
  "Preact-TodoMVC/CompletingAllItems/Async": 26.382482657698038,
  "Preact-TodoMVC/CompletingAllItems/Sync": 4.042763913903654,
  "Preact-TodoMVC/CompletingAllItems/total": 30.48434344456221,
  "Preact-TodoMVC/DeletingItems/Async": 7.580089132939346,
  "Preact-TodoMVC/DeletingItems/Sync": 2.305541136334225,
  "Preact-TodoMVC/DeletingItems/total": 9.909088705718984,
  "Preact-TodoMVC/total": 114.171713810541,
  "React-Redux-TodoMVC/Adding100Items/Async": 41.745724173141475,
  "React-Redux-TodoMVC/Adding100Items/Sync": 193.8170728442892,
  "React-Redux-TodoMVC/Adding100Items/total": 235.66386963486465,
  "React-Redux-TodoMVC/CompletingAllItems/Async": 31.500687070837557,
  "React-Redux-TodoMVC/CompletingAllItems/Sync": 175.51179874449522,
  "React-Redux-TodoMVC/CompletingAllItems/total": 207.0487028345767,
  "React-Redux-TodoMVC/DeletingItems/Async": 4.577897169337077,
  "React-Redux-TodoMVC/DeletingItems/Sync": 115.80415337200706,
  "React-Redux-TodoMVC/DeletingItems/total": 120.45122748397081,
  "React-Redux-TodoMVC/total": 563.4139017717268,
  "React-TodoMVC/Adding100Items/Async": 43.155410513612686,
  "React-TodoMVC/Adding100Items/Sync": 147.86111114808122,
  "React-TodoMVC/Adding100Items/total": 191.09389313030462,
  "React-TodoMVC/CompletingAllItems/Async": 32.46477478441333,
  "React-TodoMVC/CompletingAllItems/Sync": 85.43855417080923,
  "React-TodoMVC/CompletingAllItems/total": 117.93997162802839,
  "React-TodoMVC/DeletingAllItems/Async": 4.199465733327532,
  "React-TodoMVC/DeletingAllItems/Sync": 57.57674630120476,
  "React-TodoMVC/DeletingAllItems/total": 61.81950919487556,
  "React-TodoMVC/total": 371.17597598381275,
  "Vanilla-ES2015-Babel-Webpack-TodoMVC/Adding100Items/Async": 39.32761202139649,
  "Vanilla-ES2015-Babel-Webpack-TodoMVC/Adding100Items/Sync": 343.8381778827899,
  "Vanilla-ES2015-Babel-Webpack-TodoMVC/Adding100Items/total": 383.2247373983776,
  "Vanilla-ES2015-Babel-Webpack-TodoMVC/CompletingAllItems/Async": 31.163813574412845,
  "Vanilla-ES2015-Babel-Webpack-TodoMVC/CompletingAllItems/Sync": 79.37036934814904,
  "Vanilla-ES2015-Babel-Webpack-TodoMVC/CompletingAllItems/total": 110.55075009951481,
  "Vanilla-ES2015-Babel-Webpack-TodoMVC/DeletingItems/Async": 4.768777379415076,
  "Vanilla-ES2015-Babel-Webpack-TodoMVC/DeletingItems/Sync": 53.187506578206275,
  "Vanilla-ES2015-Babel-Webpack-TodoMVC/DeletingItems/total": 57.98544298737326,
  "Vanilla-ES2015-Babel-Webpack-TodoMVC/total": 551.9794855819681,
  "Vanilla-ES2015-TodoMVC/Adding100Items/Async": 39.24334023131113,
  "Vanilla-ES2015-TodoMVC/Adding100Items/Sync": 354.68856006762803,
  "Vanilla-ES2015-TodoMVC/Adding100Items/total": 393.9880247537006,
  "Vanilla-ES2015-TodoMVC/CompletingAllItems/Async": 31.974866782383735,