{
  "browser-setup": 3.317419,
  "browser-tear_down": 0.296804,
  "probes-creation": 0.000196,
  "probes-setup": 0.000164,
  "probes-start": 0.0001,
  "run": 109.925751,
  "runner-cooldown": 2.002067
}