{
  "Angular2-TypeScript-TodoMVC/Adding100Items/Async": 32.316235789024304,
  "Angular2-TypeScript-TodoMVC/Adding100Items/Sync": 42.62138899268978,
  "Angular2-TypeScript-TodoMVC/Adding100Items/total": 74.977042604526,
  "Angular2-TypeScript-TodoMVC/CompletingAllItems/Async": 13.704644603699263,
  "Angular2-TypeScript-TodoMVC/CompletingAllItems/Sync": 8.60502996287076,
  "Angular2-TypeScript-TodoMVC/CompletingAllItems/total": 22.405813047920507,
  "Angular2-TypeScript-TodoMVC/DeletingItems/Async": 2.90068608089028,
  "Angular2-TypeScript-TodoMVC/DeletingItems/Sync": 16.5582655556233,
  "Angular2-TypeScript-TodoMVC/DeletingItems/total": 19.470708127745585,
  "Angular2-TypeScript-TodoMVC/total": 116.99818089732926,
  "AngularJS-TodoMVC/Adding100Items/Async": 42.81113133652943,
  "AngularJS-TodoMVC/Adding100Items/Sync": 156.76312550239933,
  "AngularJS-TodoMVC/Adding100Items/total": 199.64045353399834,
  "AngularJS-TodoMVC/CompletingAllItems/Async": 25.80185489466887,
  "AngularJS-TodoMVC/CompletingAllItems/Sync": 56.02407772089563,
  "AngularJS-TodoMVC/CompletingAllItems/total": 81.89590643386384,
  "AngularJS-TodoMVC/DeletingAllItems/Async": 16.06805131180564,
  "AngularJS-TodoMVC/DeletingAllItems/Sync": 159.28276773243797,
  "AngularJS-TodoMVC/DeletingAllItems/total": 175.409087241323,
  "AngularJS-TodoMVC/total": 457.0239699151095,
  "BackboneJS-TodoMVC/Adding100Items/Async": 42.308142778901306,
  "BackboneJS-TodoMVC/Adding100Items/Sync": 54.912937456813204,
  "BackboneJS-TodoMVC/Adding100Items/total": 97.43992268306204,
  "BackboneJS-TodoMVC/CompletingAllItems/Async": 31.734648676465955,
  "BackboneJS-TodoMVC/CompletingAllItems/Sync": 37.190785801162654,
  "BackboneJS-TodoMVC/CompletingAllItems/total": 69.05623814158515,
  "BackboneJS-TodoMVC/DeletingAllItems/Async": 5.342806127663366,
  "BackboneJS-TodoMVC/DeletingAllItems/Sync": 25.987605849945172,
  "BackboneJS-TodoMVC/DeletingAllItems/total": 32.19515461344951,
  "BackboneJS-TodoMVC/total": 198.8784651659145,
  "Elm-TodoMVC/Adding100Items/Async": 48.54561244033671,
  "Elm-TodoMVC/Adding100Items/Sync": 88.01032975654618,
  "Elm-TodoMVC/Adding100Items/total": 136.6368877355959,
  "Elm-TodoMVC/CompletingAllItems/Async": 30.144716841418514,
  "Elm-TodoMVC/CompletingAllItems/Sync": 82.63777290147026,
  "Elm-TodoMVC/CompletingAllItems/total": 112.81012557895139,
  "Elm-TodoMVC/DeletingItems/Async": 9.364366914511828,
  "Elm-TodoMVC/DeletingItems/Sync": 103.57507236435757,
  "Elm-TodoMVC/DeletingItems/total": 113.0307372186263,
  "Elm-TodoMVC/total": 362.5539490612771,
  "EmberJS-Debug-TodoMVC/Adding100Items/Async": 45.67039220757234,
  "EmberJS-Debug-TodoMVC/Adding100Items/Sync": 748.3020326418066,
  "EmberJS-Debug-TodoMVC/Adding100Items/total": 794.7912725543476,
  "EmberJS-Debug-TodoMVC/CompletingAllItems/Async": 36.0017664513257,
  "EmberJS-Debug-TodoMVC/CompletingAllItems/Sync": 294.7521054918795,
  "EmberJS-Debug-TodoMVC/CompletingAllItems/total": 331.5921888409387,
  "EmberJS-Debug-TodoMVC/DeletingItems/Async": 10.774205863879958,
  "EmberJS-Debug-TodoMVC/DeletingItems/Sync": 283.2390714280662,
  "EmberJS-Debug-TodoMVC/DeletingItems/total": 296.80875273420594,
  "EmberJS-Debug-TodoMVC/total": 1431.791125732697,
  "EmberJS-TodoMVC/Adding100Items/Async": 33.99273619980708,
  "EmberJS-TodoMVC/Adding100Items/Sync": 150.9938741868649,
  "EmberJS-TodoMVC/Adding100Items/total": 185.1373108797554,
  "EmberJS-TodoMVC/CompletingAllItems/Async": 29.17233268352541,
  "EmberJS-TodoMVC/CompletingAllItems/Sync": 105.10996863160995,
  "EmberJS-TodoMVC/CompletingAllItems/total": 134.79953601623245,
  "EmberJS-TodoMVC/DeletingItems/Async": 3.783893033629532,
  "EmberJS-TodoMVC/DeletingItems/Sync": 72.99433419554212,
  "EmberJS-TodoMVC/DeletingItems/total": 76.87098288804545,
  "EmberJS-TodoMVC/total": 398.2968913149166,
  "Flight-TodoMVC/Adding100Items/Async": 33.57989701449403,
  "Flight-TodoMVC/Adding100Items/Sync": 77.42455173316941,
  "Flight-TodoMVC/Adding100Items/total": 111.0192745997912,
  "Flight-TodoMVC/CompletingAllItems/Async": 25.10152975803578,
  "Flight-TodoMVC/CompletingAllItems/Sync": 84.72611001780731,
  "Flight-TodoMVC/CompletingAllItems/total": 109.83275808898743,
  "Flight-TodoMVC/DeletingItems/Async": 4.461482999727549,
  "Flight-TodoMVC/DeletingItems/Sync": 69.39468253578076,
  "Flight-TodoMVC/DeletingItems/total": 76.39541385594262,
  "Flight-TodoMVC/total": 297.84108729171527,
  "Inferno-TodoMVC/Adding100Items/Async": 38.78756623226541,
  "Inferno-TodoMVC/Adding100Items/Sync": 43.924175344997174,
  "Inferno-TodoMVC/Adding100Items/total": 82.8161109876875,
  "Inferno-TodoMVC/CompletingAllItems/Async": 6.282736306250476,
  "Inferno-TodoMVC/CompletingAllItems/Sync": 85.40433669879583,
  "Inferno-TodoMVC/CompletingAllItems/total": 91.69556924789842,
  "Inferno-TodoMVC/DeletingItems/Async": 3.414462410593654,
  "Inferno-TodoMVC/DeletingItems/Sync": 204.42674378997748,
  "Inferno-TodoMVC/DeletingItems/total": 207.8893462329781,
  "Inferno-TodoMVC/total": 382.4211710956495,
  "Preact-TodoMVC/Adding100Items/Async": 37.755869554238586,
  "Preact-TodoMVC/Adding100Items/Sync": 5.108246443491443,
  "Preact-TodoMVC/Adding100Items/total": 42.8699913007809,
  "Preact-TodoMVC/CompletingAllItems/Async": 16.391251827619453,
  "Preact-TodoMVC/CompletingAllItems/Sync": 3.2196304870897423,
  "Preact-TodoMVC/CompletingAllItems/total": 19.621643378952893,
  "Preact-TodoMVC/DeletingItems/Async": 4.914402277590993,
  "Preact-TodoMVC/DeletingItems/Sync": 1.877938052135522,
  "Preact-TodoMVC/DeletingItems/total": 6.805185539274928,
  "Preact-TodoMVC/total": 69.37919227663039,
  "React-Redux-TodoMVC/Adding100Items/Async": 33.571065206654495,
  "React-Redux-TodoMVC/Adding100Items/Sync": 134.22883038906463,
  "React-Redux-TodoMVC/Adding100Items/total": 167.87086903031008,
  "React-Redux-TodoMVC/CompletingAllItems/Async": 27.694386654290007,
  "React-Redux-TodoMVC/CompletingAllItems/Sync": 138.2732989943408,
  "React-Redux-TodoMVC/CompletingAllItems/total": 166.14953611362168,
  "React-Redux-TodoMVC/DeletingItems/Async": 3.794581118628575,
  "React-Redux-TodoMVC/DeletingItems/Sync": 97.81877961998316,
  "React-Redux-TodoMVC/DeletingItems/total": 101.77795869484957,
  "React-Redux-TodoMVC/total": 437.1357806987481,
  "React-TodoMVC/Adding100Items/Async": 35.350106085725436,
  "React-TodoMVC/Adding100Items/Sync": 110.6433063899411,
  "React-TodoMVC/Adding100Items/total": 146.19356261758153,
  "React-TodoMVC/CompletingAllItems/Async": 28.220139166592606,
  "React-TodoMVC/CompletingAllItems/Sync": 63.44481442591719,
  "React-TodoMVC/CompletingAllItems/total": 91.74260456421713,
  "React-TodoMVC/DeletingAllItems/Async": 3.030831580381619,
  "React-TodoMVC/DeletingAllItems/Sync": 46.863821208883266,
  "React-TodoMVC/DeletingAllItems/total": 49.9348180348654,
  "React-TodoMVC/total": 288.16036169867067,
  "Vanilla-ES2015-Babel-Webpack-TodoMVC/Adding100Items/Async": 35.16109267247126,
  "Vanilla-ES2015-Babel-Webpack-TodoMVC/Adding100Items/Sync": 289.94951500431137,
  "Vanilla-ES2015-Babel-Webpack-TodoMVC/Adding100Items/total": 325.133586288075,
  "Vanilla-ES2015-Babel-Webpack-TodoMVC/CompletingAllItems/Async": 26.131778085427378,
  "Vanilla-ES2015-Babel-Webpack-TodoMVC/CompletingAllItems/Sync": 63.77427843454169,
  "Vanilla-ES2015-Babel-Webpack-TodoMVC/CompletingAllItems/total": 89.93149346503245,
  "Vanilla-ES2015-Babel-Webpack-TodoMVC/DeletingItems/Async": 4.516629694247009,
  "Vanilla-ES2015-Babel-Webpack-TodoMVC/DeletingItems/Sync": 40.24550253409886,
  "Vanilla-ES2015-Babel-Webpack-TodoMVC/DeletingItems/total": 47.150410909686414,
  "Vanilla-ES2015-Babel-Webpack-TodoMVC/total": 463.4444625565149,
  "Vanilla-ES2015-TodoMVC/Adding100Items/Async": 34.50758857548096,
  "Vanilla-ES2015-TodoMVC/Adding100Items/Sync": 294.55188833440815,
  "Vanilla-ES2015-TodoMVC/Adding100Items/total": 329.1050348624812,
  "Vanilla-ES2015-TodoMVC/CompletingAllItems/Async": 26.972852994655238,