{
  "browser-setup": 3.322027,
  "browser-tear_down": 0.22965,
  "probes-creation": 0.000199,
  "probes-setup": 0.00017,
  "probes-start": 8.3e-05,
  "run": 108.483323,
  "runner-cooldown": 2.002074
}