{
  "Angular2-TypeScript-TodoMVC/Adding100Items/Async": 30.934683976630787,
  "Angular2-TypeScript-TodoMVC/Adding100Items/Sync": 41.055591071839515,
  "Angular2-TypeScript-TodoMVC/Adding100Items/total": 72.02178457548463,
  "Angular2-TypeScript-TodoMVC/CompletingAllItems/Async": 12.614878241681646,
  "Angular2-TypeScript-TodoMVC/CompletingAllItems/Sync": 8.302960832685796,
  "Angular2-TypeScript-TodoMVC/CompletingAllItems/total": 20.921906342439076,
  "Angular2-TypeScript-TodoMVC/DeletingItems/Async": 2.61907523670487,
  "Angular2-TypeScript-TodoMVC/DeletingItems/Sync": 15.788725242808182,
  "Angular2-TypeScript-TodoMVC/DeletingItems/total": 18.421070864979207,
  "Angular2-TypeScript-TodoMVC/total": 111.38406353454171,
  "AngularJS-TodoMVC/Adding100Items/Async": 44.42157363528409,
  "AngularJS-TodoMVC/Adding100Items/Sync": 152.2927357862255,
  "AngularJS-TodoMVC/Adding100Items/total": 198.38425575470166,
  "AngularJS-TodoMVC/CompletingAllItems/Async": 24.3074971964252,
  "AngularJS-TodoMVC/CompletingAllItems/Sync": 54.89641963432566,
  "AngularJS-TodoMVC/CompletingAllItems/total": 79.30014961832093,
  "AngularJS-TodoMVC/DeletingAllItems/Async": 14.956464913290484,
  "AngularJS-TodoMVC/DeletingAllItems/Sync": 172.91988272666316,
  "AngularJS-TodoMVC/DeletingAllItems/total": 187.92104391349574,
  "AngularJS-TodoMVC/total": 467.46514474912993,
  "BackboneJS-TodoMVC/Adding100Items/Async": 36.68132088502161,
  "BackboneJS-TodoMVC/Adding100Items/Sync": 55.7407838221434,
  "BackboneJS-TodoMVC/Adding100Items/total": 92.43927392743967,
  "BackboneJS-TodoMVC/CompletingAllItems/Async": 27.304799016535775,
  "BackboneJS-TodoMVC/CompletingAllItems/Sync": 37.8931775822544,
  "BackboneJS-TodoMVC/CompletingAllItems/total": 65.2019926018537,
  "BackboneJS-TodoMVC/DeletingAllItems/Async": 3.226745034661196,
  "BackboneJS-TodoMVC/DeletingAllItems/Sync": 25.49174827593056,
  "BackboneJS-TodoMVC/DeletingAllItems/total": 28.732271980097348,
  "BackboneJS-TodoMVC/total": 186.4060959959558,
  "Elm-TodoMVC/Adding100Items/Async": 46.12596417314687,
  "Elm-TodoMVC/Adding100Items/Sync": 98.00569143276854,
  "Elm-TodoMVC/Adding100Items/total": 144.95688112367458,
  "Elm-TodoMVC/CompletingAllItems/Async": 30.896685113889866,
  "Elm-TodoMVC/CompletingAllItems/Sync": 101.04986594995691,
  "Elm-TodoMVC/CompletingAllItems/total": 133.09824203460641,
  "Elm-TodoMVC/DeletingItems/Async": 9.684097479769598,
  "Elm-TodoMVC/DeletingItems/Sync": 103.65004804589431,
  "Elm-TodoMVC/DeletingItems/total": 113.90758320820038,
  "Elm-TodoMVC/total": 402.80389306038734,
  "EmberJS-Debug-TodoMVC/Adding100Items/Async": 38.398350646459114,
  "EmberJS-Debug-TodoMVC/Adding100Items/Sync": 408.65040833875184,
  "EmberJS-Debug-TodoMVC/Adding100Items/total": 447.0649169799596,
  "EmberJS-Debug-TodoMVC/CompletingAllItems/Async": 27.903936902038915,
  "EmberJS-Debug-TodoMVC/CompletingAllItems/Sync": 301.32921726435217,
  "EmberJS-Debug-TodoMVC/CompletingAllItems/total": 329.2830041205707,
  "EmberJS-Debug-TodoMVC/DeletingItems/Async": 8.376402238382632,
  "EmberJS-Debug-TodoMVC/DeletingItems/Sync": 302.8252743429988,
  "EmberJS-Debug-TodoMVC/DeletingItems/total": 312.6847429702196,
  "EmberJS-Debug-TodoMVC/total": 1094.1647835140745,
  "EmberJS-TodoMVC/Adding100Items/Async": 33.8181725693249,
  "EmberJS-TodoMVC/Adding100Items/Sync": 151.0177462345036,
  "EmberJS-TodoMVC/Adding100Items/total": 185.09957723465786,
  "EmberJS-TodoMVC/CompletingAllItems/Async": 25.294369298190155,
  "EmberJS-TodoMVC/CompletingAllItems/Sync": 94.76220096775822,
  "EmberJS-TodoMVC/CompletingAllItems/total": 120.07527531481193,
  "EmberJS-TodoMVC/DeletingItems/Async": 3.3024064174688506,
  "EmberJS-TodoMVC/DeletingItems/Sync": 63.45177446358989,
  "EmberJS-TodoMVC/DeletingItems/total": 67.1484711876311,
  "EmberJS-TodoMVC/total": 373.17412500309854,
  "Flight-TodoMVC/Adding100Items/Async": 32.00999388906527,
  "Flight-TodoMVC/Adding100Items/Sync": 78.30138519714265,
  "Flight-TodoMVC/Adding100Items/total": 110.32254097439042,
  "Flight-TodoMVC/CompletingAllItems/Async": 24.246896840228104,
  "Flight-TodoMVC/CompletingAllItems/Sync": 88.71189703822955,
  "Flight-TodoMVC/CompletingAllItems/total": 113.06361341301957,
  "Flight-TodoMVC/DeletingItems/Async": 3.1200887918892275,
  "Flight-TodoMVC/DeletingItems/Sync": 77.24937750717388,
  "Flight-TodoMVC/DeletingItems/total": 80.37082703189594,
  "Flight-TodoMVC/total": 306.6129764610689,
  "Inferno-TodoMVC/Adding100Items/Async": 36.97011782666962,
  "Inferno-TodoMVC/Adding100Items/Sync": 44.66838058967423,
  "Inferno-TodoMVC/Adding100Items/total": 81.78950639714614,
  "Inferno-TodoMVC/CompletingAllItems/Async": 7.532075474711856,
  "Inferno-TodoMVC/CompletingAllItems/Sync": 94.46159363428781,
  "Inferno-TodoMVC/CompletingAllItems/total": 102.1117873068387,
  "Inferno-TodoMVC/DeletingItems/Async": 3.482859643875273,
  "Inferno-TodoMVC/DeletingItems/Sync": 206.2374833137413,
  "Inferno-TodoMVC/DeletingItems/total": 210.6843915714787,
  "Inferno-TodoMVC/total": 397.4717231411396,
  "Preact-TodoMVC/Adding100Items/Async": 36.155150530814275,
  "Preact-TodoMVC/Adding100Items/Sync": 5.031984745525714,
  "Preact-TodoMVC/Adding100Items/total": 41.19705526997103,
  "Preact-TodoMVC/CompletingAllItems/Async": 17.736291581705366,
  "Preact-TodoMVC/CompletingAllItems/Sync": 2.9383207945713905,
  "Preact-TodoMVC/CompletingAllItems/total": 20.751455647090786,
  "Preact-TodoMVC/DeletingItems/Async": 4.404198085648908,
  "Preact-TodoMVC/DeletingItems/Sync": 1.5719059040443573,
  "Preact-TodoMVC/DeletingItems/total": 5.996869086906357,
  "Preact-TodoMVC/total": 68.19267430474328,
  "React-Redux-TodoMVC/Adding100Items/Async": 33.78895995025671,
  "React-Redux-TodoMVC/Adding100Items/Sync": 141.9707680260644,
  "React-Redux-TodoMVC/Adding100Items/total": 176.0726638349957,
  "React-Redux-TodoMVC/CompletingAllItems/Async": 25.691035591874314,
  "React-Redux-TodoMVC/CompletingAllItems/Sync": 140.74298048535886,
  "React-Redux-TodoMVC/CompletingAllItems/total": 166.65518142363976,
  "React-Redux-TodoMVC/DeletingItems/Async": 4.951395847180626,
  "React-Redux-TodoMVC/DeletingItems/Sync": 106.40826311938382,
  "React-Redux-TodoMVC/DeletingItems/total": 111.92744639907148,
  "React-Redux-TodoMVC/total": 461.6012686952669,
  "React-TodoMVC/Adding100Items/Async": 34.499709332507265,
  "React-TodoMVC/Adding100Items/Sync": 115.50732856343544,
  "React-TodoMVC/Adding100Items/total": 150.26013252778128,
  "React-TodoMVC/CompletingAllItems/Async": 26.592371019230914,
  "React-TodoMVC/CompletingAllItems/Sync": 71.29461175441584,
  "React-TodoMVC/CompletingAllItems/total": 98.54899995259906,
  "React-TodoMVC/DeletingAllItems/Async": 4.126908809270012,
  "React-TodoMVC/DeletingAllItems/Sync": 45.770702034799655,
  "React-TodoMVC/DeletingAllItems/total": 50.92290799371858,
  "React-TodoMVC/total": 303.655708803133,
  "Vanilla-ES2015-Babel-Webpack-TodoMVC/Adding100Items/Async": 35.041957830289775,
  "Vanilla-ES2015-Babel-Webpack-TodoMVC/Adding100Items/Sync": 302.7835901156008,
  "Vanilla-ES2015-Babel-Webpack-TodoMVC/Adding100Items/total": 337.85004343011593,
  "Vanilla-ES2015-Babel-Webpack-TodoMVC/CompletingAllItems/Async": 24.623510496873653,
  "Vanilla-ES2015-Babel-Webpack-TodoMVC/CompletingAllItems/Sync": 63.90113901799679,
  "Vanilla-ES2015-Babel-Webpack-TodoMVC/CompletingAllItems/total": 88.5434395861264,
  "Vanilla-ES2015-Babel-Webpack-TodoMVC/DeletingItems/Async": 3.3050561992048055,
  "Vanilla-ES2015-Babel-Webpack-TodoMVC/DeletingItems/Sync": 40.062556731468455,
  "Vanilla-ES2015-Babel-Webpack-TodoMVC/DeletingItems/total": 43.74768586920468,
  "Vanilla-ES2015-Babel-Webpack-TodoMVC/total": 470.27357420813325,
  "Vanilla-ES2015-TodoMVC/Adding100Items/Async": 33.536213845120024,
  "Vanilla-ES2015-TodoMVC/Adding100Items/Sync": 299.6528498031523,
  "Vanilla-ES2015-TodoMVC/Adding100Items/total": 333.20265960171844,
  "Vanilla-ES2015-TodoMVC/CompletingAllItems/Async": 25.79663817758444,