{
  "browser-setup": 3.327022,
  "browser-tear_down": 0.295464,
  "probes-creation": 0.0002,
  "probes-setup": 0.000169,
  "probes-start": 8.2e-05,
  "run": 109.24589,
  "runner-cooldown": 2.002075
}