{
  "Angular2-TypeScript-TodoMVC/Adding100Items/Async": 31.21456241461799,
  "Angular2-TypeScript-TodoMVC/Adding100Items/Sync": 42.201232904120005,
  "Angular2-TypeScript-TodoMVC/Adding100Items/total": 73.45176828292122,
  "Angular2-TypeScript-TodoMVC/CompletingAllItems/Async": 13.065853546838529,
  "Angular2-TypeScript-TodoMVC/CompletingAllItems/Sync": 8.564728773986335,
  "Angular2-TypeScript-TodoMVC/CompletingAllItems/total": 21.635072240298342,
  "Angular2-TypeScript-TodoMVC/DeletingItems/Async": 2.765688472935525,
  "Angular2-TypeScript-TodoMVC/DeletingItems/Sync": 16.63962936827918,
  "Angular2-TypeScript-TodoMVC/DeletingItems/total": 19.409547697157205,
  "Angular2-TypeScript-TodoMVC/total": 114.52932159470403,
  "AngularJS-TodoMVC/Adding100Items/Async": 41.56130427013836,
  "AngularJS-TodoMVC/Adding100Items/Sync": 160.31936883335015,
  "AngularJS-TodoMVC/Adding100Items/total": 202.12143612697813,
  "AngularJS-TodoMVC/CompletingAllItems/Async": 25.001062902551983,
  "AngularJS-TodoMVC/CompletingAllItems/Sync": 53.63346359641219,
  "AngularJS-TodoMVC/CompletingAllItems/total": 78.96151079554937,
  "AngularJS-TodoMVC/DeletingAllItems/Async": 15.559132552805806,
  "AngularJS-TodoMVC/DeletingAllItems/Sync": 168.6945132887159,
  "AngularJS-TodoMVC/DeletingAllItems/total": 184.42739355870995,
  "AngularJS-TodoMVC/total": 468.83871270274915,
  "BackboneJS-TodoMVC/Adding100Items/Async": 36.5934281005514,
  "BackboneJS-TodoMVC/Adding100Items/Sync": 55.541353997926976,
  "BackboneJS-TodoMVC/Adding100Items/total": 92.15428937979134,
  "BackboneJS-TodoMVC/CompletingAllItems/Async": 27.54621246914894,
  "BackboneJS-TodoMVC/CompletingAllItems/Sync": 37.8468673764525,
  "BackboneJS-TodoMVC/CompletingAllItems/total": 65.39351846020061,
  "BackboneJS-TodoMVC/DeletingAllItems/Async": 3.4201034218123967,
  "BackboneJS-TodoMVC/DeletingAllItems/Sync": 25.966465493958573,
  "BackboneJS-TodoMVC/DeletingAllItems/total": 29.399156082195226,
  "BackboneJS-TodoMVC/total": 186.97933061032234,
  "Elm-TodoMVC/Adding100Items/Async": 45.52194485721977,
  "Elm-TodoMVC/Adding100Items/Sync": 84.72494557885723,
  "Elm-TodoMVC/Adding100Items/total": 130.27922033016566,
  "Elm-TodoMVC/CompletingAllItems/Async": 30.411155852595286,
  "Elm-TodoMVC/CompletingAllItems/Sync": 102.49986405999601,
  "Elm-TodoMVC/CompletingAllItems/total": 133.99368447399198,
  "Elm-TodoMVC/DeletingItems/Async": 9.827011057970381,
  "Elm-TodoMVC/DeletingItems/Sync": 106.14900164476465,
  "Elm-TodoMVC/DeletingItems/total": 116.93622458785784,
  "Elm-TodoMVC/total": 390.1552598082605,
  "EmberJS-Debug-TodoMVC/Adding100Items/Async": 39.50899710777917,
  "EmberJS-Debug-TodoMVC/Adding100Items/Sync": 417.24627635670146,
  "EmberJS-Debug-TodoMVC/Adding100Items/total": 456.7957663416826,
  "EmberJS-Debug-TodoMVC/CompletingAllItems/Async": 26.82936523499168,
  "EmberJS-Debug-TodoMVC/CompletingAllItems/Sync": 285.2778097184063,
  "EmberJS-Debug-TodoMVC/CompletingAllItems/total": 312.23708528549537,
  "EmberJS-Debug-TodoMVC/DeletingItems/Async": 7.07407669952051,
  "EmberJS-Debug-TodoMVC/DeletingItems/Sync": 286.25051137328956,
  "EmberJS-Debug-TodoMVC/DeletingItems/total": 296.52566093731025,
  "EmberJS-Debug-TodoMVC/total": 1070.6471870401438,
  "EmberJS-TodoMVC/Adding100Items/Async": 33.52440016383451,
  "EmberJS-TodoMVC/Adding100Items/Sync": 140.83784927442642,
  "EmberJS-TodoMVC/Adding100Items/total": 174.42095499955337,
  "EmberJS-TodoMVC/CompletingAllItems/Async": 25.452689155854248,
  "EmberJS-TodoMVC/CompletingAllItems/Sync": 93.16300108023931,
  "EmberJS-TodoMVC/CompletingAllItems/total": 118.62340954853019,
  "EmberJS-TodoMVC/DeletingItems/Async": 2.8588980471532173,
  "EmberJS-TodoMVC/DeletingItems/Sync": 62.42632032998445,
  "EmberJS-TodoMVC/DeletingItems/total": 65.28687627952841,
  "EmberJS-TodoMVC/total": 358.47529641650885,
  "Flight-TodoMVC/Adding100Items/Async": 32.274293731463416,
  "Flight-TodoMVC/Adding100Items/Sync": 77.74157480110495,
  "Flight-TodoMVC/Adding100Items/total": 110.02051197594665,
  "Flight-TodoMVC/CompletingAllItems/Async": 24.65642687639223,
  "Flight-TodoMVC/CompletingAllItems/Sync": 84.83068011477722,
  "Flight-TodoMVC/CompletingAllItems/total": 109.49149552987869,
  "Flight-TodoMVC/DeletingItems/Async": 2.789123558700959,
  "Flight-TodoMVC/DeletingItems/Sync": 69.51004729493589,
  "Flight-TodoMVC/DeletingItems/total": 72.30019458088044,
  "Flight-TodoMVC/total": 291.8272730698443,
  "Inferno-TodoMVC/Adding100Items/Async": 36.38824158323528,
  "Inferno-TodoMVC/Adding100Items/Sync": 43.40163916955317,
  "Inferno-TodoMVC/Adding100Items/total": 79.97108202356227,
  "Inferno-TodoMVC/CompletingAllItems/Async": 6.487399316242026,
  "Inferno-TodoMVC/CompletingAllItems/Sync": 87.45739813188673,
  "Inferno-TodoMVC/CompletingAllItems/total": 94.0703898150776,
  "Inferno-TodoMVC/DeletingItems/Async": 2.8279227421844326,
  "Inferno-TodoMVC/DeletingItems/Sync": 203.47962788852632,
  "Inferno-TodoMVC/DeletingItems/total": 206.3095281843858,
  "Inferno-TodoMVC/total": 380.45523862859403,
  "Preact-TodoMVC/Adding100Items/Async": 37.35548508385617,
  "Preact-TodoMVC/Adding100Items/Sync": 5.064189841039889,
  "Preact-TodoMVC/Adding100Items/total": 42.42372628910103,
  "Preact-TodoMVC/CompletingAllItems/Async": 16.31648899516906,
  "Preact-TodoMVC/CompletingAllItems/Sync": 3.184107697828494,
  "Preact-TodoMVC/CompletingAllItems/total": 19.504512461253867,
  "Preact-TodoMVC/DeletingItems/Async": 4.502473938327419,
  "Preact-TodoMVC/DeletingItems/Sync": 1.8150232398289456,
  "Preact-TodoMVC/DeletingItems/total": 6.326570573123925,
  "Preact-TodoMVC/total": 68.2907982454294,
  "React-Redux-TodoMVC/Adding100Items/Async": 33.503001822287224,
  "React-Redux-TodoMVC/Adding100Items/Sync": 127.69375533220546,
  "React-Redux-TodoMVC/Adding100Items/total": 161.32356265290832,
  "React-Redux-TodoMVC/CompletingAllItems/Async": 28.914768693107927,
  "React-Redux-TodoMVC/CompletingAllItems/Sync": 158.70486120980124,
  "React-Redux-TodoMVC/CompletingAllItems/total": 188.12500396603443,
  "React-Redux-TodoMVC/DeletingItems/Async": 5.238226764503547,
  "React-Redux-TodoMVC/DeletingItems/Sync": 88.16777109944948,
  "React-Redux-TodoMVC/DeletingItems/total": 94.8155730515187,
  "React-Redux-TodoMVC/total": 448.30402361606616,
  "React-TodoMVC/Adding100Items/Async": 34.990297720039315,
  "React-TodoMVC/Adding100Items/Sync": 113.20726635153308,
  "React-TodoMVC/Adding100Items/total": 148.5646082881647,
  "React-TodoMVC/CompletingAllItems/Async": 27.473953496558188,
  "React-TodoMVC/CompletingAllItems/Sync": 70.97582952713675,
  "React-TodoMVC/CompletingAllItems/total": 99.12612338876522,
  "React-TodoMVC/DeletingAllItems/Async": 3.3936829238470207,
  "React-TodoMVC/DeletingAllItems/Sync": 45.78519006375002,
  "React-TodoMVC/DeletingAllItems/total": 49.50804362822409,
  "React-TodoMVC/total": 301.1995633079947,
  "Vanilla-ES2015-Babel-Webpack-TodoMVC/Adding100Items/Async": 34.87256898706099,
  "Vanilla-ES2015-Babel-Webpack-TodoMVC/Adding100Items/Sync": 294.46194435664137,
  "Vanilla-ES2015-Babel-Webpack-TodoMVC/Adding100Items/total": 329.4703790895946,
  "Vanilla-ES2015-Babel-Webpack-TodoMVC/CompletingAllItems/Async": 24.452140724473566,
  "Vanilla-ES2015-Babel-Webpack-TodoMVC/CompletingAllItems/Sync": 63.0074928190675,
  "Vanilla-ES2015-Babel-Webpack-TodoMVC/CompletingAllItems/total": 87.47698236891328,
  "Vanilla-ES2015-Babel-Webpack-TodoMVC/DeletingItems/Async": 2.8947641529366623,
  "Vanilla-ES2015-Babel-Webpack-TodoMVC/DeletingItems/Sync": 39.87385836483179,
  "Vanilla-ES2015-Babel-Webpack-TodoMVC/DeletingItems/total": 42.77112905140775,
  "Vanilla-ES2015-Babel-Webpack-TodoMVC/total": 459.74311360615064,
  "Vanilla-ES2015-TodoMVC/Adding100Items/Async": 34.528558711798354,
  "Vanilla-ES2015-TodoMVC/Adding100Items/Sync": 313.05550782937524,
  "Vanilla-ES2015-TodoMVC/Adding100Items/total": 347.7111829311951,
  "Vanilla-ES2015-TodoMVC/CompletingAllItems/Async": 27.64019034566292,