{
  "browser-setup": 3.28969,
  "browser-tear_down": 0.276625,
  "probes-creation": 0.000206,
  "probes-setup": 0.00017,
  "probes-start": 8e-05,
  "run": 113.746042,
  "runner-cooldown": 2.000983
}