{
  "Angular2-TypeScript-TodoMVC/Adding100Items/Async": 32.99027612725199,
  "Angular2-TypeScript-TodoMVC/Adding100Items/Sync": 42.20340888203398,
  "Angular2-TypeScript-TodoMVC/Adding100Items/total": 75.36404042599206,
  "Angular2-TypeScript-TodoMVC/CompletingAllItems/Async": 12.55595264837113,
  "Angular2-TypeScript-TodoMVC/CompletingAllItems/Sync": 8.455164988943215,
  "Angular2-TypeScript-TodoMVC/CompletingAllItems/total": 21.013136532742934,
  "Angular2-TypeScript-TodoMVC/DeletingItems/Async": 2.662875312190934,
  "Angular2-TypeScript-TodoMVC/DeletingItems/Sync": 16.34708072556424,
  "Angular2-TypeScript-TodoMVC/DeletingItems/total": 19.01341872336239,
  "Angular2-TypeScript-TodoMVC/total": 115.45083880079933,
  "AngularJS-TodoMVC/Adding100Items/Async": 42.181231018394506,
  "AngularJS-TodoMVC/Adding100Items/Sync": 185.82038825090007,
  "AngularJS-TodoMVC/Adding100Items/total": 228.69030132395,
  "AngularJS-TodoMVC/CompletingAllItems/Async": 26.951053523337688,
  "AngularJS-TodoMVC/CompletingAllItems/Sync": 61.03574217426095,
  "AngularJS-TodoMVC/CompletingAllItems/total": 88.63611953415716,
  "AngularJS-TodoMVC/DeletingAllItems/Async": 17.207027328434734,
  "AngularJS-TodoMVC/DeletingAllItems/Sync": 195.66503410205854,
  "AngularJS-TodoMVC/DeletingAllItems/total": 213.54650151408265,
  "AngularJS-TodoMVC/total": 536.3195369830567,
  "BackboneJS-TodoMVC/Adding100Items/Async": 36.83450892735437,
  "BackboneJS-TodoMVC/Adding100Items/Sync": 57.850319829590475,
  "BackboneJS-TodoMVC/Adding100Items/total": 94.87200580629677,
  "BackboneJS-TodoMVC/CompletingAllItems/Async": 27.203339020808933,
  "BackboneJS-TodoMVC/CompletingAllItems/Sync": 38.49520574739029,
  "BackboneJS-TodoMVC/CompletingAllItems/total": 65.74778270139491,
  "BackboneJS-TodoMVC/DeletingAllItems/Async": 3.602977638778103,
  "BackboneJS-TodoMVC/DeletingAllItems/Sync": 26.701583750822422,
  "BackboneJS-TodoMVC/DeletingAllItems/total": 30.32784794864903,
  "BackboneJS-TodoMVC/total": 190.9961765087276,
  "Elm-TodoMVC/Adding100Items/Async": 50.41472880695371,
  "Elm-TodoMVC/Adding100Items/Sync": 106.31131772717482,
  "Elm-TodoMVC/Adding100Items/total": 159.24409283587545,
  "Elm-TodoMVC/CompletingAllItems/Async": 32.69055720836063,
  "Elm-TodoMVC/CompletingAllItems/Sync": 84.54297248507031,
  "Elm-TodoMVC/CompletingAllItems/total": 117.47851888024239,
  "Elm-TodoMVC/DeletingItems/Async": 9.54188198261847,
  "Elm-TodoMVC/DeletingItems/Sync": 105.51605357193219,
  "Elm-TodoMVC/DeletingItems/total": 115.53230901491519,
  "Elm-TodoMVC/total": 398.2995637413224,
  "EmberJS-Debug-TodoMVC/Adding100Items/Async": 37.696591584869246,
  "EmberJS-Debug-TodoMVC/Adding100Items/Sync": 412.7006897530078,
  "EmberJS-Debug-TodoMVC/Adding100Items/total": 450.5292619146468,
  "EmberJS-Debug-TodoMVC/CompletingAllItems/Async": 27.654710736631817,
  "EmberJS-Debug-TodoMVC/CompletingAllItems/Sync": 315.62144503840165,
  "EmberJS-Debug-TodoMVC/CompletingAllItems/total": 343.5912610670423,
  "EmberJS-Debug-TodoMVC/DeletingItems/Async": 5.67462827452255,
  "EmberJS-Debug-TodoMVC/DeletingItems/Sync": 294.2556683905674,
  "EmberJS-Debug-TodoMVC/DeletingItems/total": 301.89981147386214,
  "EmberJS-Debug-TodoMVC/total": 1102.569066295921,
  "EmberJS-TodoMVC/Adding100Items/Async": 37.1918188519995,
  "EmberJS-TodoMVC/Adding100Items/Sync": 169.51752964255488,
  "EmberJS-TodoMVC/Adding100Items/total": 207.45633275777323,
  "EmberJS-TodoMVC/CompletingAllItems/Async": 27.5834079227234,
  "EmberJS-TodoMVC/CompletingAllItems/Sync": 96.955433856836,
  "EmberJS-TodoMVC/CompletingAllItems/total": 124.70384407235998,
  "EmberJS-TodoMVC/DeletingItems/Async": 4.625403117107609,
  "EmberJS-TodoMVC/DeletingItems/Sync": 64.4037362685312,
  "EmberJS-TodoMVC/DeletingItems/total": 69.79078696349426,
  "EmberJS-TodoMVC/total": 403.91359745925655,
  "Flight-TodoMVC/Adding100Items/Async": 32.66746810379009,
  "Flight-TodoMVC/Adding100Items/Sync": 78.87790487091715,
  "Flight-TodoMVC/Adding100Items/total": 111.56278791034788,
  "Flight-TodoMVC/CompletingAllItems/Async": 24.805648452105533,
  "Flight-TodoMVC/CompletingAllItems/Sync": 88.85636376626172,
  "Flight-TodoMVC/CompletingAllItems/total": 113.73536902242148,
  "Flight-TodoMVC/DeletingItems/Async": 3.380684094339365,
  "Flight-TodoMVC/DeletingItems/Sync": 71.61330041248911,
  "Flight-TodoMVC/DeletingItems/total": 75.05207284073789,
  "Flight-TodoMVC/total": 300.51311823417115,
  "Inferno-TodoMVC/Adding100Items/Async": 39.721070757918426,
  "Inferno-TodoMVC/Adding100Items/Sync": 50.28651138763737,
  "Inferno-TodoMVC/Adding100Items/total": 92.67059489628527,
  "Inferno-TodoMVC/CompletingAllItems/Async": 7.2531117958935,
  "Inferno-TodoMVC/CompletingAllItems/Sync": 86.67033377573155,
  "Inferno-TodoMVC/CompletingAllItems/total": 94.55566881761722,
  "Inferno-TodoMVC/DeletingItems/Async": 3.4239134577798764,
  "Inferno-TodoMVC/DeletingItems/Sync": 207.02214111642758,
  "Inferno-TodoMVC/DeletingItems/total": 210.67954659192895,
  "Inferno-TodoMVC/total": 403.7050884705175,
  "Preact-TodoMVC/Adding100Items/Async": 37.70944038082347,
  "Preact-TodoMVC/Adding100Items/Sync": 5.030453732733674,
  "Preact-TodoMVC/Adding100Items/total": 42.75683424483316,
  "Preact-TodoMVC/CompletingAllItems/Async": 16.324229907711345,
  "Preact-TodoMVC/CompletingAllItems/Sync": 3.0202256168512776,
  "Preact-TodoMVC/CompletingAllItems/total": 19.35565281824646,
  "Preact-TodoMVC/DeletingItems/Async": 4.356628973820838,
  "Preact-TodoMVC/DeletingItems/Sync": 1.6653637167140527,
  "Preact-TodoMVC/DeletingItems/total": 6.032081142143776,
  "Preact-TodoMVC/total": 68.21368291892263,
  "React-Redux-TodoMVC/Adding100Items/Async": 34.94935800904093,
  "React-Redux-TodoMVC/Adding100Items/Sync": 146.74204648086257,
  "React-Redux-TodoMVC/Adding100Items/total": 182.55159207396986,
  "React-Redux-TodoMVC/CompletingAllItems/Async": 26.719928222712284,
  "React-Redux-TodoMVC/CompletingAllItems/Sync": 135.21591800858783,
  "React-Redux-TodoMVC/CompletingAllItems/total": 162.07235525168068,
  "React-Redux-TodoMVC/DeletingItems/Async": 4.695946855130197,
  "React-Redux-TodoMVC/DeletingItems/Sync": 100.07830247081802,
  "React-Redux-TodoMVC/DeletingItems/total": 105.23564510529881,
  "React-Redux-TodoMVC/total": 457.99117357976667,
  "React-TodoMVC/Adding100Items/Async": 34.526730628292405,
  "React-TodoMVC/Adding100Items/Sync": 121.72417162831529,
  "React-TodoMVC/Adding100Items/total": 157.1654103374434,
  "React-TodoMVC/CompletingAllItems/Async": 28.28282755370412,
  "React-TodoMVC/CompletingAllItems/Sync": 73.15827201351354,
  "React-TodoMVC/CompletingAllItems/total": 102.24270946067055,
  "React-TodoMVC/DeletingAllItems/Async": 3.5597867114066473,
  "React-TodoMVC/DeletingAllItems/Sync": 48.00203965435774,
  "React-TodoMVC/DeletingAllItems/total": 51.90619326104516,
  "React-TodoMVC/total": 317.4830180539173,
  "Vanilla-ES2015-Babel-Webpack-TodoMVC/Adding100Items/Async": 34.23623266188742,
  "Vanilla-ES2015-Babel-Webpack-TodoMVC/Adding100Items/Sync": 295.7486389503621,
  "Vanilla-ES2015-Babel-Webpack-TodoMVC/Adding100Items/total": 329.9993487655478,
  "Vanilla-ES2015-Babel-Webpack-TodoMVC/CompletingAllItems/Async": 27.10839649724793,
  "Vanilla-ES2015-Babel-Webpack-TodoMVC/CompletingAllItems/Sync": 64.25213487213746,
  "Vanilla-ES2015-Babel-Webpack-TodoMVC/CompletingAllItems/total": 91.7452640695162,
  "Vanilla-ES2015-Babel-Webpack-TodoMVC/DeletingItems/Async": 3.0668519434026944,
  "Vanilla-ES2015-Babel-Webpack-TodoMVC/DeletingItems/Sync": 40.04578711093315,
  "Vanilla-ES2015-Babel-Webpack-TodoMVC/DeletingItems/total": 43.18587466580606,
  "Vanilla-ES2015-Babel-Webpack-TodoMVC/total": 465.0919022253761,
  "Vanilla-ES2015-TodoMVC/Adding100Items/Async": 34.04796513825636,
  "Vanilla-ES2015-TodoMVC/Adding100Items/Sync": 299.25953428451163,
  "Vanilla-ES2015-TodoMVC/Adding100Items/total": 333.46260645679456,
  "Vanilla-ES2015-TodoMVC/CompletingAllItems/Async": 25.73667567482955,