{
  "browser-setup": 3.306413,
  "browser-tear_down": 0.244962,
  "probes-creation": 0.000218,
  "probes-setup": 0.000173,
  "probes-start": 8.3e-05,
  "run": 109.391109,
  "runner-cooldown": 2.002066
}