{
  "Angular2-TypeScript-TodoMVC/Adding100Items/Async": 31.157030460871912,
  "Angular2-TypeScript-TodoMVC/Adding100Items/Sync": 41.534173372624956,
  "Angular2-TypeScript-TodoMVC/Adding100Items/total": 72.72448729384739,
  "Angular2-TypeScript-TodoMVC/CompletingAllItems/Async": 12.82745274476309,
  "Angular2-TypeScript-TodoMVC/CompletingAllItems/Sync": 8.295710041560843,
  "Angular2-TypeScript-TodoMVC/CompletingAllItems/total": 21.125355546271887,
  "Angular2-TypeScript-TodoMVC/DeletingItems/Async": 2.605016463319926,
  "Angular2-TypeScript-TodoMVC/DeletingItems/Sync": 15.996974820784475,
  "Angular2-TypeScript-TodoMVC/DeletingItems/total": 18.603951564047495,
  "Angular2-TypeScript-TodoMVC/total": 112.46436257792145,
  "AngularJS-TodoMVC/Adding100Items/Async": 40.94368404347733,
  "AngularJS-TodoMVC/Adding100Items/Sync": 160.37280034903637,
  "AngularJS-TodoMVC/Adding100Items/total": 201.5829396305964,
  "AngularJS-TodoMVC/CompletingAllItems/Async": 25.50294953141028,
  "AngularJS-TodoMVC/CompletingAllItems/Sync": 58.90806854339578,
  "AngularJS-TodoMVC/CompletingAllItems/total": 84.90682960897968,
  "AngularJS-TodoMVC/DeletingAllItems/Async": 14.52993234487302,
  "AngularJS-TodoMVC/DeletingAllItems/Sync": 171.39579390179867,
  "AngularJS-TodoMVC/DeletingAllItems/total": 186.01858658277422,
  "AngularJS-TodoMVC/total": 478.3964234649259,
  "BackboneJS-TodoMVC/Adding100Items/Async": 36.31465827340381,
  "BackboneJS-TodoMVC/Adding100Items/Sync": 55.43579929832633,
  "BackboneJS-TodoMVC/Adding100Items/total": 91.77157701156965,
  "BackboneJS-TodoMVC/CompletingAllItems/Async": 27.871289788634442,
  "BackboneJS-TodoMVC/CompletingAllItems/Sync": 37.8837042989999,
  "BackboneJS-TodoMVC/CompletingAllItems/total": 65.7629880293722,
  "BackboneJS-TodoMVC/DeletingAllItems/Async": 3.1960756274584967,
  "BackboneJS-TodoMVC/DeletingAllItems/Sync": 25.68350123591856,
  "BackboneJS-TodoMVC/DeletingAllItems/total": 28.88425069710926,
  "BackboneJS-TodoMVC/total": 186.43668834971018,
  "Elm-TodoMVC/Adding100Items/Async": 46.25352050778043,
  "Elm-TodoMVC/Adding100Items/Sync": 93.87364067829827,
  "Elm-TodoMVC/Adding100Items/total": 140.83340630177165,
  "Elm-TodoMVC/CompletingAllItems/Async": 30.818519678632313,
  "Elm-TodoMVC/CompletingAllItems/Sync": 102.22496277882516,
  "Elm-TodoMVC/CompletingAllItems/total": 134.18868349772083,
  "Elm-TodoMVC/DeletingItems/Async": 9.434015428167042,
  "Elm-TodoMVC/DeletingItems/Sync": 108.31372440149917,
  "Elm-TodoMVC/DeletingItems/total": 118.22108421209647,
  "Elm-TodoMVC/total": 406.4502951557542,
  "EmberJS-Debug-TodoMVC/Adding100Items/Async": 38.615198067138074,
  "EmberJS-Debug-TodoMVC/Adding100Items/Sync": 407.0639199366188,
  "EmberJS-Debug-TodoMVC/Adding100Items/total": 445.69632649058735,
  "EmberJS-Debug-TodoMVC/CompletingAllItems/Async": 26.91752801092269,
  "EmberJS-Debug-TodoMVC/CompletingAllItems/Sync": 302.5765723181522,
  "EmberJS-Debug-TodoMVC/CompletingAllItems/total": 329.5735065830003,
  "EmberJS-Debug-TodoMVC/DeletingItems/Async": 6.3252899640971645,
  "EmberJS-Debug-TodoMVC/DeletingItems/Sync": 282.65620580130803,
  "EmberJS-Debug-TodoMVC/DeletingItems/total": 291.28563866552633,
  "EmberJS-Debug-TodoMVC/total": 1069.9344492335263,
  "EmberJS-TodoMVC/Adding100Items/Async": 33.98301231056648,
  "EmberJS-TodoMVC/Adding100Items/Sync": 148.5260896309811,
  "EmberJS-TodoMVC/Adding100Items/total": 182.78164018269567,
  "EmberJS-TodoMVC/CompletingAllItems/Async": 25.935447000470525,
  "EmberJS-TodoMVC/CompletingAllItems/Sync": 93.86954465438932,
  "EmberJS-TodoMVC/CompletingAllItems/total": 119.83184097728316,
  "EmberJS-TodoMVC/DeletingItems/Async": 3.1463790989123246,
  "EmberJS-TodoMVC/DeletingItems/Sync": 62.90862488119692,
  "EmberJS-TodoMVC/DeletingItems/total": 66.23235654538556,
  "EmberJS-TodoMVC/total": 369.70644813761714,
  "Flight-TodoMVC/Adding100Items/Async": 32.29537809695247,
  "Flight-TodoMVC/Adding100Items/Sync": 79.44979612572772,
  "Flight-TodoMVC/Adding100Items/total": 111.76026977974236,
  "Flight-TodoMVC/CompletingAllItems/Async": 24.71262759023954,
  "Flight-TodoMVC/CompletingAllItems/Sync": 85.90355877592334,
  "Flight-TodoMVC/CompletingAllItems/total": 110.62178969682628,
  "Flight-TodoMVC/DeletingItems/Async": 2.797210049804832,
  "Flight-TodoMVC/DeletingItems/Sync": 69.3963282062078,
  "Flight-TodoMVC/DeletingItems/total": 72.19670198615844,
  "Flight-TodoMVC/total": 294.5948323708941,
  "Inferno-TodoMVC/Adding100Items/Async": 38.1342736111261,
  "Inferno-TodoMVC/Adding100Items/Sync": 43.63787141784846,
  "Inferno-TodoMVC/Adding100Items/total": 81.88772101199481,
  "Inferno-TodoMVC/CompletingAllItems/Async": 7.4498514773727695,
  "Inferno-TodoMVC/CompletingAllItems/Sync": 94.80572041561166,
  "Inferno-TodoMVC/CompletingAllItems/total": 102.38627592745041,
  "Inferno-TodoMVC/DeletingItems/Async": 3.193629593413304,
  "Inferno-TodoMVC/DeletingItems/Sync": 204.04656233989874,
  "Inferno-TodoMVC/DeletingItems/total": 207.43777035582355,
  "Inferno-TodoMVC/total": 394.49389699689135,
  "Preact-TodoMVC/Adding100Items/Async": 36.690853488145564,
  "Preact-TodoMVC/Adding100Items/Sync": 4.849513330916118,
  "Preact-TodoMVC/Adding100Items/total": 41.54711310904545,
  "Preact-TodoMVC/CompletingAllItems/Async": 15.967137219147766,
  "Preact-TodoMVC/CompletingAllItems/Sync": 2.8417896973265693,
  "Preact-TodoMVC/CompletingAllItems/total": 18.829459451257303,
  "Preact-TodoMVC/DeletingItems/Async": 4.166817616024134,
  "Preact-TodoMVC/DeletingItems/Sync": 1.5872787298185533,
  "Preact-TodoMVC/DeletingItems/total": 5.762937348586099,
  "Preact-TodoMVC/total": 66.19723702240738,
  "React-Redux-TodoMVC/Adding100Items/Async": 33.036058967368845,
  "React-Redux-TodoMVC/Adding100Items/Sync": 128.22707123825631,
  "React-Redux-TodoMVC/Adding100Items/total": 161.30142505379072,
  "React-Redux-TodoMVC/CompletingAllItems/Async": 25.506282724851015,
  "React-Redux-TodoMVC/CompletingAllItems/Sync": 140.7412180127709,
  "React-Redux-TodoMVC/CompletingAllItems/total": 166.45862725779628,
  "React-Redux-TodoMVC/DeletingItems/Async": 4.838166735776294,
  "React-Redux-TodoMVC/DeletingItems/Sync": 104.18756387742131,
  "React-Redux-TodoMVC/DeletingItems/total": 109.40918011014786,
  "React-Redux-TodoMVC/total": 445.1821516077513,
  "React-TodoMVC/Adding100Items/Async": 34.37530591400362,
  "React-TodoMVC/Adding100Items/Sync": 104.15183197637472,
  "React-TodoMVC/Adding100Items/total": 138.54532655889375,
  "React-TodoMVC/CompletingAllItems/Async": 25.949223489430725,
  "React-TodoMVC/CompletingAllItems/Sync": 69.7233287919086,
  "React-TodoMVC/CompletingAllItems/total": 96.25788338599739,
  "React-TodoMVC/DeletingAllItems/Async": 2.974649133225431,
  "React-TodoMVC/DeletingAllItems/Sync": 45.21529969936591,
  "React-TodoMVC/DeletingAllItems/total": 48.338851257149436,
  "React-TodoMVC/total": 285.74728760214987,
  "Vanilla-ES2015-Babel-Webpack-TodoMVC/Adding100Items/Async": 33.98797897355405,
  "Vanilla-ES2015-Babel-Webpack-TodoMVC/Adding100Items/Sync": 294.1797579906783,
  "Vanilla-ES2015-Babel-Webpack-TodoMVC/Adding100Items/total": 328.1861661557704,
  "Vanilla-ES2015-Babel-Webpack-TodoMVC/CompletingAllItems/Async": 24.63342651030863,
  "Vanilla-ES2015-Babel-Webpack-TodoMVC/CompletingAllItems/Sync": 64.13082176733013,
  "Vanilla-ES2015-Babel-Webpack-TodoMVC/CompletingAllItems/total": 88.79833379716237,
  "Vanilla-ES2015-Babel-Webpack-TodoMVC/DeletingItems/Async": 2.857875414677973,
  "Vanilla-ES2015-Babel-Webpack-TodoMVC/DeletingItems/Sync": 40.113016590638225,
  "Vanilla-ES2015-Babel-Webpack-TodoMVC/DeletingItems/total": 42.973689004220525,
  "Vanilla-ES2015-Babel-Webpack-TodoMVC/total": 459.96767416559595,
  "Vanilla-ES2015-TodoMVC/Adding100Items/Async": 34.546983654298906,
  "Vanilla-ES2015-TodoMVC/Adding100Items/Sync": 319.36986490664896,
  "Vanilla-ES2015-TodoMVC/Adding100Items/total": 354.03778016743235,
  "Vanilla-ES2015-TodoMVC/CompletingAllItems/Async": 26.61948553221748,