{
  "browser-setup": 4.011045,
  "browser-tear_down": 0.332163,
  "probes-creation": 0.00012,
  "probes-setup": 9.8e-05,
  "probes-start": 5.4e-05,
  "run": 127.001759,
  "runner-cooldown": 2.00205
}