{
  "browser-setup": {
    "values": [
      3.292437,
      3.302872,
      3.275487,
      3.288231,
      3.274114,
      3.236276,
      3.281367,
      3.293394,
      3.299684,
      3.294673
    ],
    "min": 3.236276,
    "average": 3.2838535,
    "geomean": 3.283802226322593,
    "max": 3.302872,
    "stddev": 0.018297232420505526,
    "stddevPercent": 0.557187841068596
  },
  "browser-tear_down": {
    "values": [
      0.241084,
      0.299578,
      0.243903,
      0.284541,
      0.255443,
      0.231988,
      0.280198,
      0.291992,
      0.308075,
      0.227516
    ],
    "min": 0.227516,
    "average": 0.2664318,
    "geomean": 0.26492956187927214,
    "max": 0.308075,
    "stddev": 0.02824044663173725,
    "stddevPercent": 10.599502999167987
  },
  "probes-creation": {
    "values": [
      0.000221,
      0.000202,
      0.000231,
      0.000198,
      0.000215,
      0.000329,
      0.000227,
      0.000207,
      0.0002,
      0.000229
    ],
    "min": 0.000198,
    "average": 0.00022589999999999996,
    "geomean": 0.00022348670123694338,
    "max": 0.000329,
    "stddev": 3.631377149236911e-05,
    "stddevPercent": 16.07515338307619
  },
  "probes-setup": {
    "values": [
      0.00018,
      0.000163,
      0.000186,
      0.00016,
      0.000176,
      0.000152,
      0.000182,
      0.000169,
      0.000168,
      0.000296
    ],
    "min": 0.000152,
    "average": 0.00018319999999999998,
    "geomean": 0.00018001174328341512,
    "max": 0.000296,
    "stddev": 3.891991777997481e-05,
    "stddevPercent": 21.24449660478975
  },
  "probes-start": {
    "values": [
      7.8e-05,
      8.3e-05,
      8.1e-05,
      9e-05,
      8.1e-05,
      8.7e-05,
      8.3e-05,
      8e-05,
      8e-05,
      8e-05
    ],
    "min": 7.8e-05,
    "average": 8.23e-05,
    "geomean": 8.222904658819785e-05,
    "max": 9e-05,
    "stddev": 3.465544690232691e-06,
    "stddevPercent": 4.210868396394521
  },
  "run": {
    "values": [
      108.419638,
      110.263669,
      109.174477,
      111.927672,
      111.321164,
      109.042338,
      115.194171,
      109.419517,
      109.834961,
      109.917257
    ],
    "min": 108.419638,
    "average": 110.4514864,
    "geomean": 110.43592308522673,
    "max": 115.194171,
    "stddev": 1.8692009321929075,
    "stddevPercent": 1.6923275486068132
  },
  "runner-cooldown": {
    "values": [
      2.002436,
      2.002072,
      2.002291,
      2.00236,
      2.002073,
      2.002207,
      2.002425,
      2.002076,
      2.002068,
      2.002422
    ],
    "min": 2.002068,
    "average": 2.002243,
    "geomean": 2.002242994097675,
    "max": 2.002436,
    "stddev": 0.00015373938987777358,
    "stddevPercent": 0.0076783582151503885
  }
}