{
  "browser-setup": 3.276628,
  "browser-tear_down": 0.231065,
  "probes-creation": 0.000178,
  "probes-setup": 0.000159,
  "probes-start": 8.3e-05,
  "run": 108.831639,
  "runner-cooldown": 2.001847
}