{
  "Angular2-TypeScript-TodoMVC/Adding100Items/Async": 31.183601952013184,
  "Angular2-TypeScript-TodoMVC/Adding100Items/Sync": 41.84599932329521,
  "Angular2-TypeScript-TodoMVC/Adding100Items/total": 73.07300207538314,
  "Angular2-TypeScript-TodoMVC/CompletingAllItems/Async": 12.352303836455777,
  "Angular2-TypeScript-TodoMVC/CompletingAllItems/Sync": 8.292092958320627,
  "Angular2-TypeScript-TodoMVC/CompletingAllItems/total": 20.645095653260004,
  "Angular2-TypeScript-TodoMVC/DeletingItems/Async": 2.6769592118434478,
  "Angular2-TypeScript-TodoMVC/DeletingItems/Sync": 16.042719821227642,
  "Angular2-TypeScript-TodoMVC/DeletingItems/total": 18.731062132298963,
  "Angular2-TypeScript-TodoMVC/total": 112.46348146559843,
  "AngularJS-TodoMVC/Adding100Items/Async": 40.160338327206425,
  "AngularJS-TodoMVC/Adding100Items/Sync": 152.99883386935838,
  "AngularJS-TodoMVC/Adding100Items/total": 193.16135200433567,
  "AngularJS-TodoMVC/CompletingAllItems/Async": 24.34751338948467,
  "AngularJS-TodoMVC/CompletingAllItems/Sync": 54.09277006040612,
  "AngularJS-TodoMVC/CompletingAllItems/total": 78.5535570743222,
  "AngularJS-TodoMVC/DeletingAllItems/Async": 15.138937347538164,
  "AngularJS-TodoMVC/DeletingAllItems/Sync": 156.97854345263298,
  "AngularJS-TodoMVC/DeletingAllItems/total": 172.1972217286427,
  "AngularJS-TodoMVC/total": 443.97650321899033,
  "BackboneJS-TodoMVC/Adding100Items/Async": 39.86042439437146,
  "BackboneJS-TodoMVC/Adding100Items/Sync": 53.62751457903907,
  "BackboneJS-TodoMVC/Adding100Items/total": 93.68690705445634,
  "BackboneJS-TodoMVC/CompletingAllItems/Async": 32.39992446101511,
  "BackboneJS-TodoMVC/CompletingAllItems/Sync": 36.58506906946852,
  "BackboneJS-TodoMVC/CompletingAllItems/total": 69.88104857815156,
  "BackboneJS-TodoMVC/DeletingAllItems/Async": 4.392894886897284,
  "BackboneJS-TodoMVC/DeletingAllItems/Sync": 24.99745897615504,
  "BackboneJS-TodoMVC/DeletingAllItems/total": 29.803192518494043,
  "BackboneJS-TodoMVC/total": 193.843519888984,
  "Elm-TodoMVC/Adding100Items/Async": 46.73669015513475,
  "Elm-TodoMVC/Adding100Items/Sync": 86.24273678464067,
  "Elm-TodoMVC/Adding100Items/total": 133.0419571511097,
  "Elm-TodoMVC/CompletingAllItems/Async": 29.248178483803436,
  "Elm-TodoMVC/CompletingAllItems/Sync": 82.24342301601206,
  "Elm-TodoMVC/CompletingAllItems/total": 111.5187501331204,
  "Elm-TodoMVC/DeletingItems/Async": 8.683349965072347,
  "Elm-TodoMVC/DeletingItems/Sync": 98.41907350166075,
  "Elm-TodoMVC/DeletingItems/total": 107.20101464637358,
  "Elm-TodoMVC/total": 351.780717829767,
  "EmberJS-Debug-TodoMVC/Adding100Items/Async": 44.84125094491924,
  "EmberJS-Debug-TodoMVC/Adding100Items/Sync": 728.6713324334066,
  "EmberJS-Debug-TodoMVC/Adding100Items/total": 774.1865666198116,
  "EmberJS-Debug-TodoMVC/CompletingAllItems/Async": 33.76015979730693,
  "EmberJS-Debug-TodoMVC/CompletingAllItems/Sync": 302.9794337404916,
  "EmberJS-Debug-TodoMVC/CompletingAllItems/total": 336.86947422039214,
  "EmberJS-Debug-TodoMVC/DeletingItems/Async": 9.186187920174701,
  "EmberJS-Debug-TodoMVC/DeletingItems/Sync": 281.0626622839895,
  "EmberJS-Debug-TodoMVC/DeletingItems/total": 290.87324498567295,
  "EmberJS-Debug-TodoMVC/total": 1408.40099794677,
  "EmberJS-TodoMVC/Adding100Items/Async": 33.34003231964883,
  "EmberJS-TodoMVC/Adding100Items/Sync": 147.356472638005,
  "EmberJS-TodoMVC/Adding100Items/total": 180.83500526898746,
  "EmberJS-TodoMVC/CompletingAllItems/Async": 27.9245482554582,
  "EmberJS-TodoMVC/CompletingAllItems/Sync": 108.47266533177906,
  "EmberJS-TodoMVC/CompletingAllItems/total": 136.72591014978926,
  "EmberJS-TodoMVC/DeletingItems/Async": 3.5495941502893364,
  "EmberJS-TodoMVC/DeletingItems/Sync": 74.67536559740084,
  "EmberJS-TodoMVC/DeletingItems/total": 78.27497830166865,
  "EmberJS-TodoMVC/total": 397.1303592420629,
  "Flight-TodoMVC/Adding100Items/Async": 32.571160099730605,
  "Flight-TodoMVC/Adding100Items/Sync": 77.39865493483802,
  "Flight-TodoMVC/Adding100Items/total": 109.98912610033237,
  "Flight-TodoMVC/CompletingAllItems/Async": 24.631513329861914,
  "Flight-TodoMVC/CompletingAllItems/Sync": 84.70817331623641,
  "Flight-TodoMVC/CompletingAllItems/total": 109.34239655678822,
  "Flight-TodoMVC/DeletingItems/Async": 3.332339271337292,
  "Flight-TodoMVC/DeletingItems/Sync": 69.3040131738835,
  "Flight-TodoMVC/DeletingItems/total": 72.68904218344808,
  "Flight-TodoMVC/total": 292.02715007440025,
  "Inferno-TodoMVC/Adding100Items/Async": 37.443522200661754,
  "Inferno-TodoMVC/Adding100Items/Sync": 44.70307891726633,
  "Inferno-TodoMVC/Adding100Items/total": 82.20525795643594,
  "Inferno-TodoMVC/CompletingAllItems/Async": 6.312747956206173,
  "Inferno-TodoMVC/CompletingAllItems/Sync": 84.07196899939116,
  "Inferno-TodoMVC/CompletingAllItems/total": 90.39052009753443,
  "Inferno-TodoMVC/DeletingItems/Async": 3.2173073488240878,
  "Inferno-TodoMVC/DeletingItems/Sync": 199.43282942738418,
  "Inferno-TodoMVC/DeletingItems/total": 202.68533374212132,
  "Inferno-TodoMVC/total": 375.31649620543794,
  "Preact-TodoMVC/Adding100Items/Async": 36.48614821190956,
  "Preact-TodoMVC/Adding100Items/Sync": 4.820578029468607,
  "Preact-TodoMVC/Adding100Items/total": 41.311448033780664,
  "Preact-TodoMVC/CompletingAllItems/Async": 16.648269563767705,
  "Preact-TodoMVC/CompletingAllItems/Sync": 2.813052320021896,
  "Preact-TodoMVC/CompletingAllItems/total": 19.483566990044526,
  "Preact-TodoMVC/DeletingItems/Async": 4.547936655667758,
  "Preact-TodoMVC/DeletingItems/Sync": 1.464010755132759,
  "Preact-TodoMVC/DeletingItems/total": 6.024926769546713,
  "Preact-TodoMVC/total": 66.98594857173978,
  "React-Redux-TodoMVC/Adding100Items/Async": 32.298131512596306,
  "React-Redux-TodoMVC/Adding100Items/Sync": 135.7500979453097,
  "React-Redux-TodoMVC/Adding100Items/total": 168.2430694487379,
  "React-Redux-TodoMVC/CompletingAllItems/Async": 27.150979486259423,
  "React-Redux-TodoMVC/CompletingAllItems/Sync": 138.21428204319673,
  "React-Redux-TodoMVC/CompletingAllItems/total": 165.6005322177305,
  "React-Redux-TodoMVC/DeletingItems/Async": 3.5634658995473263,
  "React-Redux-TodoMVC/DeletingItems/Sync": 99.83575900553222,
  "React-Redux-TodoMVC/DeletingItems/total": 103.5382406917934,
  "React-Redux-TodoMVC/total": 438.7923889158419,
  "React-TodoMVC/Adding100Items/Async": 33.928359188991074,
  "React-TodoMVC/Adding100Items/Sync": 108.6007843934644,
  "React-TodoMVC/Adding100Items/total": 142.70402109567993,
  "React-TodoMVC/CompletingAllItems/Async": 27.34740122892665,
  "React-TodoMVC/CompletingAllItems/Sync": 62.33804235389672,
  "React-TodoMVC/CompletingAllItems/total": 89.70360331170338,
  "React-TodoMVC/DeletingAllItems/Async": 2.837981390476712,
  "React-TodoMVC/DeletingAllItems/Sync": 47.2702790909534,
  "React-TodoMVC/DeletingAllItems/total": 50.140753482545676,
  "React-TodoMVC/total": 282.88805064667923,
  "Vanilla-ES2015-Babel-Webpack-TodoMVC/Adding100Items/Async": 34.125394628095265,
  "Vanilla-ES2015-Babel-Webpack-TodoMVC/Adding100Items/Sync": 290.1113294517645,
  "Vanilla-ES2015-Babel-Webpack-TodoMVC/Adding100Items/total": 324.3042640002547,
  "Vanilla-ES2015-Babel-Webpack-TodoMVC/CompletingAllItems/Async": 26.664565066507656,
  "Vanilla-ES2015-Babel-Webpack-TodoMVC/CompletingAllItems/Sync": 63.542243571931955,
  "Vanilla-ES2015-Babel-Webpack-TodoMVC/CompletingAllItems/total": 90.25271522517012,
  "Vanilla-ES2015-Babel-Webpack-TodoMVC/DeletingItems/Async": 3.0491508800396803,
  "Vanilla-ES2015-Babel-Webpack-TodoMVC/DeletingItems/Sync": 39.79607425457908,
  "Vanilla-ES2015-Babel-Webpack-TodoMVC/DeletingItems/total": 42.87814713711603,
  "Vanilla-ES2015-Babel-Webpack-TodoMVC/total": 457.45500478288324,
  "Vanilla-ES2015-TodoMVC/Adding100Items/Async": 34.05632203568827,
  "Vanilla-ES2015-TodoMVC/Adding100Items/Sync": 293.59507503326824,
  "Vanilla-ES2015-TodoMVC/Adding100Items/total": 327.6981124313904,
  "Vanilla-ES2015-TodoMVC/CompletingAllItems/Async": 26.023204395474256,