{
  "browser-setup": 3.274114,
  "browser-tear_down": 0.255443,
  "probes-creation": 0.000215,
  "probes-setup": 0.000176,
  "probes-start": 8.1e-05,
  "run": 111.321164,
  "runner-cooldown": 2.002073
}