{
  "Angular2-TypeScript-TodoMVC/Adding100Items/Async": 31.324867815846567,
  "Angular2-TypeScript-TodoMVC/Adding100Items/Sync": 41.923766441832214,
  "Angular2-TypeScript-TodoMVC/Adding100Items/total": 73.28041575460104,
  "Angular2-TypeScript-TodoMVC/CompletingAllItems/Async": 13.489888483427686,
  "Angular2-TypeScript-TodoMVC/CompletingAllItems/Sync": 8.13644879266943,
  "Angular2-TypeScript-TodoMVC/CompletingAllItems/total": 21.69188512216536,
  "Angular2-TypeScript-TodoMVC/DeletingItems/Async": 2.72952282164495,
  "Angular2-TypeScript-TodoMVC/DeletingItems/Sync": 16.96071286344948,
  "Angular2-TypeScript-TodoMVC/DeletingItems/total": 19.694090102606136,
  "Angular2-TypeScript-TodoMVC/total": 114.89103608706162,
  "AngularJS-TodoMVC/Adding100Items/Async": 40.48312029095554,
  "AngularJS-TodoMVC/Adding100Items/Sync": 154.1869786984979,
  "AngularJS-TodoMVC/Adding100Items/total": 194.67575377374246,
  "AngularJS-TodoMVC/CompletingAllItems/Async": 23.966013409712865,
  "AngularJS-TodoMVC/CompletingAllItems/Sync": 55.603927706509324,
  "AngularJS-TodoMVC/CompletingAllItems/total": 79.67172628527085,
  "AngularJS-TodoMVC/DeletingAllItems/Async": 13.553634449481558,
  "AngularJS-TodoMVC/DeletingAllItems/Sync": 158.8500947150138,
  "AngularJS-TodoMVC/DeletingAllItems/total": 172.4138677520562,
  "AngularJS-TodoMVC/total": 446.8420333988239,
  "BackboneJS-TodoMVC/Adding100Items/Async": 40.653315338550556,
  "BackboneJS-TodoMVC/Adding100Items/Sync": 54.486985436261634,
  "BackboneJS-TodoMVC/Adding100Items/total": 95.26481274180449,
  "BackboneJS-TodoMVC/CompletingAllItems/Async": 30.133350333451812,
  "BackboneJS-TodoMVC/CompletingAllItems/Sync": 37.14237889049396,
  "BackboneJS-TodoMVC/CompletingAllItems/total": 67.39649730324706,
  "BackboneJS-TodoMVC/DeletingAllItems/Async": 4.872672486720849,
  "BackboneJS-TodoMVC/DeletingAllItems/Sync": 25.602545250613012,
  "BackboneJS-TodoMVC/DeletingAllItems/total": 30.884636008372578,
  "BackboneJS-TodoMVC/total": 193.6298993514604,
  "Elm-TodoMVC/Adding100Items/Async": 47.27994732989357,
  "Elm-TodoMVC/Adding100Items/Sync": 86.46069132922953,
  "Elm-TodoMVC/Adding100Items/total": 133.8672605830097,
  "Elm-TodoMVC/CompletingAllItems/Async": 29.918744457605055,
  "Elm-TodoMVC/CompletingAllItems/Sync": 81.77056416243292,
  "Elm-TodoMVC/CompletingAllItems/total": 111.7321412125138,
  "Elm-TodoMVC/DeletingItems/Async": 8.294590810093935,
  "Elm-TodoMVC/DeletingItems/Sync": 100.124713414026,
  "Elm-TodoMVC/DeletingItems/total": 108.46049191198856,
  "Elm-TodoMVC/total": 354.1235189808547,
  "EmberJS-Debug-TodoMVC/Adding100Items/Async": 45.091848235404036,
  "EmberJS-Debug-TodoMVC/Adding100Items/Sync": 729.9607792010047,
  "EmberJS-Debug-TodoMVC/Adding100Items/total": 775.7429225387046,
  "EmberJS-Debug-TodoMVC/CompletingAllItems/Async": 33.500657281205854,
  "EmberJS-Debug-TodoMVC/CompletingAllItems/Sync": 303.16907852936856,
  "EmberJS-Debug-TodoMVC/CompletingAllItems/total": 336.88210756314305,
  "EmberJS-Debug-TodoMVC/DeletingItems/Async": 8.133448662813159,
  "EmberJS-Debug-TodoMVC/DeletingItems/Sync": 284.4257339576747,
  "EmberJS-Debug-TodoMVC/DeletingItems/total": 292.9754543333341,
  "EmberJS-Debug-TodoMVC/total": 1412.2439933438015,
  "EmberJS-TodoMVC/Adding100Items/Async": 33.99025246869436,
  "EmberJS-TodoMVC/Adding100Items/Sync": 151.49888229908316,
  "EmberJS-TodoMVC/Adding100Items/total": 185.5729121644879,
  "EmberJS-TodoMVC/CompletingAllItems/Async": 28.484743545384323,
  "EmberJS-TodoMVC/CompletingAllItems/Sync": 108.96357923049264,
  "EmberJS-TodoMVC/CompletingAllItems/total": 137.88047870330985,
  "EmberJS-TodoMVC/DeletingItems/Async": 2.9209808399032724,
  "EmberJS-TodoMVC/DeletingItems/Sync": 73.25875326212248,
  "EmberJS-TodoMVC/DeletingItems/total": 76.19026397118812,
  "EmberJS-TodoMVC/total": 401.0923993068162,
  "Flight-TodoMVC/Adding100Items/Async": 32.70794904090073,
  "Flight-TodoMVC/Adding100Items/Sync": 78.2070231939907,
  "Flight-TodoMVC/Adding100Items/total": 110.92288299541165,
  "Flight-TodoMVC/CompletingAllItems/Async": 25.2040054006276,
  "Flight-TodoMVC/CompletingAllItems/Sync": 85.6053671741769,
  "Flight-TodoMVC/CompletingAllItems/total": 110.8610824553845,
  "Flight-TodoMVC/DeletingItems/Async": 2.748817156258853,
  "Flight-TodoMVC/DeletingItems/Sync": 69.58832665515328,
  "Flight-TodoMVC/DeletingItems/total": 72.33832468367453,
  "Flight-TodoMVC/total": 294.1389343607774,
  "Inferno-TodoMVC/Adding100Items/Async": 38.39015217373887,
  "Inferno-TodoMVC/Adding100Items/Sync": 43.91904572117408,
  "Inferno-TodoMVC/Adding100Items/total": 82.37901257964192,
  "Inferno-TodoMVC/CompletingAllItems/Async": 6.21122135674484,
  "Inferno-TodoMVC/CompletingAllItems/Sync": 85.0780819245729,
  "Inferno-TodoMVC/CompletingAllItems/total": 91.30325073640226,
  "Inferno-TodoMVC/DeletingItems/Async": 2.6868999617432126,
  "Inferno-TodoMVC/DeletingItems/Sync": 201.04814077194305,
  "Inferno-TodoMVC/DeletingItems/total": 203.737925042465,
  "Inferno-TodoMVC/total": 377.4995902078957,
  "Preact-TodoMVC/Adding100Items/Async": 37.41739946904626,
  "Preact-TodoMVC/Adding100Items/Sync": 4.864742689797692,
  "Preact-TodoMVC/Adding100Items/total": 42.28736233702883,
  "Preact-TodoMVC/CompletingAllItems/Async": 18.24794917388701,
  "Preact-TodoMVC/CompletingAllItems/Sync": 2.9375647199408754,
  "Preact-TodoMVC/CompletingAllItems/total": 21.232401936353103,
  "Preact-TodoMVC/DeletingItems/Async": 4.559429551865014,
  "Preact-TodoMVC/DeletingItems/Sync": 1.5645130597901336,
  "Preact-TodoMVC/DeletingItems/total": 6.135199948818853,
  "Preact-TodoMVC/total": 69.97398366905743,
  "React-Redux-TodoMVC/Adding100Items/Async": 33.40171155692807,
  "React-Redux-TodoMVC/Adding100Items/Sync": 132.60429696042635,
  "React-Redux-TodoMVC/Adding100Items/total": 166.06604775553893,
  "React-Redux-TodoMVC/CompletingAllItems/Async": 26.769249119213967,
  "React-Redux-TodoMVC/CompletingAllItems/Sync": 143.2724766889155,
  "React-Redux-TodoMVC/CompletingAllItems/total": 170.2904521245854,
  "React-Redux-TodoMVC/DeletingItems/Async": 2.9202567566863173,
  "React-Redux-TodoMVC/DeletingItems/Sync": 101.73776528919433,
  "React-Redux-TodoMVC/DeletingItems/total": 104.7655930692861,
  "React-Redux-TodoMVC/total": 442.7170488566918,
  "React-TodoMVC/Adding100Items/Async": 34.642785465771276,
  "React-TodoMVC/Adding100Items/Sync": 110.51195292225532,
  "React-TodoMVC/Adding100Items/total": 145.39545066255292,
  "React-TodoMVC/CompletingAllItems/Async": 27.30731737251378,
  "React-TodoMVC/CompletingAllItems/Sync": 64.22334959013118,
  "React-TodoMVC/CompletingAllItems/total": 91.61846551209455,
  "React-TodoMVC/DeletingAllItems/Async": 2.6387947335821185,
  "React-TodoMVC/DeletingAllItems/Sync": 46.39516789547886,
  "React-TodoMVC/DeletingAllItems/total": 49.04086161766201,
  "React-TodoMVC/total": 286.2923993476742,
  "Vanilla-ES2015-Babel-Webpack-TodoMVC/Adding100Items/Async": 35.251869013298936,
  "Vanilla-ES2015-Babel-Webpack-TodoMVC/Adding100Items/Sync": 297.8994900644855,
  "Vanilla-ES2015-Babel-Webpack-TodoMVC/Adding100Items/total": 333.166571731504,
  "Vanilla-ES2015-Babel-Webpack-TodoMVC/CompletingAllItems/Async": 26.36082045585541,
  "Vanilla-ES2015-Babel-Webpack-TodoMVC/CompletingAllItems/Sync": 65.47065617894536,
  "Vanilla-ES2015-Babel-Webpack-TodoMVC/CompletingAllItems/total": 91.84204148321649,
  "Vanilla-ES2015-Babel-Webpack-TodoMVC/DeletingItems/Async": 2.7866273258045373,
  "Vanilla-ES2015-Babel-Webpack-TodoMVC/DeletingItems/Sync": 41.32888454971463,
  "Vanilla-ES2015-Babel-Webpack-TodoMVC/DeletingItems/total": 44.11843160293536,
  "Vanilla-ES2015-Babel-Webpack-TodoMVC/total": 469.1616994616029,
  "Vanilla-ES2015-TodoMVC/Adding100Items/Async": 34.742255381051535,
  "Vanilla-ES2015-TodoMVC/Adding100Items/Sync": 302.5226592671369,
  "Vanilla-ES2015-TodoMVC/Adding100Items/total": 337.28770850726943,
  "Vanilla-ES2015-TodoMVC/CompletingAllItems/Async": 26.326035400628136,