{
  "browser-setup": 3.90469,
  "browser-tear_down": 0.242276,
  "probes-creation": 0.000142,
  "probes-setup": 0.000114,
  "probes-start": 5.4e-05,
  "run": 126.294884,
  "runner-cooldown": 2.002056
}