{
  "Angular2-TypeScript-TodoMVC/Adding100Items/Async": 37.27709304792255,
  "Angular2-TypeScript-TodoMVC/Adding100Items/Sync": 54.292602310122724,
  "Angular2-TypeScript-TodoMVC/Adding100Items/total": 91.61099080017442,
  "Angular2-TypeScript-TodoMVC/CompletingAllItems/Async": 15.166222421660395,
  "Angular2-TypeScript-TodoMVC/CompletingAllItems/Sync": 9.962595035775424,
  "Angular2-TypeScript-TodoMVC/CompletingAllItems/total": 25.235500505929263,
  "Angular2-TypeScript-TodoMVC/DeletingItems/Async": 3.4945621003515304,
  "Angular2-TypeScript-TodoMVC/DeletingItems/Sync": 17.504984810210512,
  "Angular2-TypeScript-TodoMVC/DeletingItems/total": 21.008843018329486,
  "Angular2-TypeScript-TodoMVC/total": 138.04539019555608,
  "AngularJS-TodoMVC/Adding100Items/Async": 52.31997351817126,
  "AngularJS-TodoMVC/Adding100Items/Sync": 222.5675244845117,
  "AngularJS-TodoMVC/Adding100Items/total": 275.32915011522437,
  "AngularJS-TodoMVC/CompletingAllItems/Async": 32.308131229457544,
  "AngularJS-TodoMVC/CompletingAllItems/Sync": 68.34676607752009,
  "AngularJS-TodoMVC/CompletingAllItems/total": 101.0107587785332,
  "AngularJS-TodoMVC/DeletingAllItems/Async": 15.971905156452642,
  "AngularJS-TodoMVC/DeletingAllItems/Sync": 282.68434756267686,
  "AngularJS-TodoMVC/DeletingAllItems/total": 298.8232010150744,
  "AngularJS-TodoMVC/total": 684.4646392984404,
  "BackboneJS-TodoMVC/Adding100Items/Async": 43.448648381775506,
  "BackboneJS-TodoMVC/Adding100Items/Sync": 70.15890700150128,
  "BackboneJS-TodoMVC/Adding100Items/total": 113.62036451251778,
  "BackboneJS-TodoMVC/CompletingAllItems/Async": 33.02856380754901,
  "BackboneJS-TodoMVC/CompletingAllItems/Sync": 45.753123661340666,
  "BackboneJS-TodoMVC/CompletingAllItems/total": 78.78350761743086,
  "BackboneJS-TodoMVC/DeletingAllItems/Async": 4.896588635379949,
  "BackboneJS-TodoMVC/DeletingAllItems/Sync": 29.152404698422703,
  "BackboneJS-TodoMVC/DeletingAllItems/total": 34.0877843581324,
  "BackboneJS-TodoMVC/total": 226.52167646343582,
  "Elm-TodoMVC/Adding100Items/Async": 51.7502996350648,
  "Elm-TodoMVC/Adding100Items/Sync": 132.3404511590123,
  "Elm-TodoMVC/Adding100Items/total": 184.74542045770593,
  "Elm-TodoMVC/CompletingAllItems/Async": 34.89671625170194,
  "Elm-TodoMVC/CompletingAllItems/Sync": 134.0870341775821,
  "Elm-TodoMVC/CompletingAllItems/total": 169.91016753047035,
  "Elm-TodoMVC/DeletingItems/Async": 10.277189966476195,
  "Elm-TodoMVC/DeletingItems/Sync": 137.44967805914231,
  "Elm-TodoMVC/DeletingItems/total": 148.04509172904932,
  "Elm-TodoMVC/total": 511.43842820757027,
  "EmberJS-Debug-TodoMVC/Adding100Items/Async": 46.46810167368998,
  "EmberJS-Debug-TodoMVC/Adding100Items/Sync": 561.4373089071603,
  "EmberJS-Debug-TodoMVC/Adding100Items/total": 607.9428249867666,
  "EmberJS-Debug-TodoMVC/CompletingAllItems/Async": 30.39839313153052,
  "EmberJS-Debug-TodoMVC/CompletingAllItems/Sync": 379.34341296236096,
  "EmberJS-Debug-TodoMVC/CompletingAllItems/total": 409.85525096305054,
  "EmberJS-Debug-TodoMVC/DeletingItems/Async": 9.083597346708396,
  "EmberJS-Debug-TodoMVC/DeletingItems/Sync": 386.51179499078887,
  "EmberJS-Debug-TodoMVC/DeletingItems/total": 397.3815389610835,
  "EmberJS-Debug-TodoMVC/total": 1421.7796347054673,
  "EmberJS-TodoMVC/Adding100Items/Async": 48.64080526160304,
  "EmberJS-TodoMVC/Adding100Items/Sync": 218.2543643599945,
  "EmberJS-TodoMVC/Adding100Items/total": 267.3693191107625,
  "EmberJS-TodoMVC/CompletingAllItems/Async": 35.531746613116155,
  "EmberJS-TodoMVC/CompletingAllItems/Sync": 119.9429512122643,
  "EmberJS-TodoMVC/CompletingAllItems/total": 155.78140707306775,
  "EmberJS-TodoMVC/DeletingItems/Async": 4.665873659819031,
  "EmberJS-TodoMVC/DeletingItems/Sync": 82.69156308619365,
  "EmberJS-TodoMVC/DeletingItems/total": 87.68151605458375,
  "EmberJS-TodoMVC/total": 513.2605373940792,
  "Flight-TodoMVC/Adding100Items/Async": 39.068036205453716,
  "Flight-TodoMVC/Adding100Items/Sync": 96.20981279140085,
  "Flight-TodoMVC/Adding100Items/total": 135.28633171621016,
  "Flight-TodoMVC/CompletingAllItems/Async": 28.87699811779262,
  "Flight-TodoMVC/CompletingAllItems/Sync": 105.14197849998008,
  "Flight-TodoMVC/CompletingAllItems/total": 134.03094721476785,
  "Flight-TodoMVC/DeletingItems/Async": 3.7373330763318453,
  "Flight-TodoMVC/DeletingItems/Sync": 87.93444978098324,
  "Flight-TodoMVC/DeletingItems/total": 91.67312013888733,
  "Flight-TodoMVC/total": 361.0199548703031,
  "Inferno-TodoMVC/Adding100Items/Async": 43.794047084042525,
  "Inferno-TodoMVC/Adding100Items/Sync": 49.57695878097662,
  "Inferno-TodoMVC/Adding100Items/total": 93.45257414816204,
  "Inferno-TodoMVC/CompletingAllItems/Async": 9.6742203067142,
  "Inferno-TodoMVC/CompletingAllItems/Sync": 108.15635029159881,
  "Inferno-TodoMVC/CompletingAllItems/total": 118.45596424680501,
  "Inferno-TodoMVC/DeletingItems/Async": 3.4657205646834326,
  "Inferno-TodoMVC/DeletingItems/Sync": 234.86440110602976,
  "Inferno-TodoMVC/DeletingItems/total": 238.33506438235253,
  "Inferno-TodoMVC/total": 450.52620456157587,
  "Preact-TodoMVC/Adding100Items/Async": 42.96296924913206,
  "Preact-TodoMVC/Adding100Items/Sync": 6.23306239390773,
  "Preact-TodoMVC/Adding100Items/total": 49.19758630960488,
  "Preact-TodoMVC/CompletingAllItems/Async": 30.82712512138705,
  "Preact-TodoMVC/CompletingAllItems/Sync": 3.831632233382276,
  "Preact-TodoMVC/CompletingAllItems/total": 34.66430967989117,
  "Preact-TodoMVC/DeletingItems/Async": 7.648260686975219,
  "Preact-TodoMVC/DeletingItems/Sync": 1.9799214742498155,
  "Preact-TodoMVC/DeletingItems/total": 9.641622122097944,
  "Preact-TodoMVC/total": 93.51008922023763,
  "React-Redux-TodoMVC/Adding100Items/Async": 42.90625097469998,
  "React-Redux-TodoMVC/Adding100Items/Sync": 177.28979505303616,
  "React-Redux-TodoMVC/Adding100Items/total": 220.2545418463978,
  "React-Redux-TodoMVC/CompletingAllItems/Async": 29.225294183868886,
  "React-Redux-TodoMVC/CompletingAllItems/Sync": 179.83951633504404,
  "React-Redux-TodoMVC/CompletingAllItems/total": 209.32254885882207,
  "React-Redux-TodoMVC/DeletingItems/Async": 4.915669968946281,
  "React-Redux-TodoMVC/DeletingItems/Sync": 121.62357031165472,
  "React-Redux-TodoMVC/DeletingItems/total": 126.96166735680222,
  "React-Redux-TodoMVC/total": 562.9139729316207,
  "React-TodoMVC/Adding100Items/Async": 43.27392784812602,
  "React-TodoMVC/Adding100Items/Sync": 135.4742569190475,
  "React-TodoMVC/Adding100Items/total": 178.8389655705711,
  "React-TodoMVC/CompletingAllItems/Async": 31.193746353637046,
  "React-TodoMVC/CompletingAllItems/Sync": 93.01006793107815,
  "React-TodoMVC/CompletingAllItems/total": 124.99707882719203,
  "React-TodoMVC/DeletingAllItems/Async": 3.9395248638670313,
  "React-TodoMVC/DeletingAllItems/Sync": 56.19209915087065,
  "React-TodoMVC/DeletingAllItems/total": 60.35967282667025,
  "React-TodoMVC/total": 367.5345868857729,
  "Vanilla-ES2015-Babel-Webpack-TodoMVC/Adding100Items/Async": 37.808694898385795,
  "Vanilla-ES2015-Babel-Webpack-TodoMVC/Adding100Items/Sync": 324.5309370487263,
  "Vanilla-ES2015-Babel-Webpack-TodoMVC/Adding100Items/total": 362.4082714337529,
  "Vanilla-ES2015-Babel-Webpack-TodoMVC/CompletingAllItems/Async": 28.472850306917643,
  "Vanilla-ES2015-Babel-Webpack-TodoMVC/CompletingAllItems/Sync": 72.70917033629983,
  "Vanilla-ES2015-Babel-Webpack-TodoMVC/CompletingAllItems/total": 101.19813993593996,
  "Vanilla-ES2015-Babel-Webpack-TodoMVC/DeletingItems/Async": 4.211765264577713,
  "Vanilla-ES2015-Babel-Webpack-TodoMVC/DeletingItems/Sync": 45.88641977516925,
  "Vanilla-ES2015-Babel-Webpack-TodoMVC/DeletingItems/total": 50.26536257915613,
  "Vanilla-ES2015-Babel-Webpack-TodoMVC/total": 513.935100028838,
  "Vanilla-ES2015-TodoMVC/Adding100Items/Async": 37.533673752208706,
  "Vanilla-ES2015-TodoMVC/Adding100Items/Sync": 333.3404537648891,
  "Vanilla-ES2015-TodoMVC/Adding100Items/total": 370.95294578518076,
  "Vanilla-ES2015-TodoMVC/CompletingAllItems/Async": 30.283598998915135,