{
  "browser-setup": 3.977723,
  "browser-tear_down": 0.227441,
  "probes-creation": 0.00012,
  "probes-setup": 9.9e-05,
  "probes-start": 5.4e-05,
  "run": 126.295744,
  "runner-cooldown": 2.002048
}