{
  "browser-setup": 3.317215,
  "browser-tear_down": 0.236222,
  "probes-creation": 0.000204,
  "probes-setup": 0.000305,
  "probes-start": 0.000101,
  "run": 108.613033,
  "runner-cooldown": 2.000942
}