{
  "Angular2-TypeScript-TodoMVC/Adding100Items/Async": 31.576018120327184,
  "Angular2-TypeScript-TodoMVC/Adding100Items/Sync": 42.06165449881277,
  "Angular2-TypeScript-TodoMVC/Adding100Items/total": 73.67552269304241,
  "Angular2-TypeScript-TodoMVC/CompletingAllItems/Async": 12.9482857371118,
  "Angular2-TypeScript-TodoMVC/CompletingAllItems/Sync": 8.496490216496866,
  "Angular2-TypeScript-TodoMVC/CompletingAllItems/total": 21.446716655818488,
  "Angular2-TypeScript-TodoMVC/DeletingItems/Async": 2.7399191843004047,
  "Angular2-TypeScript-TodoMVC/DeletingItems/Sync": 16.401299758215362,
  "Angular2-TypeScript-TodoMVC/DeletingItems/total": 19.15001472395297,
  "Angular2-TypeScript-TodoMVC/total": 114.29355861930658,
  "AngularJS-TodoMVC/Adding100Items/Async": 40.86444718542827,
  "AngularJS-TodoMVC/Adding100Items/Sync": 155.71859460450906,
  "AngularJS-TodoMVC/Adding100Items/total": 196.6269759706968,
  "AngularJS-TodoMVC/CompletingAllItems/Async": 24.434644658149377,
  "AngularJS-TodoMVC/CompletingAllItems/Sync": 54.517520118958124,
  "AngularJS-TodoMVC/CompletingAllItems/total": 79.05814174250483,
  "AngularJS-TodoMVC/DeletingAllItems/Async": 15.149423443536781,
  "AngularJS-TodoMVC/DeletingAllItems/Sync": 169.58802772447817,
  "AngularJS-TodoMVC/DeletingAllItems/total": 184.81632923201684,
  "AngularJS-TodoMVC/total": 461.6829735009196,
  "BackboneJS-TodoMVC/Adding100Items/Async": 37.22457421001033,
  "BackboneJS-TodoMVC/Adding100Items/Sync": 56.238641716623924,
  "BackboneJS-TodoMVC/Adding100Items/total": 93.47793899397695,
  "BackboneJS-TodoMVC/CompletingAllItems/Async": 27.95906521052523,
  "BackboneJS-TodoMVC/CompletingAllItems/Sync": 39.66816208098999,
  "BackboneJS-TodoMVC/CompletingAllItems/total": 67.74167300639262,
  "BackboneJS-TodoMVC/DeletingAllItems/Async": 3.3411639560653073,
  "BackboneJS-TodoMVC/DeletingAllItems/Sync": 30.54366028442185,
  "BackboneJS-TodoMVC/DeletingAllItems/total": 34.02104527226474,
  "BackboneJS-TodoMVC/total": 198.2120539475756,
  "Elm-TodoMVC/Adding100Items/Async": 46.540972934067746,
  "Elm-TodoMVC/Adding100Items/Sync": 85.05090275225058,
  "Elm-TodoMVC/Adding100Items/total": 131.65917346714855,
  "Elm-TodoMVC/CompletingAllItems/Async": 30.80202422218597,
  "Elm-TodoMVC/CompletingAllItems/Sync": 100.49006143436924,
  "Elm-TodoMVC/CompletingAllItems/total": 132.3789696414026,
  "Elm-TodoMVC/DeletingItems/Async": 8.771383487730086,
  "Elm-TodoMVC/DeletingItems/Sync": 98.98468604105766,
  "Elm-TodoMVC/DeletingItems/total": 107.97324241680666,
  "Elm-TodoMVC/total": 377.25309614870525,
  "EmberJS-Debug-TodoMVC/Adding100Items/Async": 40.06699398164832,
  "EmberJS-Debug-TodoMVC/Adding100Items/Sync": 422.39980289477734,
  "EmberJS-Debug-TodoMVC/Adding100Items/total": 462.5212412107116,
  "EmberJS-Debug-TodoMVC/CompletingAllItems/Async": 28.485697577749857,
  "EmberJS-Debug-TodoMVC/CompletingAllItems/Sync": 278.5004759882289,
  "EmberJS-Debug-TodoMVC/CompletingAllItems/total": 307.47009987260594,
  "EmberJS-Debug-TodoMVC/DeletingItems/Async": 6.562438418406102,
  "EmberJS-Debug-TodoMVC/DeletingItems/Sync": 289.0404767748876,
  "EmberJS-Debug-TodoMVC/DeletingItems/total": 297.74434773808053,
  "EmberJS-Debug-TodoMVC/total": 1072.7152582758395,
  "EmberJS-TodoMVC/Adding100Items/Async": 34.300455919350654,
  "EmberJS-TodoMVC/Adding100Items/Sync": 141.58662497053444,
  "EmberJS-TodoMVC/Adding100Items/total": 175.90609818504777,
  "EmberJS-TodoMVC/CompletingAllItems/Async": 25.733612186009342,
  "EmberJS-TodoMVC/CompletingAllItems/Sync": 94.19437001107003,
  "EmberJS-TodoMVC/CompletingAllItems/total": 119.9381927769938,
  "EmberJS-TodoMVC/DeletingItems/Async": 2.8488587261495364,
  "EmberJS-TodoMVC/DeletingItems/Sync": 63.44309368688662,
  "EmberJS-TodoMVC/DeletingItems/total": 66.29746388578624,
  "EmberJS-TodoMVC/total": 362.3001220150779,
  "Flight-TodoMVC/Adding100Items/Async": 33.00077116054211,
  "Flight-TodoMVC/Adding100Items/Sync": 78.6595985811961,
  "Flight-TodoMVC/Adding100Items/total": 111.66948503320597,
  "Flight-TodoMVC/CompletingAllItems/Async": 25.907391810144606,
  "Flight-TodoMVC/CompletingAllItems/Sync": 86.75982208907523,
  "Flight-TodoMVC/CompletingAllItems/total": 112.72667161947489,
  "Flight-TodoMVC/DeletingItems/Async": 2.846091334358894,
  "Flight-TodoMVC/DeletingItems/Sync": 70.78671461817126,
  "Flight-TodoMVC/DeletingItems/total": 73.64018407197992,
  "Flight-TodoMVC/total": 298.1228349526778,
  "Inferno-TodoMVC/Adding100Items/Async": 37.40263094135379,
  "Inferno-TodoMVC/Adding100Items/Sync": 43.25882505338831,
  "Inferno-TodoMVC/Adding100Items/total": 80.84436548863675,
  "Inferno-TodoMVC/CompletingAllItems/Async": 6.880293346145243,
  "Inferno-TodoMVC/CompletingAllItems/Sync": 88.18657173838955,
  "Inferno-TodoMVC/CompletingAllItems/total": 95.19835534435045,
  "Inferno-TodoMVC/DeletingItems/Async": 2.9385675511620337,
  "Inferno-TodoMVC/DeletingItems/Sync": 207.89273133426354,
  "Inferno-TodoMVC/DeletingItems/total": 210.83297836873513,
  "Inferno-TodoMVC/total": 386.9693116451574,
  "Preact-TodoMVC/Adding100Items/Async": 37.58429202782697,
  "Preact-TodoMVC/Adding100Items/Sync": 5.018962179236781,
  "Preact-TodoMVC/Adding100Items/total": 42.606427936765186,
  "Preact-TodoMVC/CompletingAllItems/Async": 16.177138758775794,
  "Preact-TodoMVC/CompletingAllItems/Sync": 3.0455877691976685,
  "Preact-TodoMVC/CompletingAllItems/total": 19.232791365690574,
  "Preact-TodoMVC/DeletingItems/Async": 4.4006238194934015,
  "Preact-TodoMVC/DeletingItems/Sync": 1.6162155541735344,
  "Preact-TodoMVC/DeletingItems/total": 6.018880346998073,
  "Preact-TodoMVC/total": 67.90023402530954,
  "React-Redux-TodoMVC/Adding100Items/Async": 35.691089906722226,
  "React-Redux-TodoMVC/Adding100Items/Sync": 148.25541115307675,
  "React-Redux-TodoMVC/Adding100Items/total": 184.59428364632916,
  "React-Redux-TodoMVC/CompletingAllItems/Async": 27.11793215492349,
  "React-Redux-TodoMVC/CompletingAllItems/Sync": 144.35823701383157,
  "React-Redux-TodoMVC/CompletingAllItems/total": 171.7244351271519,
  "React-Redux-TodoMVC/DeletingItems/Async": 5.29393578247537,
  "React-Redux-TodoMVC/DeletingItems/Sync": 97.09029358590098,
  "React-Redux-TodoMVC/DeletingItems/total": 102.88826350320018,
  "React-Redux-TodoMVC/total": 468.0373394577075,
  "React-TodoMVC/Adding100Items/Async": 35.05460921240074,
  "React-TodoMVC/Adding100Items/Sync": 103.88799722210472,
  "React-TodoMVC/Adding100Items/total": 138.95374671121425,
  "React-TodoMVC/CompletingAllItems/Async": 26.470616340265234,
  "React-TodoMVC/CompletingAllItems/Sync": 70.99979812682292,
  "React-TodoMVC/CompletingAllItems/total": 98.07219876075492,
  "React-TodoMVC/DeletingAllItems/Async": 3.052803313617503,
  "React-TodoMVC/DeletingAllItems/Sync": 45.390017258225804,
  "React-TodoMVC/DeletingAllItems/total": 48.60503239692982,
  "React-TodoMVC/total": 288.6650436620603,
  "Vanilla-ES2015-Babel-Webpack-TodoMVC/Adding100Items/Async": 34.64042878520897,
  "Vanilla-ES2015-Babel-Webpack-TodoMVC/Adding100Items/Sync": 296.02191827835776,
  "Vanilla-ES2015-Babel-Webpack-TodoMVC/Adding100Items/total": 330.6958383545161,
  "Vanilla-ES2015-Babel-Webpack-TodoMVC/CompletingAllItems/Async": 25.021556700662803,
  "Vanilla-ES2015-Babel-Webpack-TodoMVC/CompletingAllItems/Sync": 63.22300335537867,
  "Vanilla-ES2015-Babel-Webpack-TodoMVC/CompletingAllItems/total": 88.26536510524322,
  "Vanilla-ES2015-Babel-Webpack-TodoMVC/DeletingItems/Async": 2.837817105451839,
  "Vanilla-ES2015-Babel-Webpack-TodoMVC/DeletingItems/Sync": 39.839162106361485,
  "Vanilla-ES2015-Babel-Webpack-TodoMVC/DeletingItems/total": 42.679729264739365,
  "Vanilla-ES2015-Babel-Webpack-TodoMVC/total": 461.68103500856927,
  "Vanilla-ES2015-TodoMVC/Adding100Items/Async": 33.28479501754642,
  "Vanilla-ES2015-TodoMVC/Adding100Items/Sync": 301.9281651942311,
  "Vanilla-ES2015-TodoMVC/Adding100Items/total": 335.27463900396793,
  "Vanilla-ES2015-TodoMVC/CompletingAllItems/Async": 26.328856447478312,