{
  "browser-setup": 4.12904,
  "browser-tear_down": 0.276567,
  "probes-creation": 0.000119,
  "probes-setup": 0.000101,
  "probes-start": 5.5e-05,
  "run": 125.443983,
  "runner-cooldown": 2.001498
}