{
  "Angular2-TypeScript-TodoMVC/Adding100Items/Async": 37.36610773569545,
  "Angular2-TypeScript-TodoMVC/Adding100Items/Sync": 54.32679575458832,
  "Angular2-TypeScript-TodoMVC/Adding100Items/total": 91.73409445449215,
  "Angular2-TypeScript-TodoMVC/CompletingAllItems/Async": 14.168393226622525,
  "Angular2-TypeScript-TodoMVC/CompletingAllItems/Sync": 10.009637358083479,
  "Angular2-TypeScript-TodoMVC/CompletingAllItems/total": 24.18110693976685,
  "Angular2-TypeScript-TodoMVC/DeletingItems/Async": 3.6468197221301266,
  "Angular2-TypeScript-TodoMVC/DeletingItems/Sync": 17.523640403665684,
  "Angular2-TypeScript-TodoMVC/DeletingItems/total": 21.174722495129615,
  "Angular2-TypeScript-TodoMVC/total": 137.10033979884568,
  "AngularJS-TodoMVC/Adding100Items/Async": 51.857680892489086,
  "AngularJS-TodoMVC/Adding100Items/Sync": 233.51462954709595,
  "AngularJS-TodoMVC/Adding100Items/total": 285.57351070981315,
  "AngularJS-TodoMVC/CompletingAllItems/Async": 33.542017939344035,
  "AngularJS-TodoMVC/CompletingAllItems/Sync": 79.66326481987724,
  "AngularJS-TodoMVC/CompletingAllItems/total": 114.81152560734935,
  "AngularJS-TodoMVC/DeletingAllItems/Async": 17.670203712224467,
  "AngularJS-TodoMVC/DeletingAllItems/Sync": 269.220078460906,
  "AngularJS-TodoMVC/DeletingAllItems/total": 287.09452807460696,
  "AngularJS-TodoMVC/total": 696.2353864045301,
  "BackboneJS-TodoMVC/Adding100Items/Async": 43.47565785181678,
  "BackboneJS-TodoMVC/Adding100Items/Sync": 71.05882714757644,
  "BackboneJS-TodoMVC/Adding100Items/total": 114.54921253752612,
  "BackboneJS-TodoMVC/CompletingAllItems/Async": 33.00858272427088,
  "BackboneJS-TodoMVC/CompletingAllItems/Sync": 47.919310566760565,
  "BackboneJS-TodoMVC/CompletingAllItems/total": 81.05770881586959,
  "BackboneJS-TodoMVC/DeletingAllItems/Async": 5.144661262171488,
  "BackboneJS-TodoMVC/DeletingAllItems/Sync": 33.25952024223171,
  "BackboneJS-TodoMVC/DeletingAllItems/total": 38.55549646348797,
  "BackboneJS-TodoMVC/total": 236.267694794834,
  "Elm-TodoMVC/Adding100Items/Async": 50.97409689104282,
  "Elm-TodoMVC/Adding100Items/Sync": 134.14594099211837,
  "Elm-TodoMVC/Adding100Items/total": 185.9789650441,
  "Elm-TodoMVC/CompletingAllItems/Async": 34.714856103205676,
  "Elm-TodoMVC/CompletingAllItems/Sync": 137.9723044920659,
  "Elm-TodoMVC/CompletingAllItems/total": 173.48780721700408,
  "Elm-TodoMVC/DeletingItems/Async": 12.707184304527358,
  "Elm-TodoMVC/DeletingItems/Sync": 172.5971571937427,
  "Elm-TodoMVC/DeletingItems/total": 186.13965172844385,
  "Elm-TodoMVC/total": 560.8338592629774,
  "EmberJS-Debug-TodoMVC/Adding100Items/Async": 48.34981396913681,
  "EmberJS-Debug-TodoMVC/Adding100Items/Sync": 591.4011332976918,
  "EmberJS-Debug-TodoMVC/Adding100Items/total": 639.8158338626794,
  "EmberJS-Debug-TodoMVC/CompletingAllItems/Async": 31.27712438311841,
  "EmberJS-Debug-TodoMVC/CompletingAllItems/Sync": 353.88963580001763,
  "EmberJS-Debug-TodoMVC/CompletingAllItems/total": 385.23277697526305,
  "EmberJS-Debug-TodoMVC/DeletingItems/Async": 8.093418866526408,
  "EmberJS-Debug-TodoMVC/DeletingItems/Sync": 385.510171773882,
  "EmberJS-Debug-TodoMVC/DeletingItems/total": 394.27445884424503,
  "EmberJS-Debug-TodoMVC/total": 1427.5096350722333,
  "EmberJS-TodoMVC/Adding100Items/Async": 44.94747253229135,
  "EmberJS-TodoMVC/Adding100Items/Sync": 227.1290144853606,
  "EmberJS-TodoMVC/Adding100Items/total": 272.8422724467072,
  "EmberJS-TodoMVC/CompletingAllItems/Async": 33.60251252331845,
  "EmberJS-TodoMVC/CompletingAllItems/Sync": 118.66987809357677,
  "EmberJS-TodoMVC/CompletingAllItems/total": 152.53439141170722,
  "EmberJS-TodoMVC/DeletingItems/Async": 6.085703630153425,
  "EmberJS-TodoMVC/DeletingItems/Sync": 80.88203965599386,
  "EmberJS-TodoMVC/DeletingItems/total": 88.47683917083219,
  "EmberJS-TodoMVC/total": 515.9977588843968,
  "Flight-TodoMVC/Adding100Items/Async": 38.8382089783404,
  "Flight-TodoMVC/Adding100Items/Sync": 97.08942759947612,
  "Flight-TodoMVC/Adding100Items/total": 135.93677798235754,
  "Flight-TodoMVC/CompletingAllItems/Async": 28.45828174326651,
  "Flight-TodoMVC/CompletingAllItems/Sync": 104.03867764999382,
  "Flight-TodoMVC/CompletingAllItems/total": 132.4996932776268,
  "Flight-TodoMVC/DeletingItems/Async": 3.7087961562066205,
  "Flight-TodoMVC/DeletingItems/Sync": 87.29985192772513,
  "Flight-TodoMVC/DeletingItems/total": 91.01032016326174,
  "Flight-TodoMVC/total": 359.4545200152284,
  "Inferno-TodoMVC/Adding100Items/Async": 43.271343896415075,
  "Inferno-TodoMVC/Adding100Items/Sync": 47.44999510097868,
  "Inferno-TodoMVC/Adding100Items/total": 90.82364812284305,
  "Inferno-TodoMVC/CompletingAllItems/Async": 11.093025261899818,
  "Inferno-TodoMVC/CompletingAllItems/Sync": 109.7229263285355,
  "Inferno-TodoMVC/CompletingAllItems/total": 121.34998629547178,
  "Inferno-TodoMVC/DeletingItems/Async": 3.4452461010576965,
  "Inferno-TodoMVC/DeletingItems/Sync": 243.33146817848257,
  "Inferno-TodoMVC/DeletingItems/total": 246.78431972186465,
  "Inferno-TodoMVC/total": 459.3411119978494,
  "Preact-TodoMVC/Adding100Items/Async": 43.10571766814012,
  "Preact-TodoMVC/Adding100Items/Sync": 6.452780712804968,
  "Preact-TodoMVC/Adding100Items/total": 49.56090607212255,
  "Preact-TodoMVC/CompletingAllItems/Async": 30.97801055287275,
  "Preact-TodoMVC/CompletingAllItems/Sync": 3.966454288282039,
  "Preact-TodoMVC/CompletingAllItems/total": 34.95426496366376,
  "Preact-TodoMVC/DeletingItems/Async": 7.577779408525904,
  "Preact-TodoMVC/DeletingItems/Sync": 2.0747657984399566,
  "Preact-TodoMVC/DeletingItems/total": 9.655674009937862,
  "Preact-TodoMVC/total": 94.17661501446597,
  "React-Redux-TodoMVC/Adding100Items/Async": 43.51345207058204,
  "React-Redux-TodoMVC/Adding100Items/Sync": 178.19115646304928,
  "React-Redux-TodoMVC/Adding100Items/total": 221.76329670356793,
  "React-Redux-TodoMVC/CompletingAllItems/Async": 29.543485848581636,
  "React-Redux-TodoMVC/CompletingAllItems/Sync": 178.05701785163154,
  "React-Redux-TodoMVC/CompletingAllItems/total": 207.69539113614596,
  "React-Redux-TodoMVC/DeletingItems/Async": 4.6636193244969695,
  "React-Redux-TodoMVC/DeletingItems/Sync": 111.7374008182491,
  "React-Redux-TodoMVC/DeletingItems/total": 116.80294901250952,
  "React-Redux-TodoMVC/total": 547.0163196284346,
  "React-TodoMVC/Adding100Items/Async": 44.71464152190078,
  "React-TodoMVC/Adding100Items/Sync": 163.76586347409074,
  "React-TodoMVC/Adding100Items/total": 209.04749505367724,
  "React-TodoMVC/CompletingAllItems/Async": 31.250903981063278,
  "React-TodoMVC/CompletingAllItems/Sync": 84.77455333352849,
  "React-TodoMVC/CompletingAllItems/total": 116.0852890361524,
  "React-TodoMVC/DeletingAllItems/Async": 4.9376801962019465,
  "React-TodoMVC/DeletingAllItems/Sync": 66.18551348907715,
  "React-TodoMVC/DeletingAllItems/total": 71.66497810659659,
  "React-TodoMVC/total": 409.9367153058353,
  "Vanilla-ES2015-Babel-Webpack-TodoMVC/Adding100Items/Async": 37.47027960408338,
  "Vanilla-ES2015-Babel-Webpack-TodoMVC/Adding100Items/Sync": 327.1963465816108,
  "Vanilla-ES2015-Babel-Webpack-TodoMVC/Adding100Items/total": 364.71626245069984,
  "Vanilla-ES2015-Babel-Webpack-TodoMVC/CompletingAllItems/Async": 28.501357159040456,
  "Vanilla-ES2015-Babel-Webpack-TodoMVC/CompletingAllItems/Sync": 71.02506583254508,
  "Vanilla-ES2015-Babel-Webpack-TodoMVC/CompletingAllItems/total": 99.54941883156548,
  "Vanilla-ES2015-Babel-Webpack-TodoMVC/DeletingItems/Async": 4.168601658732805,
  "Vanilla-ES2015-Babel-Webpack-TodoMVC/DeletingItems/Sync": 45.31201767481994,
  "Vanilla-ES2015-Babel-Webpack-TodoMVC/DeletingItems/total": 49.71490261818678,
  "Vanilla-ES2015-Babel-Webpack-TodoMVC/total": 514.0448047358733,
  "Vanilla-ES2015-TodoMVC/Adding100Items/Async": 36.92607163053343,
  "Vanilla-ES2015-TodoMVC/Adding100Items/Sync": 336.5119934764917,
  "Vanilla-ES2015-TodoMVC/Adding100Items/total": 373.46861283571525,
  "Vanilla-ES2015-TodoMVC/CompletingAllItems/Async": 28.99200816331837,