{
  "browser-setup": 3.289664,
  "browser-tear_down": 0.292779,
  "probes-creation": 0.000191,
  "probes-setup": 0.000163,
  "probes-start": 8e-05,
  "run": 106.245872,
  "runner-cooldown": 2.00223
}