{
  "Angular2-TypeScript-TodoMVC/Adding100Items/Async": 32.34329041227663,
  "Angular2-TypeScript-TodoMVC/Adding100Items/Sync": 41.97389645410943,
  "Angular2-TypeScript-TodoMVC/Adding100Items/total": 74.4694967250502,
  "Angular2-TypeScript-TodoMVC/CompletingAllItems/Async": 12.618119368683978,
  "Angular2-TypeScript-TodoMVC/CompletingAllItems/Sync": 8.607047052420507,
  "Angular2-TypeScript-TodoMVC/CompletingAllItems/total": 21.2274756576715,
  "Angular2-TypeScript-TodoMVC/DeletingItems/Async": 2.577713898605205,
  "Angular2-TypeScript-TodoMVC/DeletingItems/Sync": 16.170754059151896,
  "Angular2-TypeScript-TodoMVC/DeletingItems/total": 18.749707167185054,
  "Angular2-TypeScript-TodoMVC/total": 114.4778292188596,
  "AngularJS-TodoMVC/Adding100Items/Async": 40.43823629676673,
  "AngularJS-TodoMVC/Adding100Items/Sync": 160.43859289304734,
  "AngularJS-TodoMVC/Adding100Items/total": 201.09758703070204,
  "AngularJS-TodoMVC/CompletingAllItems/Async": 24.010137084706642,
  "AngularJS-TodoMVC/CompletingAllItems/Sync": 54.059645221826806,
  "AngularJS-TodoMVC/CompletingAllItems/total": 78.2255340185563,
  "AngularJS-TodoMVC/DeletingAllItems/Async": 14.18670042056137,
  "AngularJS-TodoMVC/DeletingAllItems/Sync": 168.8090770543669,
  "AngularJS-TodoMVC/DeletingAllItems/total": 183.0568575670989,
  "AngularJS-TodoMVC/total": 465.8633121985491,
  "BackboneJS-TodoMVC/Adding100Items/Async": 36.014925990170305,
  "BackboneJS-TodoMVC/Adding100Items/Sync": 55.19064785647512,
  "BackboneJS-TodoMVC/Adding100Items/total": 91.24524614808298,
  "BackboneJS-TodoMVC/CompletingAllItems/Async": 27.065171253246795,
  "BackboneJS-TodoMVC/CompletingAllItems/Sync": 37.54976796024784,
  "BackboneJS-TodoMVC/CompletingAllItems/total": 64.61797969572251,
  "BackboneJS-TodoMVC/DeletingAllItems/Async": 3.2468307860980397,
  "BackboneJS-TodoMVC/DeletingAllItems/Sync": 25.385516075647747,
  "BackboneJS-TodoMVC/DeletingAllItems/total": 28.64330491587062,
  "BackboneJS-TodoMVC/total": 184.53171637100613,
  "Elm-TodoMVC/Adding100Items/Async": 46.09699813346471,
  "Elm-TodoMVC/Adding100Items/Sync": 86.56135310684441,
  "Elm-TodoMVC/Adding100Items/total": 132.72074304185008,
  "Elm-TodoMVC/CompletingAllItems/Async": 29.523710498583423,
  "Elm-TodoMVC/CompletingAllItems/Sync": 92.69649363326408,
  "Elm-TodoMVC/CompletingAllItems/total": 122.94760028832583,
  "Elm-TodoMVC/DeletingItems/Async": 8.69178225265112,
  "Elm-TodoMVC/DeletingItems/Sync": 109.09303686794343,
  "Elm-TodoMVC/DeletingItems/total": 118.00951936508805,
  "Elm-TodoMVC/total": 381.11189617761744,
  "EmberJS-Debug-TodoMVC/Adding100Items/Async": 38.48404126416761,
  "EmberJS-Debug-TodoMVC/Adding100Items/Sync": 408.8489763788942,
  "EmberJS-Debug-TodoMVC/Adding100Items/total": 447.36627294255857,
  "EmberJS-Debug-TodoMVC/CompletingAllItems/Async": 25.465572914174437,
  "EmberJS-Debug-TodoMVC/CompletingAllItems/Sync": 273.8002471716396,
  "EmberJS-Debug-TodoMVC/CompletingAllItems/total": 299.3293404587554,
  "EmberJS-Debug-TodoMVC/DeletingItems/Async": 5.391355090954523,
  "EmberJS-Debug-TodoMVC/DeletingItems/Sync": 292.74580823209067,
  "EmberJS-Debug-TodoMVC/DeletingItems/total": 299.68482206647786,
  "EmberJS-Debug-TodoMVC/total": 1051.8252622758682,
  "EmberJS-TodoMVC/Adding100Items/Async": 33.35772587641901,
  "EmberJS-TodoMVC/Adding100Items/Sync": 141.1650312408034,
  "EmberJS-TodoMVC/Adding100Items/total": 174.6318793853993,
  "EmberJS-TodoMVC/CompletingAllItems/Async": 26.0433653762719,
  "EmberJS-TodoMVC/CompletingAllItems/Sync": 102.33013846349635,
  "EmberJS-TodoMVC/CompletingAllItems/total": 128.74703731368828,
  "EmberJS-TodoMVC/DeletingItems/Async": 3.4433517398091285,
  "EmberJS-TodoMVC/DeletingItems/Sync": 64.45524678663683,
  "EmberJS-TodoMVC/DeletingItems/total": 68.4000123550256,
  "EmberJS-TodoMVC/total": 374.6776225469269,
  "Flight-TodoMVC/Adding100Items/Async": 32.343366586004144,
  "Flight-TodoMVC/Adding100Items/Sync": 78.4371261883278,
  "Flight-TodoMVC/Adding100Items/total": 110.78808226700119,
  "Flight-TodoMVC/CompletingAllItems/Async": 24.72342642525411,
  "Flight-TodoMVC/CompletingAllItems/Sync": 85.83008456522568,
  "Flight-TodoMVC/CompletingAllItems/total": 110.5620453393558,
  "Flight-TodoMVC/DeletingItems/Async": 2.844203265968682,
  "Flight-TodoMVC/DeletingItems/Sync": 69.9911839290673,
  "Flight-TodoMVC/DeletingItems/total": 72.83788284694093,
  "Flight-TodoMVC/total": 294.20049969260475,
  "Inferno-TodoMVC/Adding100Items/Async": 36.77809284822927,
  "Inferno-TodoMVC/Adding100Items/Sync": 42.676302234650585,
  "Inferno-TodoMVC/Adding100Items/total": 79.58421090157418,
  "Inferno-TodoMVC/CompletingAllItems/Async": 6.2074985502490305,
  "Inferno-TodoMVC/CompletingAllItems/Sync": 84.62041442477013,
  "Inferno-TodoMVC/CompletingAllItems/total": 90.83310365980162,
  "Inferno-TodoMVC/DeletingItems/Async": 3.183313367181249,
  "Inferno-TodoMVC/DeletingItems/Sync": 214.6110962297664,
  "Inferno-TodoMVC/DeletingItems/total": 217.85744819579685,
  "Inferno-TodoMVC/total": 389.46706610758383,
  "Preact-TodoMVC/Adding100Items/Async": 36.22138093661282,
  "Preact-TodoMVC/Adding100Items/Sync": 5.052490087566544,
  "Preact-TodoMVC/Adding100Items/total": 41.27723897765782,
  "Preact-TodoMVC/CompletingAllItems/Async": 16.087305287062016,
  "Preact-TodoMVC/CompletingAllItems/Sync": 2.973122921555947,
  "Preact-TodoMVC/CompletingAllItems/total": 19.06453101334075,
  "Preact-TodoMVC/DeletingItems/Async": 4.095754419279607,
  "Preact-TodoMVC/DeletingItems/Sync": 1.6264590300181978,
  "Preact-TodoMVC/DeletingItems/total": 5.727512867515435,
  "Preact-TodoMVC/total": 66.07687316882088,
  "React-Redux-TodoMVC/Adding100Items/Async": 34.50274563515337,
  "React-Redux-TodoMVC/Adding100Items/Sync": 133.3232425222563,
  "React-Redux-TodoMVC/Adding100Items/total": 167.88952756257822,
  "React-Redux-TodoMVC/CompletingAllItems/Async": 26.577749030612335,
  "React-Redux-TodoMVC/CompletingAllItems/Sync": 144.8537254748141,
  "React-Redux-TodoMVC/CompletingAllItems/total": 171.777214379923,
  "React-Redux-TodoMVC/DeletingItems/Async": 5.765862655153172,
  "React-Redux-TodoMVC/DeletingItems/Sync": 95.66313215335299,
  "React-Redux-TodoMVC/DeletingItems/total": 102.45496039826271,
  "React-Redux-TodoMVC/total": 447.2799798215808,
  "React-TodoMVC/Adding100Items/Async": 35.26910076297519,
  "React-TodoMVC/Adding100Items/Sync": 113.78761447383322,
  "React-TodoMVC/Adding100Items/total": 149.39853942631748,
  "React-TodoMVC/CompletingAllItems/Async": 27.60482465628142,
  "React-TodoMVC/CompletingAllItems/Sync": 65.63930375327385,
  "React-TodoMVC/CompletingAllItems/total": 93.31590653140962,
  "React-TodoMVC/DeletingAllItems/Async": 3.4460383551247933,
  "React-TodoMVC/DeletingAllItems/Sync": 52.80789744494642,
  "React-TodoMVC/DeletingAllItems/total": 56.43250385096998,
  "React-TodoMVC/total": 306.13333818824117,
  "Vanilla-ES2015-Babel-Webpack-TodoMVC/Adding100Items/Async": 33.25377608922619,
  "Vanilla-ES2015-Babel-Webpack-TodoMVC/Adding100Items/Sync": 295.388874747856,
  "Vanilla-ES2015-Babel-Webpack-TodoMVC/Adding100Items/total": 328.6873884526351,
  "Vanilla-ES2015-Babel-Webpack-TodoMVC/CompletingAllItems/Async": 25.82217712258519,
  "Vanilla-ES2015-Babel-Webpack-TodoMVC/CompletingAllItems/Sync": 63.51348753044676,
  "Vanilla-ES2015-Babel-Webpack-TodoMVC/CompletingAllItems/total": 89.34769188385943,
  "Vanilla-ES2015-Babel-Webpack-TodoMVC/DeletingItems/Async": 2.8057467561269243,
  "Vanilla-ES2015-Babel-Webpack-TodoMVC/DeletingItems/Sync": 39.313122996807365,
  "Vanilla-ES2015-Babel-Webpack-TodoMVC/DeletingItems/total": 42.12158389803223,
  "Vanilla-ES2015-Babel-Webpack-TodoMVC/total": 460.1728085584577,
  "Vanilla-ES2015-TodoMVC/Adding100Items/Async": 34.09182828358588,
  "Vanilla-ES2015-TodoMVC/Adding100Items/Sync": 311.22566180097544,
  "Vanilla-ES2015-TodoMVC/Adding100Items/total": 345.37138558713696,
  "Vanilla-ES2015-TodoMVC/CompletingAllItems/Async": 26.40709143564167,