{
  "Angular2-TypeScript-TodoMVC/Adding100Items/Async": 38.0405468326872,
  "Angular2-TypeScript-TodoMVC/Adding100Items/Sync": 58.81308003430115,
  "Angular2-TypeScript-TodoMVC/Adding100Items/total": 96.87469962600485,
  "Angular2-TypeScript-TodoMVC/CompletingAllItems/Async": 18.60390539692317,
  "Angular2-TypeScript-TodoMVC/CompletingAllItems/Sync": 10.057113906944478,
  "Angular2-TypeScript-TodoMVC/CompletingAllItems/total": 28.757861209171057,
  "Angular2-TypeScript-TodoMVC/DeletingItems/Async": 3.7450152131089514,
  "Angular2-TypeScript-TodoMVC/DeletingItems/Sync": 18.67415558757464,
  "Angular2-TypeScript-TodoMVC/DeletingItems/total": 22.43930398420908,
  "Angular2-TypeScript-TodoMVC/total": 148.25540080733307,
  "AngularJS-TodoMVC/Adding100Items/Async": 52.7181608517503,
  "AngularJS-TodoMVC/Adding100Items/Sync": 271.5716861163004,
  "AngularJS-TodoMVC/Adding100Items/total": 324.59911062690264,
  "AngularJS-TodoMVC/CompletingAllItems/Async": 36.178407468134964,
  "AngularJS-TodoMVC/CompletingAllItems/Sync": 84.11238976430033,
  "AngularJS-TodoMVC/CompletingAllItems/total": 120.86328193462941,
  "AngularJS-TodoMVC/DeletingAllItems/Async": 17.01726501286452,
  "AngularJS-TodoMVC/DeletingAllItems/Sync": 244.6015429701844,
  "AngularJS-TodoMVC/DeletingAllItems/total": 261.920785418787,
  "AngularJS-TodoMVC/total": 708.8201271282144,
  "BackboneJS-TodoMVC/Adding100Items/Async": 45.46692171145791,
  "BackboneJS-TodoMVC/Adding100Items/Sync": 97.74090210399986,
  "BackboneJS-TodoMVC/Adding100Items/total": 143.52496748314806,
  "BackboneJS-TodoMVC/CompletingAllItems/Async": 34.09608540453063,
  "BackboneJS-TodoMVC/CompletingAllItems/Sync": 55.366619003969824,
  "BackboneJS-TodoMVC/CompletingAllItems/total": 89.5499024059905,
  "BackboneJS-TodoMVC/DeletingAllItems/Async": 5.004947980915844,
  "BackboneJS-TodoMVC/DeletingAllItems/Sync": 30.753281026557023,
  "BackboneJS-TodoMVC/DeletingAllItems/total": 35.801584797700386,
  "BackboneJS-TodoMVC/total": 269.0362067929348,
  "Elm-TodoMVC/Adding100Items/Async": 53.964759193257706,
  "Elm-TodoMVC/Adding100Items/Sync": 206.85810293185338,
  "Elm-TodoMVC/Adding100Items/total": 269.67451707435043,
  "Elm-TodoMVC/CompletingAllItems/Async": 42.014491887358155,
  "Elm-TodoMVC/CompletingAllItems/Sync": 137.6549432501912,
  "Elm-TodoMVC/CompletingAllItems/total": 179.84565842077356,
  "Elm-TodoMVC/DeletingItems/Async": 10.87744461919195,
  "Elm-TodoMVC/DeletingItems/Sync": 255.82171953649149,
  "Elm-TodoMVC/DeletingItems/total": 267.61904097942585,
  "Elm-TodoMVC/total": 784.7611767720734,
  "EmberJS-Debug-TodoMVC/Adding100Items/Async": 44.98916556623691,
  "EmberJS-Debug-TodoMVC/Adding100Items/Sync": 604.70954543798,
  "EmberJS-Debug-TodoMVC/Adding100Items/total": 649.7730494190237,
  "EmberJS-Debug-TodoMVC/CompletingAllItems/Async": 32.76525920547644,
  "EmberJS-Debug-TodoMVC/CompletingAllItems/Sync": 360.299693726607,
  "EmberJS-Debug-TodoMVC/CompletingAllItems/total": 393.1103482245721,
  "EmberJS-Debug-TodoMVC/DeletingItems/Async": 6.2386921154094095,
  "EmberJS-Debug-TodoMVC/DeletingItems/Sync": 384.4120180073047,
  "EmberJS-Debug-TodoMVC/DeletingItems/total": 391.30384629888226,
  "EmberJS-Debug-TodoMVC/total": 1434.4448857461118,
  "EmberJS-TodoMVC/Adding100Items/Async": 42.31573343874455,
  "EmberJS-TodoMVC/Adding100Items/Sync": 228.87452842045383,
  "EmberJS-TodoMVC/Adding100Items/total": 271.2518846728687,
  "EmberJS-TodoMVC/CompletingAllItems/Async": 35.08165259927445,
  "EmberJS-TodoMVC/CompletingAllItems/Sync": 124.08797970509498,
  "EmberJS-TodoMVC/CompletingAllItems/total": 159.3894714627448,
  "EmberJS-TodoMVC/DeletingItems/Async": 4.883007153298635,
  "EmberJS-TodoMVC/DeletingItems/Sync": 79.86789258398339,
  "EmberJS-TodoMVC/DeletingItems/total": 84.83952963523751,
  "EmberJS-TodoMVC/total": 515.7964385775022,
  "Flight-TodoMVC/Adding100Items/Async": 40.76158547672403,
  "Flight-TodoMVC/Adding100Items/Sync": 111.57466335696071,
  "Flight-TodoMVC/Adding100Items/total": 152.4840409768682,
  "Flight-TodoMVC/CompletingAllItems/Async": 32.81074357490917,
  "Flight-TodoMVC/CompletingAllItems/Sync": 119.46367688670945,
  "Flight-TodoMVC/CompletingAllItems/total": 152.35908068014135,
  "Flight-TodoMVC/DeletingItems/Async": 5.046081863781874,
  "Flight-TodoMVC/DeletingItems/Sync": 104.45228753876124,
  "Flight-TodoMVC/DeletingItems/total": 109.91722822833319,
  "Flight-TodoMVC/total": 414.8453277657286,
  "Inferno-TodoMVC/Adding100Items/Async": 42.44084690476471,
  "Inferno-TodoMVC/Adding100Items/Sync": 56.26398441280651,
  "Inferno-TodoMVC/Adding100Items/total": 98.86636775432056,
  "Inferno-TodoMVC/CompletingAllItems/Async": 10.682805405408448,
  "Inferno-TodoMVC/CompletingAllItems/Sync": 119.43044946409283,
  "Inferno-TodoMVC/CompletingAllItems/total": 130.59255903279347,
  "Inferno-TodoMVC/DeletingItems/Async": 4.358259002567968,
  "Inferno-TodoMVC/DeletingItems/Sync": 241.54282150970357,
  "Inferno-TodoMVC/DeletingItems/total": 245.95556889500003,
  "Inferno-TodoMVC/total": 475.7791505889943,
  "Preact-TodoMVC/Adding100Items/Async": 53.47748635438159,
  "Preact-TodoMVC/Adding100Items/Sync": 9.224707667695935,
  "Preact-TodoMVC/Adding100Items/total": 62.71943247686457,
  "Preact-TodoMVC/CompletingAllItems/Async": 30.527317772500794,
  "Preact-TodoMVC/CompletingAllItems/Sync": 3.782879894826698,
  "Preact-TodoMVC/CompletingAllItems/total": 34.39445640222953,
  "Preact-TodoMVC/DeletingItems/Async": 7.25125949393728,
  "Preact-TodoMVC/DeletingItems/Sync": 2.067132118852772,
  "Preact-TodoMVC/DeletingItems/total": 9.341686134902607,
  "Preact-TodoMVC/total": 107.16122179985373,
  "React-Redux-TodoMVC/Adding100Items/Async": 44.14069674017377,
  "React-Redux-TodoMVC/Adding100Items/Sync": 193.04550411213594,
  "React-Redux-TodoMVC/Adding100Items/total": 237.45297695994776,
  "React-Redux-TodoMVC/CompletingAllItems/Async": 31.666375210342185,
  "React-Redux-TodoMVC/CompletingAllItems/Sync": 172.06368629106882,
  "React-Redux-TodoMVC/CompletingAllItems/total": 203.75312767932493,
  "React-Redux-TodoMVC/DeletingItems/Async": 4.570375921406627,
  "React-Redux-TodoMVC/DeletingItems/Sync": 113.90662448755748,
  "React-Redux-TodoMVC/DeletingItems/total": 118.54113843335715,
  "React-Redux-TodoMVC/total": 559.87645354324,
  "React-TodoMVC/Adding100Items/Async": 43.01344060866532,
  "React-TodoMVC/Adding100Items/Sync": 149.10666620416544,
  "React-TodoMVC/Adding100Items/total": 192.26682833746295,
  "React-TodoMVC/CompletingAllItems/Async": 34.01920750128254,
  "React-TodoMVC/CompletingAllItems/Sync": 83.03079895269376,
  "React-TodoMVC/CompletingAllItems/total": 117.12645198582982,
  "React-TodoMVC/DeletingAllItems/Async": 4.256079983151803,
  "React-TodoMVC/DeletingAllItems/Sync": 57.227213536714935,
  "React-TodoMVC/DeletingAllItems/total": 61.60029978653117,
  "React-TodoMVC/total": 371.4111675757647,
  "Vanilla-ES2015-Babel-Webpack-TodoMVC/Adding100Items/Async": 38.92540055968265,
  "Vanilla-ES2015-Babel-Webpack-TodoMVC/Adding100Items/Sync": 336.4386683480221,
  "Vanilla-ES2015-Babel-Webpack-TodoMVC/Adding100Items/total": 375.40924777856026,
  "Vanilla-ES2015-Babel-Webpack-TodoMVC/CompletingAllItems/Async": 31.33369000147067,
  "Vanilla-ES2015-Babel-Webpack-TodoMVC/CompletingAllItems/Sync": 78.05325205526492,
  "Vanilla-ES2015-Babel-Webpack-TodoMVC/CompletingAllItems/total": 109.39615794110011,
  "Vanilla-ES2015-Babel-Webpack-TodoMVC/DeletingItems/Async": 4.374911516068972,
  "Vanilla-ES2015-Babel-Webpack-TodoMVC/DeletingItems/Sync": 50.95071084071394,
  "Vanilla-ES2015-Babel-Webpack-TodoMVC/DeletingItems/total": 55.362575913422056,
  "Vanilla-ES2015-Babel-Webpack-TodoMVC/total": 540.2988729888145,
  "Vanilla-ES2015-TodoMVC/Adding100Items/Async": 39.27123800758795,
  "Vanilla-ES2015-TodoMVC/Adding100Items/Sync": 345.5568815101061,
  "Vanilla-ES2015-TodoMVC/Adding100Items/total": 384.89346661718196,
  "Vanilla-ES2015-TodoMVC/CompletingAllItems/Async": 32.10709810815166,