{
  "browser-setup": 3.313255,
  "browser-tear_down": 0.281292,
  "probes-creation": 0.000196,
  "probes-setup": 0.000181,
  "probes-start": 7.8e-05,
  "run": 105.929881,
  "runner-cooldown": 2.002074
}