{
  "Angular2-TypeScript-TodoMVC/Adding100Items/Async": 31.02635559979663,
  "Angular2-TypeScript-TodoMVC/Adding100Items/Sync": 42.79987141684258,
  "Angular2-TypeScript-TodoMVC/Adding100Items/total": 73.87290298905297,
  "Angular2-TypeScript-TodoMVC/CompletingAllItems/Async": 12.925359874963625,
  "Angular2-TypeScript-TodoMVC/CompletingAllItems/Sync": 8.355785308695696,
  "Angular2-TypeScript-TodoMVC/CompletingAllItems/total": 21.284824169552774,
  "Angular2-TypeScript-TodoMVC/DeletingItems/Async": 2.7281139718552416,
  "Angular2-TypeScript-TodoMVC/DeletingItems/Sync": 16.25736014126399,
  "Angular2-TypeScript-TodoMVC/DeletingItems/total": 18.995533371187488,
  "Angular2-TypeScript-TodoMVC/total": 114.17227302995045,
  "AngularJS-TodoMVC/Adding100Items/Async": 42.96943958945111,
  "AngularJS-TodoMVC/Adding100Items/Sync": 169.55465791580926,
  "AngularJS-TodoMVC/Adding100Items/total": 212.70094332598316,
  "AngularJS-TodoMVC/CompletingAllItems/Async": 24.762839457228292,
  "AngularJS-TodoMVC/CompletingAllItems/Sync": 55.01389310527888,
  "AngularJS-TodoMVC/CompletingAllItems/total": 79.88897149428011,
  "AngularJS-TodoMVC/DeletingAllItems/Async": 14.109861609571201,
  "AngularJS-TodoMVC/DeletingAllItems/Sync": 166.78309966876213,
  "AngularJS-TodoMVC/DeletingAllItems/total": 181.0036951192704,
  "AngularJS-TodoMVC/total": 475.9433350478131,
  "BackboneJS-TodoMVC/Adding100Items/Async": 36.3691958151446,
  "BackboneJS-TodoMVC/Adding100Items/Sync": 56.11694711449373,
  "BackboneJS-TodoMVC/Adding100Items/total": 92.50542433774251,
  "BackboneJS-TodoMVC/CompletingAllItems/Async": 27.748457025375185,
  "BackboneJS-TodoMVC/CompletingAllItems/Sync": 37.938683557949766,
  "BackboneJS-TodoMVC/CompletingAllItems/total": 65.69924973970399,
  "BackboneJS-TodoMVC/DeletingAllItems/Async": 3.5465794876115537,
  "BackboneJS-TodoMVC/DeletingAllItems/Sync": 26.329228920251325,
  "BackboneJS-TodoMVC/DeletingAllItems/total": 29.89372291685558,
  "BackboneJS-TodoMVC/total": 188.21510222485372,
  "Elm-TodoMVC/Adding100Items/Async": 45.687533923027104,
  "Elm-TodoMVC/Adding100Items/Sync": 86.28953771218468,
  "Elm-TodoMVC/Adding100Items/total": 132.04470078214715,
  "Elm-TodoMVC/CompletingAllItems/Async": 29.91252707108546,
  "Elm-TodoMVC/CompletingAllItems/Sync": 88.85960297665905,
  "Elm-TodoMVC/CompletingAllItems/total": 119.34465531423915,
  "Elm-TodoMVC/DeletingItems/Async": 9.153150117784431,
  "Elm-TodoMVC/DeletingItems/Sync": 103.39225647427779,
  "Elm-TodoMVC/DeletingItems/total": 113.01890608914105,
  "Elm-TodoMVC/total": 370.15559090409613,
  "EmberJS-Debug-TodoMVC/Adding100Items/Async": 38.423278292454995,
  "EmberJS-Debug-TodoMVC/Adding100Items/Sync": 409.5037559566982,
  "EmberJS-Debug-TodoMVC/Adding100Items/total": 448.00025371324637,
  "EmberJS-Debug-TodoMVC/CompletingAllItems/Async": 26.740743909997164,
  "EmberJS-Debug-TodoMVC/CompletingAllItems/Sync": 299.99395206903813,
  "EmberJS-Debug-TodoMVC/CompletingAllItems/total": 326.7815033510717,
  "EmberJS-Debug-TodoMVC/DeletingItems/Async": 6.449834807215077,
  "EmberJS-Debug-TodoMVC/DeletingItems/Sync": 290.4076426781258,
  "EmberJS-Debug-TodoMVC/DeletingItems/total": 299.0307442038877,
  "EmberJS-Debug-TodoMVC/total": 1078.1818446846771,
  "EmberJS-TodoMVC/Adding100Items/Async": 33.28211903129701,
  "EmberJS-TodoMVC/Adding100Items/Sync": 140.97863019565315,
  "EmberJS-TodoMVC/Adding100Items/total": 174.3633477339372,
  "EmberJS-TodoMVC/CompletingAllItems/Async": 25.348336697910774,
  "EmberJS-TodoMVC/CompletingAllItems/Sync": 92.13244006491358,
  "EmberJS-TodoMVC/CompletingAllItems/total": 117.49278812594446,
  "EmberJS-TodoMVC/DeletingItems/Async": 2.8979532091833025,
  "EmberJS-TodoMVC/DeletingItems/Sync": 62.59140268212897,
  "EmberJS-TodoMVC/DeletingItems/total": 65.49243269534551,
  "EmberJS-TodoMVC/total": 357.54066909864787,
  "Flight-TodoMVC/Adding100Items/Async": 32.866440328501085,
  "Flight-TodoMVC/Adding100Items/Sync": 85.57479213819997,
  "Flight-TodoMVC/Adding100Items/total": 118.93534152594428,
  "Flight-TodoMVC/CompletingAllItems/Async": 25.27378390016045,
  "Flight-TodoMVC/CompletingAllItems/Sync": 85.8246438963607,
  "Flight-TodoMVC/CompletingAllItems/total": 111.14228374140835,
  "Flight-TodoMVC/DeletingItems/Async": 3.722369952407273,
  "Flight-TodoMVC/DeletingItems/Sync": 70.57810404695825,
  "Flight-TodoMVC/DeletingItems/total": 75.11519889207634,
  "Flight-TodoMVC/total": 306.5872394837233,
  "Inferno-TodoMVC/Adding100Items/Async": 37.81458150422976,
  "Inferno-TodoMVC/Adding100Items/Sync": 41.99300659608483,
  "Inferno-TodoMVC/Adding100Items/total": 79.94960045134025,
  "Inferno-TodoMVC/CompletingAllItems/Async": 6.572305436137905,
  "Inferno-TodoMVC/CompletingAllItems/Sync": 91.17082166129596,
  "Inferno-TodoMVC/CompletingAllItems/total": 97.74883800535088,
  "Inferno-TodoMVC/DeletingItems/Async": 3.147690337828505,
  "Inferno-TodoMVC/DeletingItems/Sync": 198.02408712971302,
  "Inferno-TodoMVC/DeletingItems/total": 201.36747226098313,
  "Inferno-TodoMVC/total": 380.90929102197595,
  "Preact-TodoMVC/Adding100Items/Async": 36.16180064255777,
  "Preact-TodoMVC/Adding100Items/Sync": 4.844997005693985,
  "Preact-TodoMVC/Adding100Items/total": 41.008854486581164,
  "Preact-TodoMVC/CompletingAllItems/Async": 15.916447809780598,
  "Preact-TodoMVC/CompletingAllItems/Sync": 2.830434797599762,
  "Preact-TodoMVC/CompletingAllItems/total": 18.753151810078165,
  "Preact-TodoMVC/DeletingItems/Async": 4.054598775160406,
  "Preact-TodoMVC/DeletingItems/Sync": 1.5338936011284476,
  "Preact-TodoMVC/DeletingItems/total": 5.599285529382254,
  "Preact-TodoMVC/total": 65.3685000242434,
  "React-Redux-TodoMVC/Adding100Items/Async": 35.56022130859289,
  "React-Redux-TodoMVC/Adding100Items/Sync": 144.58656811416824,
  "React-Redux-TodoMVC/Adding100Items/total": 180.5539661515792,
  "React-Redux-TodoMVC/CompletingAllItems/Async": 26.431860885349135,
  "React-Redux-TodoMVC/CompletingAllItems/Sync": 132.61481832999252,
  "React-Redux-TodoMVC/CompletingAllItems/total": 159.16688948571928,
  "React-Redux-TodoMVC/DeletingItems/Async": 4.8446434333289865,
  "React-Redux-TodoMVC/DeletingItems/Sync": 93.29778793262794,
  "React-Redux-TodoMVC/DeletingItems/total": 98.80299558326419,
  "React-Redux-TodoMVC/total": 442.37733580962856,
  "React-TodoMVC/Adding100Items/Async": 34.58151309343817,
  "React-TodoMVC/Adding100Items/Sync": 103.04589130297376,
  "React-TodoMVC/Adding100Items/total": 137.6387735733935,
  "React-TodoMVC/CompletingAllItems/Async": 26.29016461045163,
  "React-TodoMVC/CompletingAllItems/Sync": 70.09824461314552,
  "React-TodoMVC/CompletingAllItems/total": 96.95897538363438,
  "React-TodoMVC/DeletingAllItems/Async": 2.9941328590255933,
  "React-TodoMVC/DeletingAllItems/Sync": 45.96654537034316,
  "React-TodoMVC/DeletingAllItems/total": 49.12355557779517,
  "React-TodoMVC/total": 286.56918187999906,
  "Vanilla-ES2015-Babel-Webpack-TodoMVC/Adding100Items/Async": 34.008427691691566,
  "Vanilla-ES2015-Babel-Webpack-TodoMVC/Adding100Items/Sync": 294.26744077019407,
  "Vanilla-ES2015-Babel-Webpack-TodoMVC/Adding100Items/total": 328.28901564009345,
  "Vanilla-ES2015-Babel-Webpack-TodoMVC/CompletingAllItems/Async": 24.232867196125802,
  "Vanilla-ES2015-Babel-Webpack-TodoMVC/CompletingAllItems/Sync": 63.38834575172031,
  "Vanilla-ES2015-Babel-Webpack-TodoMVC/CompletingAllItems/total": 87.6310522956976,
  "Vanilla-ES2015-Babel-Webpack-TodoMVC/DeletingItems/Async": 2.7952045348794727,
  "Vanilla-ES2015-Babel-Webpack-TodoMVC/DeletingItems/Sync": 39.94415620889209,
  "Vanilla-ES2015-Babel-Webpack-TodoMVC/DeletingItems/total": 42.742655967717354,
  "Vanilla-ES2015-Babel-Webpack-TodoMVC/total": 458.66909185397895,
  "Vanilla-ES2015-TodoMVC/Adding100Items/Async": 35.29344610322326,
  "Vanilla-ES2015-TodoMVC/Adding100Items/Sync": 310.7237683046898,
  "Vanilla-ES2015-TodoMVC/Adding100Items/total": 346.17603461707245,
  "Vanilla-ES2015-TodoMVC/CompletingAllItems/Async": 27.11508587717909,