{
  "browser-setup": 4.116086,
  "browser-tear_down": 0.278586,
  "probes-creation": 0.000122,
  "probes-setup": 0.0001,
  "probes-start": 5.2e-05,
  "run": 126.67228,
  "runner-cooldown": 2.002052
}