{
  "Angular2-TypeScript-TodoMVC/Adding100Items/Async": 38.346853351882714,
  "Angular2-TypeScript-TodoMVC/Adding100Items/Sync": 64.56021508958966,
  "Angular2-TypeScript-TodoMVC/Adding100Items/total": 104.57911728024874,
  "Angular2-TypeScript-TodoMVC/CompletingAllItems/Async": 15.633638740316563,
  "Angular2-TypeScript-TodoMVC/CompletingAllItems/Sync": 9.92063524183228,
  "Angular2-TypeScript-TodoMVC/CompletingAllItems/total": 25.68527588618196,
  "Angular2-TypeScript-TodoMVC/DeletingItems/Async": 3.4967860929833745,
  "Angular2-TypeScript-TodoMVC/DeletingItems/Sync": 18.297519967090242,
  "Angular2-TypeScript-TodoMVC/DeletingItems/total": 21.81630396142424,
  "Angular2-TypeScript-TodoMVC/total": 153.2662306901245,
  "AngularJS-TodoMVC/Adding100Items/Async": 55.073009609202444,
  "AngularJS-TodoMVC/Adding100Items/Sync": 228.25296910839228,
  "AngularJS-TodoMVC/Adding100Items/total": 284.5157176522507,
  "AngularJS-TodoMVC/CompletingAllItems/Async": 31.12764973639369,
  "AngularJS-TodoMVC/CompletingAllItems/Sync": 66.9704807208868,
  "AngularJS-TodoMVC/CompletingAllItems/total": 98.13408959413293,
  "AngularJS-TodoMVC/DeletingAllItems/Async": 14.434652045831758,
  "AngularJS-TodoMVC/DeletingAllItems/Sync": 249.2337947243487,
  "AngularJS-TodoMVC/DeletingAllItems/total": 263.710832726562,
  "AngularJS-TodoMVC/total": 647.1793333139735,
  "BackboneJS-TodoMVC/Adding100Items/Async": 43.721996951177054,
  "BackboneJS-TodoMVC/Adding100Items/Sync": 70.22784607960016,
  "BackboneJS-TodoMVC/Adding100Items/total": 113.9655454296241,
  "BackboneJS-TodoMVC/CompletingAllItems/Async": 33.23915929175063,
  "BackboneJS-TodoMVC/CompletingAllItems/Sync": 46.10288736926857,
  "BackboneJS-TodoMVC/CompletingAllItems/total": 79.34871508218583,
  "BackboneJS-TodoMVC/DeletingAllItems/Async": 5.484694335684053,
  "BackboneJS-TodoMVC/DeletingAllItems/Sync": 33.85008290767864,
  "BackboneJS-TodoMVC/DeletingAllItems/total": 39.438546245063925,
  "BackboneJS-TodoMVC/total": 236.3533570760996,
  "Elm-TodoMVC/Adding100Items/Async": 52.75870394591411,
  "Elm-TodoMVC/Adding100Items/Sync": 154.0615483258506,
  "Elm-TodoMVC/Adding100Items/total": 208.5287460840682,
  "Elm-TodoMVC/CompletingAllItems/Async": 35.035602883703575,
  "Elm-TodoMVC/CompletingAllItems/Sync": 124.25789502963686,
  "Elm-TodoMVC/CompletingAllItems/total": 159.61940844945354,
  "Elm-TodoMVC/DeletingItems/Async": 10.087109872510293,
  "Elm-TodoMVC/DeletingItems/Sync": 136.19500692028006,
  "Elm-TodoMVC/DeletingItems/total": 146.61965548771363,
  "Elm-TodoMVC/total": 524.3664851267395,
  "EmberJS-Debug-TodoMVC/Adding100Items/Async": 47.31243805624693,
  "EmberJS-Debug-TodoMVC/Adding100Items/Sync": 591.4222945911747,
  "EmberJS-Debug-TodoMVC/Adding100Items/total": 638.8929906935925,
  "EmberJS-Debug-TodoMVC/CompletingAllItems/Async": 32.22622082646517,
  "EmberJS-Debug-TodoMVC/CompletingAllItems/Sync": 383.76306457806265,
  "EmberJS-Debug-TodoMVC/CompletingAllItems/total": 416.10290687923333,
  "EmberJS-Debug-TodoMVC/DeletingItems/Async": 9.077912915011042,
  "EmberJS-Debug-TodoMVC/DeletingItems/Sync": 389.8073091655612,
  "EmberJS-Debug-TodoMVC/DeletingItems/total": 399.72050312068035,
  "EmberJS-Debug-TodoMVC/total": 1462.8013409206387,
  "EmberJS-TodoMVC/Adding100Items/Async": 43.38824082100311,
  "EmberJS-TodoMVC/Adding100Items/Sync": 214.41711743530846,
  "EmberJS-TodoMVC/Adding100Items/total": 257.93246401277094,
  "EmberJS-TodoMVC/CompletingAllItems/Async": 32.56266845542337,
  "EmberJS-TodoMVC/CompletingAllItems/Sync": 118.43379318018704,
  "EmberJS-TodoMVC/CompletingAllItems/total": 151.16982945567216,
  "EmberJS-TodoMVC/DeletingItems/Async": 4.03151962095805,
  "EmberJS-TodoMVC/DeletingItems/Sync": 76.57112743012902,
  "EmberJS-TodoMVC/DeletingItems/total": 80.70606235355069,
  "EmberJS-TodoMVC/total": 490.0589918920064,
  "Flight-TodoMVC/Adding100Items/Async": 39.089120458448015,
  "Flight-TodoMVC/Adding100Items/Sync": 97.70955851891824,
  "Flight-TodoMVC/Adding100Items/total": 136.80721031488793,
  "Flight-TodoMVC/CompletingAllItems/Async": 29.048347533421257,
  "Flight-TodoMVC/CompletingAllItems/Sync": 108.419907460687,
  "Flight-TodoMVC/CompletingAllItems/total": 137.48574301689035,
  "Flight-TodoMVC/DeletingItems/Async": 4.074055763145088,
  "Flight-TodoMVC/DeletingItems/Sync": 96.65178609096787,
  "Flight-TodoMVC/DeletingItems/total": 100.72931155678673,
  "Flight-TodoMVC/total": 377.35709121517397,
  "Inferno-TodoMVC/Adding100Items/Async": 43.69193153916285,
  "Inferno-TodoMVC/Adding100Items/Sync": 51.22486905714387,
  "Inferno-TodoMVC/Adding100Items/total": 95.38525946022447,
  "Inferno-TodoMVC/CompletingAllItems/Async": 9.762173701807649,
  "Inferno-TodoMVC/CompletingAllItems/Sync": 111.66002270880418,
  "Inferno-TodoMVC/CompletingAllItems/total": 122.0235339958343,
  "Inferno-TodoMVC/DeletingItems/Async": 3.8057583351866278,
  "Inferno-TodoMVC/DeletingItems/Sync": 255.72165261333936,
  "Inferno-TodoMVC/DeletingItems/total": 259.5778960891464,
  "Inferno-TodoMVC/total": 478.42464392423017,
  "Preact-TodoMVC/Adding100Items/Async": 44.97944189708595,
  "Preact-TodoMVC/Adding100Items/Sync": 6.232485072815324,
  "Preact-TodoMVC/Adding100Items/total": 51.22584283640512,
  "Preact-TodoMVC/CompletingAllItems/Async": 30.14188844912121,
  "Preact-TodoMVC/CompletingAllItems/Sync": 4.021929856525152,
  "Preact-TodoMVC/CompletingAllItems/total": 34.23396832137328,
  "Preact-TodoMVC/DeletingItems/Async": 7.3203997167836095,
  "Preact-TodoMVC/DeletingItems/Sync": 2.187679407383122,
  "Preact-TodoMVC/DeletingItems/total": 9.560965439864933,
  "Preact-TodoMVC/total": 95.42034006295718,
  "React-Redux-TodoMVC/Adding100Items/Async": 47.05313124000423,
  "React-Redux-TodoMVC/Adding100Items/Sync": 209.4050633005151,
  "React-Redux-TodoMVC/Adding100Items/total": 257.42289298665713,
  "React-Redux-TodoMVC/CompletingAllItems/Async": 31.960622363832904,
  "React-Redux-TodoMVC/CompletingAllItems/Sync": 194.22002391695577,
  "React-Redux-TodoMVC/CompletingAllItems/total": 226.55787370805297,
  "React-Redux-TodoMVC/DeletingItems/Async": 6.187209029894919,
  "React-Redux-TodoMVC/DeletingItems/Sync": 109.93988114203444,
  "React-Redux-TodoMVC/DeletingItems/total": 117.07218335628102,
  "React-Redux-TodoMVC/total": 609.6856453037749,
  "React-TodoMVC/Adding100Items/Async": 43.11140363372918,
  "React-TodoMVC/Adding100Items/Sync": 141.81245639982563,
  "React-TodoMVC/Adding100Items/total": 185.10400337139555,
  "React-TodoMVC/CompletingAllItems/Async": 33.26722834305425,
  "React-TodoMVC/CompletingAllItems/Sync": 104.82486580664397,
  "React-TodoMVC/CompletingAllItems/total": 139.85651228759912,
  "React-TodoMVC/DeletingAllItems/Async": 4.565161934365166,
  "React-TodoMVC/DeletingAllItems/Sync": 55.9320727055407,
  "React-TodoMVC/DeletingAllItems/total": 60.845305840298956,
  "React-TodoMVC/total": 391.5363573395237,
  "Vanilla-ES2015-Babel-Webpack-TodoMVC/Adding100Items/Async": 37.311450299208545,
  "Vanilla-ES2015-Babel-Webpack-TodoMVC/Adding100Items/Sync": 324.07076673409153,
  "Vanilla-ES2015-Babel-Webpack-TodoMVC/Adding100Items/total": 361.41179951389154,
  "Vanilla-ES2015-Babel-Webpack-TodoMVC/CompletingAllItems/Async": 28.297703944285367,
  "Vanilla-ES2015-Babel-Webpack-TodoMVC/CompletingAllItems/Sync": 71.33598878618089,
  "Vanilla-ES2015-Babel-Webpack-TodoMVC/CompletingAllItems/total": 99.63868069420282,
  "Vanilla-ES2015-Babel-Webpack-TodoMVC/DeletingItems/Async": 3.797219317883523,
  "Vanilla-ES2015-Babel-Webpack-TodoMVC/DeletingItems/Sync": 45.17522006495398,
  "Vanilla-ES2015-Babel-Webpack-TodoMVC/DeletingItems/total": 48.97552148623289,
  "Vanilla-ES2015-Babel-Webpack-TodoMVC/total": 510.0328173539059,
  "Vanilla-ES2015-TodoMVC/Adding100Items/Async": 36.92269137121782,
  "Vanilla-ES2015-TodoMVC/Adding100Items/Sync": 333.3910414499178,
  "Vanilla-ES2015-TodoMVC/Adding100Items/total": 370.3641560280199,
  "Vanilla-ES2015-TodoMVC/CompletingAllItems/Async": 29.894368847212068,