{
  "browser-setup": 3.338521,
  "browser-tear_down": 0.271521,
  "probes-creation": 0.000203,
  "probes-setup": 0.000169,
  "probes-start": 7.8e-05,
  "run": 109.811301,
  "runner-cooldown": 2.000694
}