{
  "Angular2-TypeScript-TodoMVC/Adding100Items/Async": 30.97729886284378,
  "Angular2-TypeScript-TodoMVC/Adding100Items/Sync": 41.41818774048342,
  "Angular2-TypeScript-TodoMVC/Adding100Items/total": 72.43036624979563,
  "Angular2-TypeScript-TodoMVC/CompletingAllItems/Async": 12.565658870230333,
  "Angular2-TypeScript-TodoMVC/CompletingAllItems/Sync": 8.246481783553431,
  "Angular2-TypeScript-TodoMVC/CompletingAllItems/total": 20.813074810835616,
  "Angular2-TypeScript-TodoMVC/DeletingItems/Async": 2.5070391869380035,
  "Angular2-TypeScript-TodoMVC/DeletingItems/Sync": 15.599155856825558,
  "Angular2-TypeScript-TodoMVC/DeletingItems/total": 18.110455212483423,
  "Angular2-TypeScript-TodoMVC/total": 111.36244838519667,
  "AngularJS-TodoMVC/Adding100Items/Async": 40.24130427834996,
  "AngularJS-TodoMVC/Adding100Items/Sync": 153.34594808770254,
  "AngularJS-TodoMVC/Adding100Items/total": 193.60769655012277,
  "AngularJS-TodoMVC/CompletingAllItems/Async": 23.67994514813154,
  "AngularJS-TodoMVC/CompletingAllItems/Sync": 53.93080319229224,
  "AngularJS-TodoMVC/CompletingAllItems/total": 77.74300829825846,
  "AngularJS-TodoMVC/DeletingAllItems/Async": 14.214301769471692,
  "AngularJS-TodoMVC/DeletingAllItems/Sync": 159.7698330470287,
  "AngularJS-TodoMVC/DeletingAllItems/total": 174.00894511935962,
  "AngularJS-TodoMVC/total": 445.4880656007445,
  "BackboneJS-TodoMVC/Adding100Items/Async": 36.14504442382454,
  "BackboneJS-TodoMVC/Adding100Items/Sync": 55.482049462980584,
  "BackboneJS-TodoMVC/Adding100Items/total": 91.64510602036374,
  "BackboneJS-TodoMVC/CompletingAllItems/Async": 27.226831591608757,
  "BackboneJS-TodoMVC/CompletingAllItems/Sync": 37.34621819241227,
  "BackboneJS-TodoMVC/CompletingAllItems/total": 64.57507524258075,
  "BackboneJS-TodoMVC/DeletingAllItems/Async": 3.496537078197952,
  "BackboneJS-TodoMVC/DeletingAllItems/Sync": 25.6237763505936,
  "BackboneJS-TodoMVC/DeletingAllItems/total": 29.135426833682033,
  "BackboneJS-TodoMVC/total": 185.38630900065903,
  "Elm-TodoMVC/Adding100Items/Async": 48.102008951168806,
  "Elm-TodoMVC/Adding100Items/Sync": 85.26502154377316,
  "Elm-TodoMVC/Adding100Items/total": 133.59754688314075,
  "Elm-TodoMVC/CompletingAllItems/Async": 31.834798121371122,
  "Elm-TodoMVC/CompletingAllItems/Sync": 117.48012748971864,
  "Elm-TodoMVC/CompletingAllItems/total": 151.30573778293447,
  "Elm-TodoMVC/DeletingItems/Async": 11.085550191877045,
  "Elm-TodoMVC/DeletingItems/Sync": 134.5222877584852,
  "Elm-TodoMVC/DeletingItems/total": 146.46363148926227,
  "Elm-TodoMVC/total": 457.1866437970178,
  "EmberJS-Debug-TodoMVC/Adding100Items/Async": 38.672995124208114,
  "EmberJS-Debug-TodoMVC/Adding100Items/Sync": 391.7999660720684,
  "EmberJS-Debug-TodoMVC/Adding100Items/total": 430.52432688732625,
  "EmberJS-Debug-TodoMVC/CompletingAllItems/Async": 31.013759598353037,
  "EmberJS-Debug-TodoMVC/CompletingAllItems/Sync": 353.87344558755734,
  "EmberJS-Debug-TodoMVC/CompletingAllItems/total": 385.8061990266734,
  "EmberJS-Debug-TodoMVC/DeletingItems/Async": 12.20107439921181,
  "EmberJS-Debug-TodoMVC/DeletingItems/Sync": 305.29445719678904,
  "EmberJS-Debug-TodoMVC/DeletingItems/total": 320.83783722767794,
  "EmberJS-Debug-TodoMVC/total": 1145.4853900260628,
  "EmberJS-TodoMVC/Adding100Items/Async": 33.88665536891491,
  "EmberJS-TodoMVC/Adding100Items/Sync": 138.94478748815646,
  "EmberJS-TodoMVC/Adding100Items/total": 172.85147362681025,
  "EmberJS-TodoMVC/CompletingAllItems/Async": 25.47610669811235,
  "EmberJS-TodoMVC/CompletingAllItems/Sync": 92.15582970709701,
  "EmberJS-TodoMVC/CompletingAllItems/total": 117.6340003706863,
  "EmberJS-TodoMVC/DeletingItems/Async": 3.0531823790855475,
  "EmberJS-TodoMVC/DeletingItems/Sync": 62.79057017197521,
  "EmberJS-TodoMVC/DeletingItems/total": 65.85091655234437,
  "EmberJS-TodoMVC/total": 356.459575596236,
  "Flight-TodoMVC/Adding100Items/Async": 32.26585727741795,
  "Flight-TodoMVC/Adding100Items/Sync": 79.46119434951387,
  "Flight-TodoMVC/Adding100Items/total": 111.73169501801583,
  "Flight-TodoMVC/CompletingAllItems/Async": 24.334642775094167,
  "Flight-TodoMVC/CompletingAllItems/Sync": 87.70226860910108,
  "Flight-TodoMVC/CompletingAllItems/total": 112.04279699163838,
  "Flight-TodoMVC/DeletingItems/Async": 3.133405674143797,
  "Flight-TodoMVC/DeletingItems/Sync": 78.8045983480492,
  "Flight-TodoMVC/DeletingItems/total": 81.94065962851892,
  "Flight-TodoMVC/total": 309.39145384635253,
  "Inferno-TodoMVC/Adding100Items/Async": 37.258520969020445,
  "Inferno-TodoMVC/Adding100Items/Sync": 41.93149492615952,
  "Inferno-TodoMVC/Adding100Items/total": 79.31405608527616,
  "Inferno-TodoMVC/CompletingAllItems/Async": 6.2159055154173135,
  "Inferno-TodoMVC/CompletingAllItems/Sync": 83.5353174520926,
  "Inferno-TodoMVC/CompletingAllItems/total": 89.75548423353052,
  "Inferno-TodoMVC/DeletingItems/Async": 3.2666544336437973,
  "Inferno-TodoMVC/DeletingItems/Sync": 210.32510776724993,
  "Inferno-TodoMVC/DeletingItems/total": 213.67718772309388,
  "Inferno-TodoMVC/total": 384.02290913379164,
  "Preact-TodoMVC/Adding100Items/Async": 36.62482487842483,
  "Preact-TodoMVC/Adding100Items/Sync": 4.8626825396549584,
  "Preact-TodoMVC/Adding100Items/total": 41.48950178524859,
  "Preact-TodoMVC/CompletingAllItems/Async": 15.964349273151429,
  "Preact-TodoMVC/CompletingAllItems/Sync": 2.7931001122880623,
  "Preact-TodoMVC/CompletingAllItems/total": 18.76635189294027,
  "Preact-TodoMVC/DeletingItems/Async": 3.9876755266963277,
  "Preact-TodoMVC/DeletingItems/Sync": 1.454928486397085,
  "Preact-TodoMVC/DeletingItems/total": 5.4456483614707105,
  "Preact-TodoMVC/total": 65.70565540874892,
  "React-Redux-TodoMVC/Adding100Items/Async": 33.68934344581025,
  "React-Redux-TodoMVC/Adding100Items/Sync": 129.7590285030477,
  "React-Redux-TodoMVC/Adding100Items/total": 163.5531338614291,
  "React-Redux-TodoMVC/CompletingAllItems/Async": 24.641352171313393,
  "React-Redux-TodoMVC/CompletingAllItems/Sync": 133.82886352764083,
  "React-Redux-TodoMVC/CompletingAllItems/total": 158.50217396513005,
  "React-Redux-TodoMVC/DeletingItems/Async": 3.5693789897174852,
  "React-Redux-TodoMVC/DeletingItems/Sync": 87.35237406863621,
  "React-Redux-TodoMVC/DeletingItems/total": 91.08814976042139,
  "React-Redux-TodoMVC/total": 413.1565646311955,
  "React-TodoMVC/Adding100Items/Async": 33.775665351300546,
  "React-TodoMVC/Adding100Items/Sync": 104.74182326106033,
  "React-TodoMVC/Adding100Items/total": 138.5260371817979,
  "React-TodoMVC/CompletingAllItems/Async": 27.532853474430954,
  "React-TodoMVC/CompletingAllItems/Sync": 70.91938965429364,
  "React-TodoMVC/CompletingAllItems/total": 99.14469071742946,
  "React-TodoMVC/DeletingAllItems/Async": 3.026820701651577,
  "React-TodoMVC/DeletingAllItems/Sync": 46.161617258427775,
  "React-TodoMVC/DeletingAllItems/total": 49.392893941566044,
  "React-TodoMVC/total": 289.84903439522947,
  "Vanilla-ES2015-Babel-Webpack-TodoMVC/Adding100Items/Async": 33.8644696780375,
  "Vanilla-ES2015-Babel-Webpack-TodoMVC/Adding100Items/Sync": 292.7736442201517,
  "Vanilla-ES2015-Babel-Webpack-TodoMVC/Adding100Items/total": 326.6654527811779,
  "Vanilla-ES2015-Babel-Webpack-TodoMVC/CompletingAllItems/Async": 24.376987088144205,
  "Vanilla-ES2015-Babel-Webpack-TodoMVC/CompletingAllItems/Sync": 63.983405533136384,
  "Vanilla-ES2015-Babel-Webpack-TodoMVC/CompletingAllItems/total": 88.39811831286144,
  "Vanilla-ES2015-Babel-Webpack-TodoMVC/DeletingItems/Async": 2.7974967292551796,
  "Vanilla-ES2015-Babel-Webpack-TodoMVC/DeletingItems/Sync": 40.0822875909484,
  "Vanilla-ES2015-Babel-Webpack-TodoMVC/DeletingItems/total": 42.88164350052427,
  "Vanilla-ES2015-Babel-Webpack-TodoMVC/total": 457.96045739604455,
  "Vanilla-ES2015-TodoMVC/Adding100Items/Async": 33.66174265230247,
  "Vanilla-ES2015-TodoMVC/Adding100Items/Sync": 299.0137105076514,
  "Vanilla-ES2015-TodoMVC/Adding100Items/total": 332.6993484425408,
  "Vanilla-ES2015-TodoMVC/CompletingAllItems/Async": 25.865517204735777,