{
  "browser-setup": 3.305122,
  "browser-tear_down": 0.288674,
  "probes-creation": 0.000201,
  "probes-setup": 0.000165,
  "probes-start": 8.1e-05,
  "run": 106.095586,
  "runner-cooldown": 2.002071
}