{
  "Angular2-TypeScript-TodoMVC/Adding100Items/Async": 30.668148407444164,
  "Angular2-TypeScript-TodoMVC/Adding100Items/Sync": 41.241619549394265,
  "Angular2-TypeScript-TodoMVC/Adding100Items/total": 71.9386468215374,
  "Angular2-TypeScript-TodoMVC/CompletingAllItems/Async": 12.746541036510544,
  "Angular2-TypeScript-TodoMVC/CompletingAllItems/Sync": 8.297272828419068,
  "Angular2-TypeScript-TodoMVC/CompletingAllItems/total": 21.045231978056268,
  "Angular2-TypeScript-TodoMVC/DeletingItems/Async": 2.622494016968468,
  "Angular2-TypeScript-TodoMVC/DeletingItems/Sync": 15.923149063833979,
  "Angular2-TypeScript-TodoMVC/DeletingItems/total": 18.548934115168574,
  "Angular2-TypeScript-TodoMVC/total": 111.54377533659651,
  "AngularJS-TodoMVC/Adding100Items/Async": 40.07483024009528,
  "AngularJS-TodoMVC/Adding100Items/Sync": 153.81292685272257,
  "AngularJS-TodoMVC/Adding100Items/total": 193.9102770748462,
  "AngularJS-TodoMVC/CompletingAllItems/Async": 22.881233530809677,
  "AngularJS-TodoMVC/CompletingAllItems/Sync": 52.71578550440129,
  "AngularJS-TodoMVC/CompletingAllItems/total": 75.76305314975247,
  "AngularJS-TodoMVC/DeletingAllItems/Async": 13.351325548769502,
  "AngularJS-TodoMVC/DeletingAllItems/Sync": 164.03058025813093,
  "AngularJS-TodoMVC/DeletingAllItems/total": 177.4207864386059,
  "AngularJS-TodoMVC/total": 447.367324811185,
  "BackboneJS-TodoMVC/Adding100Items/Async": 35.94188940549606,
  "BackboneJS-TodoMVC/Adding100Items/Sync": 55.54284491459115,
  "BackboneJS-TodoMVC/Adding100Items/total": 91.5002076227214,
  "BackboneJS-TodoMVC/CompletingAllItems/Async": 27.24374535979421,
  "BackboneJS-TodoMVC/CompletingAllItems/Sync": 37.25079340100967,
  "BackboneJS-TodoMVC/CompletingAllItems/total": 64.49643505831696,
  "BackboneJS-TodoMVC/DeletingAllItems/Async": 3.257218453254557,
  "BackboneJS-TodoMVC/DeletingAllItems/Sync": 25.31210354362658,
  "BackboneJS-TodoMVC/DeletingAllItems/total": 28.582008421368652,
  "BackboneJS-TodoMVC/total": 184.6009567379888,
  "Elm-TodoMVC/Adding100Items/Async": 49.90240443920908,
  "Elm-TodoMVC/Adding100Items/Sync": 115.09676783784839,
  "Elm-TodoMVC/Adding100Items/total": 166.05999068684332,
  "Elm-TodoMVC/CompletingAllItems/Async": 30.58506065091984,
  "Elm-TodoMVC/CompletingAllItems/Sync": 82.85112476654426,
  "Elm-TodoMVC/CompletingAllItems/total": 113.5352546864674,
  "Elm-TodoMVC/DeletingItems/Async": 9.713987758522105,
  "Elm-TodoMVC/DeletingItems/Sync": 91.25868478780357,
  "Elm-TodoMVC/DeletingItems/total": 101.67928115159555,
  "Elm-TodoMVC/total": 383.97379354905297,
  "EmberJS-Debug-TodoMVC/Adding100Items/Async": 41.01936364086745,
  "EmberJS-Debug-TodoMVC/Adding100Items/Sync": 425.1337776884398,
  "EmberJS-Debug-TodoMVC/Adding100Items/total": 466.21365450866244,
  "EmberJS-Debug-TodoMVC/CompletingAllItems/Async": 26.243935883502907,
  "EmberJS-Debug-TodoMVC/CompletingAllItems/Sync": 276.26285125928405,
  "EmberJS-Debug-TodoMVC/CompletingAllItems/total": 302.5938190453533,
  "EmberJS-Debug-TodoMVC/DeletingItems/Async": 8.369888446445712,
  "EmberJS-Debug-TodoMVC/DeletingItems/Sync": 327.5423647184075,
  "EmberJS-Debug-TodoMVC/DeletingItems/total": 337.1973094237348,
  "EmberJS-Debug-TodoMVC/total": 1109.1327564125695,
  "EmberJS-TodoMVC/Adding100Items/Async": 32.83144031921189,
  "EmberJS-TodoMVC/Adding100Items/Sync": 137.51068880331408,
  "EmberJS-TodoMVC/Adding100Items/total": 170.35671513481856,
  "EmberJS-TodoMVC/CompletingAllItems/Async": 25.362854690021404,
  "EmberJS-TodoMVC/CompletingAllItems/Sync": 91.72658637072489,
  "EmberJS-TodoMVC/CompletingAllItems/total": 117.09728801126867,
  "EmberJS-TodoMVC/DeletingItems/Async": 2.8549051478967185,
  "EmberJS-TodoMVC/DeletingItems/Sync": 62.77671979109447,
  "EmberJS-TodoMVC/DeletingItems/total": 65.64322534503542,
  "EmberJS-TodoMVC/total": 353.21158991597315,
  "Flight-TodoMVC/Adding100Items/Async": 31.73631103074185,
  "Flight-TodoMVC/Adding100Items/Sync": 76.80919930312855,
  "Flight-TodoMVC/Adding100Items/total": 108.55315820436235,
  "Flight-TodoMVC/CompletingAllItems/Async": 23.938446548922247,
  "Flight-TodoMVC/CompletingAllItems/Sync": 84.4663097131785,
  "Flight-TodoMVC/CompletingAllItems/total": 108.40654788430402,
  "Flight-TodoMVC/DeletingItems/Async": 2.8285736613890196,
  "Flight-TodoMVC/DeletingItems/Sync": 68.86805239042154,
  "Flight-TodoMVC/DeletingItems/total": 71.69759062916853,
  "Flight-TodoMVC/total": 288.67617049363184,
  "Inferno-TodoMVC/Adding100Items/Async": 37.922906087247625,
  "Inferno-TodoMVC/Adding100Items/Sync": 41.971585579200415,
  "Inferno-TodoMVC/Adding100Items/total": 80.00086628038855,
  "Inferno-TodoMVC/CompletingAllItems/Async": 6.739676528464949,
  "Inferno-TodoMVC/CompletingAllItems/Sync": 92.13291612737103,
  "Inferno-TodoMVC/CompletingAllItems/total": 98.88532525500987,
  "Inferno-TodoMVC/DeletingItems/Async": 4.257443423198052,
  "Inferno-TodoMVC/DeletingItems/Sync": 219.81346507872226,
  "Inferno-TodoMVC/DeletingItems/total": 224.52792763279186,
  "Inferno-TodoMVC/total": 408.5977738885489,
  "Preact-TodoMVC/Adding100Items/Async": 35.898782065816455,
  "Preact-TodoMVC/Adding100Items/Sync": 4.840733377215509,
  "Preact-TodoMVC/Adding100Items/total": 40.743820915883546,
  "Preact-TodoMVC/CompletingAllItems/Async": 17.511486618641587,
  "Preact-TodoMVC/CompletingAllItems/Sync": 2.8513468530691095,
  "Preact-TodoMVC/CompletingAllItems/total": 20.40235687532728,
  "Preact-TodoMVC/DeletingItems/Async": 4.409103819961435,
  "Preact-TodoMVC/DeletingItems/Sync": 1.5441689754587726,
  "Preact-TodoMVC/DeletingItems/total": 5.968831798540082,
  "Preact-TodoMVC/total": 67.33425353010955,
  "React-Redux-TodoMVC/Adding100Items/Async": 34.201666625081025,
  "React-Redux-TodoMVC/Adding100Items/Sync": 137.45280427182064,
  "React-Redux-TodoMVC/Adding100Items/total": 171.7719733749026,
  "React-Redux-TodoMVC/CompletingAllItems/Async": 25.221032669698126,
  "React-Redux-TodoMVC/CompletingAllItems/Sync": 132.99855669060213,
  "React-Redux-TodoMVC/CompletingAllItems/total": 158.2859082247842,
  "React-Redux-TodoMVC/DeletingItems/Async": 4.365297986113038,
  "React-Redux-TodoMVC/DeletingItems/Sync": 96.4272293426197,
  "React-Redux-TodoMVC/DeletingItems/total": 101.15058850393528,
  "React-Redux-TodoMVC/total": 435.8594854173008,
  "React-TodoMVC/Adding100Items/Async": 33.49620988018638,
  "React-TodoMVC/Adding100Items/Sync": 103.90842464266477,
  "React-TodoMVC/Adding100Items/total": 137.42830916202615,
  "React-TodoMVC/CompletingAllItems/Async": 26.53055118330181,
  "React-TodoMVC/CompletingAllItems/Sync": 70.97131961850901,
  "React-TodoMVC/CompletingAllItems/total": 98.17215934448163,
  "React-TodoMVC/DeletingAllItems/Async": 3.669480862878955,
  "React-TodoMVC/DeletingAllItems/Sync": 46.71204460655875,
  "React-TodoMVC/DeletingAllItems/total": 51.05894816070018,
  "React-TodoMVC/total": 289.40736845805,
  "Vanilla-ES2015-Babel-Webpack-TodoMVC/Adding100Items/Async": 33.13571010789474,
  "Vanilla-ES2015-Babel-Webpack-TodoMVC/Adding100Items/Sync": 287.08786353692335,
  "Vanilla-ES2015-Babel-Webpack-TodoMVC/Adding100Items/total": 320.2462997005819,
  "Vanilla-ES2015-Babel-Webpack-TodoMVC/CompletingAllItems/Async": 24.59807426372589,
  "Vanilla-ES2015-Babel-Webpack-TodoMVC/CompletingAllItems/Sync": 69.68993638836041,
  "Vanilla-ES2015-Babel-Webpack-TodoMVC/CompletingAllItems/total": 94.49772672879752,
  "Vanilla-ES2015-Babel-Webpack-TodoMVC/DeletingItems/Async": 3.076098681376844,
  "Vanilla-ES2015-Babel-Webpack-TodoMVC/DeletingItems/Sync": 40.0298928290355,
  "Vanilla-ES2015-Babel-Webpack-TodoMVC/DeletingItems/total": 43.286902913454114,
  "Vanilla-ES2015-Babel-Webpack-TodoMVC/total": 460.2802023479087,
  "Vanilla-ES2015-TodoMVC/Adding100Items/Async": 34.76197169219036,
  "Vanilla-ES2015-TodoMVC/Adding100Items/Sync": 308.24604452322984,
  "Vanilla-ES2015-TodoMVC/Adding100Items/total": 343.03150888941434,
  "Vanilla-ES2015-TodoMVC/CompletingAllItems/Async": 26.655117920921203,