{
  "browser-setup": 3.257653,
  "browser-tear_down": 0.231664,
  "probes-creation": 0.000193,
  "probes-setup": 0.000166,
  "probes-start": 7.9e-05,
  "run": 108.914095,
  "runner-cooldown": 2.000655
}