{
  "Angular2-TypeScript-TodoMVC/Adding100Items/Async": 31.00879313039452,
  "Angular2-TypeScript-TodoMVC/Adding100Items/Sync": 41.77804112738148,
  "Angular2-TypeScript-TodoMVC/Adding100Items/total": 72.8233201743894,
  "Angular2-TypeScript-TodoMVC/CompletingAllItems/Async": 13.45936653029657,
  "Angular2-TypeScript-TodoMVC/CompletingAllItems/Sync": 8.365760892912972,
  "Angular2-TypeScript-TodoMVC/CompletingAllItems/total": 21.897273976006215,
  "Angular2-TypeScript-TodoMVC/DeletingItems/Async": 2.5015364234390263,
  "Angular2-TypeScript-TodoMVC/DeletingItems/Sync": 15.963218970997088,
  "Angular2-TypeScript-TodoMVC/DeletingItems/total": 18.468226630400103,
  "Angular2-TypeScript-TodoMVC/total": 113.34664559600004,
  "AngularJS-TodoMVC/Adding100Items/Async": 45.77629823148403,
  "AngularJS-TodoMVC/Adding100Items/Sync": 152.03487732150265,
  "AngularJS-TodoMVC/Adding100Items/total": 201.18711259307082,
  "AngularJS-TodoMVC/CompletingAllItems/Async": 24.10318009381714,
  "AngularJS-TodoMVC/CompletingAllItems/Sync": 53.56457252634036,
  "AngularJS-TodoMVC/CompletingAllItems/total": 77.80279080504306,
  "AngularJS-TodoMVC/DeletingAllItems/Async": 16.705232629895576,
  "AngularJS-TodoMVC/DeletingAllItems/Sync": 192.08618789356427,
  "AngularJS-TodoMVC/DeletingAllItems/total": 208.82486394644673,
  "AngularJS-TodoMVC/total": 494.01387493337074,
  "BackboneJS-TodoMVC/Adding100Items/Async": 36.245967207042405,
  "BackboneJS-TodoMVC/Adding100Items/Sync": 55.0852127291746,
  "BackboneJS-TodoMVC/Adding100Items/total": 91.35575302963805,
  "BackboneJS-TodoMVC/CompletingAllItems/Async": 27.48809762434886,
  "BackboneJS-TodoMVC/CompletingAllItems/Sync": 37.32666850197293,
  "BackboneJS-TodoMVC/CompletingAllItems/total": 64.81583159795125,
  "BackboneJS-TodoMVC/DeletingAllItems/Async": 3.3947413624845613,
  "BackboneJS-TodoMVC/DeletingAllItems/Sync": 25.37535759935974,
  "BackboneJS-TodoMVC/DeletingAllItems/total": 28.818239146575994,
  "BackboneJS-TodoMVC/total": 185.0242772212547,
  "Elm-TodoMVC/Adding100Items/Async": 47.43138767097397,
  "Elm-TodoMVC/Adding100Items/Sync": 107.81360269461467,
  "Elm-TodoMVC/Adding100Items/total": 157.42924034599804,
  "Elm-TodoMVC/CompletingAllItems/Async": 30.78000447316746,
  "Elm-TodoMVC/CompletingAllItems/Sync": 99.97147691348322,
  "Elm-TodoMVC/CompletingAllItems/total": 131.93251193856602,
  "Elm-TodoMVC/DeletingItems/Async": 11.865281448345664,
  "Elm-TodoMVC/DeletingItems/Sync": 128.49310347405128,
  "Elm-TodoMVC/DeletingItems/total": 141.0189084023328,
  "Elm-TodoMVC/total": 452.8251935777817,
  "EmberJS-Debug-TodoMVC/Adding100Items/Async": 40.18628874090348,
  "EmberJS-Debug-TodoMVC/Adding100Items/Sync": 434.08322392888056,
  "EmberJS-Debug-TodoMVC/Adding100Items/total": 474.50217690442366,
  "EmberJS-Debug-TodoMVC/CompletingAllItems/Async": 26.376975583901665,
  "EmberJS-Debug-TodoMVC/CompletingAllItems/Sync": 289.4843164264971,
  "EmberJS-Debug-TodoMVC/CompletingAllItems/total": 316.00124828720806,
  "EmberJS-Debug-TodoMVC/DeletingItems/Async": 6.147715553975354,
  "EmberJS-Debug-TodoMVC/DeletingItems/Sync": 310.7155281774914,
  "EmberJS-Debug-TodoMVC/DeletingItems/total": 317.58531796768676,
  "EmberJS-Debug-TodoMVC/total": 1118.8002353629356,
  "EmberJS-TodoMVC/Adding100Items/Async": 33.94423964144293,
  "EmberJS-TodoMVC/Adding100Items/Sync": 140.87211071069302,
  "EmberJS-TodoMVC/Adding100Items/total": 174.86206290606785,
  "EmberJS-TodoMVC/CompletingAllItems/Async": 26.94136069209535,
  "EmberJS-TodoMVC/CompletingAllItems/Sync": 110.68663936939357,
  "EmberJS-TodoMVC/CompletingAllItems/total": 138.09330436224852,
  "EmberJS-TodoMVC/DeletingItems/Async": 3.9672543522484665,
  "EmberJS-TodoMVC/DeletingItems/Sync": 66.00822196683745,
  "EmberJS-TodoMVC/DeletingItems/total": 70.33916906556331,
  "EmberJS-TodoMVC/total": 387.85101996958844,
  "Flight-TodoMVC/Adding100Items/Async": 32.583770283355356,
  "Flight-TodoMVC/Adding100Items/Sync": 79.14736638096095,
  "Flight-TodoMVC/Adding100Items/total": 111.73681235715557,
  "Flight-TodoMVC/CompletingAllItems/Async": 24.616880362421913,
  "Flight-TodoMVC/CompletingAllItems/Sync": 86.95131888102091,
  "Flight-TodoMVC/CompletingAllItems/total": 111.57581628501836,
  "Flight-TodoMVC/DeletingItems/Async": 2.8076891767331436,
  "Flight-TodoMVC/DeletingItems/Sync": 70.02036176453655,
  "Flight-TodoMVC/DeletingItems/total": 72.82948836311006,
  "Flight-TodoMVC/total": 296.1475865068794,
  "Inferno-TodoMVC/Adding100Items/Async": 38.01091465260357,
  "Inferno-TodoMVC/Adding100Items/Sync": 43.61173250073275,
  "Inferno-TodoMVC/Adding100Items/total": 81.80384842259097,
  "Inferno-TodoMVC/CompletingAllItems/Async": 6.238239910152286,
  "Inferno-TodoMVC/CompletingAllItems/Sync": 86.50154925047869,
  "Inferno-TodoMVC/CompletingAllItems/total": 92.74589937739422,
  "Inferno-TodoMVC/DeletingItems/Async": 2.96470527730203,
  "Inferno-TodoMVC/DeletingItems/Sync": 204.41582170220985,
  "Inferno-TodoMVC/DeletingItems/total": 207.38340062616874,
  "Inferno-TodoMVC/total": 382.03988648955334,
  "Preact-TodoMVC/Adding100Items/Async": 36.601560780431,
  "Preact-TodoMVC/Adding100Items/Sync": 4.962656805953304,
  "Preact-TodoMVC/Adding100Items/total": 41.5683500870176,
  "Preact-TodoMVC/CompletingAllItems/Async": 15.987387624676934,
  "Preact-TodoMVC/CompletingAllItems/Sync": 2.882654015051881,
  "Preact-TodoMVC/CompletingAllItems/total": 18.8746458216108,
  "Preact-TodoMVC/DeletingItems/Async": 4.066082331771254,
  "Preact-TodoMVC/DeletingItems/Sync": 1.4941103079917488,
  "Preact-TodoMVC/DeletingItems/total": 5.563185358410724,
  "Preact-TodoMVC/total": 66.01001387199894,
  "React-Redux-TodoMVC/Adding100Items/Async": 33.866632314191556,
  "React-Redux-TodoMVC/Adding100Items/Sync": 132.5312842489551,
  "React-Redux-TodoMVC/Adding100Items/total": 166.48155234167265,
  "React-Redux-TodoMVC/CompletingAllItems/Async": 26.12231961521895,
  "React-Redux-TodoMVC/CompletingAllItems/Sync": 152.12833170631282,
  "React-Redux-TodoMVC/CompletingAllItems/total": 178.687393306808,
  "React-Redux-TodoMVC/DeletingItems/Async": 5.422490877941814,
  "React-Redux-TodoMVC/DeletingItems/Sync": 90.16334725082191,
  "React-Redux-TodoMVC/DeletingItems/total": 96.8502304652369,
  "React-Redux-TodoMVC/total": 444.678412507194,
  "React-TodoMVC/Adding100Items/Async": 34.3545381844325,
  "React-TodoMVC/Adding100Items/Sync": 107.36747089482155,
  "React-TodoMVC/Adding100Items/total": 141.7691471831646,
  "React-TodoMVC/CompletingAllItems/Async": 26.60934691390473,
  "React-TodoMVC/CompletingAllItems/Sync": 71.35072594285637,
  "React-TodoMVC/CompletingAllItems/total": 98.66628270645367,
  "React-TodoMVC/DeletingAllItems/Async": 3.081489948909889,
  "React-TodoMVC/DeletingAllItems/Sync": 46.55425656958311,
  "React-TodoMVC/DeletingAllItems/total": 49.91093284904101,
  "React-TodoMVC/total": 293.35502927130904,
  "Vanilla-ES2015-Babel-Webpack-TodoMVC/Adding100Items/Async": 34.153879364992015,
  "Vanilla-ES2015-Babel-Webpack-TodoMVC/Adding100Items/Sync": 290.45057633945015,
  "Vanilla-ES2015-Babel-Webpack-TodoMVC/Adding100Items/total": 324.63569472815425,
  "Vanilla-ES2015-Babel-Webpack-TodoMVC/CompletingAllItems/Async": 26.008311826278025,
  "Vanilla-ES2015-Babel-Webpack-TodoMVC/CompletingAllItems/Sync": 63.81021360632708,
  "Vanilla-ES2015-Babel-Webpack-TodoMVC/CompletingAllItems/total": 90.18674844902206,
  "Vanilla-ES2015-Babel-Webpack-TodoMVC/DeletingItems/Async": 3.3033437948433626,
  "Vanilla-ES2015-Babel-Webpack-TodoMVC/DeletingItems/Sync": 40.01184188339459,
  "Vanilla-ES2015-Babel-Webpack-TodoMVC/DeletingItems/total": 43.77461648959098,
  "Vanilla-ES2015-Babel-Webpack-TodoMVC/total": 458.876470716143,
  "Vanilla-ES2015-TodoMVC/Adding100Items/Async": 33.6831082424342,
  "Vanilla-ES2015-TodoMVC/Adding100Items/Sync": 295.01828090458,
  "Vanilla-ES2015-TodoMVC/Adding100Items/total": 328.7290401892627,
  "Vanilla-ES2015-TodoMVC/CompletingAllItems/Async": 25.802554505991345,