{
  "browser-setup": 3.320117,
  "browser-tear_down": 0.295155,
  "probes-creation": 0.000183,
  "probes-setup": 0.000155,
  "probes-start": 8e-05,
  "run": 107.641665,
  "runner-cooldown": 2.002055
}