{
  "Angular2-TypeScript-TodoMVC/Adding100Items/Async": 31.145682408733766,
  "Angular2-TypeScript-TodoMVC/Adding100Items/Sync": 41.63596668941153,
  "Angular2-TypeScript-TodoMVC/Adding100Items/total": 72.81934969466838,
  "Angular2-TypeScript-TodoMVC/CompletingAllItems/Async": 13.007133082044136,
  "Angular2-TypeScript-TodoMVC/CompletingAllItems/Sync": 8.563876357593594,
  "Angular2-TypeScript-TodoMVC/CompletingAllItems/total": 21.573676866309135,
  "Angular2-TypeScript-TodoMVC/DeletingItems/Async": 2.5822365429663843,
  "Angular2-TypeScript-TodoMVC/DeletingItems/Sync": 15.906742519258694,
  "Angular2-TypeScript-TodoMVC/DeletingItems/total": 18.49360986177048,
  "Angular2-TypeScript-TodoMVC/total": 112.89915434069792,
  "AngularJS-TodoMVC/Adding100Items/Async": 41.74243348507881,
  "AngularJS-TodoMVC/Adding100Items/Sync": 159.18429996452298,
  "AngularJS-TodoMVC/Adding100Items/total": 201.0146616852096,
  "AngularJS-TodoMVC/CompletingAllItems/Async": 25.149756815072703,
  "AngularJS-TodoMVC/CompletingAllItems/Sync": 60.26589981962725,
  "AngularJS-TodoMVC/CompletingAllItems/total": 85.7010535824752,
  "AngularJS-TodoMVC/DeletingAllItems/Async": 16.075508820189867,
  "AngularJS-TodoMVC/DeletingAllItems/Sync": 165.90910723306777,
  "AngularJS-TodoMVC/DeletingAllItems/total": 182.45446247511975,
  "AngularJS-TodoMVC/total": 473.4325196702554,
  "BackboneJS-TodoMVC/Adding100Items/Async": 36.354720719973216,
  "BackboneJS-TodoMVC/Adding100Items/Sync": 55.141892866584016,
  "BackboneJS-TodoMVC/Adding100Items/total": 91.52170952856147,
  "BackboneJS-TodoMVC/CompletingAllItems/Async": 27.616302709781632,
  "BackboneJS-TodoMVC/CompletingAllItems/Sync": 37.40162027526433,
  "BackboneJS-TodoMVC/CompletingAllItems/total": 65.02072830722392,
  "BackboneJS-TodoMVC/DeletingAllItems/Async": 3.2341431493554804,
  "BackboneJS-TodoMVC/DeletingAllItems/Sync": 25.3919111790376,
  "BackboneJS-TodoMVC/DeletingAllItems/total": 28.63764141776559,
  "BackboneJS-TodoMVC/total": 185.21821736181207,
  "Elm-TodoMVC/Adding100Items/Async": 46.970621595533814,
  "Elm-TodoMVC/Adding100Items/Sync": 105.44452033702653,
  "Elm-TodoMVC/Adding100Items/total": 153.6721028286235,
  "Elm-TodoMVC/CompletingAllItems/Async": 30.672361941732255,
  "Elm-TodoMVC/CompletingAllItems/Sync": 92.28252083725725,
  "Elm-TodoMVC/CompletingAllItems/total": 123.52555833470555,
  "Elm-TodoMVC/DeletingItems/Async": 9.186147086761617,
  "Elm-TodoMVC/DeletingItems/Sync": 96.49385500135777,
  "Elm-TodoMVC/DeletingItems/total": 106.27676978764461,
  "Elm-TodoMVC/total": 389.3852309171897,
  "EmberJS-Debug-TodoMVC/Adding100Items/Async": 38.28277719485449,
  "EmberJS-Debug-TodoMVC/Adding100Items/Sync": 398.0806394510804,
  "EmberJS-Debug-TodoMVC/Adding100Items/total": 436.3871222098218,
  "EmberJS-Debug-TodoMVC/CompletingAllItems/Async": 30.017561433873908,
  "EmberJS-Debug-TodoMVC/CompletingAllItems/Sync": 314.5727047395559,
  "EmberJS-Debug-TodoMVC/CompletingAllItems/total": 344.6569364419779,
  "EmberJS-Debug-TodoMVC/DeletingItems/Async": 11.012234049700593,
  "EmberJS-Debug-TodoMVC/DeletingItems/Sync": 284.35917475611797,
  "EmberJS-Debug-TodoMVC/DeletingItems/total": 299.3241097036773,
  "EmberJS-Debug-TodoMVC/total": 1085.2790335885293,
  "EmberJS-TodoMVC/Adding100Items/Async": 33.265076354235376,
  "EmberJS-TodoMVC/Adding100Items/Sync": 138.5072737060505,
  "EmberJS-TodoMVC/Adding100Items/total": 171.83732593315577,
  "EmberJS-TodoMVC/CompletingAllItems/Async": 25.524732768449404,
  "EmberJS-TodoMVC/CompletingAllItems/Sync": 93.92847287016409,
  "EmberJS-TodoMVC/CompletingAllItems/total": 119.46192345185416,
  "EmberJS-TodoMVC/DeletingItems/Async": 2.7891236045615733,
  "EmberJS-TodoMVC/DeletingItems/Sync": 62.67101182207364,
  "EmberJS-TodoMVC/DeletingItems/total": 65.46221599104157,
  "EmberJS-TodoMVC/total": 356.9183474257472,
  "Flight-TodoMVC/Adding100Items/Async": 32.335257845208446,
  "Flight-TodoMVC/Adding100Items/Sync": 79.16095835078372,
  "Flight-TodoMVC/Adding100Items/total": 111.50385928095376,
  "Flight-TodoMVC/CompletingAllItems/Async": 24.72586813797989,
  "Flight-TodoMVC/CompletingAllItems/Sync": 87.29999905164351,
  "Flight-TodoMVC/CompletingAllItems/total": 112.03831662475646,
  "Flight-TodoMVC/DeletingItems/Async": 2.8763320471413283,
  "Flight-TodoMVC/DeletingItems/Sync": 69.92817478186674,
  "Flight-TodoMVC/DeletingItems/total": 72.80755683267074,
  "Flight-TodoMVC/total": 296.3962400131203,
  "Inferno-TodoMVC/Adding100Items/Async": 38.36719141290288,
  "Inferno-TodoMVC/Adding100Items/Sync": 45.27984258686533,
  "Inferno-TodoMVC/Adding100Items/total": 83.76992807800042,
  "Inferno-TodoMVC/CompletingAllItems/Async": 6.976261776708979,
  "Inferno-TodoMVC/CompletingAllItems/Sync": 87.95359104788454,
  "Inferno-TodoMVC/CompletingAllItems/total": 95.46457118345732,
  "Inferno-TodoMVC/DeletingItems/Async": 2.9273180524029034,
  "Inferno-TodoMVC/DeletingItems/Sync": 206.67533784603324,
  "Inferno-TodoMVC/DeletingItems/total": 209.60601212646816,
  "Inferno-TodoMVC/total": 389.04260364180834,
  "Preact-TodoMVC/Adding100Items/Async": 36.91117345850146,
  "Preact-TodoMVC/Adding100Items/Sync": 4.981045646004042,
  "Preact-TodoMVC/Adding100Items/total": 41.90310589418462,
  "Preact-TodoMVC/CompletingAllItems/Async": 17.17478010940437,
  "Preact-TodoMVC/CompletingAllItems/Sync": 3.0803403343452413,
  "Preact-TodoMVC/CompletingAllItems/total": 20.272428379374702,
  "Preact-TodoMVC/DeletingItems/Async": 4.409221431150818,
  "Preact-TodoMVC/DeletingItems/Sync": 1.701728266303868,
  "Preact-TodoMVC/DeletingItems/total": 6.115528625310275,
  "Preact-TodoMVC/total": 68.43857358292907,
  "React-Redux-TodoMVC/Adding100Items/Async": 33.21592506415143,
  "React-Redux-TodoMVC/Adding100Items/Sync": 130.4050912652081,
  "React-Redux-TodoMVC/Adding100Items/total": 163.6704122775511,
  "React-Redux-TodoMVC/CompletingAllItems/Async": 25.78556217569868,
  "React-Redux-TodoMVC/CompletingAllItems/Sync": 144.75624777160522,
  "React-Redux-TodoMVC/CompletingAllItems/total": 170.7755275068161,
  "React-Redux-TodoMVC/DeletingItems/Async": 4.221732431342947,
  "React-Redux-TodoMVC/DeletingItems/Sync": 95.6176163425299,
  "React-Redux-TodoMVC/DeletingItems/total": 100.19408775272785,
  "React-Redux-TodoMVC/total": 438.96794005107574,
  "React-TodoMVC/Adding100Items/Async": 36.21540784913942,
  "React-TodoMVC/Adding100Items/Sync": 115.11590244256212,
  "React-TodoMVC/Adding100Items/total": 151.6588357211875,
  "React-TodoMVC/CompletingAllItems/Async": 27.918307334234342,
  "React-TodoMVC/CompletingAllItems/Sync": 72.907499410394,
  "React-TodoMVC/CompletingAllItems/total": 101.53707790413587,
  "React-TodoMVC/DeletingAllItems/Async": 3.4113539298140436,
  "React-TodoMVC/DeletingAllItems/Sync": 46.94019750396364,
  "React-TodoMVC/DeletingAllItems/total": 50.65478804929748,
  "React-TodoMVC/total": 307.49983605644303,
  "Vanilla-ES2015-Babel-Webpack-TodoMVC/Adding100Items/Async": 34.731341165140314,
  "Vanilla-ES2015-Babel-Webpack-TodoMVC/Adding100Items/Sync": 309.0695110368611,
  "Vanilla-ES2015-Babel-Webpack-TodoMVC/Adding100Items/total": 343.9146599467051,
  "Vanilla-ES2015-Babel-Webpack-TodoMVC/CompletingAllItems/Async": 25.33101940936699,
  "Vanilla-ES2015-Babel-Webpack-TodoMVC/CompletingAllItems/Sync": 71.1394939181856,
  "Vanilla-ES2015-Babel-Webpack-TodoMVC/CompletingAllItems/total": 96.84962166026489,
  "Vanilla-ES2015-Babel-Webpack-TodoMVC/DeletingItems/Async": 3.6724635202105373,
  "Vanilla-ES2015-Babel-Webpack-TodoMVC/DeletingItems/Sync": 41.021008648219976,
  "Vanilla-ES2015-Babel-Webpack-TodoMVC/DeletingItems/total": 45.23183908190947,
  "Vanilla-ES2015-Babel-Webpack-TodoMVC/total": 488.7724584526452,
  "Vanilla-ES2015-TodoMVC/Adding100Items/Async": 33.678539288153786,
  "Vanilla-ES2015-TodoMVC/Adding100Items/Sync": 297.8324318024346,
  "Vanilla-ES2015-TodoMVC/Adding100Items/total": 331.53233874993407,
  "Vanilla-ES2015-TodoMVC/CompletingAllItems/Async": 26.911022915277076,