{
  "browser-setup": 4.122785,
  "browser-tear_down": 0.282615,
  "probes-creation": 0.000138,
  "probes-setup": 0.000101,
  "probes-start": 6.9e-05,
  "run": 134.753364,
  "runner-cooldown": 2.002051
}