{
  "Angular2-TypeScript-TodoMVC/Adding100Items/Async": 37.87115113310887,
  "Angular2-TypeScript-TodoMVC/Adding100Items/Sync": 61.27715491687607,
  "Angular2-TypeScript-TodoMVC/Adding100Items/total": 99.19961919007616,
  "Angular2-TypeScript-TodoMVC/CompletingAllItems/Async": 17.64801985072862,
  "Angular2-TypeScript-TodoMVC/CompletingAllItems/Sync": 10.114974285565387,
  "Angular2-TypeScript-TodoMVC/CompletingAllItems/total": 27.792691126968553,
  "Angular2-TypeScript-TodoMVC/DeletingItems/Async": 3.8723814851249854,
  "Angular2-TypeScript-TodoMVC/DeletingItems/Sync": 19.26581767649579,
  "Angular2-TypeScript-TodoMVC/DeletingItems/total": 23.144682408043174,
  "Angular2-TypeScript-TodoMVC/total": 150.38645129793127,
  "AngularJS-TodoMVC/Adding100Items/Async": 54.91944750149771,
  "AngularJS-TodoMVC/Adding100Items/Sync": 270.71422039636167,
  "AngularJS-TodoMVC/Adding100Items/total": 326.2373310026176,
  "AngularJS-TodoMVC/CompletingAllItems/Async": 36.89023011342791,
  "AngularJS-TodoMVC/CompletingAllItems/Sync": 87.9039305547194,
  "AngularJS-TodoMVC/CompletingAllItems/total": 125.59290714512434,
  "AngularJS-TodoMVC/DeletingAllItems/Async": 17.561443214680942,
  "AngularJS-TodoMVC/DeletingAllItems/Sync": 243.3518064264424,
  "AngularJS-TodoMVC/DeletingAllItems/total": 261.2545317566185,
  "AngularJS-TodoMVC/total": 714.006375542525,
  "BackboneJS-TodoMVC/Adding100Items/Async": 45.5304806734888,
  "BackboneJS-TodoMVC/Adding100Items/Sync": 109.59801157205706,
  "BackboneJS-TodoMVC/Adding100Items/total": 155.73882011902964,
  "BackboneJS-TodoMVC/CompletingAllItems/Async": 34.11640251567618,
  "BackboneJS-TodoMVC/CompletingAllItems/Sync": 59.49889051255408,
  "BackboneJS-TodoMVC/CompletingAllItems/total": 93.78767591201795,
  "BackboneJS-TodoMVC/DeletingAllItems/Async": 4.5949656897555125,
  "BackboneJS-TodoMVC/DeletingAllItems/Sync": 30.74205600112836,
  "BackboneJS-TodoMVC/DeletingAllItems/total": 35.341574310611605,
  "BackboneJS-TodoMVC/total": 285.1726312526775,
  "Elm-TodoMVC/Adding100Items/Async": 53.66055990725942,
  "Elm-TodoMVC/Adding100Items/Sync": 202.8142708717018,
  "Elm-TodoMVC/Adding100Items/total": 265.923174593348,
  "Elm-TodoMVC/CompletingAllItems/Async": 40.706284421791246,
  "Elm-TodoMVC/CompletingAllItems/Sync": 138.4428086960074,
  "Elm-TodoMVC/CompletingAllItems/total": 179.35649678260165,
  "Elm-TodoMVC/DeletingItems/Async": 10.745715748472795,
  "Elm-TodoMVC/DeletingItems/Sync": 310.1245660412148,
  "Elm-TodoMVC/DeletingItems/total": 322.22644909068555,
  "Elm-TodoMVC/total": 853.3710526914859,
  "EmberJS-Debug-TodoMVC/Adding100Items/Async": 45.59006970160298,
  "EmberJS-Debug-TodoMVC/Adding100Items/Sync": 589.5566419842877,
  "EmberJS-Debug-TodoMVC/Adding100Items/total": 635.2849364411973,
  "EmberJS-Debug-TodoMVC/CompletingAllItems/Async": 32.12597998624573,
  "EmberJS-Debug-TodoMVC/CompletingAllItems/Sync": 362.37715131860904,
  "EmberJS-Debug-TodoMVC/CompletingAllItems/total": 394.5265991720859,
  "EmberJS-Debug-TodoMVC/DeletingItems/Async": 5.2112050624457265,
  "EmberJS-Debug-TodoMVC/DeletingItems/Sync": 385.9811959569367,
  "EmberJS-Debug-TodoMVC/DeletingItems/total": 391.2491940745317,
  "EmberJS-Debug-TodoMVC/total": 1421.4747968922145,
  "EmberJS-TodoMVC/Adding100Items/Async": 43.072427294691856,
  "EmberJS-TodoMVC/Adding100Items/Sync": 225.0636957407932,
  "EmberJS-TodoMVC/Adding100Items/total": 268.17373143467836,
  "EmberJS-TodoMVC/CompletingAllItems/Async": 36.35153447871291,
  "EmberJS-TodoMVC/CompletingAllItems/Sync": 123.23079462269656,
  "EmberJS-TodoMVC/CompletingAllItems/total": 159.89884505780833,
  "EmberJS-TodoMVC/DeletingItems/Async": 4.650828721220476,
  "EmberJS-TodoMVC/DeletingItems/Sync": 79.66027863391243,
  "EmberJS-TodoMVC/DeletingItems/total": 84.36832358331498,
  "EmberJS-TodoMVC/total": 512.5497426483137,
  "Flight-TodoMVC/Adding100Items/Async": 40.70341816684812,
  "Flight-TodoMVC/Adding100Items/Sync": 119.15551216296758,
  "Flight-TodoMVC/Adding100Items/total": 160.08072825674148,
  "Flight-TodoMVC/CompletingAllItems/Async": 32.47442614231368,
  "Flight-TodoMVC/CompletingAllItems/Sync": 127.2960322608463,
  "Flight-TodoMVC/CompletingAllItems/total": 159.9063373889203,
  "Flight-TodoMVC/DeletingItems/Async": 5.01393554217189,
  "Flight-TodoMVC/DeletingItems/Sync": 110.25654134152587,
  "Flight-TodoMVC/DeletingItems/total": 115.66255778742986,
  "Flight-TodoMVC/total": 435.73740249708123,
  "Inferno-TodoMVC/Adding100Items/Async": 43.933622712751216,
  "Inferno-TodoMVC/Adding100Items/Sync": 57.27717272758451,
  "Inferno-TodoMVC/Adding100Items/total": 101.28726422193397,
  "Inferno-TodoMVC/CompletingAllItems/Async": 10.065935801282137,
  "Inferno-TodoMVC/CompletingAllItems/Sync": 116.71810103301802,
  "Inferno-TodoMVC/CompletingAllItems/total": 127.21874909254046,
  "Inferno-TodoMVC/DeletingItems/Async": 4.024245230708967,
  "Inferno-TodoMVC/DeletingItems/Sync": 245.08521300268688,
  "Inferno-TodoMVC/DeletingItems/total": 249.14778797081684,
  "Inferno-TodoMVC/total": 477.97089016571283,
  "Preact-TodoMVC/Adding100Items/Async": 61.364509844913286,
  "Preact-TodoMVC/Adding100Items/Sync": 10.629508997953614,
  "Preact-TodoMVC/Adding100Items/total": 72.0046354191046,
  "Preact-TodoMVC/CompletingAllItems/Async": 27.430705142939864,
  "Preact-TodoMVC/CompletingAllItems/Sync": 3.9132806382588217,
  "Preact-TodoMVC/CompletingAllItems/total": 31.41914873122057,
  "Preact-TodoMVC/DeletingItems/Async": 7.559755488030072,
  "Preact-TodoMVC/DeletingItems/Sync": 2.1720225306615064,
  "Preact-TodoMVC/DeletingItems/total": 9.752185312336724,
  "Preact-TodoMVC/total": 114.68359400198811,
  "React-Redux-TodoMVC/Adding100Items/Async": 43.13307848325535,
  "React-Redux-TodoMVC/Adding100Items/Sync": 191.66282718366213,
  "React-Redux-TodoMVC/Adding100Items/total": 235.03722895467243,
  "React-Redux-TodoMVC/CompletingAllItems/Async": 31.306570013268757,
  "React-Redux-TodoMVC/CompletingAllItems/Sync": 171.52978180958291,
  "React-Redux-TodoMVC/CompletingAllItems/total": 202.8675513639544,
  "React-Redux-TodoMVC/DeletingItems/Async": 4.150588941555451,
  "React-Redux-TodoMVC/DeletingItems/Sync": 113.56306127907716,
  "React-Redux-TodoMVC/DeletingItems/total": 117.77997612034514,
  "React-Redux-TodoMVC/total": 556.0663751136391,
  "React-TodoMVC/Adding100Items/Async": 43.40788496569767,
  "React-TodoMVC/Adding100Items/Sync": 148.25609960962387,
  "React-TodoMVC/Adding100Items/total": 191.8071762163699,
  "React-TodoMVC/CompletingAllItems/Async": 33.38704664224938,
  "React-TodoMVC/CompletingAllItems/Sync": 84.28872882815956,
  "React-TodoMVC/CompletingAllItems/total": 117.77128658969016,
  "React-TodoMVC/DeletingAllItems/Async": 4.152999108520757,
  "React-TodoMVC/DeletingAllItems/Sync": 56.43828893664844,
  "React-TodoMVC/DeletingAllItems/total": 60.658981047321404,
  "React-TodoMVC/total": 370.45170030906706,
  "Vanilla-ES2015-Babel-Webpack-TodoMVC/Adding100Items/Async": 39.88219242064646,
  "Vanilla-ES2015-Babel-Webpack-TodoMVC/Adding100Items/Sync": 353.9188939910989,
  "Vanilla-ES2015-Babel-Webpack-TodoMVC/Adding100Items/total": 393.86385763469605,
  "Vanilla-ES2015-Babel-Webpack-TodoMVC/CompletingAllItems/Async": 32.037031931692084,
  "Vanilla-ES2015-Babel-Webpack-TodoMVC/CompletingAllItems/Sync": 78.89564397320441,
  "Vanilla-ES2015-Babel-Webpack-TodoMVC/CompletingAllItems/total": 111.01966141582749,
  "Vanilla-ES2015-Babel-Webpack-TodoMVC/DeletingItems/Async": 4.743221764719824,
  "Vanilla-ES2015-Babel-Webpack-TodoMVC/DeletingItems/Sync": 52.900654010181555,
  "Vanilla-ES2015-Babel-Webpack-TodoMVC/DeletingItems/total": 57.670970861964264,
  "Vanilla-ES2015-Babel-Webpack-TodoMVC/total": 562.8448838341734,
  "Vanilla-ES2015-TodoMVC/Adding100Items/Async": 38.253329605731366,
  "Vanilla-ES2015-TodoMVC/Adding100Items/Sync": 362.6517764715701,
  "Vanilla-ES2015-TodoMVC/Adding100Items/total": 400.9329051073259,
  "Vanilla-ES2015-TodoMVC/CompletingAllItems/Async": 30.96527595400419,