{
  "browser-setup": 3.350426,
  "browser-tear_down": 0.283499,
  "probes-creation": 0.000183,
  "probes-setup": 0.000154,
  "probes-start": 8.1e-05,
  "run": 110.56176,
  "runner-cooldown": 2.002055
}