{
  "Angular2-TypeScript-TodoMVC/Adding100Items/Async": 32.18883131257995,
  "Angular2-TypeScript-TodoMVC/Adding100Items/Sync": 42.03665113515039,
  "Angular2-TypeScript-TodoMVC/Adding100Items/total": 74.26446604494652,
  "Angular2-TypeScript-TodoMVC/CompletingAllItems/Async": 12.897100078897612,
  "Angular2-TypeScript-TodoMVC/CompletingAllItems/Sync": 8.525629468562242,
  "Angular2-TypeScript-TodoMVC/CompletingAllItems/total": 21.424746724917522,
  "Angular2-TypeScript-TodoMVC/DeletingItems/Async": 3.67965635611219,
  "Angular2-TypeScript-TodoMVC/DeletingItems/Sync": 16.22838934405729,
  "Angular2-TypeScript-TodoMVC/DeletingItems/total": 21.552191051962502,
  "Angular2-TypeScript-TodoMVC/total": 118.93648427980298,
  "AngularJS-TodoMVC/Adding100Items/Async": 41.61817941145366,
  "AngularJS-TodoMVC/Adding100Items/Sync": 154.40957059424292,
  "AngularJS-TodoMVC/Adding100Items/total": 196.0398170403405,
  "AngularJS-TodoMVC/CompletingAllItems/Async": 25.96990427202758,
  "AngularJS-TodoMVC/CompletingAllItems/Sync": 54.663172165908826,
  "AngularJS-TodoMVC/CompletingAllItems/total": 80.7408810377101,
  "AngularJS-TodoMVC/DeletingAllItems/Async": 15.576324170248013,
  "AngularJS-TodoMVC/DeletingAllItems/Sync": 158.70382205457182,
  "AngularJS-TodoMVC/DeletingAllItems/total": 174.38302608896916,
  "AngularJS-TodoMVC/total": 451.2366171755826,
  "BackboneJS-TodoMVC/Adding100Items/Async": 41.90119763120372,
  "BackboneJS-TodoMVC/Adding100Items/Sync": 54.944672171339995,
  "BackboneJS-TodoMVC/Adding100Items/total": 96.98584219788543,
  "BackboneJS-TodoMVC/CompletingAllItems/Async": 31.919123897920162,
  "BackboneJS-TodoMVC/CompletingAllItems/Sync": 37.59788416316131,
  "BackboneJS-TodoMVC/CompletingAllItems/total": 69.71243157910807,
  "BackboneJS-TodoMVC/DeletingAllItems/Async": 5.163582098908028,
  "BackboneJS-TodoMVC/DeletingAllItems/Sync": 25.919821279039834,
  "BackboneJS-TodoMVC/DeletingAllItems/total": 31.63604910031696,
  "BackboneJS-TodoMVC/total": 198.47715875830397,
  "Elm-TodoMVC/Adding100Items/Async": 48.88487487572581,
  "Elm-TodoMVC/Adding100Items/Sync": 85.59926822124184,
  "Elm-TodoMVC/Adding100Items/total": 134.55714483586075,
  "Elm-TodoMVC/CompletingAllItems/Async": 29.867890613466013,
  "Elm-TodoMVC/CompletingAllItems/Sync": 81.9085914569933,
  "Elm-TodoMVC/CompletingAllItems/total": 111.80352925652247,
  "Elm-TodoMVC/DeletingItems/Async": 8.990973629400607,
  "Elm-TodoMVC/DeletingItems/Sync": 101.17373565231478,
  "Elm-TodoMVC/DeletingItems/total": 110.27918980717918,
  "Elm-TodoMVC/total": 356.6691538743368,
  "EmberJS-Debug-TodoMVC/Adding100Items/Async": 46.404465639742305,
  "EmberJS-Debug-TodoMVC/Adding100Items/Sync": 740.1217174739659,
  "EmberJS-Debug-TodoMVC/Adding100Items/total": 787.0674844407553,
  "EmberJS-Debug-TodoMVC/CompletingAllItems/Async": 32.70110632270635,
  "EmberJS-Debug-TodoMVC/CompletingAllItems/Sync": 299.11961226845295,
  "EmberJS-Debug-TodoMVC/CompletingAllItems/total": 331.93305187354576,
  "EmberJS-Debug-TodoMVC/DeletingItems/Async": 9.701187517987304,
  "EmberJS-Debug-TodoMVC/DeletingItems/Sync": 289.2062685448547,
  "EmberJS-Debug-TodoMVC/DeletingItems/total": 299.5655064979311,
  "EmberJS-Debug-TodoMVC/total": 1425.134123550591,
  "EmberJS-TodoMVC/Adding100Items/Async": 34.84515088611237,
  "EmberJS-TodoMVC/Adding100Items/Sync": 153.1508221796809,
  "EmberJS-TodoMVC/Adding100Items/total": 188.16355230944657,
  "EmberJS-TodoMVC/CompletingAllItems/Async": 29.824669333594,
  "EmberJS-TodoMVC/CompletingAllItems/Sync": 112.18062848697878,
  "EmberJS-TodoMVC/CompletingAllItems/total": 142.68289009278314,
  "EmberJS-TodoMVC/DeletingItems/Async": 3.838689885213091,
  "EmberJS-TodoMVC/DeletingItems/Sync": 76.06060331662042,
  "EmberJS-TodoMVC/DeletingItems/total": 79.95252332799316,
  "EmberJS-TodoMVC/total": 412.49827223540467,
  "Flight-TodoMVC/Adding100Items/Async": 33.70905597785682,
  "Flight-TodoMVC/Adding100Items/Sync": 78.45050386562595,
  "Flight-TodoMVC/Adding100Items/total": 112.17560411880925,
  "Flight-TodoMVC/CompletingAllItems/Async": 24.943639631782286,
  "Flight-TodoMVC/CompletingAllItems/Sync": 85.67326945008493,
  "Flight-TodoMVC/CompletingAllItems/total": 110.61990635768753,
  "Flight-TodoMVC/DeletingItems/Async": 3.4418537267015554,
  "Flight-TodoMVC/DeletingItems/Sync": 69.98144758639873,
  "Flight-TodoMVC/DeletingItems/total": 73.4638561220209,
  "Flight-TodoMVC/total": 296.2695966155872,
  "Inferno-TodoMVC/Adding100Items/Async": 38.68854640507081,
  "Inferno-TodoMVC/Adding100Items/Sync": 43.04454267892379,
  "Inferno-TodoMVC/Adding100Items/total": 81.88363559038115,
  "Inferno-TodoMVC/CompletingAllItems/Async": 7.399193864157465,
  "Inferno-TodoMVC/CompletingAllItems/Sync": 85.14412930564629,
  "Inferno-TodoMVC/CompletingAllItems/total": 92.86672391617051,
  "Inferno-TodoMVC/DeletingItems/Async": 3.296434834269007,
  "Inferno-TodoMVC/DeletingItems/Sync": 203.40380127873138,
  "Inferno-TodoMVC/DeletingItems/total": 206.73726143424335,
  "Inferno-TodoMVC/total": 381.5513228883309,
  "Preact-TodoMVC/Adding100Items/Async": 37.35149109446449,
  "Preact-TodoMVC/Adding100Items/Sync": 4.8465945573263784,
  "Preact-TodoMVC/Adding100Items/total": 42.207004898514676,
  "Preact-TodoMVC/CompletingAllItems/Async": 16.012408637539032,
  "Preact-TodoMVC/CompletingAllItems/Sync": 3.04624534342953,
  "Preact-TodoMVC/CompletingAllItems/total": 19.066597684416216,
  "Preact-TodoMVC/DeletingItems/Async": 4.431768344048324,
  "Preact-TodoMVC/DeletingItems/Sync": 1.66808755642775,
  "Preact-TodoMVC/DeletingItems/total": 6.10765441132275,
  "Preact-TodoMVC/total": 67.44208266981364,
  "React-Redux-TodoMVC/Adding100Items/Async": 33.517495245834695,
  "React-Redux-TodoMVC/Adding100Items/Sync": 136.8020551759957,
  "React-Redux-TodoMVC/Adding100Items/total": 170.51848949657625,
  "React-Redux-TodoMVC/CompletingAllItems/Async": 27.24651092634216,
  "React-Redux-TodoMVC/CompletingAllItems/Sync": 144.76498704805402,
  "React-Redux-TodoMVC/CompletingAllItems/total": 172.22509917545187,
  "React-Redux-TodoMVC/DeletingItems/Async": 3.784389196714843,
  "React-Redux-TodoMVC/DeletingItems/Sync": 98.36362015368628,
  "React-Redux-TodoMVC/DeletingItems/total": 102.24356534868207,
  "React-Redux-TodoMVC/total": 445.8614299744724,
  "React-TodoMVC/Adding100Items/Async": 35.220036215961926,
  "React-TodoMVC/Adding100Items/Sync": 108.97640960392614,
  "React-TodoMVC/Adding100Items/total": 144.46995330602962,
  "React-TodoMVC/CompletingAllItems/Async": 27.74913675313783,
  "React-TodoMVC/CompletingAllItems/Sync": 64.85174014690014,
  "React-TodoMVC/CompletingAllItems/total": 92.69763335225883,
  "React-TodoMVC/DeletingAllItems/Async": 3.0117491604502233,
  "React-TodoMVC/DeletingAllItems/Sync": 48.14884992628698,
  "React-TodoMVC/DeletingAllItems/total": 51.20389415832101,
  "React-TodoMVC/total": 288.92133582999645,
  "Vanilla-ES2015-Babel-Webpack-TodoMVC/Adding100Items/Async": 35.17548557793775,
  "Vanilla-ES2015-Babel-Webpack-TodoMVC/Adding100Items/Sync": 297.9347054412921,
  "Vanilla-ES2015-Babel-Webpack-TodoMVC/Adding100Items/total": 333.16873336969167,
  "Vanilla-ES2015-Babel-Webpack-TodoMVC/CompletingAllItems/Async": 25.89699103854961,
  "Vanilla-ES2015-Babel-Webpack-TodoMVC/CompletingAllItems/Sync": 64.51008760687937,
  "Vanilla-ES2015-Babel-Webpack-TodoMVC/CompletingAllItems/total": 90.44291676572422,
  "Vanilla-ES2015-Babel-Webpack-TodoMVC/DeletingItems/Async": 4.003560337235253,
  "Vanilla-ES2015-Babel-Webpack-TodoMVC/DeletingItems/Sync": 40.47481837715477,
  "Vanilla-ES2015-Babel-Webpack-TodoMVC/DeletingItems/total": 46.55373175387975,
  "Vanilla-ES2015-Babel-Webpack-TodoMVC/total": 471.23102004394946,
  "Vanilla-ES2015-TodoMVC/Adding100Items/Async": 34.68515423354759,
  "Vanilla-ES2015-TodoMVC/Adding100Items/Sync": 302.2887281967996,
  "Vanilla-ES2015-TodoMVC/Adding100Items/total": 337.0189699857601,
  "Vanilla-ES2015-TodoMVC/CompletingAllItems/Async": 25.91045227614669,