{
  "browser-setup": 3.305795,
  "browser-tear_down": 0.216357,
  "probes-creation": 0.000195,
  "probes-setup": 0.000163,
  "probes-start": 7.9e-05,
  "run": 109.443613,
  "runner-cooldown": 2.002058
}