{
  "Angular2-TypeScript-TodoMVC/Adding100Items/Async": 31.37058596344689,
  "Angular2-TypeScript-TodoMVC/Adding100Items/Sync": 42.15993009392767,
  "Angular2-TypeScript-TodoMVC/Adding100Items/total": 73.58294029112862,
  "Angular2-TypeScript-TodoMVC/CompletingAllItems/Async": 12.708553547332697,
  "Angular2-TypeScript-TodoMVC/CompletingAllItems/Sync": 8.474978225347732,
  "Angular2-TypeScript-TodoMVC/CompletingAllItems/total": 21.18631185472789,
  "Angular2-TypeScript-TodoMVC/DeletingItems/Async": 2.620301884155515,
  "Angular2-TypeScript-TodoMVC/DeletingItems/Sync": 16.462018879645544,
  "Angular2-TypeScript-TodoMVC/DeletingItems/total": 19.08870289313282,
  "Angular2-TypeScript-TodoMVC/total": 113.88091885619667,
  "AngularJS-TodoMVC/Adding100Items/Async": 40.72043092423636,
  "AngularJS-TodoMVC/Adding100Items/Sync": 150.4807367176124,
  "AngularJS-TodoMVC/Adding100Items/total": 191.2083818899803,
  "AngularJS-TodoMVC/CompletingAllItems/Async": 25.09943885719758,
  "AngularJS-TodoMVC/CompletingAllItems/Sync": 59.17147182747041,
  "AngularJS-TodoMVC/CompletingAllItems/total": 84.55406727388038,
  "AngularJS-TodoMVC/DeletingAllItems/Async": 16.423375221182486,
  "AngularJS-TodoMVC/DeletingAllItems/Sync": 167.37340222907278,
  "AngularJS-TodoMVC/DeletingAllItems/total": 184.2130830742288,
  "AngularJS-TodoMVC/total": 464.03703981720224,
  "BackboneJS-TodoMVC/Adding100Items/Async": 37.74486665848206,
  "BackboneJS-TodoMVC/Adding100Items/Sync": 56.406510729548444,
  "BackboneJS-TodoMVC/Adding100Items/total": 94.16950058032985,
  "BackboneJS-TodoMVC/CompletingAllItems/Async": 27.717136078686643,
  "BackboneJS-TodoMVC/CompletingAllItems/Sync": 37.39591116058831,
  "BackboneJS-TodoMVC/CompletingAllItems/total": 65.11438943314378,
  "BackboneJS-TodoMVC/DeletingAllItems/Async": 3.3474428473007185,
  "BackboneJS-TodoMVC/DeletingAllItems/Sync": 25.522704602749048,
  "BackboneJS-TodoMVC/DeletingAllItems/total": 28.884089835307464,
  "BackboneJS-TodoMVC/total": 188.49547075211686,
  "Elm-TodoMVC/Adding100Items/Async": 46.42647156956605,
  "Elm-TodoMVC/Adding100Items/Sync": 86.91941571702255,
  "Elm-TodoMVC/Adding100Items/total": 133.41806310470184,
  "Elm-TodoMVC/CompletingAllItems/Async": 29.645789954131228,
  "Elm-TodoMVC/CompletingAllItems/Sync": 90.97446129476363,
  "Elm-TodoMVC/CompletingAllItems/total": 121.0302260427679,
  "Elm-TodoMVC/DeletingItems/Async": 8.618873841522028,
  "Elm-TodoMVC/DeletingItems/Sync": 110.76203821409226,
  "Elm-TodoMVC/DeletingItems/total": 119.69097353513699,
  "Elm-TodoMVC/total": 380.45330245317047,
  "EmberJS-Debug-TodoMVC/Adding100Items/Async": 39.497940639546314,
  "EmberJS-Debug-TodoMVC/Adding100Items/Sync": 405.9712494265642,
  "EmberJS-Debug-TodoMVC/Adding100Items/total": 445.4859685986536,
  "EmberJS-Debug-TodoMVC/CompletingAllItems/Async": 27.509049129155596,
  "EmberJS-Debug-TodoMVC/CompletingAllItems/Sync": 288.44773583334074,
  "EmberJS-Debug-TodoMVC/CompletingAllItems/total": 316.05809264898284,
  "EmberJS-Debug-TodoMVC/DeletingItems/Async": 7.233412864176415,
  "EmberJS-Debug-TodoMVC/DeletingItems/Sync": 289.6852685772752,
  "EmberJS-Debug-TodoMVC/DeletingItems/total": 298.0636983630866,
  "EmberJS-Debug-TodoMVC/total": 1066.2251886267309,
  "EmberJS-TodoMVC/Adding100Items/Async": 33.626511936007645,
  "EmberJS-TodoMVC/Adding100Items/Sync": 138.0610117833168,
  "EmberJS-TodoMVC/Adding100Items/total": 171.7515593535046,
  "EmberJS-TodoMVC/CompletingAllItems/Async": 26.152665083548342,
  "EmberJS-TodoMVC/CompletingAllItems/Sync": 99.32611025955278,
  "EmberJS-TodoMVC/CompletingAllItems/total": 125.72436844518106,
  "EmberJS-TodoMVC/DeletingItems/Async": 3.2177059960109,
  "EmberJS-TodoMVC/DeletingItems/Sync": 62.22742874831905,
  "EmberJS-TodoMVC/DeletingItems/total": 65.74635159584614,
  "EmberJS-TodoMVC/total": 365.0729690977153,
  "Flight-TodoMVC/Adding100Items/Async": 32.50381925854039,
  "Flight-TodoMVC/Adding100Items/Sync": 78.42025443854695,
  "Flight-TodoMVC/Adding100Items/total": 110.93798608071975,
  "Flight-TodoMVC/CompletingAllItems/Async": 24.883512762408703,
  "Flight-TodoMVC/CompletingAllItems/Sync": 85.8465412771417,
  "Flight-TodoMVC/CompletingAllItems/total": 110.74114612452657,
  "Flight-TodoMVC/DeletingItems/Async": 3.308567069610207,
  "Flight-TodoMVC/DeletingItems/Sync": 69.53690979150116,
  "Flight-TodoMVC/DeletingItems/total": 73.57486890326737,
  "Flight-TodoMVC/total": 295.34319374082617,
  "Inferno-TodoMVC/Adding100Items/Async": 38.613282714012726,
  "Inferno-TodoMVC/Adding100Items/Sync": 43.36954792142767,
  "Inferno-TodoMVC/Adding100Items/total": 82.0686678420324,
  "Inferno-TodoMVC/CompletingAllItems/Async": 7.025536024152418,
  "Inferno-TodoMVC/CompletingAllItems/Sync": 93.05336339959753,
  "Inferno-TodoMVC/CompletingAllItems/total": 100.1865923816273,
  "Inferno-TodoMVC/DeletingItems/Async": 3.6143998316622503,
  "Inferno-TodoMVC/DeletingItems/Sync": 205.89604648113024,
  "Inferno-TodoMVC/DeletingItems/total": 210.06454074709285,
  "Inferno-TodoMVC/total": 394.6673297814197,
  "Preact-TodoMVC/Adding100Items/Async": 37.179248064322884,
  "Preact-TodoMVC/Adding100Items/Sync": 4.904180588352158,
  "Preact-TodoMVC/Adding100Items/total": 42.095170788410826,
  "Preact-TodoMVC/CompletingAllItems/Async": 16.56134139146129,
  "Preact-TodoMVC/CompletingAllItems/Sync": 3.1836281171562857,
  "Preact-TodoMVC/CompletingAllItems/total": 19.751070339733236,
  "Preact-TodoMVC/DeletingItems/Async": 4.676524019319093,
  "Preact-TodoMVC/DeletingItems/Sync": 1.7585686753592495,
  "Preact-TodoMVC/DeletingItems/total": 6.451143395435888,
  "Preact-TodoMVC/total": 68.3510655657486,
  "React-Redux-TodoMVC/Adding100Items/Async": 33.9600437768069,
  "React-Redux-TodoMVC/Adding100Items/Sync": 131.04637132506141,
  "React-Redux-TodoMVC/Adding100Items/total": 165.04465982116892,
  "React-Redux-TodoMVC/CompletingAllItems/Async": 26.079180160211063,
  "React-Redux-TodoMVC/CompletingAllItems/Sync": 144.07591481345423,
  "React-Redux-TodoMVC/CompletingAllItems/total": 170.46501760548662,
  "React-Redux-TodoMVC/DeletingItems/Async": 4.40203062268561,
  "React-Redux-TodoMVC/DeletingItems/Sync": 87.90833406662807,
  "React-Redux-TodoMVC/DeletingItems/total": 92.86775618183344,
  "React-Redux-TodoMVC/total": 430.6771843176487,
  "React-TodoMVC/Adding100Items/Async": 35.280547298388385,
  "React-TodoMVC/Adding100Items/Sync": 110.97257177966242,
  "React-TodoMVC/Adding100Items/total": 146.5477468066509,
  "React-TodoMVC/CompletingAllItems/Async": 27.01070182568609,
  "React-TodoMVC/CompletingAllItems/Sync": 71.23688118115115,
  "React-TodoMVC/CompletingAllItems/total": 98.85785082639674,
  "React-TodoMVC/DeletingAllItems/Async": 4.515927493565092,
  "React-TodoMVC/DeletingAllItems/Sync": 58.89149670303615,
  "React-TodoMVC/DeletingAllItems/total": 64.09629771561222,
  "React-TodoMVC/total": 321.40282971097525,
  "Vanilla-ES2015-Babel-Webpack-TodoMVC/Adding100Items/Async": 34.189159302932815,
  "Vanilla-ES2015-Babel-Webpack-TodoMVC/Adding100Items/Sync": 297.4894498794193,
  "Vanilla-ES2015-Babel-Webpack-TodoMVC/Adding100Items/total": 331.69385096193434,
  "Vanilla-ES2015-Babel-Webpack-TodoMVC/CompletingAllItems/Async": 24.939728595306846,
  "Vanilla-ES2015-Babel-Webpack-TodoMVC/CompletingAllItems/Sync": 62.802624033394586,
  "Vanilla-ES2015-Babel-Webpack-TodoMVC/CompletingAllItems/total": 87.75254727656828,
  "Vanilla-ES2015-Babel-Webpack-TodoMVC/DeletingItems/Async": 2.9040429459992403,
  "Vanilla-ES2015-Babel-Webpack-TodoMVC/DeletingItems/Sync": 39.54753007563461,
  "Vanilla-ES2015-Babel-Webpack-TodoMVC/DeletingItems/total": 42.45649441702772,
  "Vanilla-ES2015-Babel-Webpack-TodoMVC/total": 461.9220651431635,
  "Vanilla-ES2015-TodoMVC/Adding100Items/Async": 34.851317577546084,
  "Vanilla-ES2015-TodoMVC/Adding100Items/Sync": 303.8105001592635,
  "Vanilla-ES2015-TodoMVC/Adding100Items/total": 338.69072950579766,
  "Vanilla-ES2015-TodoMVC/CompletingAllItems/Async": 27.143291094310662,