{
  "browser-setup": 3.236276,
  "browser-tear_down": 0.231988,
  "probes-creation": 0.000329,
  "probes-setup": 0.000152,
  "probes-start": 8.7e-05,
  "run": 109.042338,
  "runner-cooldown": 2.002207
}