{
  "Angular2-TypeScript-TodoMVC/Adding100Items/Async": 30.934989045801156,
  "Angular2-TypeScript-TodoMVC/Adding100Items/Sync": 41.84425404669921,
  "Angular2-TypeScript-TodoMVC/Adding100Items/total": 72.81113038950365,
  "Angular2-TypeScript-TodoMVC/CompletingAllItems/Async": 12.536255634384789,
  "Angular2-TypeScript-TodoMVC/CompletingAllItems/Sync": 8.11470941185097,
  "Angular2-TypeScript-TodoMVC/CompletingAllItems/total": 20.652212014811365,
  "Angular2-TypeScript-TodoMVC/DeletingItems/Async": 2.5557048645144462,
  "Angular2-TypeScript-TodoMVC/DeletingItems/Sync": 16.378750870052116,
  "Angular2-TypeScript-TodoMVC/DeletingItems/total": 18.938236616226686,
  "Angular2-TypeScript-TodoMVC/total": 112.40874102857534,
  "AngularJS-TodoMVC/Adding100Items/Async": 40.374575144621495,
  "AngularJS-TodoMVC/Adding100Items/Sync": 155.26327094158128,
  "AngularJS-TodoMVC/Adding100Items/total": 195.65164728716465,
  "AngularJS-TodoMVC/CompletingAllItems/Async": 23.42907864327239,
  "AngularJS-TodoMVC/CompletingAllItems/Sync": 54.750924901927014,
  "AngularJS-TodoMVC/CompletingAllItems/total": 78.28231584868968,
  "AngularJS-TodoMVC/DeletingAllItems/Async": 13.577879173957202,
  "AngularJS-TodoMVC/DeletingAllItems/Sync": 159.58262879344122,
  "AngularJS-TodoMVC/DeletingAllItems/total": 173.1691532244146,
  "AngularJS-TodoMVC/total": 447.1581482107813,
  "BackboneJS-TodoMVC/Adding100Items/Async": 40.51521041007746,
  "BackboneJS-TodoMVC/Adding100Items/Sync": 55.76978777442748,
  "BackboneJS-TodoMVC/Adding100Items/total": 96.41938729398721,
  "BackboneJS-TodoMVC/CompletingAllItems/Async": 30.079055587188872,
  "BackboneJS-TodoMVC/CompletingAllItems/Sync": 37.45827376674642,
  "BackboneJS-TodoMVC/CompletingAllItems/total": 67.6761716197694,
  "BackboneJS-TodoMVC/DeletingAllItems/Async": 4.662379074000776,
  "BackboneJS-TodoMVC/DeletingAllItems/Sync": 25.545857266047054,
  "BackboneJS-TodoMVC/DeletingAllItems/total": 30.688978372242563,
  "BackboneJS-TodoMVC/total": 195.07302463665312,
  "Elm-TodoMVC/Adding100Items/Async": 46.99696813523532,
  "Elm-TodoMVC/Adding100Items/Sync": 85.57378610635169,
  "Elm-TodoMVC/Adding100Items/total": 132.61512142058277,
  "Elm-TodoMVC/CompletingAllItems/Async": 29.293998171281896,
  "Elm-TodoMVC/CompletingAllItems/Sync": 82.99194768480763,
  "Elm-TodoMVC/CompletingAllItems/total": 112.30873358600078,
  "Elm-TodoMVC/DeletingItems/Async": 8.07282036405059,
  "Elm-TodoMVC/DeletingItems/Sync": 101.10433174833521,
  "Elm-TodoMVC/DeletingItems/total": 109.1923135022942,
  "Elm-TodoMVC/total": 354.16373012199443,
  "EmberJS-Debug-TodoMVC/Adding100Items/Async": 44.054051813527416,
  "EmberJS-Debug-TodoMVC/Adding100Items/Sync": 721.385417126488,
  "EmberJS-Debug-TodoMVC/Adding100Items/total": 765.9587797750811,
  "EmberJS-Debug-TodoMVC/CompletingAllItems/Async": 31.426288020850222,
  "EmberJS-Debug-TodoMVC/CompletingAllItems/Sync": 297.4370560836964,
  "EmberJS-Debug-TodoMVC/CompletingAllItems/total": 328.9838508636173,
  "EmberJS-Debug-TodoMVC/DeletingItems/Async": 8.394970369929945,
  "EmberJS-Debug-TodoMVC/DeletingItems/Sync": 282.4691326845273,
  "EmberJS-Debug-TodoMVC/DeletingItems/total": 291.45260068018075,
  "EmberJS-Debug-TodoMVC/total": 1392.406409251939,
  "EmberJS-TodoMVC/Adding100Items/Async": 33.51958391882041,
  "EmberJS-TodoMVC/Adding100Items/Sync": 151.52806020097594,
  "EmberJS-TodoMVC/Adding100Items/total": 185.10913396176514,
  "EmberJS-TodoMVC/CompletingAllItems/Async": 27.92976602453925,
  "EmberJS-TodoMVC/CompletingAllItems/Sync": 108.09684548121116,
  "EmberJS-TodoMVC/CompletingAllItems/total": 136.29089921783986,
  "EmberJS-TodoMVC/DeletingItems/Async": 2.8050549216317036,
  "EmberJS-TodoMVC/DeletingItems/Sync": 74.00622417905748,
  "EmberJS-TodoMVC/DeletingItems/total": 76.8296970349007,
  "EmberJS-TodoMVC/total": 399.35244176462294,
  "Flight-TodoMVC/Adding100Items/Async": 32.513267926483145,
  "Flight-TodoMVC/Adding100Items/Sync": 77.48668691795909,
  "Flight-TodoMVC/Adding100Items/total": 110.0035745276378,
  "Flight-TodoMVC/CompletingAllItems/Async": 24.554585791923788,
  "Flight-TodoMVC/CompletingAllItems/Sync": 85.08813593811932,
  "Flight-TodoMVC/CompletingAllItems/total": 109.64494185337504,
  "Flight-TodoMVC/DeletingItems/Async": 2.7178408677389956,
  "Flight-TodoMVC/DeletingItems/Sync": 70.22264067954215,
  "Flight-TodoMVC/DeletingItems/total": 72.94238851004748,
  "Flight-TodoMVC/total": 292.59686717205886,
  "Inferno-TodoMVC/Adding100Items/Async": 37.40294124822676,
  "Inferno-TodoMVC/Adding100Items/Sync": 42.57954784989284,
  "Inferno-TodoMVC/Adding100Items/total": 80.07200431408003,
  "Inferno-TodoMVC/CompletingAllItems/Async": 6.055988122725384,
  "Inferno-TodoMVC/CompletingAllItems/Sync": 83.48433011925697,
  "Inferno-TodoMVC/CompletingAllItems/total": 89.54521390112781,
  "Inferno-TodoMVC/DeletingItems/Async": 2.779454978028225,
  "Inferno-TodoMVC/DeletingItems/Sync": 202.31166026268835,
  "Inferno-TodoMVC/DeletingItems/total": 205.1050994817946,
  "Inferno-TodoMVC/total": 374.79116944217503,
  "Preact-TodoMVC/Adding100Items/Async": 37.017111340344684,
  "Preact-TodoMVC/Adding100Items/Sync": 4.755120591303866,
  "Preact-TodoMVC/Adding100Items/total": 41.77565955429257,
  "Preact-TodoMVC/CompletingAllItems/Async": 15.776881926426984,
  "Preact-TodoMVC/CompletingAllItems/Sync": 2.8367745334209755,
  "Preact-TodoMVC/CompletingAllItems/total": 18.616153064585358,
  "Preact-TodoMVC/DeletingItems/Async": 4.078089730874182,
  "Preact-TodoMVC/DeletingItems/Sync": 1.5707836159196866,
  "Preact-TodoMVC/DeletingItems/total": 5.6554250718592805,
  "Preact-TodoMVC/total": 66.05051392403456,
  "React-Redux-TodoMVC/Adding100Items/Async": 32.93618764479166,
  "React-Redux-TodoMVC/Adding100Items/Sync": 139.97849567228948,
  "React-Redux-TodoMVC/Adding100Items/total": 173.081284132549,
  "React-Redux-TodoMVC/CompletingAllItems/Async": 26.701228304877095,
  "React-Redux-TodoMVC/CompletingAllItems/Sync": 148.85855522322723,
  "React-Redux-TodoMVC/CompletingAllItems/total": 175.94552153826288,
  "React-Redux-TodoMVC/DeletingItems/Async": 2.781558658610555,
  "React-Redux-TodoMVC/DeletingItems/Sync": 103.67863081461476,
  "React-Redux-TodoMVC/DeletingItems/total": 106.5276546242355,
  "React-Redux-TodoMVC/total": 457.37305418112163,
  "React-TodoMVC/Adding100Items/Async": 34.07146108553139,
  "React-TodoMVC/Adding100Items/Sync": 108.9222140812679,
  "React-TodoMVC/Adding100Items/total": 143.13527953579614,
  "React-TodoMVC/CompletingAllItems/Async": 27.236960896917797,
  "React-TodoMVC/CompletingAllItems/Sync": 63.940178652991044,
  "React-TodoMVC/CompletingAllItems/total": 91.1921950186864,
  "React-TodoMVC/DeletingAllItems/Async": 2.6086406678566862,
  "React-TodoMVC/DeletingAllItems/Sync": 48.18254556250407,
  "React-TodoMVC/DeletingAllItems/total": 50.80445991514013,
  "React-TodoMVC/total": 285.47673868723007,
  "Vanilla-ES2015-Babel-Webpack-TodoMVC/Adding100Items/Async": 34.50885059613818,
  "Vanilla-ES2015-Babel-Webpack-TodoMVC/Adding100Items/Sync": 293.1045516840943,
  "Vanilla-ES2015-Babel-Webpack-TodoMVC/Adding100Items/total": 327.646079788759,
  "Vanilla-ES2015-Babel-Webpack-TodoMVC/CompletingAllItems/Async": 25.762566437275876,
  "Vanilla-ES2015-Babel-Webpack-TodoMVC/CompletingAllItems/Sync": 64.07611413378775,
  "Vanilla-ES2015-Babel-Webpack-TodoMVC/CompletingAllItems/total": 89.84974842780188,
  "Vanilla-ES2015-Babel-Webpack-TodoMVC/DeletingItems/Async": 2.7761302852513006,
  "Vanilla-ES2015-Babel-Webpack-TodoMVC/DeletingItems/Sync": 40.21342069188625,
  "Vanilla-ES2015-Babel-Webpack-TodoMVC/DeletingItems/total": 42.9931728199109,
  "Vanilla-ES2015-Babel-Webpack-TodoMVC/total": 460.5069869889189,
  "Vanilla-ES2015-TodoMVC/Adding100Items/Async": 33.851023964556994,
  "Vanilla-ES2015-TodoMVC/Adding100Items/Sync": 300.29509254468974,
  "Vanilla-ES2015-TodoMVC/Adding100Items/total": 334.2010808705318,
  "Vanilla-ES2015-TodoMVC/CompletingAllItems/Async": 25.6063689658991,