{
  "browser-setup": 3.999753,
  "browser-tear_down": 0.229473,
  "probes-creation": 0.000121,
  "probes-setup": 9.8e-05,
  "probes-start": 5.5e-05,
  "run": 124.825759,
  "runner-cooldown": 2.000824
}