{
  "browser-setup": 3.860491,
  "browser-tear_down": 0.246135,
  "probes-creation": 0.000125,
  "probes-setup": 0.000102,
  "probes-start": 7.3e-05,
  "run": 125.533306,
  "runner-cooldown": 2.002049
}