{
  "Angular2-TypeScript-TodoMVC/Adding100Items/Async": 38.31474135652038,
  "Angular2-TypeScript-TodoMVC/Adding100Items/Sync": 53.937954576052,
  "Angular2-TypeScript-TodoMVC/Adding100Items/total": 92.29081981765809,
  "Angular2-TypeScript-TodoMVC/CompletingAllItems/Async": 16.465373678780946,
  "Angular2-TypeScript-TodoMVC/CompletingAllItems/Sync": 9.866991211534888,
  "Angular2-TypeScript-TodoMVC/CompletingAllItems/total": 26.542686165580605,
  "Angular2-TypeScript-TodoMVC/DeletingItems/Async": 3.901368368126548,
  "Angular2-TypeScript-TodoMVC/DeletingItems/Sync": 17.88661414935875,
  "Angular2-TypeScript-TodoMVC/DeletingItems/total": 21.920015400453003,
  "Angular2-TypeScript-TodoMVC/total": 141.1160696365432,
  "AngularJS-TodoMVC/Adding100Items/Async": 50.86359260752486,
  "AngularJS-TodoMVC/Adding100Items/Sync": 234.57171218027418,
  "AngularJS-TodoMVC/Adding100Items/total": 285.8512272230909,
  "AngularJS-TodoMVC/CompletingAllItems/Async": 32.82733761596335,
  "AngularJS-TodoMVC/CompletingAllItems/Sync": 69.76865003609198,
  "AngularJS-TodoMVC/CompletingAllItems/total": 103.14079950452917,
  "AngularJS-TodoMVC/DeletingAllItems/Async": 15.482417612781695,
  "AngularJS-TodoMVC/DeletingAllItems/Sync": 257.94116576723343,
  "AngularJS-TodoMVC/DeletingAllItems/total": 273.50909426168016,
  "AngularJS-TodoMVC/total": 667.534242441254,
  "BackboneJS-TodoMVC/Adding100Items/Async": 43.98130601719926,
  "BackboneJS-TodoMVC/Adding100Items/Sync": 70.61653534196793,
  "BackboneJS-TodoMVC/Adding100Items/total": 114.61335315826673,
  "BackboneJS-TodoMVC/CompletingAllItems/Async": 33.318787792236186,
  "BackboneJS-TodoMVC/CompletingAllItems/Sync": 45.87518557452164,
  "BackboneJS-TodoMVC/CompletingAllItems/total": 79.19513051159427,
  "BackboneJS-TodoMVC/DeletingAllItems/Async": 4.955991109755094,
  "BackboneJS-TodoMVC/DeletingAllItems/Sync": 29.407773475835484,
  "BackboneJS-TodoMVC/DeletingAllItems/total": 34.38177452148143,
  "BackboneJS-TodoMVC/total": 228.2139560835593,
  "Elm-TodoMVC/Adding100Items/Async": 50.96710163316617,
  "Elm-TodoMVC/Adding100Items/Sync": 119.71589805625739,
  "Elm-TodoMVC/Adding100Items/total": 170.86150520947882,
  "Elm-TodoMVC/CompletingAllItems/Async": 34.76264608107389,
  "Elm-TodoMVC/CompletingAllItems/Sync": 143.06778475208858,
  "Elm-TodoMVC/CompletingAllItems/total": 179.10770074026368,
  "Elm-TodoMVC/DeletingItems/Async": 10.463272861176337,
  "Elm-TodoMVC/DeletingItems/Sync": 141.1091818883903,
  "Elm-TodoMVC/DeletingItems/total": 152.01077326536145,
  "Elm-TodoMVC/total": 509.0285323941542,
  "EmberJS-Debug-TodoMVC/Adding100Items/Async": 47.172231206431206,
  "EmberJS-Debug-TodoMVC/Adding100Items/Sync": 584.8156740302005,
  "EmberJS-Debug-TodoMVC/Adding100Items/total": 632.3046309941573,
  "EmberJS-Debug-TodoMVC/CompletingAllItems/Async": 30.505198242802017,
  "EmberJS-Debug-TodoMVC/CompletingAllItems/Sync": 351.50963960534904,
  "EmberJS-Debug-TodoMVC/CompletingAllItems/total": 382.0537861742852,
  "EmberJS-Debug-TodoMVC/DeletingItems/Async": 10.778056030969053,
  "EmberJS-Debug-TodoMVC/DeletingItems/Sync": 381.38283888212237,
  "EmberJS-Debug-TodoMVC/DeletingItems/total": 393.999245475167,
  "EmberJS-Debug-TodoMVC/total": 1419.4241640536084,
  "EmberJS-TodoMVC/Adding100Items/Async": 44.32768418689544,
  "EmberJS-TodoMVC/Adding100Items/Sync": 219.74954186472002,
  "EmberJS-TodoMVC/Adding100Items/total": 264.7016769983487,
  "EmberJS-TodoMVC/CompletingAllItems/Async": 35.39555270858722,
  "EmberJS-TodoMVC/CompletingAllItems/Sync": 118.64699013091943,
  "EmberJS-TodoMVC/CompletingAllItems/total": 154.26263980684394,
  "EmberJS-TodoMVC/DeletingItems/Async": 6.472911640186104,
  "EmberJS-TodoMVC/DeletingItems/Sync": 91.00508736795534,
  "EmberJS-TodoMVC/DeletingItems/total": 98.07861402086796,
  "EmberJS-TodoMVC/total": 525.893830222425,
  "Flight-TodoMVC/Adding100Items/Async": 39.34832185132593,
  "Flight-TodoMVC/Adding100Items/Sync": 96.64971151668092,
  "Flight-TodoMVC/Adding100Items/total": 136.00687708791116,
  "Flight-TodoMVC/CompletingAllItems/Async": 28.94854324742504,
  "Flight-TodoMVC/CompletingAllItems/Sync": 104.00846222274616,
  "Flight-TodoMVC/CompletingAllItems/total": 132.9607944112962,
  "Flight-TodoMVC/DeletingItems/Async": 3.767367668178594,
  "Flight-TodoMVC/DeletingItems/Sync": 88.38351456320734,
  "Flight-TodoMVC/DeletingItems/total": 92.15418152904665,
  "Flight-TodoMVC/total": 361.17343241161086,
  "Inferno-TodoMVC/Adding100Items/Async": 43.601354750075565,
  "Inferno-TodoMVC/Adding100Items/Sync": 49.99427295806255,
  "Inferno-TodoMVC/Adding100Items/total": 93.7397510232468,
  "Inferno-TodoMVC/CompletingAllItems/Async": 9.759524713480113,
  "Inferno-TodoMVC/CompletingAllItems/Sync": 109.77633056872334,
  "Inferno-TodoMVC/CompletingAllItems/total": 120.09090625673248,
  "Inferno-TodoMVC/DeletingItems/Async": 3.504642557048482,
  "Inferno-TodoMVC/DeletingItems/Sync": 237.836232710624,
  "Inferno-TodoMVC/DeletingItems/total": 241.34632644407537,
  "Inferno-TodoMVC/total": 455.40187711817975,
  "Preact-TodoMVC/Adding100Items/Async": 44.525011676156225,
  "Preact-TodoMVC/Adding100Items/Sync": 6.301266334555617,
  "Preact-TodoMVC/Adding100Items/total": 50.84261928150801,
  "Preact-TodoMVC/CompletingAllItems/Async": 30.976791595653978,
  "Preact-TodoMVC/CompletingAllItems/Sync": 3.897108167984102,
  "Preact-TodoMVC/CompletingAllItems/total": 34.88256046661752,
  "Preact-TodoMVC/DeletingItems/Async": 7.33049303254991,
  "Preact-TodoMVC/DeletingItems/Sync": 2.0671320249779694,
  "Preact-TodoMVC/DeletingItems/total": 9.42094666144138,
  "Preact-TodoMVC/total": 95.27362900797426,
  "React-Redux-TodoMVC/Adding100Items/Async": 47.24594686690461,
  "React-Redux-TodoMVC/Adding100Items/Sync": 178.2398435899223,
  "React-Redux-TodoMVC/Adding100Items/total": 225.82467543602132,
  "React-Redux-TodoMVC/CompletingAllItems/Async": 30.328564799406834,
  "React-Redux-TodoMVC/CompletingAllItems/Sync": 180.15020619226144,
  "React-Redux-TodoMVC/CompletingAllItems/total": 210.89728896504187,
  "React-Redux-TodoMVC/DeletingItems/Async": 6.173428379944023,
  "React-Redux-TodoMVC/DeletingItems/Sync": 120.55138384102166,
  "React-Redux-TodoMVC/DeletingItems/total": 127.10861545368324,
  "React-Redux-TodoMVC/total": 568.6942196989262,
  "React-TodoMVC/Adding100Items/Async": 42.107649308100704,
  "React-TodoMVC/Adding100Items/Sync": 133.38918431355725,
  "React-TodoMVC/Adding100Items/total": 175.5114590261689,
  "React-TodoMVC/CompletingAllItems/Async": 33.58530684303569,
  "React-TodoMVC/CompletingAllItems/Sync": 111.67705563363224,
  "React-TodoMVC/CompletingAllItems/total": 146.47168155528198,
  "React-TodoMVC/DeletingAllItems/Async": 4.961661813057019,
  "React-TodoMVC/DeletingAllItems/Sync": 57.33122779348072,
  "React-TodoMVC/DeletingAllItems/total": 63.04819006003621,
  "React-TodoMVC/total": 393.2141890457009,
  "Vanilla-ES2015-Babel-Webpack-TodoMVC/Adding100Items/Async": 37.20751216259783,
  "Vanilla-ES2015-Babel-Webpack-TodoMVC/Adding100Items/Sync": 329.5993659777071,
  "Vanilla-ES2015-Babel-Webpack-TodoMVC/Adding100Items/total": 366.83317824131666,
  "Vanilla-ES2015-Babel-Webpack-TodoMVC/CompletingAllItems/Async": 29.8249031729768,
  "Vanilla-ES2015-Babel-Webpack-TodoMVC/CompletingAllItems/Sync": 71.40192112030151,
  "Vanilla-ES2015-Babel-Webpack-TodoMVC/CompletingAllItems/total": 101.22974843404442,
  "Vanilla-ES2015-Babel-Webpack-TodoMVC/DeletingItems/Async": 3.887848193082508,
  "Vanilla-ES2015-Babel-Webpack-TodoMVC/DeletingItems/Sync": 45.31662662994203,
  "Vanilla-ES2015-Babel-Webpack-TodoMVC/DeletingItems/total": 49.20609954784261,
  "Vanilla-ES2015-Babel-Webpack-TodoMVC/total": 517.2791145858138,
  "Vanilla-ES2015-TodoMVC/Adding100Items/Async": 37.238051015896374,
  "Vanilla-ES2015-TodoMVC/Adding100Items/Sync": 336.8246315500984,
  "Vanilla-ES2015-TodoMVC/Adding100Items/total": 374.1031039594765,
  "Vanilla-ES2015-TodoMVC/CompletingAllItems/Async": 30.417973025803494,