{
  "browser-setup": 3.251891,
  "browser-tear_down": 20.054235,
  "probes-creation": 0.000194,
  "probes-setup": 0.000167,
  "probes-start": 8.6e-05,
  "run": 395.005362,
  "runner-cooldown": 2.002072
}