{
  "browser-setup": 3.276207,
  "browser-tear_down": 0.271702,
  "probes-creation": 0.000126,
  "probes-setup": 0.000107,
  "probes-start": 8.2e-05,
  "run": 111.058694,
  "runner-cooldown": 2.002042
}