{
  "Angular2-TypeScript-TodoMVC/Adding100Items/Async": 31.188640904352397,
  "Angular2-TypeScript-TodoMVC/Adding100Items/Sync": 41.89709305752229,
  "Angular2-TypeScript-TodoMVC/Adding100Items/total": 73.12264294977616,
  "Angular2-TypeScript-TodoMVC/CompletingAllItems/Async": 12.924255484220796,
  "Angular2-TypeScript-TodoMVC/CompletingAllItems/Sync": 8.357360768968817,
  "Angular2-TypeScript-TodoMVC/CompletingAllItems/total": 21.283193389806637,
  "Angular2-TypeScript-TodoMVC/DeletingItems/Async": 2.62494489257772,
  "Angular2-TypeScript-TodoMVC/DeletingItems/Sync": 16.24352385766687,
  "Angular2-TypeScript-TodoMVC/DeletingItems/total": 18.87275386640449,
  "Angular2-TypeScript-TodoMVC/total": 113.28835149163969,
  "AngularJS-TodoMVC/Adding100Items/Async": 46.361230539723095,
  "AngularJS-TodoMVC/Adding100Items/Sync": 160.52493064635036,
  "AngularJS-TodoMVC/Adding100Items/total": 209.80472319675414,
  "AngularJS-TodoMVC/CompletingAllItems/Async": 25.39062974209679,
  "AngularJS-TodoMVC/CompletingAllItems/Sync": 55.161205067842225,
  "AngularJS-TodoMVC/CompletingAllItems/total": 80.67413567042556,
  "AngularJS-TodoMVC/DeletingAllItems/Async": 15.255593734012992,
  "AngularJS-TodoMVC/DeletingAllItems/Sync": 161.1352150628304,
  "AngularJS-TodoMVC/DeletingAllItems/total": 176.96575859736467,
  "AngularJS-TodoMVC/total": 468.49885026034053,
  "BackboneJS-TodoMVC/Adding100Items/Async": 36.861822911825705,
  "BackboneJS-TodoMVC/Adding100Items/Sync": 55.79137615883198,
  "BackboneJS-TodoMVC/Adding100Items/total": 92.67583626329959,
  "BackboneJS-TodoMVC/CompletingAllItems/Async": 27.91058210084339,
  "BackboneJS-TodoMVC/CompletingAllItems/Sync": 38.21698245053914,
  "BackboneJS-TodoMVC/CompletingAllItems/total": 66.12967588559168,
  "BackboneJS-TodoMVC/DeletingAllItems/Async": 3.371156256718762,
  "BackboneJS-TodoMVC/DeletingAllItems/Sync": 25.874638193867987,
  "BackboneJS-TodoMVC/DeletingAllItems/total": 29.266067836431525,
  "BackboneJS-TodoMVC/total": 188.0964134340413,
  "Elm-TodoMVC/Adding100Items/Async": 45.59846184410503,
  "Elm-TodoMVC/Adding100Items/Sync": 93.89294699545032,
  "Elm-TodoMVC/Adding100Items/total": 140.4886723362547,
  "Elm-TodoMVC/CompletingAllItems/Async": 32.52474543978316,
  "Elm-TodoMVC/CompletingAllItems/Sync": 137.7359099064953,
  "Elm-TodoMVC/CompletingAllItems/total": 172.1002475223656,
  "Elm-TodoMVC/DeletingItems/Async": 12.071050141320356,
  "Elm-TodoMVC/DeletingItems/Sync": 106.22209119757052,
  "Elm-TodoMVC/DeletingItems/total": 119.92311755565495,
  "Elm-TodoMVC/total": 445.8013562830073,
  "EmberJS-Debug-TodoMVC/Adding100Items/Async": 42.4496299765456,
  "EmberJS-Debug-TodoMVC/Adding100Items/Sync": 439.31742574566664,
  "EmberJS-Debug-TodoMVC/Adding100Items/total": 481.9074545649875,
  "EmberJS-Debug-TodoMVC/CompletingAllItems/Async": 27.15125438693754,
  "EmberJS-Debug-TodoMVC/CompletingAllItems/Sync": 273.92122329667734,
  "EmberJS-Debug-TodoMVC/CompletingAllItems/total": 301.4028828441642,
  "EmberJS-Debug-TodoMVC/DeletingItems/Async": 9.238063988297398,
  "EmberJS-Debug-TodoMVC/DeletingItems/Sync": 329.1435427530922,
  "EmberJS-Debug-TodoMVC/DeletingItems/total": 340.2852757471246,
  "EmberJS-Debug-TodoMVC/total": 1134.319329206036,
  "EmberJS-TodoMVC/Adding100Items/Async": 34.091728239344484,
  "EmberJS-TodoMVC/Adding100Items/Sync": 144.22422672102115,
  "EmberJS-TodoMVC/Adding100Items/total": 178.3495639047028,
  "EmberJS-TodoMVC/CompletingAllItems/Async": 26.636644582859155,
  "EmberJS-TodoMVC/CompletingAllItems/Sync": 95.65789897989956,
  "EmberJS-TodoMVC/CompletingAllItems/total": 122.30809737439363,
  "EmberJS-TodoMVC/DeletingItems/Async": 3.408248565822557,
  "EmberJS-TodoMVC/DeletingItems/Sync": 70.4732032379061,
  "EmberJS-TodoMVC/DeletingItems/total": 73.92661822069945,
  "EmberJS-TodoMVC/total": 378.1292705382745,
  "Flight-TodoMVC/Adding100Items/Async": 32.23638377467774,
  "Flight-TodoMVC/Adding100Items/Sync": 78.24565638043298,
  "Flight-TodoMVC/Adding100Items/total": 110.48643172127468,
  "Flight-TodoMVC/CompletingAllItems/Async": 24.545813787808246,
  "Flight-TodoMVC/CompletingAllItems/Sync": 85.29401287865784,
  "Flight-TodoMVC/CompletingAllItems/total": 109.84335225377443,
  "Flight-TodoMVC/DeletingItems/Async": 2.8282371473913277,
  "Flight-TodoMVC/DeletingItems/Sync": 69.27527266858245,
  "Flight-TodoMVC/DeletingItems/total": 72.10488444564216,
  "Flight-TodoMVC/total": 292.44389803879443,
  "Inferno-TodoMVC/Adding100Items/Async": 37.46950479139218,
  "Inferno-TodoMVC/Adding100Items/Sync": 43.834724275283875,
  "Inferno-TodoMVC/Adding100Items/total": 81.48834387262822,
  "Inferno-TodoMVC/CompletingAllItems/Async": 6.7790207761518895,
  "Inferno-TodoMVC/CompletingAllItems/Sync": 86.83177211925172,
  "Inferno-TodoMVC/CompletingAllItems/total": 93.77160400734869,
  "Inferno-TodoMVC/DeletingItems/Async": 2.9748450655934757,
  "Inferno-TodoMVC/DeletingItems/Sync": 203.9521518834931,
  "Inferno-TodoMVC/DeletingItems/total": 206.93294274851803,
  "Inferno-TodoMVC/total": 382.355041792518,
  "Preact-TodoMVC/Adding100Items/Async": 36.98121850674772,
  "Preact-TodoMVC/Adding100Items/Sync": 4.9534272935448405,
  "Preact-TodoMVC/Adding100Items/total": 41.93889391206685,
  "Preact-TodoMVC/CompletingAllItems/Async": 16.227159395469606,
  "Preact-TodoMVC/CompletingAllItems/Sync": 2.8638339306800304,
  "Preact-TodoMVC/CompletingAllItems/total": 19.095763174476765,
  "Preact-TodoMVC/DeletingItems/Async": 4.236806783600989,
  "Preact-TodoMVC/DeletingItems/Sync": 1.545200994616993,
  "Preact-TodoMVC/DeletingItems/total": 5.7947038652619565,
  "Preact-TodoMVC/total": 66.83279698358044,
  "React-Redux-TodoMVC/Adding100Items/Async": 36.153005521335444,
  "React-Redux-TodoMVC/Adding100Items/Sync": 146.756038054561,
  "React-Redux-TodoMVC/Adding100Items/total": 183.4290572773125,
  "React-Redux-TodoMVC/CompletingAllItems/Async": 26.57610482006691,
  "React-Redux-TodoMVC/CompletingAllItems/Sync": 148.88890143279136,
  "React-Redux-TodoMVC/CompletingAllItems/total": 175.9112883143933,
  "React-Redux-TodoMVC/DeletingItems/Async": 4.829748932454777,
  "React-Redux-TodoMVC/DeletingItems/Sync": 90.9128340518208,
  "React-Redux-TodoMVC/DeletingItems/total": 97.13020477512445,
  "React-Redux-TodoMVC/total": 458.80322912866416,
  "React-TodoMVC/Adding100Items/Async": 34.67735348459562,
  "React-TodoMVC/Adding100Items/Sync": 105.6296496597134,
  "React-TodoMVC/Adding100Items/total": 140.32570628833486,
  "React-TodoMVC/CompletingAllItems/Async": 27.081171003478783,
  "React-TodoMVC/CompletingAllItems/Sync": 79.04157601740795,
  "React-TodoMVC/CompletingAllItems/total": 107.35621133109623,
  "React-TodoMVC/DeletingAllItems/Async": 3.3955425043869676,
  "React-TodoMVC/DeletingAllItems/Sync": 47.18705715015815,
  "React-TodoMVC/DeletingAllItems/total": 50.900928471245116,
  "React-TodoMVC/total": 303.8029944717877,
  "Vanilla-ES2015-Babel-Webpack-TodoMVC/Adding100Items/Async": 35.24370734135687,
  "Vanilla-ES2015-Babel-Webpack-TodoMVC/Adding100Items/Sync": 303.60141642759106,
  "Vanilla-ES2015-Babel-Webpack-TodoMVC/Adding100Items/total": 338.88741268926356,
  "Vanilla-ES2015-Babel-Webpack-TodoMVC/CompletingAllItems/Async": 24.87524460856048,
  "Vanilla-ES2015-Babel-Webpack-TodoMVC/CompletingAllItems/Sync": 63.66261505804853,
  "Vanilla-ES2015-Babel-Webpack-TodoMVC/CompletingAllItems/total": 88.55707052550893,
  "Vanilla-ES2015-Babel-Webpack-TodoMVC/DeletingItems/Async": 3.2778003468015346,
  "Vanilla-ES2015-Babel-Webpack-TodoMVC/DeletingItems/Sync": 40.00194766333178,
  "Vanilla-ES2015-Babel-Webpack-TodoMVC/DeletingItems/total": 43.68789387388988,
  "Vanilla-ES2015-Babel-Webpack-TodoMVC/total": 471.2985432971552,
  "Vanilla-ES2015-TodoMVC/Adding100Items/Async": 33.86745035840344,
  "Vanilla-ES2015-TodoMVC/Adding100Items/Sync": 298.77777197104814,
  "Vanilla-ES2015-TodoMVC/Adding100Items/total": 332.6638160930139,
  "Vanilla-ES2015-TodoMVC/CompletingAllItems/Async": 26.473256196622085,