{
  "browser-setup": 4.031883,
  "browser-tear_down": 0.285476,
  "probes-creation": 0.000119,
  "probes-setup": 9.9e-05,
  "probes-start": 5.5e-05,
  "run": 128.238616,
  "runner-cooldown": 2.002046
}