{
  "Angular2-TypeScript-TodoMVC/Adding100Items/Async": 38.894002337437215,
  "Angular2-TypeScript-TodoMVC/Adding100Items/Sync": 54.976063880982636,
  "Angular2-TypeScript-TodoMVC/Adding100Items/total": 94.00183220224808,
  "Angular2-TypeScript-TodoMVC/CompletingAllItems/Async": 15.963007238263161,
  "Angular2-TypeScript-TodoMVC/CompletingAllItems/Sync": 9.92466685163836,
  "Angular2-TypeScript-TodoMVC/CompletingAllItems/total": 26.074371082036404,
  "Angular2-TypeScript-TodoMVC/DeletingItems/Async": 3.6172959554323345,
  "Angular2-TypeScript-TodoMVC/DeletingItems/Sync": 17.61086520730749,
  "Angular2-TypeScript-TodoMVC/DeletingItems/total": 21.23709605199145,
  "Angular2-TypeScript-TodoMVC/total": 141.59283567616927,
  "AngularJS-TodoMVC/Adding100Items/Async": 56.05844741945578,
  "AngularJS-TodoMVC/Adding100Items/Sync": 246.40900849555354,
  "AngularJS-TodoMVC/Adding100Items/total": 303.7225206870841,
  "AngularJS-TodoMVC/CompletingAllItems/Async": 35.91036619190883,
  "AngularJS-TodoMVC/CompletingAllItems/Sync": 71.42187219277506,
  "AngularJS-TodoMVC/CompletingAllItems/total": 108.03907491896882,
  "AngularJS-TodoMVC/DeletingAllItems/Async": 15.313964269448084,
  "AngularJS-TodoMVC/DeletingAllItems/Sync": 255.6662798523631,
  "AngularJS-TodoMVC/DeletingAllItems/total": 271.0232714174693,
  "AngularJS-TodoMVC/total": 691.1005949903322,
  "BackboneJS-TodoMVC/Adding100Items/Async": 43.520078446269295,
  "BackboneJS-TodoMVC/Adding100Items/Sync": 71.38778300114372,
  "BackboneJS-TodoMVC/Adding100Items/total": 114.92357739615412,
  "BackboneJS-TodoMVC/CompletingAllItems/Async": 33.018838376704025,
  "BackboneJS-TodoMVC/CompletingAllItems/Sync": 46.45339151718586,
  "BackboneJS-TodoMVC/CompletingAllItems/total": 79.47378263776278,
  "BackboneJS-TodoMVC/DeletingAllItems/Async": 4.795847689580026,
  "BackboneJS-TodoMVC/DeletingAllItems/Sync": 29.40963594984197,
  "BackboneJS-TodoMVC/DeletingAllItems/total": 34.22004025062477,
  "BackboneJS-TodoMVC/total": 228.6415976347814,
  "Elm-TodoMVC/Adding100Items/Async": 53.219057317356416,
  "Elm-TodoMVC/Adding100Items/Sync": 155.53920790536836,
  "Elm-TodoMVC/Adding100Items/total": 211.20669254266687,
  "Elm-TodoMVC/CompletingAllItems/Async": 35.057895096720515,
  "Elm-TodoMVC/CompletingAllItems/Sync": 126.63407764775337,
  "Elm-TodoMVC/CompletingAllItems/total": 162.30386684352789,
  "Elm-TodoMVC/DeletingItems/Async": 10.969025611861257,
  "Elm-TodoMVC/DeletingItems/Sync": 145.5430261553553,
  "Elm-TodoMVC/DeletingItems/total": 157.14093383035217,
  "Elm-TodoMVC/total": 544.6784626222251,
  "EmberJS-Debug-TodoMVC/Adding100Items/Async": 46.853638523985644,
  "EmberJS-Debug-TodoMVC/Adding100Items/Sync": 559.4611732750383,
  "EmberJS-Debug-TodoMVC/Adding100Items/total": 606.385064901588,
  "EmberJS-Debug-TodoMVC/CompletingAllItems/Async": 30.795467709516576,
  "EmberJS-Debug-TodoMVC/CompletingAllItems/Sync": 375.37506992776787,
  "EmberJS-Debug-TodoMVC/CompletingAllItems/total": 406.35031420595874,
  "EmberJS-Debug-TodoMVC/DeletingItems/Async": 8.323063751553336,
  "EmberJS-Debug-TodoMVC/DeletingItems/Sync": 397.3109762579324,
  "EmberJS-Debug-TodoMVC/DeletingItems/total": 406.5132462970318,
  "EmberJS-Debug-TodoMVC/total": 1430.101061723779,
  "EmberJS-TodoMVC/Adding100Items/Async": 43.386713523566215,
  "EmberJS-TodoMVC/Adding100Items/Sync": 200.6087640003461,
  "EmberJS-TodoMVC/Adding100Items/total": 244.1223642499571,
  "EmberJS-TodoMVC/CompletingAllItems/Async": 36.358011938442864,
  "EmberJS-TodoMVC/CompletingAllItems/Sync": 118.68246958615389,
  "EmberJS-TodoMVC/CompletingAllItems/total": 155.3546579846045,
  "EmberJS-TodoMVC/DeletingItems/Async": 3.9161547857544368,
  "EmberJS-TodoMVC/DeletingItems/Sync": 76.41306921338808,
  "EmberJS-TodoMVC/DeletingItems/total": 80.36870997564435,
  "EmberJS-TodoMVC/total": 480.10268753406297,
  "Flight-TodoMVC/Adding100Items/Async": 39.10899144320065,
  "Flight-TodoMVC/Adding100Items/Sync": 98.09845297355123,
  "Flight-TodoMVC/Adding100Items/total": 137.21883777919868,
  "Flight-TodoMVC/CompletingAllItems/Async": 28.668501123228438,
  "Flight-TodoMVC/CompletingAllItems/Sync": 105.00034287557048,
  "Flight-TodoMVC/CompletingAllItems/total": 133.67345806038583,
  "Flight-TodoMVC/DeletingItems/Async": 3.955431142197087,
  "Flight-TodoMVC/DeletingItems/Sync": 88.57182423668058,
  "Flight-TodoMVC/DeletingItems/total": 92.5973043605793,
  "Flight-TodoMVC/total": 363.5097971573269,
  "Inferno-TodoMVC/Adding100Items/Async": 45.1425292435342,
  "Inferno-TodoMVC/Adding100Items/Sync": 51.21318762102013,
  "Inferno-TodoMVC/Adding100Items/total": 96.94978670086006,
  "Inferno-TodoMVC/CompletingAllItems/Async": 10.277416823632002,
  "Inferno-TodoMVC/CompletingAllItems/Sync": 109.66005207847839,
  "Inferno-TodoMVC/CompletingAllItems/total": 120.60139405299755,
  "Inferno-TodoMVC/DeletingItems/Async": 4.273464308649161,
  "Inferno-TodoMVC/DeletingItems/Sync": 260.2842122458458,
  "Inferno-TodoMVC/DeletingItems/total": 264.7734432118892,
  "Inferno-TodoMVC/total": 484.291186057321,
  "Preact-TodoMVC/Adding100Items/Async": 43.395847196346416,
  "Preact-TodoMVC/Adding100Items/Sync": 6.482425832481203,
  "Preact-TodoMVC/Adding100Items/total": 49.87994126297936,
  "Preact-TodoMVC/CompletingAllItems/Async": 30.837696273726433,
  "Preact-TodoMVC/CompletingAllItems/Sync": 3.8600926360989516,
  "Preact-TodoMVC/CompletingAllItems/total": 34.704254625211384,
  "Preact-TodoMVC/DeletingItems/Async": 7.435007023677597,
  "Preact-TodoMVC/DeletingItems/Sync": 2.103870148034772,
  "Preact-TodoMVC/DeletingItems/total": 9.569791017342503,
  "Preact-TodoMVC/total": 94.18779921234997,
  "React-Redux-TodoMVC/Adding100Items/Async": 42.88119269250953,
  "React-Redux-TodoMVC/Adding100Items/Sync": 191.52821369356096,
  "React-Redux-TodoMVC/Adding100Items/total": 234.87019673010425,
  "React-Redux-TodoMVC/CompletingAllItems/Async": 32.32309410080708,
  "React-Redux-TodoMVC/CompletingAllItems/Sync": 222.58971836714392,
  "React-Redux-TodoMVC/CompletingAllItems/total": 255.9258472051652,
  "React-Redux-TodoMVC/DeletingItems/Async": 6.919281913065022,
  "React-Redux-TodoMVC/DeletingItems/Sync": 110.71855493184572,
  "React-Redux-TodoMVC/DeletingItems/total": 118.31001535521463,
  "React-Redux-TodoMVC/total": 616.43868174335,
  "React-TodoMVC/Adding100Items/Async": 42.62653722345978,
  "React-TodoMVC/Adding100Items/Sync": 138.24609676057386,
  "React-TodoMVC/Adding100Items/total": 181.06288054026936,
  "React-TodoMVC/CompletingAllItems/Async": 30.348184060603348,
  "React-TodoMVC/CompletingAllItems/Sync": 92.63776102869033,
  "React-TodoMVC/CompletingAllItems/total": 123.69401146679192,
  "React-TodoMVC/DeletingAllItems/Async": 4.652513779768718,
  "React-TodoMVC/DeletingAllItems/Sync": 57.10939200911598,
  "React-TodoMVC/DeletingAllItems/total": 62.93864226964937,
  "React-TodoMVC/total": 372.9859288721325,
  "Vanilla-ES2015-Babel-Webpack-TodoMVC/Adding100Items/Async": 37.3345794021652,
  "Vanilla-ES2015-Babel-Webpack-TodoMVC/Adding100Items/Sync": 331.42981525311666,
  "Vanilla-ES2015-Babel-Webpack-TodoMVC/Adding100Items/total": 368.81306452451895,
  "Vanilla-ES2015-Babel-Webpack-TodoMVC/CompletingAllItems/Async": 30.468154850753898,
  "Vanilla-ES2015-Babel-Webpack-TodoMVC/CompletingAllItems/Sync": 70.5866306379558,
  "Vanilla-ES2015-Babel-Webpack-TodoMVC/CompletingAllItems/total": 101.11079529373205,
  "Vanilla-ES2015-Babel-Webpack-TodoMVC/DeletingItems/Async": 3.8093558206848415,
  "Vanilla-ES2015-Babel-Webpack-TodoMVC/DeletingItems/Sync": 45.25532182299871,
  "Vanilla-ES2015-Babel-Webpack-TodoMVC/DeletingItems/total": 49.06601970450262,
  "Vanilla-ES2015-Babel-Webpack-TodoMVC/total": 519.037141484474,
  "Vanilla-ES2015-TodoMVC/Adding100Items/Async": 37.47689973164932,
  "Vanilla-ES2015-TodoMVC/Adding100Items/Sync": 351.7138615638497,
  "Vanilla-ES2015-TodoMVC/Adding100Items/total": 389.25380921361824,
  "Vanilla-ES2015-TodoMVC/CompletingAllItems/Async": 30.052956317211716,