{
  "browser-setup": 3.902935,
  "browser-tear_down": 0.283309,
  "probes-creation": 0.000126,
  "probes-setup": 0.000102,
  "probes-start": 7.4e-05,
  "run": 129.109721,
  "runner-cooldown": 2.001889
}