{
  "Angular2-TypeScript-TodoMVC/Adding100Items/Async": 37.117236431395504,
  "Angular2-TypeScript-TodoMVC/Adding100Items/Sync": 54.467222397351264,
  "Angular2-TypeScript-TodoMVC/Adding100Items/total": 91.63333666337313,
  "Angular2-TypeScript-TodoMVC/CompletingAllItems/Async": 14.138166270525632,
  "Angular2-TypeScript-TodoMVC/CompletingAllItems/Sync": 10.014307646781052,
  "Angular2-TypeScript-TodoMVC/CompletingAllItems/total": 24.154306372244612,
  "Angular2-TypeScript-TodoMVC/DeletingItems/Async": 3.882676985456381,
  "Angular2-TypeScript-TodoMVC/DeletingItems/Sync": 17.523244331467257,
  "Angular2-TypeScript-TodoMVC/DeletingItems/total": 21.547738017093685,
  "Angular2-TypeScript-TodoMVC/total": 137.38578264511708,
  "AngularJS-TodoMVC/Adding100Items/Async": 49.03850075071177,
  "AngularJS-TodoMVC/Adding100Items/Sync": 229.9237322201587,
  "AngularJS-TodoMVC/Adding100Items/total": 279.20830948861794,
  "AngularJS-TodoMVC/CompletingAllItems/Async": 34.3910364139647,
  "AngularJS-TodoMVC/CompletingAllItems/Sync": 71.81300685574408,
  "AngularJS-TodoMVC/CompletingAllItems/total": 106.47880833011278,
  "AngularJS-TodoMVC/DeletingAllItems/Async": 16.741116511636005,
  "AngularJS-TodoMVC/DeletingAllItems/Sync": 285.8795245275615,
  "AngularJS-TodoMVC/DeletingAllItems/total": 302.70822422687615,
  "AngularJS-TodoMVC/total": 696.4307687646038,
  "BackboneJS-TodoMVC/Adding100Items/Async": 43.27930735617109,
  "BackboneJS-TodoMVC/Adding100Items/Sync": 70.75308757163837,
  "BackboneJS-TodoMVC/Adding100Items/total": 114.04448667036625,
  "BackboneJS-TodoMVC/CompletingAllItems/Async": 33.04876322505458,
  "BackboneJS-TodoMVC/CompletingAllItems/Sync": 47.48375960889531,
  "BackboneJS-TodoMVC/CompletingAllItems/total": 80.5845889353985,
  "BackboneJS-TodoMVC/DeletingAllItems/Async": 5.341354870614611,
  "BackboneJS-TodoMVC/DeletingAllItems/Sync": 32.56247003799223,
  "BackboneJS-TodoMVC/DeletingAllItems/total": 37.91295371254477,
  "BackboneJS-TodoMVC/total": 234.43315933497362,
  "Elm-TodoMVC/Adding100Items/Async": 50.25516766319274,
  "Elm-TodoMVC/Adding100Items/Sync": 118.73268913082184,
  "Elm-TodoMVC/Adding100Items/total": 169.05465880699535,
  "Elm-TodoMVC/CompletingAllItems/Async": 35.341040381447925,
  "Elm-TodoMVC/CompletingAllItems/Sync": 161.28759849816137,
  "Elm-TodoMVC/CompletingAllItems/total": 197.85668451843418,
  "Elm-TodoMVC/DeletingItems/Async": 10.347187022431642,
  "Elm-TodoMVC/DeletingItems/Sync": 146.28644133260542,
  "Elm-TodoMVC/DeletingItems/total": 157.0606262648651,
  "Elm-TodoMVC/total": 532.3377077165867,
  "EmberJS-Debug-TodoMVC/Adding100Items/Async": 47.77393146479961,
  "EmberJS-Debug-TodoMVC/Adding100Items/Sync": 591.3873555315154,
  "EmberJS-Debug-TodoMVC/Adding100Items/total": 639.1937995049218,
  "EmberJS-Debug-TodoMVC/CompletingAllItems/Async": 33.91733988394466,
  "EmberJS-Debug-TodoMVC/CompletingAllItems/Sync": 400.5460328668584,
  "EmberJS-Debug-TodoMVC/CompletingAllItems/total": 434.59290986747027,
  "EmberJS-Debug-TodoMVC/DeletingItems/Async": 9.55145584161268,
  "EmberJS-Debug-TodoMVC/DeletingItems/Sync": 362.63627828555144,
  "EmberJS-Debug-TodoMVC/DeletingItems/total": 373.07891581057146,
  "EmberJS-Debug-TodoMVC/total": 1454.038393577857,
  "EmberJS-TodoMVC/Adding100Items/Async": 42.59107259086625,
  "EmberJS-TodoMVC/Adding100Items/Sync": 205.442265801355,
  "EmberJS-TodoMVC/Adding100Items/total": 248.09301432427418,
  "EmberJS-TodoMVC/CompletingAllItems/Async": 33.837579166398704,
  "EmberJS-TodoMVC/CompletingAllItems/Sync": 116.0346350213467,
  "EmberJS-TodoMVC/CompletingAllItems/total": 150.2590494662269,
  "EmberJS-TodoMVC/DeletingItems/Async": 3.807163064812769,
  "EmberJS-TodoMVC/DeletingItems/Sync": 80.81934175295228,
  "EmberJS-TodoMVC/DeletingItems/total": 84.68958676931874,
  "EmberJS-TodoMVC/total": 483.9653707260563,
  "Flight-TodoMVC/Adding100Items/Async": 39.492197556384184,
  "Flight-TodoMVC/Adding100Items/Sync": 107.05953759680186,
  "Flight-TodoMVC/Adding100Items/total": 146.8634876932897,
  "Flight-TodoMVC/CompletingAllItems/Async": 28.96169828051034,
  "Flight-TodoMVC/CompletingAllItems/Sync": 107.4351855993621,
  "Flight-TodoMVC/CompletingAllItems/total": 136.41197512564818,
  "Flight-TodoMVC/DeletingItems/Async": 4.063855224235028,
  "Flight-TodoMVC/DeletingItems/Sync": 90.7557158420429,
  "Flight-TodoMVC/DeletingItems/total": 95.01492458920399,
  "Flight-TodoMVC/total": 379.2571203931307,
  "Inferno-TodoMVC/Adding100Items/Async": 45.90028563800043,
  "Inferno-TodoMVC/Adding100Items/Sync": 49.73095252350653,
  "Inferno-TodoMVC/Adding100Items/total": 95.93411127505802,
  "Inferno-TodoMVC/CompletingAllItems/Async": 11.123466329724549,
  "Inferno-TodoMVC/CompletingAllItems/Sync": 109.20610183759922,
  "Inferno-TodoMVC/CompletingAllItems/total": 120.91362139368962,
  "Inferno-TodoMVC/DeletingItems/Async": 3.418026917684909,
  "Inferno-TodoMVC/DeletingItems/Sync": 243.54529224252516,
  "Inferno-TodoMVC/DeletingItems/total": 246.96453202619045,
  "Inferno-TodoMVC/total": 464.1298867282179,
  "Preact-TodoMVC/Adding100Items/Async": 42.86500449959692,
  "Preact-TodoMVC/Adding100Items/Sync": 6.50348448528887,
  "Preact-TodoMVC/Adding100Items/total": 49.370880810516006,
  "Preact-TodoMVC/CompletingAllItems/Async": 30.808026569754784,
  "Preact-TodoMVC/CompletingAllItems/Sync": 3.982238429773706,
  "Preact-TodoMVC/CompletingAllItems/total": 34.79610619072969,
  "Preact-TodoMVC/DeletingItems/Async": 7.60862353102589,
  "Preact-TodoMVC/DeletingItems/Sync": 2.055171638026293,
  "Preact-TodoMVC/DeletingItems/total": 9.66724492642061,
  "Preact-TodoMVC/total": 93.8382214772806,
  "React-Redux-TodoMVC/Adding100Items/Async": 43.036830305534785,
  "React-Redux-TodoMVC/Adding100Items/Sync": 181.24920566619213,
  "React-Redux-TodoMVC/Adding100Items/total": 224.61632941655154,
  "React-Redux-TodoMVC/CompletingAllItems/Async": 30.372318257383284,
  "React-Redux-TodoMVC/CompletingAllItems/Sync": 188.19858491759555,
  "React-Redux-TodoMVC/CompletingAllItems/total": 218.90046031175436,
  "React-Redux-TodoMVC/DeletingItems/Async": 4.747735596003513,
  "React-Redux-TodoMVC/DeletingItems/Sync": 111.42018313609007,
  "React-Redux-TodoMVC/DeletingItems/total": 116.59812908868247,
  "React-Redux-TodoMVC/total": 563.1015020410206,
  "React-TodoMVC/Adding100Items/Async": 44.304214179009854,
  "React-TodoMVC/Adding100Items/Sync": 159.0463425355857,
  "React-TodoMVC/Adding100Items/total": 204.13955068901535,
  "React-TodoMVC/CompletingAllItems/Async": 31.90414934016477,
  "React-TodoMVC/CompletingAllItems/Sync": 96.74072881420486,
  "React-TodoMVC/CompletingAllItems/total": 128.94773188433908,
  "React-TodoMVC/DeletingAllItems/Async": 4.230138874275569,
  "React-TodoMVC/DeletingAllItems/Sync": 54.82885177366893,
  "React-TodoMVC/DeletingAllItems/total": 59.52714042497112,
  "React-TodoMVC/total": 397.52185950717984,
  "Vanilla-ES2015-Babel-Webpack-TodoMVC/Adding100Items/Async": 38.24941008471383,
  "Vanilla-ES2015-Babel-Webpack-TodoMVC/Adding100Items/Sync": 334.31033086697187,
  "Vanilla-ES2015-Babel-Webpack-TodoMVC/Adding100Items/total": 372.6416420402121,
  "Vanilla-ES2015-Babel-Webpack-TodoMVC/CompletingAllItems/Async": 30.546058859865166,
  "Vanilla-ES2015-Babel-Webpack-TodoMVC/CompletingAllItems/Sync": 77.28029195681735,
  "Vanilla-ES2015-Babel-Webpack-TodoMVC/CompletingAllItems/total": 108.28481466719269,
  "Vanilla-ES2015-Babel-Webpack-TodoMVC/DeletingItems/Async": 4.649035151884282,
  "Vanilla-ES2015-Babel-Webpack-TodoMVC/DeletingItems/Sync": 45.738376128297595,
  "Vanilla-ES2015-Babel-Webpack-TodoMVC/DeletingItems/total": 50.74855210553238,
  "Vanilla-ES2015-Babel-Webpack-TodoMVC/total": 534.1146564860992,
  "Vanilla-ES2015-TodoMVC/Adding100Items/Async": 37.21123317028071,
  "Vanilla-ES2015-TodoMVC/Adding100Items/Sync": 354.1962149947083,
  "Vanilla-ES2015-TodoMVC/Adding100Items/total": 391.44358351198247,
  "Vanilla-ES2015-TodoMVC/CompletingAllItems/Async": 30.01758316956447,