{
  "browser-setup": 3.987889,
  "browser-tear_down": 0.275487,
  "probes-creation": 0.000129,
  "probes-setup": 0.0001,
  "probes-start": 5.4e-05,
  "run": 126.555321,
  "runner-cooldown": 2.002052
}