{
  "Angular2-TypeScript-TodoMVC/Adding100Items/Async": 42.47441521824674,
  "Angular2-TypeScript-TodoMVC/Adding100Items/Sync": 55.13235336285864,
  "Angular2-TypeScript-TodoMVC/Adding100Items/total": 99.52283929110315,
  "Angular2-TypeScript-TodoMVC/CompletingAllItems/Async": 16.130259193641567,
  "Angular2-TypeScript-TodoMVC/CompletingAllItems/Sync": 10.004345397102481,
  "Angular2-TypeScript-TodoMVC/CompletingAllItems/total": 26.315000446702964,
  "Angular2-TypeScript-TodoMVC/DeletingItems/Async": 4.308649787108198,
  "Angular2-TypeScript-TodoMVC/DeletingItems/Sync": 18.362777152077754,
  "Angular2-TypeScript-TodoMVC/DeletingItems/total": 23.093983614343603,
  "Angular2-TypeScript-TodoMVC/total": 149.2445375175654,
  "AngularJS-TodoMVC/Adding100Items/Async": 52.16515049656506,
  "AngularJS-TodoMVC/Adding100Items/Sync": 244.97000821055008,
  "AngularJS-TodoMVC/Adding100Items/total": 298.0782718916684,
  "AngularJS-TodoMVC/CompletingAllItems/Async": 35.38676361322894,
  "AngularJS-TodoMVC/CompletingAllItems/Sync": 71.254106083779,
  "AngularJS-TodoMVC/CompletingAllItems/total": 107.56308721241666,
  "AngularJS-TodoMVC/DeletingAllItems/Async": 17.111652177003766,
  "AngularJS-TodoMVC/DeletingAllItems/Sync": 243.65764567489725,
  "AngularJS-TodoMVC/DeletingAllItems/total": 261.3696552406587,
  "AngularJS-TodoMVC/total": 668.2644701522473,
  "BackboneJS-TodoMVC/Adding100Items/Async": 43.68988461076285,
  "BackboneJS-TodoMVC/Adding100Items/Sync": 70.80013530859793,
  "BackboneJS-TodoMVC/Adding100Items/total": 114.50421674190902,
  "BackboneJS-TodoMVC/CompletingAllItems/Async": 33.108575333578194,
  "BackboneJS-TodoMVC/CompletingAllItems/Sync": 46.3731911954395,
  "BackboneJS-TodoMVC/CompletingAllItems/total": 79.4831264472768,
  "BackboneJS-TodoMVC/DeletingAllItems/Async": 4.947328303980072,
  "BackboneJS-TodoMVC/DeletingAllItems/Sync": 29.412287165483722,
  "BackboneJS-TodoMVC/DeletingAllItems/total": 34.373807554084294,
  "BackboneJS-TodoMVC/total": 228.38600693291482,
  "Elm-TodoMVC/Adding100Items/Async": 51.793499680301956,
  "Elm-TodoMVC/Adding100Items/Sync": 123.68881003415501,
  "Elm-TodoMVC/Adding100Items/total": 175.7112107633274,
  "Elm-TodoMVC/CompletingAllItems/Async": 35.14282662264355,
  "Elm-TodoMVC/CompletingAllItems/Sync": 152.39255844065863,
  "Elm-TodoMVC/CompletingAllItems/total": 189.43680357511073,
  "Elm-TodoMVC/DeletingItems/Async": 11.633425092997248,
  "Elm-TodoMVC/DeletingItems/Sync": 159.42390923879253,
  "Elm-TodoMVC/DeletingItems/total": 171.67731918834576,
  "Elm-TodoMVC/total": 550.9231675567239,
  "EmberJS-Debug-TodoMVC/Adding100Items/Async": 48.0030898678297,
  "EmberJS-Debug-TodoMVC/Adding100Items/Sync": 577.5596347888402,
  "EmberJS-Debug-TodoMVC/Adding100Items/total": 625.8271473391087,
  "EmberJS-Debug-TodoMVC/CompletingAllItems/Async": 32.393305595841596,
  "EmberJS-Debug-TodoMVC/CompletingAllItems/Sync": 372.54213239984097,
  "EmberJS-Debug-TodoMVC/CompletingAllItems/total": 405.13102003488103,
  "EmberJS-Debug-TodoMVC/DeletingItems/Async": 7.376861130731872,
  "EmberJS-Debug-TodoMVC/DeletingItems/Sync": 384.41868327700826,
  "EmberJS-Debug-TodoMVC/DeletingItems/total": 392.3381142288606,
  "EmberJS-Debug-TodoMVC/total": 1431.1666430195367,
  "EmberJS-TodoMVC/Adding100Items/Async": 46.19319839943417,
  "EmberJS-TodoMVC/Adding100Items/Sync": 198.85047773203453,
  "EmberJS-TodoMVC/Adding100Items/total": 245.6536026852321,
  "EmberJS-TodoMVC/CompletingAllItems/Async": 36.871109636324114,
  "EmberJS-TodoMVC/CompletingAllItems/Sync": 117.26840330850575,
  "EmberJS-TodoMVC/CompletingAllItems/total": 154.67761183351632,
  "EmberJS-TodoMVC/DeletingItems/Async": 4.403041813222111,
  "EmberJS-TodoMVC/DeletingItems/Sync": 92.67014911273019,
  "EmberJS-TodoMVC/DeletingItems/total": 97.59571842389384,
  "EmberJS-TodoMVC/total": 506.37380719711587,
  "Flight-TodoMVC/Adding100Items/Async": 39.217995631146785,
  "Flight-TodoMVC/Adding100Items/Sync": 98.22826386244395,
  "Flight-TodoMVC/Adding100Items/total": 137.45340313505667,
  "Flight-TodoMVC/CompletingAllItems/Async": 28.679031195355236,
  "Flight-TodoMVC/CompletingAllItems/Sync": 104.99958203321646,
  "Flight-TodoMVC/CompletingAllItems/total": 133.68202973151423,
  "Flight-TodoMVC/DeletingItems/Async": 3.7280845214092095,
  "Flight-TodoMVC/DeletingItems/Sync": 88.8474344461845,
  "Flight-TodoMVC/DeletingItems/total": 92.57830083915508,
  "Flight-TodoMVC/total": 363.72806424930735,
  "Inferno-TodoMVC/Adding100Items/Async": 45.08922914910761,
  "Inferno-TodoMVC/Adding100Items/Sync": 50.17986099956121,
  "Inferno-TodoMVC/Adding100Items/total": 95.41385236646421,
  "Inferno-TodoMVC/CompletingAllItems/Async": 10.442482676973214,
  "Inferno-TodoMVC/CompletingAllItems/Sync": 106.62746445048825,
  "Inferno-TodoMVC/CompletingAllItems/total": 117.59005416503652,
  "Inferno-TodoMVC/DeletingItems/Async": 3.6060029010919297,
  "Inferno-TodoMVC/DeletingItems/Sync": 244.13615931115103,
  "Inferno-TodoMVC/DeletingItems/total": 247.74609375151488,
  "Inferno-TodoMVC/total": 461.02268695517955,
  "Preact-TodoMVC/Adding100Items/Async": 43.50748509808662,
  "Preact-TodoMVC/Adding100Items/Sync": 6.513442983253866,
  "Preact-TodoMVC/Adding100Items/total": 50.02301172282545,
  "Preact-TodoMVC/CompletingAllItems/Async": 30.758737314990064,
  "Preact-TodoMVC/CompletingAllItems/Sync": 3.880736111841602,
  "Preact-TodoMVC/CompletingAllItems/total": 34.646175862637,
  "Preact-TodoMVC/DeletingItems/Async": 7.768032169342713,
  "Preact-TodoMVC/DeletingItems/Sync": 2.055741723854136,
  "Preact-TodoMVC/DeletingItems/total": 9.827161428832047,
  "Preact-TodoMVC/total": 94.50014334498107,
  "React-Redux-TodoMVC/Adding100Items/Async": 43.836367222205695,
  "React-Redux-TodoMVC/Adding100Items/Sync": 180.3543009379317,
  "React-Redux-TodoMVC/Adding100Items/total": 224.3758869167942,
  "React-Redux-TodoMVC/CompletingAllItems/Async": 29.611464211539833,
  "React-Redux-TodoMVC/CompletingAllItems/Sync": 184.30244149767125,
  "React-Redux-TodoMVC/CompletingAllItems/total": 214.31994929880278,
  "React-Redux-TodoMVC/DeletingItems/Async": 5.64515824877717,
  "React-Redux-TodoMVC/DeletingItems/Sync": 122.2983350932328,
  "React-Redux-TodoMVC/DeletingItems/total": 128.56041357834314,
  "React-Redux-TodoMVC/total": 577.6837228053639,
  "React-TodoMVC/Adding100Items/Async": 42.77769419948691,
  "React-TodoMVC/Adding100Items/Sync": 141.47345945519552,
  "React-TodoMVC/Adding100Items/total": 184.43436948759282,
  "React-TodoMVC/CompletingAllItems/Async": 31.753679719319276,
  "React-TodoMVC/CompletingAllItems/Sync": 110.56315634681832,
  "React-TodoMVC/CompletingAllItems/total": 144.4173409343804,
  "React-TodoMVC/DeletingAllItems/Async": 4.479874517838802,
  "React-TodoMVC/DeletingAllItems/Sync": 55.6991006675153,
  "React-TodoMVC/DeletingAllItems/total": 60.77176826719817,
  "React-TodoMVC/total": 399.24361175451855,
  "Vanilla-ES2015-Babel-Webpack-TodoMVC/Adding100Items/Async": 37.22390201232092,
  "Vanilla-ES2015-Babel-Webpack-TodoMVC/Adding100Items/Sync": 336.240577903209,
  "Vanilla-ES2015-Babel-Webpack-TodoMVC/Adding100Items/total": 373.48623869720257,
  "Vanilla-ES2015-Babel-Webpack-TodoMVC/CompletingAllItems/Async": 27.938540075996496,
  "Vanilla-ES2015-Babel-Webpack-TodoMVC/CompletingAllItems/Sync": 70.60576055321191,
  "Vanilla-ES2015-Babel-Webpack-TodoMVC/CompletingAllItems/total": 98.55399378694597,
  "Vanilla-ES2015-Babel-Webpack-TodoMVC/DeletingItems/Async": 3.8571348309574858,
  "Vanilla-ES2015-Babel-Webpack-TodoMVC/DeletingItems/Sync": 45.26419940338048,
  "Vanilla-ES2015-Babel-Webpack-TodoMVC/DeletingItems/total": 49.12462701922391,
  "Vanilla-ES2015-Babel-Webpack-TodoMVC/total": 521.1768473033331,
  "Vanilla-ES2015-TodoMVC/Adding100Items/Async": 38.3291606165751,
  "Vanilla-ES2015-TodoMVC/Adding100Items/Sync": 345.99970134496493,
  "Vanilla-ES2015-TodoMVC/Adding100Items/total": 384.4566019249512,
  "Vanilla-ES2015-TodoMVC/CompletingAllItems/Async": 30.56977949247046,