{
  "browser-setup": {
    "values": [
      3.746667,
      3.312524,
      3.307019,
      3.316351,
      3.306413,
      3.293783,
      3.29496,
      3.280337,
      3.265136,
      3.284945,
      3.324799,
      3.314258,
      3.316083,
      3.338521,
      3.312832,
      3.316562,
      3.292311,
      3.363359,
      3.313255,
      3.316882
    ],
    "min": 3.265136,
    "average": 3.33084985,
    "geomean": 3.329518668999679,
    "max": 3.746667,
    "stddev": 0.09757523568727619,
    "stddevPercent": 2.9294396349711227
  },
  "browser-tear_down": {
    "values": [
      0.279606,
      0.221237,
      0.218175,
      0.220933,
      0.244962,
      0.278667,
      0.223804,
      0.225724,
      0.286442,
      0.274403,
      0.279917,
      0.230385,
      0.280196,
      0.271521,
      0.280729,
      0.290909,
      0.291571,
      0.22121,
      0.281292,
      0.221297
    ],
    "min": 0.218175,
    "average": 0.256149,
    "geomean": 0.25450717107506843,
    "max": 0.291571,
    "stddev": 0.028709066080247193,
    "stddevPercent": 11.20795555721365
  },
  "probes-creation": {
    "values": [
      0.000219,
      0.000204,
      0.000197,
      0.000211,
      0.000218,
      0.000207,
      0.000194,
      0.000188,
      0.000196,
      0.000202,
      0.00019,
      0.00019,
      0.000201,
      0.000203,
      0.000247,
      0.000196,
      0.000195,
      0.000194,
      0.000196,
      0.000132
    ],
    "min": 0.000132,
    "average": 0.000199,
    "geomean": 0.00019784805010437294,
    "max": 0.000247,
    "stddev": 2.0243517480912253e-05,
    "stddevPercent": 10.17262184970465
  },
  "probes-setup": {
    "values": [
      0.000196,
      0.000169,
      0.000168,
      0.000153,
      0.000173,
      0.000166,
      0.000171,
      0.000157,
      0.000169,
      0.000167,
      0.00016,
      0.000164,
      0.000169,
      0.000169,
      0.000341,
      0.00017,
      0.000172,
      0.000149,
      0.000181,
      0.000111
    ],
    "min": 0.000111,
    "average": 0.00017375,
    "geomean": 0.00017016595342170132,
    "max": 0.000341,
    "stddev": 4.142447947771945e-05,
    "stddevPercent": 23.841427037536373
  },
  "probes-start": {
    "values": [
      8.2e-05,
      8.2e-05,
      8.1e-05,
      8.1e-05,
      8.3e-05,
      7.9e-05,
      7.9e-05,
      7.8e-05,
      7.7e-05,
      7.9e-05,
      7.2e-05,
      8e-05,
      7.8e-05,
      7.8e-05,
      7.9e-05,
      7.7e-05,
      7.8e-05,
      7.8e-05,
      7.8e-05,
      7.9e-05
    ],
    "min": 7.2e-05,
    "average": 7.89e-05,
    "geomean": 7.886587790148234e-05,
    "max": 8.3e-05,
    "stddev": 2.3000000000000004e-06,
    "stddevPercent": 2.915082382762992
  },
  "run": {
    "values": [
      108.100909,
      109.775647,
      107.690126,
      103.757959,
      109.391109,
      108.706147,
      108.013551,
      107.859887,
      107.023958,
      105.909828,
      108.814399,
      106.908333,
      110.363263,
      109.811301,
      108.116967,
      109.545217,
      107.12554,
      105.347051,
      105.929881,
      108.924527
    ],
    "min": 103.757959,
    "average": 107.85578000000001,
    "geomean": 107.84301725930634,
    "max": 110.363263,
    "stddev": 1.6534556970748273,
    "stddevPercent": 1.533024652990157
  },
  "runner-cooldown": {
    "values": [
      2.002279,
      2.002065,
      2.002074,
      2.002057,
      2.002066,
      2.002067,
      2.002068,
      2.002309,
      2.00207,
      2.002069,
      2.002058,
      2.002067,
      2.002072,
      2.000694,
      2.002424,
      2.002069,
      2.002069,
      2.002055,
      2.002074,
      2.002202
    ],
    "min": 2.000694,
    "average": 2.0020453999999996,
    "geomean": 2.0020453734490626,
    "max": 2.002424,
    "stddev": 0.00032599499996161495,
    "stddevPercent": 0.01628309727449812
  }
}