{
  "browser-setup": 3.934715,
  "browser-tear_down": 0.289066,
  "probes-creation": 0.000125,
  "probes-setup": 0.000104,
  "probes-start": 5.5e-05,
  "run": 131.627457,
  "runner-cooldown": 2.002051
}