{
  "Angular2-TypeScript-TodoMVC/Adding100Items/Async": 38.400139986223365,
  "Angular2-TypeScript-TodoMVC/Adding100Items/Sync": 55.42535985613712,
  "Angular2-TypeScript-TodoMVC/Adding100Items/total": 93.89732363316918,
  "Angular2-TypeScript-TodoMVC/CompletingAllItems/Async": 15.401123903079844,
  "Angular2-TypeScript-TodoMVC/CompletingAllItems/Sync": 10.011219225817902,
  "Angular2-TypeScript-TodoMVC/CompletingAllItems/total": 25.48382947866739,
  "Angular2-TypeScript-TodoMVC/DeletingItems/Async": 4.043770790597257,
  "Angular2-TypeScript-TodoMVC/DeletingItems/Sync": 18.00184397461351,
  "Angular2-TypeScript-TodoMVC/DeletingItems/total": 22.32142050282092,
  "Angular2-TypeScript-TodoMVC/total": 141.91777140783287,
  "AngularJS-TodoMVC/Adding100Items/Async": 52.24747058660734,
  "AngularJS-TodoMVC/Adding100Items/Sync": 244.56375223020012,
  "AngularJS-TodoMVC/Adding100Items/total": 297.1986988441784,
  "AngularJS-TodoMVC/CompletingAllItems/Async": 31.063622357043897,
  "AngularJS-TodoMVC/CompletingAllItems/Sync": 70.15444524949176,
  "AngularJS-TodoMVC/CompletingAllItems/total": 101.3867291954334,
  "AngularJS-TodoMVC/DeletingAllItems/Async": 19.355679940229535,
  "AngularJS-TodoMVC/DeletingAllItems/Sync": 257.01347599282167,
  "AngularJS-TodoMVC/DeletingAllItems/total": 277.0936480577733,
  "AngularJS-TodoMVC/total": 677.6991114337491,
  "BackboneJS-TodoMVC/Adding100Items/Async": 45.16091741074581,
  "BackboneJS-TodoMVC/Adding100Items/Sync": 72.269482991015,
  "BackboneJS-TodoMVC/Adding100Items/total": 117.57157739423818,
  "BackboneJS-TodoMVC/CompletingAllItems/Async": 33.47562991092341,
  "BackboneJS-TodoMVC/CompletingAllItems/Sync": 47.456911993286084,
  "BackboneJS-TodoMVC/CompletingAllItems/total": 81.058736156703,
  "BackboneJS-TodoMVC/DeletingAllItems/Async": 4.9868240817016956,
  "BackboneJS-TodoMVC/DeletingAllItems/Sync": 30.299048303707657,
  "BackboneJS-TodoMVC/DeletingAllItems/total": 35.30709924589653,
  "BackboneJS-TodoMVC/total": 234.00519471654778,
  "Elm-TodoMVC/Adding100Items/Async": 55.83717168605257,
  "Elm-TodoMVC/Adding100Items/Sync": 185.51334763980879,
  "Elm-TodoMVC/Adding100Items/total": 246.2010060550129,
  "Elm-TodoMVC/CompletingAllItems/Async": 38.21496706599722,
  "Elm-TodoMVC/CompletingAllItems/Sync": 163.90467644483292,
  "Elm-TodoMVC/CompletingAllItems/total": 205.36456164251047,
  "Elm-TodoMVC/DeletingItems/Async": 15.600594568316376,
  "Elm-TodoMVC/DeletingItems/Sync": 139.95285817937253,
  "Elm-TodoMVC/DeletingItems/total": 158.09720686941145,
  "Elm-TodoMVC/total": 645.0441202003773,
  "EmberJS-Debug-TodoMVC/Adding100Items/Async": 50.04842485514891,
  "EmberJS-Debug-TodoMVC/Adding100Items/Sync": 651.8714264259405,
  "EmberJS-Debug-TodoMVC/Adding100Items/total": 702.1633353131974,
  "EmberJS-Debug-TodoMVC/CompletingAllItems/Async": 34.0553055198596,
  "EmberJS-Debug-TodoMVC/CompletingAllItems/Sync": 377.9802751090294,
  "EmberJS-Debug-TodoMVC/CompletingAllItems/total": 412.3983990125273,
  "EmberJS-Debug-TodoMVC/DeletingItems/Async": 10.25869975767357,
  "EmberJS-Debug-TodoMVC/DeletingItems/Sync": 380.5118876178308,
  "EmberJS-Debug-TodoMVC/DeletingItems/total": 392.8389928717064,
  "EmberJS-Debug-TodoMVC/total": 1517.214570776287,
  "EmberJS-TodoMVC/Adding100Items/Async": 44.480931014431164,
  "EmberJS-TodoMVC/Adding100Items/Sync": 215.41896248572974,
  "EmberJS-TodoMVC/Adding100Items/total": 260.3542305202107,
  "EmberJS-TodoMVC/CompletingAllItems/Async": 36.45330141436773,
  "EmberJS-TodoMVC/CompletingAllItems/Sync": 118.26998847090609,
  "EmberJS-TodoMVC/CompletingAllItems/total": 155.029687916819,
  "EmberJS-TodoMVC/DeletingItems/Async": 6.2473085443365814,
  "EmberJS-TodoMVC/DeletingItems/Sync": 95.16678659633429,
  "EmberJS-TodoMVC/DeletingItems/total": 102.55567194340277,
  "EmberJS-TodoMVC/total": 529.9829089562921,
  "Flight-TodoMVC/Adding100Items/Async": 39.752628776554175,
  "Flight-TodoMVC/Adding100Items/Sync": 97.34028111860155,
  "Flight-TodoMVC/Adding100Items/total": 137.10511249421194,
  "Flight-TodoMVC/CompletingAllItems/Async": 29.047167743339212,
  "Flight-TodoMVC/CompletingAllItems/Sync": 111.28872607170767,
  "Flight-TodoMVC/CompletingAllItems/total": 140.52462531746582,
  "Flight-TodoMVC/DeletingItems/Async": 4.640973634266895,
  "Flight-TodoMVC/DeletingItems/Sync": 90.35917917759684,
  "Flight-TodoMVC/DeletingItems/total": 95.52932670204599,
  "Flight-TodoMVC/total": 373.69372528454795,
  "Inferno-TodoMVC/Adding100Items/Async": 45.298368638434965,
  "Inferno-TodoMVC/Adding100Items/Sync": 53.333033544905284,
  "Inferno-TodoMVC/Adding100Items/total": 99.32864462246422,
  "Inferno-TodoMVC/CompletingAllItems/Async": 8.515611803844479,
  "Inferno-TodoMVC/CompletingAllItems/Sync": 112.78752651114448,
  "Inferno-TodoMVC/CompletingAllItems/total": 121.73082489301599,
  "Inferno-TodoMVC/DeletingItems/Async": 3.7123990626277092,
  "Inferno-TodoMVC/DeletingItems/Sync": 248.61604730340665,
  "Inferno-TodoMVC/DeletingItems/total": 252.34588531837863,
  "Inferno-TodoMVC/total": 473.8354753561456,
  "Preact-TodoMVC/Adding100Items/Async": 50.105376175088615,
  "Preact-TodoMVC/Adding100Items/Sync": 6.310751646098352,
  "Preact-TodoMVC/Adding100Items/total": 56.46997712946381,
  "Preact-TodoMVC/CompletingAllItems/Async": 32.13538155852713,
  "Preact-TodoMVC/CompletingAllItems/Sync": 4.176968340516728,
  "Preact-TodoMVC/CompletingAllItems/total": 36.35946389516014,
  "Preact-TodoMVC/DeletingItems/Async": 8.24006006938692,
  "Preact-TodoMVC/DeletingItems/Sync": 2.4086177320201303,
  "Preact-TodoMVC/DeletingItems/total": 10.81080628351909,
  "Preact-TodoMVC/total": 104.07954310762575,
  "React-Redux-TodoMVC/Adding100Items/Async": 43.207869597207626,
  "React-Redux-TodoMVC/Adding100Items/Sync": 195.2746009117482,
  "React-Redux-TodoMVC/Adding100Items/total": 238.71095665121717,
  "React-Redux-TodoMVC/CompletingAllItems/Async": 29.548349767698145,
  "React-Redux-TodoMVC/CompletingAllItems/Sync": 176.94201267722113,
  "React-Redux-TodoMVC/CompletingAllItems/total": 206.66327941228136,
  "React-Redux-TodoMVC/DeletingItems/Async": 5.117074167874267,
  "React-Redux-TodoMVC/DeletingItems/Sync": 115.91304200072899,
  "React-Redux-TodoMVC/DeletingItems/total": 121.40138590019207,
  "React-Redux-TodoMVC/total": 567.8407673407874,
  "React-TodoMVC/Adding100Items/Async": 44.78943950220359,
  "React-TodoMVC/Adding100Items/Sync": 161.20280951855787,
  "React-TodoMVC/Adding100Items/total": 206.73440680572372,
  "React-TodoMVC/CompletingAllItems/Async": 34.13928646357179,
  "React-TodoMVC/CompletingAllItems/Sync": 101.44553152421229,
  "React-TodoMVC/CompletingAllItems/total": 137.24012648579136,
  "React-TodoMVC/DeletingAllItems/Async": 4.995608047848832,
  "React-TodoMVC/DeletingAllItems/Sync": 57.3905889906329,
  "React-TodoMVC/DeletingAllItems/total": 63.03480200007675,
  "React-TodoMVC/total": 417.31407853935025,
  "Vanilla-ES2015-Babel-Webpack-TodoMVC/Adding100Items/Async": 38.07854016497175,
  "Vanilla-ES2015-Babel-Webpack-TodoMVC/Adding100Items/Sync": 330.0470523095471,
  "Vanilla-ES2015-Babel-Webpack-TodoMVC/Adding100Items/total": 368.17054514136186,
  "Vanilla-ES2015-Babel-Webpack-TodoMVC/CompletingAllItems/Async": 30.062096037347928,
  "Vanilla-ES2015-Babel-Webpack-TodoMVC/CompletingAllItems/Sync": 71.94571784294797,
  "Vanilla-ES2015-Babel-Webpack-TodoMVC/CompletingAllItems/total": 102.0136316670396,
  "Vanilla-ES2015-Babel-Webpack-TodoMVC/DeletingItems/Async": 4.165460818886378,
  "Vanilla-ES2015-Babel-Webpack-TodoMVC/DeletingItems/Sync": 45.64664585573283,
  "Vanilla-ES2015-Babel-Webpack-TodoMVC/DeletingItems/total": 49.85118999905174,
  "Vanilla-ES2015-Babel-Webpack-TodoMVC/total": 520.0578130086205,
  "Vanilla-ES2015-TodoMVC/Adding100Items/Async": 37.43348649825754,
  "Vanilla-ES2015-TodoMVC/Adding100Items/Sync": 333.5938737280976,
  "Vanilla-ES2015-TodoMVC/Adding100Items/total": 371.0817370398442,
  "Vanilla-ES2015-TodoMVC/CompletingAllItems/Async": 31.07584945011985,