{
  "browser-setup": 3.303593,
  "browser-tear_down": 0.217421,
  "probes-creation": 0.000199,
  "probes-setup": 0.000166,
  "probes-start": 8.1e-05,
  "run": 109.107027,
  "runner-cooldown": 2.002069
}