{
  "Angular2-TypeScript-TodoMVC/Adding100Items/Async": 31.166899009727427,
  "Angular2-TypeScript-TodoMVC/Adding100Items/Sync": 41.306783525362256,
  "Angular2-TypeScript-TodoMVC/Adding100Items/total": 72.508475878986,
  "Angular2-TypeScript-TodoMVC/CompletingAllItems/Async": 13.658158480271329,
  "Angular2-TypeScript-TodoMVC/CompletingAllItems/Sync": 8.492505730086872,
  "Angular2-TypeScript-TodoMVC/CompletingAllItems/total": 22.214312037858182,
  "Angular2-TypeScript-TodoMVC/DeletingItems/Async": 2.6368670236665053,
  "Angular2-TypeScript-TodoMVC/DeletingItems/Sync": 15.959159671863677,
  "Angular2-TypeScript-TodoMVC/DeletingItems/total": 18.598574418529314,
  "Angular2-TypeScript-TodoMVC/total": 113.50165720028097,
  "AngularJS-TodoMVC/Adding100Items/Async": 42.18115217742553,
  "AngularJS-TodoMVC/Adding100Items/Sync": 164.3622082958257,
  "AngularJS-TodoMVC/Adding100Items/total": 206.67411238284691,
  "AngularJS-TodoMVC/CompletingAllItems/Async": 22.996529992504254,
  "AngularJS-TodoMVC/CompletingAllItems/Sync": 54.82992050317896,
  "AngularJS-TodoMVC/CompletingAllItems/total": 77.96785152186955,
  "AngularJS-TodoMVC/DeletingAllItems/Async": 13.67148225363172,
  "AngularJS-TodoMVC/DeletingAllItems/Sync": 163.75175899100668,
  "AngularJS-TodoMVC/DeletingAllItems/total": 177.4433312081225,
  "AngularJS-TodoMVC/total": 463.23530779068483,
  "BackboneJS-TodoMVC/Adding100Items/Async": 36.23137687159281,
  "BackboneJS-TodoMVC/Adding100Items/Sync": 54.29539074861253,
  "BackboneJS-TodoMVC/Adding100Items/total": 90.55259849781825,
  "BackboneJS-TodoMVC/CompletingAllItems/Async": 27.70504245678737,
  "BackboneJS-TodoMVC/CompletingAllItems/Sync": 37.424689988939775,
  "BackboneJS-TodoMVC/CompletingAllItems/total": 65.1312213296351,
  "BackboneJS-TodoMVC/DeletingAllItems/Async": 3.274604189841239,
  "BackboneJS-TodoMVC/DeletingAllItems/Sync": 25.24942670577117,
  "BackboneJS-TodoMVC/DeletingAllItems/total": 28.530264235331973,
  "BackboneJS-TodoMVC/total": 184.24128163594207,
  "Elm-TodoMVC/Adding100Items/Async": 45.360754809180754,
  "Elm-TodoMVC/Adding100Items/Sync": 95.57120027353169,
  "Elm-TodoMVC/Adding100Items/total": 141.6391715838881,
  "Elm-TodoMVC/CompletingAllItems/Async": 30.442084438029593,
  "Elm-TodoMVC/CompletingAllItems/Sync": 100.16349747688034,
  "Elm-TodoMVC/CompletingAllItems/total": 131.51930645633956,
  "Elm-TodoMVC/DeletingItems/Async": 9.736882207244856,
  "Elm-TodoMVC/DeletingItems/Sync": 96.66881516415972,
  "Elm-TodoMVC/DeletingItems/total": 107.84889568852037,
  "Elm-TodoMVC/total": 387.2127140651667,
  "EmberJS-Debug-TodoMVC/Adding100Items/Async": 39.758243427397524,
  "EmberJS-Debug-TodoMVC/Adding100Items/Sync": 408.54147965869464,
  "EmberJS-Debug-TodoMVC/Adding100Items/total": 448.320681938225,
  "EmberJS-Debug-TodoMVC/CompletingAllItems/Async": 30.855583692853738,
  "EmberJS-Debug-TodoMVC/CompletingAllItems/Sync": 320.2591183118722,
  "EmberJS-Debug-TodoMVC/CompletingAllItems/total": 351.1720052130555,
  "EmberJS-Debug-TodoMVC/DeletingItems/Async": 7.511792073237114,
  "EmberJS-Debug-TodoMVC/DeletingItems/Sync": 281.1638997643828,
  "EmberJS-Debug-TodoMVC/DeletingItems/total": 290.6603683724267,
  "EmberJS-Debug-TodoMVC/total": 1095.0542480345114,
  "EmberJS-TodoMVC/Adding100Items/Async": 33.6162284439555,
  "EmberJS-TodoMVC/Adding100Items/Sync": 139.34055164286897,
  "EmberJS-TodoMVC/Adding100Items/total": 173.0142323353812,
  "EmberJS-TodoMVC/CompletingAllItems/Async": 25.424070324574167,
  "EmberJS-TodoMVC/CompletingAllItems/Sync": 92.6127451272232,
  "EmberJS-TodoMVC/CompletingAllItems/total": 118.04292233622954,
  "EmberJS-TodoMVC/DeletingItems/Async": 2.8686066891836424,
  "EmberJS-TodoMVC/DeletingItems/Sync": 62.96401508868286,
  "EmberJS-TodoMVC/DeletingItems/total": 65.83483054018284,
  "EmberJS-TodoMVC/total": 357.0204445440306,
  "Flight-TodoMVC/Adding100Items/Async": 32.3667894017976,
  "Flight-TodoMVC/Adding100Items/Sync": 78.7098853641771,
  "Flight-TodoMVC/Adding100Items/total": 111.08080370163059,
  "Flight-TodoMVC/CompletingAllItems/Async": 24.67146512204838,
  "Flight-TodoMVC/CompletingAllItems/Sync": 86.68905229058446,
  "Flight-TodoMVC/CompletingAllItems/total": 111.36607029726635,
  "Flight-TodoMVC/DeletingItems/Async": 2.8084329851686722,
  "Flight-TodoMVC/DeletingItems/Sync": 70.7348711867067,
  "Flight-TodoMVC/DeletingItems/total": 73.54776024458626,
  "Flight-TodoMVC/total": 296.0257012563695,
  "Inferno-TodoMVC/Adding100Items/Async": 37.95727669178578,
  "Inferno-TodoMVC/Adding100Items/Sync": 43.628026771475895,
  "Inferno-TodoMVC/Adding100Items/total": 81.68782305635293,
  "Inferno-TodoMVC/CompletingAllItems/Async": 7.461003031981518,
  "Inferno-TodoMVC/CompletingAllItems/Sync": 103.80145163989438,
  "Inferno-TodoMVC/CompletingAllItems/total": 111.66879308722767,
  "Inferno-TodoMVC/DeletingItems/Async": 3.890580373770729,
  "Inferno-TodoMVC/DeletingItems/Sync": 204.8464300753247,
  "Inferno-TodoMVC/DeletingItems/total": 209.8981876912649,
  "Inferno-TodoMVC/total": 407.85963376050785,
  "Preact-TodoMVC/Adding100Items/Async": 37.09942538041273,
  "Preact-TodoMVC/Adding100Items/Sync": 5.086356082617505,
  "Preact-TodoMVC/Adding100Items/total": 42.20440698378056,
  "Preact-TodoMVC/CompletingAllItems/Async": 16.280511817984923,
  "Preact-TodoMVC/CompletingAllItems/Sync": 3.028070145926991,
  "Preact-TodoMVC/CompletingAllItems/total": 19.316895142472138,
  "Preact-TodoMVC/DeletingItems/Async": 4.41989857341266,
  "Preact-TodoMVC/DeletingItems/Sync": 1.666393066985701,
  "Preact-TodoMVC/DeletingItems/total": 6.090360006318244,
  "Preact-TodoMVC/total": 67.68488070135943,
  "React-Redux-TodoMVC/Adding100Items/Async": 35.28153019376913,
  "React-Redux-TodoMVC/Adding100Items/Sync": 140.44662564292608,
  "React-Redux-TodoMVC/Adding100Items/total": 176.10071382467302,
  "React-Redux-TodoMVC/CompletingAllItems/Async": 26.78312668571619,
  "React-Redux-TodoMVC/CompletingAllItems/Sync": 156.92402684235338,
  "React-Redux-TodoMVC/CompletingAllItems/total": 184.1832067944654,
  "React-Redux-TodoMVC/DeletingItems/Async": 5.011356500961232,
  "React-Redux-TodoMVC/DeletingItems/Sync": 90.17523206232573,
  "React-Redux-TodoMVC/DeletingItems/total": 96.11217403494933,
  "React-Redux-TodoMVC/total": 460.9056258673074,
  "React-TodoMVC/Adding100Items/Async": 34.49662671112415,
  "React-TodoMVC/Adding100Items/Sync": 105.11503009445602,
  "React-TodoMVC/Adding100Items/total": 139.62984127818953,
  "React-TodoMVC/CompletingAllItems/Async": 27.384353751514315,
  "React-TodoMVC/CompletingAllItems/Sync": 77.77959712165351,
  "React-TodoMVC/CompletingAllItems/total": 106.02641571385173,
  "React-TodoMVC/DeletingAllItems/Async": 3.4295476053454848,
  "React-TodoMVC/DeletingAllItems/Sync": 46.72407063956219,
  "React-TodoMVC/DeletingAllItems/total": 50.508871752289544,
  "React-TodoMVC/total": 300.41670237677147,
  "Vanilla-ES2015-Babel-Webpack-TodoMVC/Adding100Items/Async": 35.19598469322698,
  "Vanilla-ES2015-Babel-Webpack-TodoMVC/Adding100Items/Sync": 310.65787819959894,
  "Vanilla-ES2015-Babel-Webpack-TodoMVC/Adding100Items/total": 346.0236223273969,
  "Vanilla-ES2015-Babel-Webpack-TodoMVC/CompletingAllItems/Async": 27.685501810192545,
  "Vanilla-ES2015-Babel-Webpack-TodoMVC/CompletingAllItems/Sync": 65.92574373580955,
  "Vanilla-ES2015-Babel-Webpack-TodoMVC/CompletingAllItems/total": 93.71525010133598,
  "Vanilla-ES2015-Babel-Webpack-TodoMVC/DeletingItems/Async": 3.124769604536345,
  "Vanilla-ES2015-Babel-Webpack-TodoMVC/DeletingItems/Sync": 40.459816354672526,
  "Vanilla-ES2015-Babel-Webpack-TodoMVC/DeletingItems/total": 43.738431052336935,
  "Vanilla-ES2015-Babel-Webpack-TodoMVC/total": 483.6366305931006,
  "Vanilla-ES2015-TodoMVC/Adding100Items/Async": 34.615315318059395,
  "Vanilla-ES2015-TodoMVC/Adding100Items/Sync": 313.61807800905524,
  "Vanilla-ES2015-TodoMVC/Adding100Items/total": 348.2820604032989,
  "Vanilla-ES2015-TodoMVC/CompletingAllItems/Async": 26.814011718767322,