{
  "browser-setup": 3.311807,
  "browser-tear_down": 0.276417,
  "probes-creation": 0.000186,
  "probes-setup": 0.000167,
  "probes-start": 8.1e-05,
  "run": 108.094308,
  "runner-cooldown": 2.002068
}