{
  "Angular2-TypeScript-TodoMVC/Adding100Items/Async": 33.00168918883779,
  "Angular2-TypeScript-TodoMVC/Adding100Items/Sync": 43.52977789630403,
  "Angular2-TypeScript-TodoMVC/Adding100Items/total": 76.64010733505985,
  "Angular2-TypeScript-TodoMVC/CompletingAllItems/Async": 15.161474646860063,
  "Angular2-TypeScript-TodoMVC/CompletingAllItems/Sync": 8.717950511354092,
  "Angular2-TypeScript-TodoMVC/CompletingAllItems/total": 24.099478861801234,
  "Angular2-TypeScript-TodoMVC/DeletingItems/Async": 3.1727944326080197,
  "Angular2-TypeScript-TodoMVC/DeletingItems/Sync": 16.350710569598977,
  "Angular2-TypeScript-TodoMVC/DeletingItems/total": 19.89957162949965,
  "Angular2-TypeScript-TodoMVC/total": 121.06284866138336,
  "AngularJS-TodoMVC/Adding100Items/Async": 42.10560625405581,
  "AngularJS-TodoMVC/Adding100Items/Sync": 158.8670114219565,
  "AngularJS-TodoMVC/Adding100Items/total": 201.35922036465243,
  "AngularJS-TodoMVC/CompletingAllItems/Async": 23.663277697375833,
  "AngularJS-TodoMVC/CompletingAllItems/Sync": 55.80081141047813,
  "AngularJS-TodoMVC/CompletingAllItems/total": 79.59433392336875,
  "AngularJS-TodoMVC/DeletingAllItems/Async": 14.486063524194117,
  "AngularJS-TodoMVC/DeletingAllItems/Sync": 165.79468523181026,
  "AngularJS-TodoMVC/DeletingAllItems/total": 180.38949817571012,
  "AngularJS-TodoMVC/total": 461.5006729563349,
  "BackboneJS-TodoMVC/Adding100Items/Async": 36.41348240766245,
  "BackboneJS-TodoMVC/Adding100Items/Sync": 56.52922411177799,
  "BackboneJS-TodoMVC/Adding100Items/total": 92.99347918414348,
  "BackboneJS-TodoMVC/CompletingAllItems/Async": 27.364629221679504,
  "BackboneJS-TodoMVC/CompletingAllItems/Sync": 39.04932020450702,
  "BackboneJS-TodoMVC/CompletingAllItems/total": 66.50676135589758,
  "BackboneJS-TodoMVC/DeletingAllItems/Async": 3.3246372971136555,
  "BackboneJS-TodoMVC/DeletingAllItems/Sync": 26.675386095487255,
  "BackboneJS-TodoMVC/DeletingAllItems/total": 30.028838571612965,
  "BackboneJS-TodoMVC/total": 189.56751394686813,
  "Elm-TodoMVC/Adding100Items/Async": 50.57851491295304,
  "Elm-TodoMVC/Adding100Items/Sync": 116.98670049915849,
  "Elm-TodoMVC/Adding100Items/total": 170.98699972979514,
  "Elm-TodoMVC/CompletingAllItems/Async": 32.44067509780092,
  "Elm-TodoMVC/CompletingAllItems/Sync": 87.4563594586132,
  "Elm-TodoMVC/CompletingAllItems/total": 119.98570889027867,
  "Elm-TodoMVC/DeletingItems/Async": 9.833539978859548,
  "Elm-TodoMVC/DeletingItems/Sync": 99.65461217604131,
  "Elm-TodoMVC/DeletingItems/total": 109.9831952916599,
  "Elm-TodoMVC/total": 408.1846509116708,
  "EmberJS-Debug-TodoMVC/Adding100Items/Async": 42.356714160484884,
  "EmberJS-Debug-TodoMVC/Adding100Items/Sync": 466.35934752756606,
  "EmberJS-Debug-TodoMVC/Adding100Items/total": 508.97812592141867,
  "EmberJS-Debug-TodoMVC/CompletingAllItems/Async": 28.152141239553977,
  "EmberJS-Debug-TodoMVC/CompletingAllItems/Sync": 295.79203475438777,
  "EmberJS-Debug-TodoMVC/CompletingAllItems/total": 324.64762435228215,
  "EmberJS-Debug-TodoMVC/DeletingItems/Async": 7.12468163380825,
  "EmberJS-Debug-TodoMVC/DeletingItems/Sync": 279.56830049684817,
  "EmberJS-Debug-TodoMVC/DeletingItems/total": 289.1699906933304,
  "EmberJS-Debug-TodoMVC/total": 1130.7792828129386,
  "EmberJS-TodoMVC/Adding100Items/Async": 35.412477433326444,
  "EmberJS-TodoMVC/Adding100Items/Sync": 156.18613458190936,
  "EmberJS-TodoMVC/Adding100Items/total": 192.20042366210146,
  "EmberJS-TodoMVC/CompletingAllItems/Async": 26.74192602213797,
  "EmberJS-TodoMVC/CompletingAllItems/Sync": 96.1522526197404,
  "EmberJS-TodoMVC/CompletingAllItems/total": 122.91569848856983,
  "EmberJS-TodoMVC/DeletingItems/Async": 4.0846774569617565,
  "EmberJS-TodoMVC/DeletingItems/Sync": 64.98464672935293,
  "EmberJS-TodoMVC/DeletingItems/total": 69.81207394206407,
  "EmberJS-TodoMVC/total": 386.7022395736094,
  "Flight-TodoMVC/Adding100Items/Async": 32.65920662576111,
  "Flight-TodoMVC/Adding100Items/Sync": 78.24497914484908,
  "Flight-TodoMVC/Adding100Items/total": 110.91669658360743,
  "Flight-TodoMVC/CompletingAllItems/Async": 24.602894681334206,
  "Flight-TodoMVC/CompletingAllItems/Sync": 85.2840359968278,
  "Flight-TodoMVC/CompletingAllItems/total": 109.88829581138849,
  "Flight-TodoMVC/DeletingItems/Async": 2.9785444112034463,
  "Flight-TodoMVC/DeletingItems/Sync": 69.18871779884628,
  "Flight-TodoMVC/DeletingItems/total": 72.17725080225767,
  "Flight-TodoMVC/total": 292.98890736266105,
  "Inferno-TodoMVC/Adding100Items/Async": 37.30775764533148,
  "Inferno-TodoMVC/Adding100Items/Sync": 42.33900712719891,
  "Inferno-TodoMVC/Adding100Items/total": 79.75739921643954,
  "Inferno-TodoMVC/CompletingAllItems/Async": 7.518202878920224,
  "Inferno-TodoMVC/CompletingAllItems/Sync": 96.52320618835097,
  "Inferno-TodoMVC/CompletingAllItems/total": 104.20150642666788,
  "Inferno-TodoMVC/DeletingItems/Async": 4.502825194791785,
  "Inferno-TodoMVC/DeletingItems/Sync": 226.33010339464008,
  "Inferno-TodoMVC/DeletingItems/total": 233.52082139299816,
  "Inferno-TodoMVC/total": 423.8697351361723,
  "Preact-TodoMVC/Adding100Items/Async": 38.369786953946445,
  "Preact-TodoMVC/Adding100Items/Sync": 5.268488437172465,
  "Preact-TodoMVC/Adding100Items/total": 43.645671916547784,
  "Preact-TodoMVC/CompletingAllItems/Async": 17.11249277382029,
  "Preact-TodoMVC/CompletingAllItems/Sync": 3.1003579015597857,
  "Preact-TodoMVC/CompletingAllItems/total": 20.23890540236615,
  "Preact-TodoMVC/DeletingItems/Async": 4.715007172335147,
  "Preact-TodoMVC/DeletingItems/Sync": 1.6619343760004355,
  "Preact-TodoMVC/DeletingItems/total": 6.389229070626667,
  "Preact-TodoMVC/total": 70.44512860959469,
  "React-Redux-TodoMVC/Adding100Items/Async": 34.46237900669668,
  "React-Redux-TodoMVC/Adding100Items/Sync": 135.51876854989177,
  "React-Redux-TodoMVC/Adding100Items/total": 170.08998071613973,
  "React-Redux-TodoMVC/CompletingAllItems/Async": 25.842366201189584,
  "React-Redux-TodoMVC/CompletingAllItems/Sync": 138.22178548866407,
  "React-Redux-TodoMVC/CompletingAllItems/total": 164.25519585998728,
  "React-Redux-TodoMVC/DeletingItems/Async": 4.276170578724162,
  "React-Redux-TodoMVC/DeletingItems/Sync": 89.49580984502055,
  "React-Redux-TodoMVC/DeletingItems/total": 94.06825039516858,
  "React-Redux-TodoMVC/total": 428.4499626455708,
  "React-TodoMVC/Adding100Items/Async": 33.822457286682855,
  "React-TodoMVC/Adding100Items/Sync": 110.55436593949801,
  "React-TodoMVC/Adding100Items/total": 144.44795073468686,
  "React-TodoMVC/CompletingAllItems/Async": 27.712969739466406,
  "React-TodoMVC/CompletingAllItems/Sync": 71.54372024043347,
  "React-TodoMVC/CompletingAllItems/total": 99.97033084579617,
  "React-TodoMVC/DeletingAllItems/Async": 3.265797065699629,
  "React-TodoMVC/DeletingAllItems/Sync": 55.38781807768373,
  "React-TodoMVC/DeletingAllItems/total": 59.09431453643792,
  "React-TodoMVC/total": 314.2509444084417,
  "Vanilla-ES2015-Babel-Webpack-TodoMVC/Adding100Items/Async": 35.50650893339221,
  "Vanilla-ES2015-Babel-Webpack-TodoMVC/Adding100Items/Sync": 295.69477274545056,
  "Vanilla-ES2015-Babel-Webpack-TodoMVC/Adding100Items/total": 331.422960496974,
  "Vanilla-ES2015-Babel-Webpack-TodoMVC/CompletingAllItems/Async": 27.3347059761097,
  "Vanilla-ES2015-Babel-Webpack-TodoMVC/CompletingAllItems/Sync": 65.54354807390231,
  "Vanilla-ES2015-Babel-Webpack-TodoMVC/CompletingAllItems/total": 93.03370104600347,
  "Vanilla-ES2015-Babel-Webpack-TodoMVC/DeletingItems/Async": 3.0056820981503427,
  "Vanilla-ES2015-Babel-Webpack-TodoMVC/DeletingItems/Sync": 39.871490195392596,
  "Vanilla-ES2015-Babel-Webpack-TodoMVC/DeletingItems/total": 42.8886438113154,
  "Vanilla-ES2015-Babel-Webpack-TodoMVC/total": 467.5597793990766,
  "Vanilla-ES2015-TodoMVC/Adding100Items/Async": 34.09695851522819,
  "Vanilla-ES2015-TodoMVC/Adding100Items/Sync": 297.18876700341053,
  "Vanilla-ES2015-TodoMVC/Adding100Items/total": 331.3234638775181,
  "Vanilla-ES2015-TodoMVC/CompletingAllItems/Async": 25.999245795038984,