{
  "browser-setup": 4.044931,
  "browser-tear_down": 0.284772,
  "probes-creation": 0.000121,
  "probes-setup": 9.8e-05,
  "probes-start": 5.4e-05,
  "run": 126.970939,
  "runner-cooldown": 2.00205
}