{
  "Angular2-TypeScript-TodoMVC/Adding100Items/Async": 38.2756337848253,
  "Angular2-TypeScript-TodoMVC/Adding100Items/Sync": 61.68741404935215,
  "Angular2-TypeScript-TodoMVC/Adding100Items/total": 101.29357435785755,
  "Angular2-TypeScript-TodoMVC/CompletingAllItems/Async": 16.45805555339867,
  "Angular2-TypeScript-TodoMVC/CompletingAllItems/Sync": 9.896302472261375,
  "Angular2-TypeScript-TodoMVC/CompletingAllItems/total": 26.549218660245067,
  "Angular2-TypeScript-TodoMVC/DeletingItems/Async": 3.7984835645725576,
  "Angular2-TypeScript-TodoMVC/DeletingItems/Sync": 17.444176039533367,
  "Angular2-TypeScript-TodoMVC/DeletingItems/total": 21.291431106760623,
  "Angular2-TypeScript-TodoMVC/total": 150.16495603254145,
  "AngularJS-TodoMVC/Adding100Items/Async": 53.43102322835916,
  "AngularJS-TodoMVC/Adding100Items/Sync": 227.42223057846596,
  "AngularJS-TodoMVC/Adding100Items/total": 281.1407209610211,
  "AngularJS-TodoMVC/CompletingAllItems/Async": 38.828023887240256,
  "AngularJS-TodoMVC/CompletingAllItems/Sync": 68.79032854486532,
  "AngularJS-TodoMVC/CompletingAllItems/total": 108.82052332161079,
  "AngularJS-TodoMVC/DeletingAllItems/Async": 18.161934676664576,
  "AngularJS-TodoMVC/DeletingAllItems/Sync": 235.68799179331577,
  "AngularJS-TodoMVC/DeletingAllItems/total": 259.37029202178917,
  "AngularJS-TodoMVC/total": 652.3115688040996,
  "BackboneJS-TodoMVC/Adding100Items/Async": 43.51905683956274,
  "BackboneJS-TodoMVC/Adding100Items/Sync": 69.66261111278642,
  "BackboneJS-TodoMVC/Adding100Items/total": 113.19641878366593,
  "BackboneJS-TodoMVC/CompletingAllItems/Async": 33.805963405322494,
  "BackboneJS-TodoMVC/CompletingAllItems/Sync": 45.71330611261437,
  "BackboneJS-TodoMVC/CompletingAllItems/total": 79.56774865686377,
  "BackboneJS-TodoMVC/DeletingAllItems/Async": 4.902373402533722,
  "BackboneJS-TodoMVC/DeletingAllItems/Sync": 33.8528823256407,
  "BackboneJS-TodoMVC/DeletingAllItems/total": 39.01801428225571,
  "BackboneJS-TodoMVC/total": 236.08073223759766,
  "Elm-TodoMVC/Adding100Items/Async": 49.353167622748366,
  "Elm-TodoMVC/Adding100Items/Sync": 114.22288294239975,
  "Elm-TodoMVC/Adding100Items/total": 163.6507125996217,
  "Elm-TodoMVC/CompletingAllItems/Async": 33.556164105828124,
  "Elm-TodoMVC/CompletingAllItems/Sync": 126.8457054184802,
  "Elm-TodoMVC/CompletingAllItems/total": 161.29693282857122,
  "Elm-TodoMVC/DeletingItems/Async": 8.999808410503597,
  "Elm-TodoMVC/DeletingItems/Sync": 136.60399940467235,
  "Elm-TodoMVC/DeletingItems/total": 145.75622449965417,
  "Elm-TodoMVC/total": 475.9202816403016,
  "EmberJS-Debug-TodoMVC/Adding100Items/Async": 47.38706465032321,
  "EmberJS-Debug-TodoMVC/Adding100Items/Sync": 578.304729339365,
  "EmberJS-Debug-TodoMVC/Adding100Items/total": 625.7841182276218,
  "EmberJS-Debug-TodoMVC/CompletingAllItems/Async": 29.443963990207404,
  "EmberJS-Debug-TodoMVC/CompletingAllItems/Sync": 350.07886701570595,
  "EmberJS-Debug-TodoMVC/CompletingAllItems/total": 379.60412783290997,
  "EmberJS-Debug-TodoMVC/DeletingItems/Async": 7.52296998706169,
  "EmberJS-Debug-TodoMVC/DeletingItems/Sync": 371.0161757759861,
  "EmberJS-Debug-TodoMVC/DeletingItems/total": 380.02681951908255,
  "EmberJS-Debug-TodoMVC/total": 1391.4967181178706,
  "EmberJS-TodoMVC/Adding100Items/Async": 43.158775308872904,
  "EmberJS-TodoMVC/Adding100Items/Sync": 240.19628915945705,
  "EmberJS-TodoMVC/Adding100Items/total": 284.1623905640055,
  "EmberJS-TodoMVC/CompletingAllItems/Async": 34.047967813260115,
  "EmberJS-TodoMVC/CompletingAllItems/Sync": 119.96837649811748,
  "EmberJS-TodoMVC/CompletingAllItems/total": 154.1982829764832,
  "EmberJS-TodoMVC/DeletingItems/Async": 5.313891617561481,
  "EmberJS-TodoMVC/DeletingItems/Sync": 82.74747567303571,
  "EmberJS-TodoMVC/DeletingItems/total": 88.52806646968476,
  "EmberJS-TodoMVC/total": 530.7923264754537,
  "Flight-TodoMVC/Adding100Items/Async": 39.65399231694678,
  "Flight-TodoMVC/Adding100Items/Sync": 105.08792501291285,
  "Flight-TodoMVC/Adding100Items/total": 145.41375694954954,
  "Flight-TodoMVC/CompletingAllItems/Async": 29.368365766492285,
  "Flight-TodoMVC/CompletingAllItems/Sync": 103.47117448432891,
  "Flight-TodoMVC/CompletingAllItems/total": 132.8546096617936,
  "Flight-TodoMVC/DeletingItems/Async": 4.033473603301479,
  "Flight-TodoMVC/DeletingItems/Sync": 86.80788359316824,
  "Flight-TodoMVC/DeletingItems/total": 91.03509142635288,
  "Flight-TodoMVC/total": 371.1227001515642,
  "Inferno-TodoMVC/Adding100Items/Async": 47.021692628333795,
  "Inferno-TodoMVC/Adding100Items/Sync": 51.96183118295427,
  "Inferno-TodoMVC/Adding100Items/total": 99.50612013991149,
  "Inferno-TodoMVC/CompletingAllItems/Async": 11.12207331099692,
  "Inferno-TodoMVC/CompletingAllItems/Sync": 114.90916893656153,
  "Inferno-TodoMVC/CompletingAllItems/total": 126.59189875340803,
  "Inferno-TodoMVC/DeletingItems/Async": 3.4084116402585636,
  "Inferno-TodoMVC/DeletingItems/Sync": 236.51367724295048,
  "Inferno-TodoMVC/DeletingItems/total": 239.92450173226857,
  "Inferno-TodoMVC/total": 467.1957782302086,
  "Preact-TodoMVC/Adding100Items/Async": 43.5574513472697,
  "Preact-TodoMVC/Adding100Items/Sync": 6.279125740030782,
  "Preact-TodoMVC/Adding100Items/total": 49.84457353601584,
  "Preact-TodoMVC/CompletingAllItems/Async": 29.144130414287666,
  "Preact-TodoMVC/CompletingAllItems/Sync": 3.8335202129429193,
  "Preact-TodoMVC/CompletingAllItems/total": 33.03622876942997,
  "Preact-TodoMVC/DeletingItems/Async": 7.344463615559891,
  "Preact-TodoMVC/DeletingItems/Sync": 2.0162574554657375,
  "Preact-TodoMVC/DeletingItems/total": 9.380333712810035,
  "Preact-TodoMVC/total": 92.65355911534503,
  "React-Redux-TodoMVC/Adding100Items/Async": 43.015994722033966,
  "React-Redux-TodoMVC/Adding100Items/Sync": 198.2631044011429,
  "React-Redux-TodoMVC/Adding100Items/total": 242.12363988434197,
  "React-Redux-TodoMVC/CompletingAllItems/Async": 30.759318988897284,
  "React-Redux-TodoMVC/CompletingAllItems/Sync": 190.20316459994802,
  "React-Redux-TodoMVC/CompletingAllItems/total": 221.27980040886666,
  "React-Redux-TodoMVC/DeletingItems/Async": 5.334299568971706,
  "React-Redux-TodoMVC/DeletingItems/Sync": 111.4487900991918,
  "React-Redux-TodoMVC/DeletingItems/total": 117.18620007899528,
  "React-Redux-TodoMVC/total": 588.0066202189047,
  "React-TodoMVC/Adding100Items/Async": 46.24535782987093,
  "React-TodoMVC/Adding100Items/Sync": 150.50513871377737,
  "React-TodoMVC/Adding100Items/total": 196.94445327922426,
  "React-TodoMVC/CompletingAllItems/Async": 30.48231094540944,
  "React-TodoMVC/CompletingAllItems/Sync": 89.61201701297962,
  "React-TodoMVC/CompletingAllItems/total": 120.21282452315107,
  "React-TodoMVC/DeletingAllItems/Async": 3.871147561733529,
  "React-TodoMVC/DeletingAllItems/Sync": 55.42216553357554,
  "React-TodoMVC/DeletingAllItems/total": 59.45471188216293,
  "React-TodoMVC/total": 379.05809402818153,
  "Vanilla-ES2015-Babel-Webpack-TodoMVC/Adding100Items/Async": 38.33125900448298,
  "Vanilla-ES2015-Babel-Webpack-TodoMVC/Adding100Items/Sync": 340.739958779491,
  "Vanilla-ES2015-Babel-Webpack-TodoMVC/Adding100Items/total": 379.10613123867466,
  "Vanilla-ES2015-Babel-Webpack-TodoMVC/CompletingAllItems/Async": 28.662858813917826,
  "Vanilla-ES2015-Babel-Webpack-TodoMVC/CompletingAllItems/Sync": 71.74758757645776,
  "Vanilla-ES2015-Babel-Webpack-TodoMVC/CompletingAllItems/total": 100.4191310786664,
  "Vanilla-ES2015-Babel-Webpack-TodoMVC/DeletingItems/Async": 4.202756345567578,
  "Vanilla-ES2015-Babel-Webpack-TodoMVC/DeletingItems/Sync": 45.579899597371394,
  "Vanilla-ES2015-Babel-Webpack-TodoMVC/DeletingItems/total": 49.91003324940264,
  "Vanilla-ES2015-Babel-Webpack-TodoMVC/total": 529.722513331607,
  "Vanilla-ES2015-TodoMVC/Adding100Items/Async": 36.23911212820525,
  "Vanilla-ES2015-TodoMVC/Adding100Items/Sync": 336.63982775844437,
  "Vanilla-ES2015-TodoMVC/Adding100Items/total": 372.8793606101634,
  "Vanilla-ES2015-TodoMVC/CompletingAllItems/Async": 29.684852020944493,