{
  "browser-setup": 3.746667,
  "browser-tear_down": 0.279606,
  "probes-creation": 0.000219,
  "probes-setup": 0.000196,
  "probes-start": 8.2e-05,
  "run": 108.100909,
  "runner-cooldown": 2.002279
}