{
  "browser-setup": 4.051562,
  "browser-tear_down": 0.29205,
  "probes-creation": 0.000125,
  "probes-setup": 9.8e-05,
  "probes-start": 5.7e-05,
  "run": 137.633886,
  "runner-cooldown": 2.002051
}