{
  "Angular2-TypeScript-TodoMVC/Adding100Items/Async": 37.85351741119158,
  "Angular2-TypeScript-TodoMVC/Adding100Items/Sync": 61.344657692884034,
  "Angular2-TypeScript-TodoMVC/Adding100Items/total": 99.24205132670494,
  "Angular2-TypeScript-TodoMVC/CompletingAllItems/Async": 18.50121547902308,
  "Angular2-TypeScript-TodoMVC/CompletingAllItems/Sync": 10.153492532149865,
  "Angular2-TypeScript-TodoMVC/CompletingAllItems/total": 28.761505852864754,
  "Angular2-TypeScript-TodoMVC/DeletingItems/Async": 3.684933490612798,
  "Angular2-TypeScript-TodoMVC/DeletingItems/Sync": 18.904614830629527,
  "Angular2-TypeScript-TodoMVC/DeletingItems/total": 22.601775081144957,
  "Angular2-TypeScript-TodoMVC/total": 150.8544956880048,
  "AngularJS-TodoMVC/Adding100Items/Async": 49.69869912467299,
  "AngularJS-TodoMVC/Adding100Items/Sync": 279.71087465544093,
  "AngularJS-TodoMVC/Adding100Items/total": 329.96734882150986,
  "AngularJS-TodoMVC/CompletingAllItems/Async": 41.25718961899376,
  "AngularJS-TodoMVC/CompletingAllItems/Sync": 87.25404452218486,
  "AngularJS-TodoMVC/CompletingAllItems/total": 129.91104606817618,
  "AngularJS-TodoMVC/DeletingAllItems/Async": 16.899462385663785,
  "AngularJS-TodoMVC/DeletingAllItems/Sync": 245.4527218539175,
  "AngularJS-TodoMVC/DeletingAllItems/total": 262.5306161993373,
  "AngularJS-TodoMVC/total": 724.671043777128,
  "BackboneJS-TodoMVC/Adding100Items/Async": 45.46021658948234,
  "BackboneJS-TodoMVC/Adding100Items/Sync": 108.78814474077969,
  "BackboneJS-TodoMVC/Adding100Items/total": 154.83740118743071,
  "BackboneJS-TodoMVC/CompletingAllItems/Async": 33.905596823790766,
  "BackboneJS-TodoMVC/CompletingAllItems/Sync": 59.21709851588821,
  "BackboneJS-TodoMVC/CompletingAllItems/total": 93.29245126643745,
  "BackboneJS-TodoMVC/DeletingAllItems/Async": 5.0368754965543,
  "BackboneJS-TodoMVC/DeletingAllItems/Sync": 30.923842774516448,
  "BackboneJS-TodoMVC/DeletingAllItems/total": 36.00463147094324,
  "BackboneJS-TodoMVC/total": 284.37745605710853,
  "Elm-TodoMVC/Adding100Items/Async": 52.76599956319526,
  "Elm-TodoMVC/Adding100Items/Sync": 202.29254299760342,
  "Elm-TodoMVC/Adding100Items/total": 264.6997662649463,
  "Elm-TodoMVC/CompletingAllItems/Async": 39.610192706949974,
  "Elm-TodoMVC/CompletingAllItems/Sync": 126.64677507185078,
  "Elm-TodoMVC/CompletingAllItems/total": 166.4717944585751,
  "Elm-TodoMVC/DeletingItems/Async": 10.784203282720917,
  "Elm-TodoMVC/DeletingItems/Sync": 313.6972971849847,
  "Elm-TodoMVC/DeletingItems/total": 325.6654907007837,
  "Elm-TodoMVC/total": 844.3992583688347,
  "EmberJS-Debug-TodoMVC/Adding100Items/Async": 45.50849336202239,
  "EmberJS-Debug-TodoMVC/Adding100Items/Sync": 596.8244625162981,
  "EmberJS-Debug-TodoMVC/Adding100Items/total": 642.4681658256405,
  "EmberJS-Debug-TodoMVC/CompletingAllItems/Async": 31.9398811032214,
  "EmberJS-Debug-TodoMVC/CompletingAllItems/Sync": 357.1513085439939,
  "EmberJS-Debug-TodoMVC/CompletingAllItems/total": 389.10660620514795,
  "EmberJS-Debug-TodoMVC/DeletingItems/Async": 4.619034635285487,
  "EmberJS-Debug-TodoMVC/DeletingItems/Sync": 381.8179667305807,
  "EmberJS-Debug-TodoMVC/DeletingItems/total": 386.49913298166683,
  "EmberJS-Debug-TodoMVC/total": 1418.4255158089532,
  "EmberJS-TodoMVC/Adding100Items/Async": 42.16005536947555,
  "EmberJS-TodoMVC/Adding100Items/Sync": 230.79467041342988,
  "EmberJS-TodoMVC/Adding100Items/total": 273.06312713837286,
  "EmberJS-TodoMVC/CompletingAllItems/Async": 35.32758499712306,
  "EmberJS-TodoMVC/CompletingAllItems/Sync": 123.0465691185397,
  "EmberJS-TodoMVC/CompletingAllItems/total": 158.61624135231165,
  "EmberJS-TodoMVC/DeletingItems/Async": 5.347899067497899,
  "EmberJS-TodoMVC/DeletingItems/Sync": 83.10520219924936,
  "EmberJS-TodoMVC/DeletingItems/total": 88.52128295694672,
  "EmberJS-TodoMVC/total": 520.6224303064574,
  "Flight-TodoMVC/Adding100Items/Async": 40.63970106082065,
  "Flight-TodoMVC/Adding100Items/Sync": 117.25278421219494,
  "Flight-TodoMVC/Adding100Items/total": 158.15545351171738,
  "Flight-TodoMVC/CompletingAllItems/Async": 32.63030102018698,
  "Flight-TodoMVC/CompletingAllItems/Sync": 124.88116284489989,
  "Flight-TodoMVC/CompletingAllItems/total": 157.71178794550806,
  "Flight-TodoMVC/DeletingItems/Async": 4.93983270201034,
  "Flight-TodoMVC/DeletingItems/Sync": 109.7350741793346,
  "Flight-TodoMVC/DeletingItems/total": 115.04642039591762,
  "Flight-TodoMVC/total": 431.04217031282786,
  "Inferno-TodoMVC/Adding100Items/Async": 42.06377385188748,
  "Inferno-TodoMVC/Adding100Items/Sync": 56.30577006870911,
  "Inferno-TodoMVC/Adding100Items/total": 98.50651693746286,
  "Inferno-TodoMVC/CompletingAllItems/Async": 10.716257739831656,
  "Inferno-TodoMVC/CompletingAllItems/Sync": 118.70654289800774,
  "Inferno-TodoMVC/CompletingAllItems/total": 129.9002781274693,
  "Inferno-TodoMVC/DeletingItems/Async": 3.989156058513352,
  "Inferno-TodoMVC/DeletingItems/Sync": 248.9113095492198,
  "Inferno-TodoMVC/DeletingItems/total": 252.93856015079837,
  "Inferno-TodoMVC/total": 481.71752166939615,
  "Preact-TodoMVC/Adding100Items/Async": 62.8759395412488,
  "Preact-TodoMVC/Adding100Items/Sync": 10.625885731084894,
  "Preact-TodoMVC/Adding100Items/total": 73.54534942424881,
  "Preact-TodoMVC/CompletingAllItems/Async": 27.3326921681588,
  "Preact-TodoMVC/CompletingAllItems/Sync": 3.8716881428932615,
  "Preact-TodoMVC/CompletingAllItems/total": 31.273951576989386,
  "Preact-TodoMVC/DeletingItems/Async": 7.826827850546237,
  "Preact-TodoMVC/DeletingItems/Sync": 2.2215616398034292,
  "Preact-TodoMVC/DeletingItems/total": 10.05487325575752,
  "Preact-TodoMVC/total": 116.27105740504089,
  "React-Redux-TodoMVC/Adding100Items/Async": 42.994903305945094,
  "React-Redux-TodoMVC/Adding100Items/Sync": 192.38056364926965,
  "React-Redux-TodoMVC/Adding100Items/total": 235.58021848334596,
  "React-Redux-TodoMVC/CompletingAllItems/Async": 31.42669314680406,
  "React-Redux-TodoMVC/CompletingAllItems/Sync": 172.06521581694196,
  "React-Redux-TodoMVC/CompletingAllItems/total": 203.5296448371412,
  "React-Redux-TodoMVC/DeletingItems/Async": 4.503884921913963,
  "React-Redux-TodoMVC/DeletingItems/Sync": 113.5088166712461,
  "React-Redux-TodoMVC/DeletingItems/total": 118.09744904770768,
  "React-Redux-TodoMVC/total": 557.3457556609011,
  "React-TodoMVC/Adding100Items/Async": 43.062889850141595,
  "React-TodoMVC/Adding100Items/Sync": 145.39097322282066,
  "React-TodoMVC/Adding100Items/total": 188.47586314052748,
  "React-TodoMVC/CompletingAllItems/Async": 32.311793627529035,
  "React-TodoMVC/CompletingAllItems/Sync": 84.35992866446946,
  "React-TodoMVC/CompletingAllItems/total": 116.69075582934451,
  "React-TodoMVC/DeletingAllItems/Async": 4.30613925664825,
  "React-TodoMVC/DeletingAllItems/Sync": 56.55098398350857,
  "React-TodoMVC/DeletingAllItems/total": 60.96868162411253,
  "React-TodoMVC/total": 366.22866399217565,
  "Vanilla-ES2015-Babel-Webpack-TodoMVC/Adding100Items/Async": 38.24592006684513,
  "Vanilla-ES2015-Babel-Webpack-TodoMVC/Adding100Items/Sync": 343.2703493934224,
  "Vanilla-ES2015-Babel-Webpack-TodoMVC/Adding100Items/total": 381.54221320108644,
  "Vanilla-ES2015-Babel-Webpack-TodoMVC/CompletingAllItems/Async": 30.961256566998838,
  "Vanilla-ES2015-Babel-Webpack-TodoMVC/CompletingAllItems/Sync": 78.2107843142056,
  "Vanilla-ES2015-Babel-Webpack-TodoMVC/CompletingAllItems/total": 109.18993840578574,
  "Vanilla-ES2015-Babel-Webpack-TodoMVC/DeletingItems/Async": 4.438329029400881,
  "Vanilla-ES2015-Babel-Webpack-TodoMVC/DeletingItems/Sync": 52.41384718395873,
  "Vanilla-ES2015-Babel-Webpack-TodoMVC/DeletingItems/total": 56.87680722107006,
  "Vanilla-ES2015-Babel-Webpack-TodoMVC/total": 547.8075037093662,
  "Vanilla-ES2015-TodoMVC/Adding100Items/Async": 39.780682242272945,
  "Vanilla-ES2015-TodoMVC/Adding100Items/Sync": 353.42674063732477,
  "Vanilla-ES2015-TodoMVC/Adding100Items/total": 393.2651424512176,
  "Vanilla-ES2015-TodoMVC/CompletingAllItems/Async": 31.82716981025822,