{
  "browser-setup": 3.283307,
  "browser-tear_down": 0.289357,
  "probes-creation": 0.0002,
  "probes-setup": 0.000166,
  "probes-start": 7.7e-05,
  "run": 109.416053,
  "runner-cooldown": 2.002071
}