{
  "Angular2-TypeScript-TodoMVC/Adding100Items/Async": 31.315786412026647,
  "Angular2-TypeScript-TodoMVC/Adding100Items/Sync": 41.51902976777104,
  "Angular2-TypeScript-TodoMVC/Adding100Items/total": 72.87119604056954,
  "Angular2-TypeScript-TodoMVC/CompletingAllItems/Async": 13.148473103311561,
  "Angular2-TypeScript-TodoMVC/CompletingAllItems/Sync": 8.558354169273192,
  "Angular2-TypeScript-TodoMVC/CompletingAllItems/total": 21.70972121059702,
  "Angular2-TypeScript-TodoMVC/DeletingItems/Async": 2.692412811769806,
  "Angular2-TypeScript-TodoMVC/DeletingItems/Sync": 16.361401295849323,
  "Angular2-TypeScript-TodoMVC/DeletingItems/total": 19.06462711036875,
  "Angular2-TypeScript-TodoMVC/total": 113.75191831614036,
  "AngularJS-TodoMVC/Adding100Items/Async": 40.15302783410991,
  "AngularJS-TodoMVC/Adding100Items/Sync": 151.97831997685344,
  "AngularJS-TodoMVC/Adding100Items/total": 192.1374788515933,
  "AngularJS-TodoMVC/CompletingAllItems/Async": 25.25800065262818,
  "AngularJS-TodoMVC/CompletingAllItems/Sync": 66.00691932729863,
  "AngularJS-TodoMVC/CompletingAllItems/total": 91.88050317635886,
  "AngularJS-TodoMVC/DeletingAllItems/Async": 15.271872501426593,
  "AngularJS-TodoMVC/DeletingAllItems/Sync": 175.95354086653188,
  "AngularJS-TodoMVC/DeletingAllItems/total": 191.48895558924258,
  "AngularJS-TodoMVC/total": 483.32647202493956,
  "BackboneJS-TodoMVC/Adding100Items/Async": 36.43307651706838,
  "BackboneJS-TodoMVC/Adding100Items/Sync": 54.72947710030699,
  "BackboneJS-TodoMVC/Adding100Items/total": 91.17989582685793,
  "BackboneJS-TodoMVC/CompletingAllItems/Async": 27.718308595364384,
  "BackboneJS-TodoMVC/CompletingAllItems/Sync": 37.58496923480977,
  "BackboneJS-TodoMVC/CompletingAllItems/total": 65.30557926521722,
  "BackboneJS-TodoMVC/DeletingAllItems/Async": 3.398300529005919,
  "BackboneJS-TodoMVC/DeletingAllItems/Sync": 25.60340056644569,
  "BackboneJS-TodoMVC/DeletingAllItems/total": 29.013866709075764,
  "BackboneJS-TodoMVC/total": 185.53022099864856,
  "Elm-TodoMVC/Adding100Items/Async": 45.79969368905664,
  "Elm-TodoMVC/Adding100Items/Sync": 98.90887889517212,
  "Elm-TodoMVC/Adding100Items/total": 146.13368712113623,
  "Elm-TodoMVC/CompletingAllItems/Async": 30.792826571032702,
  "Elm-TodoMVC/CompletingAllItems/Sync": 98.55182344280229,
  "Elm-TodoMVC/CompletingAllItems/total": 130.1746463467227,
  "Elm-TodoMVC/DeletingItems/Async": 8.97942106790566,
  "Elm-TodoMVC/DeletingItems/Sync": 95.8075656323602,
  "Elm-TodoMVC/DeletingItems/total": 105.11808746873226,
  "Elm-TodoMVC/total": 389.7261340669235,
  "EmberJS-Debug-TodoMVC/Adding100Items/Async": 38.89676166774741,
  "EmberJS-Debug-TodoMVC/Adding100Items/Sync": 414.89481653496597,
  "EmberJS-Debug-TodoMVC/Adding100Items/total": 453.8573118597525,
  "EmberJS-Debug-TodoMVC/CompletingAllItems/Async": 28.267359056054413,
  "EmberJS-Debug-TodoMVC/CompletingAllItems/Sync": 314.2367639914019,
  "EmberJS-Debug-TodoMVC/CompletingAllItems/total": 342.5540164638813,
  "EmberJS-Debug-TodoMVC/DeletingItems/Async": 5.4060925572764065,
  "EmberJS-Debug-TodoMVC/DeletingItems/Sync": 289.73680902375816,
  "EmberJS-Debug-TodoMVC/DeletingItems/total": 297.54954132344017,
  "EmberJS-Debug-TodoMVC/total": 1098.8764290544907,
  "EmberJS-TodoMVC/Adding100Items/Async": 35.02124636469291,
  "EmberJS-TodoMVC/Adding100Items/Sync": 151.78015409091142,
  "EmberJS-TodoMVC/Adding100Items/total": 187.11194262285363,
  "EmberJS-TodoMVC/CompletingAllItems/Async": 27.33932709190403,
  "EmberJS-TodoMVC/CompletingAllItems/Sync": 105.17517333585714,
  "EmberJS-TodoMVC/CompletingAllItems/total": 133.0701651536533,
  "EmberJS-TodoMVC/DeletingItems/Async": 3.663331117941226,
  "EmberJS-TodoMVC/DeletingItems/Sync": 64.74367584087346,
  "EmberJS-TodoMVC/DeletingItems/total": 68.79211159961301,
  "EmberJS-TodoMVC/total": 392.4354560753886,
  "Flight-TodoMVC/Adding100Items/Async": 32.197797825250646,
  "Flight-TodoMVC/Adding100Items/Sync": 78.20497693498608,
  "Flight-TodoMVC/Adding100Items/total": 110.40931308788392,
  "Flight-TodoMVC/CompletingAllItems/Async": 24.811353146331367,
  "Flight-TodoMVC/CompletingAllItems/Sync": 85.59158482855403,
  "Flight-TodoMVC/CompletingAllItems/total": 110.40664529624662,
  "Flight-TodoMVC/DeletingItems/Async": 2.7876972528539556,
  "Flight-TodoMVC/DeletingItems/Sync": 69.28336804346863,
  "Flight-TodoMVC/DeletingItems/total": 72.07339159768908,
  "Flight-TodoMVC/total": 292.895114919909,
  "Inferno-TodoMVC/Adding100Items/Async": 37.61642188917191,
  "Inferno-TodoMVC/Adding100Items/Sync": 46.13986102726783,
  "Inferno-TodoMVC/Adding100Items/total": 83.89343355271842,
  "Inferno-TodoMVC/CompletingAllItems/Async": 6.565156805286945,
  "Inferno-TodoMVC/CompletingAllItems/Sync": 89.40815276805274,
  "Inferno-TodoMVC/CompletingAllItems/total": 96.10925359097722,
  "Inferno-TodoMVC/DeletingItems/Async": 2.9033627911946644,
  "Inferno-TodoMVC/DeletingItems/Sync": 208.51322266194452,
  "Inferno-TodoMVC/DeletingItems/total": 211.41955820959598,
  "Inferno-TodoMVC/total": 391.57278469691767,
  "Preact-TodoMVC/Adding100Items/Async": 38.44728026713198,
  "Preact-TodoMVC/Adding100Items/Sync": 4.989802792418926,
  "Preact-TodoMVC/Adding100Items/total": 43.460679603792265,
  "Preact-TodoMVC/CompletingAllItems/Async": 16.266217939420283,
  "Preact-TodoMVC/CompletingAllItems/Sync": 3.068369983681182,
  "Preact-TodoMVC/CompletingAllItems/total": 19.344266566480698,
  "Preact-TodoMVC/DeletingItems/Async": 4.328571632949892,
  "Preact-TodoMVC/DeletingItems/Sync": 1.7260265659925038,
  "Preact-TodoMVC/DeletingItems/total": 6.066333959770207,
  "Preact-TodoMVC/total": 68.97615175883139,
  "React-Redux-TodoMVC/Adding100Items/Async": 33.58469500061702,
  "React-Redux-TodoMVC/Adding100Items/Sync": 136.42448316675126,
  "React-Redux-TodoMVC/Adding100Items/total": 170.22153360295871,
  "React-Redux-TodoMVC/CompletingAllItems/Async": 25.527110622897872,
  "React-Redux-TodoMVC/CompletingAllItems/Sync": 150.46103843541746,
  "React-Redux-TodoMVC/CompletingAllItems/total": 176.3851990735301,
  "React-Redux-TodoMVC/DeletingItems/Async": 5.559681146413527,
  "React-Redux-TodoMVC/DeletingItems/Sync": 101.72001460904207,
  "React-Redux-TodoMVC/DeletingItems/total": 108.46480355973345,
  "React-Redux-TodoMVC/total": 460.6773909626221,
  "React-TodoMVC/Adding100Items/Async": 34.383702198038996,
  "React-TodoMVC/Adding100Items/Sync": 104.77665282214943,
  "React-TodoMVC/Adding100Items/total": 139.18558775414093,
  "React-TodoMVC/CompletingAllItems/Async": 26.136648723268333,
  "React-TodoMVC/CompletingAllItems/Sync": 70.41234606924198,
  "React-TodoMVC/CompletingAllItems/total": 97.10541731054619,
  "React-TodoMVC/DeletingAllItems/Async": 3.419491739814692,
  "React-TodoMVC/DeletingAllItems/Sync": 54.03815521992106,
  "React-TodoMVC/DeletingAllItems/total": 57.67302069313063,
  "React-TodoMVC/total": 300.6357005263802,
  "Vanilla-ES2015-Babel-Webpack-TodoMVC/Adding100Items/Async": 34.08768723456758,
  "Vanilla-ES2015-Babel-Webpack-TodoMVC/Adding100Items/Sync": 291.77358353609293,
  "Vanilla-ES2015-Babel-Webpack-TodoMVC/Adding100Items/total": 325.8949095814438,
  "Vanilla-ES2015-Babel-Webpack-TodoMVC/CompletingAllItems/Async": 24.59108342128641,
  "Vanilla-ES2015-Babel-Webpack-TodoMVC/CompletingAllItems/Sync": 64.1287877409746,
  "Vanilla-ES2015-Babel-Webpack-TodoMVC/CompletingAllItems/total": 88.74329941549638,
  "Vanilla-ES2015-Babel-Webpack-TodoMVC/DeletingItems/Async": 2.8066115268951184,
  "Vanilla-ES2015-Babel-Webpack-TodoMVC/DeletingItems/Sync": 40.225231562886925,
  "Vanilla-ES2015-Babel-Webpack-TodoMVC/DeletingItems/total": 43.03522910669307,
  "Vanilla-ES2015-Babel-Webpack-TodoMVC/total": 457.68598435135635,
  "Vanilla-ES2015-TodoMVC/Adding100Items/Async": 33.72266791406356,
  "Vanilla-ES2015-TodoMVC/Adding100Items/Sync": 300.3580828009052,
  "Vanilla-ES2015-TodoMVC/Adding100Items/total": 334.11066768219564,
  "Vanilla-ES2015-TodoMVC/CompletingAllItems/Async": 27.40631618417756,