{
  "browser-setup": 4.049128,
  "browser-tear_down": 0.294444,
  "probes-creation": 0.000131,
  "probes-setup": 9.9e-05,
  "probes-start": 6e-05,
  "run": 137.949897,
  "runner-cooldown": 2.002052
}