{
  "Angular2-TypeScript-TodoMVC/Adding100Items/Async": 37.84170177571961,
  "Angular2-TypeScript-TodoMVC/Adding100Items/Sync": 60.93203354669998,
  "Angular2-TypeScript-TodoMVC/Adding100Items/total": 98.80731197252446,
  "Angular2-TypeScript-TodoMVC/CompletingAllItems/Async": 18.527373530414092,
  "Angular2-TypeScript-TodoMVC/CompletingAllItems/Sync": 10.122448776950302,
  "Angular2-TypeScript-TodoMVC/CompletingAllItems/total": 28.75640209694166,
  "Angular2-TypeScript-TodoMVC/DeletingItems/Async": 3.635005963040566,
  "Angular2-TypeScript-TodoMVC/DeletingItems/Sync": 18.707282602206217,
  "Angular2-TypeScript-TodoMVC/DeletingItems/total": 22.355466031211265,
  "Angular2-TypeScript-TodoMVC/total": 150.14491816304408,
  "AngularJS-TodoMVC/Adding100Items/Async": 51.699246916418296,
  "AngularJS-TodoMVC/Adding100Items/Sync": 274.6116423051448,
  "AngularJS-TodoMVC/Adding100Items/total": 326.91453323532545,
  "AngularJS-TodoMVC/CompletingAllItems/Async": 33.88515210458975,
  "AngularJS-TodoMVC/CompletingAllItems/Sync": 87.68208358426813,
  "AngularJS-TodoMVC/CompletingAllItems/total": 121.71311990928413,
  "AngularJS-TodoMVC/DeletingAllItems/Async": 16.83151816623112,
  "AngularJS-TodoMVC/DeletingAllItems/Sync": 256.8648538448579,
  "AngularJS-TodoMVC/DeletingAllItems/total": 274.0131052456602,
  "AngularJS-TodoMVC/total": 723.4582359153106,
  "BackboneJS-TodoMVC/Adding100Items/Async": 45.56717816617554,
  "BackboneJS-TodoMVC/Adding100Items/Sync": 109.20270282750465,
  "BackboneJS-TodoMVC/Adding100Items/total": 155.380582701146,
  "BackboneJS-TodoMVC/CompletingAllItems/Async": 34.27226629814233,
  "BackboneJS-TodoMVC/CompletingAllItems/Sync": 59.5894674201409,
  "BackboneJS-TodoMVC/CompletingAllItems/total": 94.0171711224309,
  "BackboneJS-TodoMVC/DeletingAllItems/Async": 4.928137976422588,
  "BackboneJS-TodoMVC/DeletingAllItems/Sync": 31.101302678177305,
  "BackboneJS-TodoMVC/DeletingAllItems/total": 36.0487961885553,
  "BackboneJS-TodoMVC/total": 285.71925105084716,
  "Elm-TodoMVC/Adding100Items/Async": 54.49673153874073,
  "Elm-TodoMVC/Adding100Items/Sync": 202.4747532661092,
  "Elm-TodoMVC/Adding100Items/total": 265.2556657749136,
  "Elm-TodoMVC/CompletingAllItems/Async": 40.98964516060058,
  "Elm-TodoMVC/CompletingAllItems/Sync": 139.25360764531496,
  "Elm-TodoMVC/CompletingAllItems/total": 180.4576603252193,
  "Elm-TodoMVC/DeletingItems/Async": 10.71126793320266,
  "Elm-TodoMVC/DeletingItems/Sync": 310.6968305724147,
  "Elm-TodoMVC/DeletingItems/total": 322.6885217151418,
  "Elm-TodoMVC/total": 850.8610198990524,
  "EmberJS-Debug-TodoMVC/Adding100Items/Async": 44.7938340908349,
  "EmberJS-Debug-TodoMVC/Adding100Items/Sync": 591.5971479941667,
  "EmberJS-Debug-TodoMVC/Adding100Items/total": 636.5207398530002,
  "EmberJS-Debug-TodoMVC/CompletingAllItems/Async": 31.872983897097285,
  "EmberJS-Debug-TodoMVC/CompletingAllItems/Sync": 364.01619637455974,
  "EmberJS-Debug-TodoMVC/CompletingAllItems/total": 395.89783964274017,
  "EmberJS-Debug-TodoMVC/DeletingItems/Async": 5.343563547202307,
  "EmberJS-Debug-TodoMVC/DeletingItems/Sync": 383.3643227808237,
  "EmberJS-Debug-TodoMVC/DeletingItems/total": 388.98518088967575,
  "EmberJS-Debug-TodoMVC/total": 1421.8687234770775,
  "EmberJS-TodoMVC/Adding100Items/Async": 42.639348032103484,
  "EmberJS-TodoMVC/Adding100Items/Sync": 225.80954925270075,
  "EmberJS-TodoMVC/Adding100Items/total": 268.5173616646691,
  "EmberJS-TodoMVC/CompletingAllItems/Async": 36.10855657147878,
  "EmberJS-TodoMVC/CompletingAllItems/Sync": 123.83219996285901,
  "EmberJS-TodoMVC/CompletingAllItems/total": 160.12260068509414,
  "EmberJS-TodoMVC/DeletingItems/Async": 5.2622227734031775,
  "EmberJS-TodoMVC/DeletingItems/Sync": 79.46134612511823,
  "EmberJS-TodoMVC/DeletingItems/total": 85.18567774173354,
  "EmberJS-TodoMVC/total": 514.0958986131677,
  "Flight-TodoMVC/Adding100Items/Async": 40.73979816289036,
  "Flight-TodoMVC/Adding100Items/Sync": 117.60623563256382,
  "Flight-TodoMVC/Adding100Items/total": 158.55025952338977,
  "Flight-TodoMVC/CompletingAllItems/Async": 32.60238140390527,
  "Flight-TodoMVC/CompletingAllItems/Sync": 124.88786025821584,
  "Flight-TodoMVC/CompletingAllItems/total": 157.62381685438064,
  "Flight-TodoMVC/DeletingItems/Async": 4.882135505138626,
  "Flight-TodoMVC/DeletingItems/Sync": 109.67373775698108,
  "Flight-TodoMVC/DeletingItems/total": 114.84394049321328,
  "Flight-TodoMVC/total": 431.1215309221646,
  "Inferno-TodoMVC/Adding100Items/Async": 44.17573849196847,
  "Inferno-TodoMVC/Adding100Items/Sync": 56.3523773172362,
  "Inferno-TodoMVC/Adding100Items/total": 100.73314451470789,
  "Inferno-TodoMVC/CompletingAllItems/Async": 11.178849363992802,
  "Inferno-TodoMVC/CompletingAllItems/Sync": 115.8818920757848,
  "Inferno-TodoMVC/CompletingAllItems/total": 127.67800462224814,
  "Inferno-TodoMVC/DeletingItems/Async": 3.9155250446854724,
  "Inferno-TodoMVC/DeletingItems/Sync": 247.5619644486883,
  "Inferno-TodoMVC/DeletingItems/total": 251.51904152042127,
  "Inferno-TodoMVC/total": 480.1412815367046,
  "Preact-TodoMVC/Adding100Items/Async": 61.492442529428004,
  "Preact-TodoMVC/Adding100Items/Sync": 10.703597641030484,
  "Preact-TodoMVC/Adding100Items/total": 72.2101164953497,
  "Preact-TodoMVC/CompletingAllItems/Async": 30.056659262087077,
  "Preact-TodoMVC/CompletingAllItems/Sync": 3.911476151245853,
  "Preact-TodoMVC/CompletingAllItems/total": 34.04077813562471,
  "Preact-TodoMVC/DeletingItems/Async": 7.550693482334399,
  "Preact-TodoMVC/DeletingItems/Sync": 2.1839649814204023,
  "Preact-TodoMVC/DeletingItems/total": 9.744998230680247,
  "Preact-TodoMVC/total": 117.45518949452386,
  "React-Redux-TodoMVC/Adding100Items/Async": 42.598177420225724,
  "React-Redux-TodoMVC/Adding100Items/Sync": 191.5130713517344,
  "React-Redux-TodoMVC/Adding100Items/total": 234.18538691303226,
  "React-Redux-TodoMVC/CompletingAllItems/Async": 31.492077808602016,
  "React-Redux-TodoMVC/CompletingAllItems/Sync": 172.14067598999566,
  "React-Redux-TodoMVC/CompletingAllItems/total": 203.65210985332072,
  "React-Redux-TodoMVC/DeletingItems/Async": 4.481967708471712,
  "React-Redux-TodoMVC/DeletingItems/Sync": 112.57480665481351,
  "React-Redux-TodoMVC/DeletingItems/total": 117.13094126445506,
  "React-Redux-TodoMVC/total": 555.1942235833641,
  "React-TodoMVC/Adding100Items/Async": 43.57160492383976,
  "React-TodoMVC/Adding100Items/Sync": 147.73004587021427,
  "React-TodoMVC/Adding100Items/total": 191.41455616565378,
  "React-TodoMVC/CompletingAllItems/Async": 32.71060348321639,
  "React-TodoMVC/CompletingAllItems/Sync": 87.022887284766,
  "React-TodoMVC/CompletingAllItems/total": 119.80619631740159,
  "React-TodoMVC/DeletingAllItems/Async": 4.3001181042668835,
  "React-TodoMVC/DeletingAllItems/Sync": 56.192072297311235,
  "React-TodoMVC/DeletingAllItems/total": 60.54811899520352,
  "React-TodoMVC/total": 372.01303800134104,
  "Vanilla-ES2015-Babel-Webpack-TodoMVC/Adding100Items/Async": 38.97360752770935,
  "Vanilla-ES2015-Babel-Webpack-TodoMVC/Adding100Items/Sync": 347.0846658377122,
  "Vanilla-ES2015-Babel-Webpack-TodoMVC/Adding100Items/total": 386.11200287095704,
  "Vanilla-ES2015-Babel-Webpack-TodoMVC/CompletingAllItems/Async": 30.985454518158203,
  "Vanilla-ES2015-Babel-Webpack-TodoMVC/CompletingAllItems/Sync": 78.56048481406077,
  "Vanilla-ES2015-Babel-Webpack-TodoMVC/CompletingAllItems/total": 109.56127020193097,
  "Vanilla-ES2015-Babel-Webpack-TodoMVC/DeletingItems/Async": 4.519557903108674,
  "Vanilla-ES2015-Babel-Webpack-TodoMVC/DeletingItems/Sync": 52.82919046506015,
  "Vanilla-ES2015-Babel-Webpack-TodoMVC/DeletingItems/total": 57.399716730355294,
  "Vanilla-ES2015-Babel-Webpack-TodoMVC/total": 553.2954128263401,
  "Vanilla-ES2015-TodoMVC/Adding100Items/Async": 38.645175289901545,
  "Vanilla-ES2015-TodoMVC/Adding100Items/Sync": 357.25829091989004,
  "Vanilla-ES2015-TodoMVC/Adding100Items/total": 395.9483434488288,
  "Vanilla-ES2015-TodoMVC/CompletingAllItems/Async": 31.844651331589272,