{
  "browser-setup": 4.0751,
  "browser-tear_down": 0.299899,
  "probes-creation": 0.000129,
  "probes-setup": 0.0001,
  "probes-start": 5.8e-05,
  "run": 136.783554,
  "runner-cooldown": 2.001972
}