{
  "Angular2-TypeScript-TodoMVC/Adding100Items/Async": 37.89483081660113,
  "Angular2-TypeScript-TodoMVC/Adding100Items/Sync": 60.036504819663605,
  "Angular2-TypeScript-TodoMVC/Adding100Items/total": 97.9660172872978,
  "Angular2-TypeScript-TodoMVC/CompletingAllItems/Async": 17.74764285315974,
  "Angular2-TypeScript-TodoMVC/CompletingAllItems/Sync": 10.312687618872886,
  "Angular2-TypeScript-TodoMVC/CompletingAllItems/total": 28.087018469849184,
  "Angular2-TypeScript-TodoMVC/DeletingItems/Async": 3.7002494866630786,
  "Angular2-TypeScript-TodoMVC/DeletingItems/Sync": 18.269031117787513,
  "Angular2-TypeScript-TodoMVC/DeletingItems/total": 21.977225521927124,
  "Angular2-TypeScript-TodoMVC/total": 148.05357382839787,
  "AngularJS-TodoMVC/Adding100Items/Async": 52.99023803389756,
  "AngularJS-TodoMVC/Adding100Items/Sync": 282.69867242200587,
  "AngularJS-TodoMVC/Adding100Items/total": 336.3887901427223,
  "AngularJS-TodoMVC/CompletingAllItems/Async": 34.353683142095605,
  "AngularJS-TodoMVC/CompletingAllItems/Sync": 85.89383762741777,
  "AngularJS-TodoMVC/CompletingAllItems/total": 120.32184322261155,
  "AngularJS-TodoMVC/DeletingAllItems/Async": 17.67706577315605,
  "AngularJS-TodoMVC/DeletingAllItems/Sync": 254.24015055491185,
  "AngularJS-TodoMVC/DeletingAllItems/total": 272.1358827874034,
  "AngularJS-TodoMVC/total": 729.7644027663677,
  "BackboneJS-TodoMVC/Adding100Items/Async": 45.50866787546726,
  "BackboneJS-TodoMVC/Adding100Items/Sync": 108.58104997385217,
  "BackboneJS-TodoMVC/Adding100Items/total": 154.69144026275055,
  "BackboneJS-TodoMVC/CompletingAllItems/Async": 34.176016525062956,
  "BackboneJS-TodoMVC/CompletingAllItems/Sync": 59.754806248316875,
  "BackboneJS-TodoMVC/CompletingAllItems/total": 94.09674079460576,
  "BackboneJS-TodoMVC/DeletingAllItems/Async": 4.9697126950624435,
  "BackboneJS-TodoMVC/DeletingAllItems/Sync": 31.01090231931419,
  "BackboneJS-TodoMVC/DeletingAllItems/total": 35.99529614382263,
  "BackboneJS-TodoMVC/total": 285.07422342144037,
  "Elm-TodoMVC/Adding100Items/Async": 51.515947799301166,
  "Elm-TodoMVC/Adding100Items/Sync": 147.3578208653356,
  "Elm-TodoMVC/Adding100Items/total": 198.9843518523864,
  "Elm-TodoMVC/CompletingAllItems/Async": 38.24740149817775,
  "Elm-TodoMVC/CompletingAllItems/Sync": 174.71645173161318,
  "Elm-TodoMVC/CompletingAllItems/total": 221.382234694893,
  "Elm-TodoMVC/DeletingItems/Async": 11.99266695856271,
  "Elm-TodoMVC/DeletingItems/Sync": 310.35509302680856,
  "Elm-TodoMVC/DeletingItems/total": 329.9835308605255,
  "Elm-TodoMVC/total": 843.2085619468644,
  "EmberJS-Debug-TodoMVC/Adding100Items/Async": 45.03113488019781,
  "EmberJS-Debug-TodoMVC/Adding100Items/Sync": 583.5933579656221,
  "EmberJS-Debug-TodoMVC/Adding100Items/total": 628.7272303890888,
  "EmberJS-Debug-TodoMVC/CompletingAllItems/Async": 31.93769248577465,
  "EmberJS-Debug-TodoMVC/CompletingAllItems/Sync": 358.93224579474895,
  "EmberJS-Debug-TodoMVC/CompletingAllItems/total": 390.89083366331926,
  "EmberJS-Debug-TodoMVC/DeletingItems/Async": 5.418756451857213,
  "EmberJS-Debug-TodoMVC/DeletingItems/Sync": 377.70857182408554,
  "EmberJS-Debug-TodoMVC/DeletingItems/total": 384.19820522026873,
  "EmberJS-Debug-TodoMVC/total": 1404.2062369419994,
  "EmberJS-TodoMVC/Adding100Items/Async": 42.561897650591334,
  "EmberJS-TodoMVC/Adding100Items/Sync": 227.7451567641448,
  "EmberJS-TodoMVC/Adding100Items/total": 270.3539745346955,
  "EmberJS-TodoMVC/CompletingAllItems/Async": 33.77696397395456,
  "EmberJS-TodoMVC/CompletingAllItems/Sync": 124.33381341227454,
  "EmberJS-TodoMVC/CompletingAllItems/total": 158.11693478188434,
  "EmberJS-TodoMVC/DeletingItems/Async": 5.2894261864584236,
  "EmberJS-TodoMVC/DeletingItems/Sync": 84.38319662019059,
  "EmberJS-TodoMVC/DeletingItems/total": 90.0578083535253,
  "EmberJS-TodoMVC/total": 519.0279495567482,
  "Flight-TodoMVC/Adding100Items/Async": 40.85840476593237,
  "Flight-TodoMVC/Adding100Items/Sync": 117.2392918446463,
  "Flight-TodoMVC/Adding100Items/total": 158.32507632218721,
  "Flight-TodoMVC/CompletingAllItems/Async": 32.63638242987288,
  "Flight-TodoMVC/CompletingAllItems/Sync": 124.55167824294433,
  "Flight-TodoMVC/CompletingAllItems/total": 157.3069043467374,
  "Flight-TodoMVC/DeletingItems/Async": 5.003953470362858,
  "Flight-TodoMVC/DeletingItems/Sync": 109.91795853938648,
  "Flight-TodoMVC/DeletingItems/total": 115.26792565394369,
  "Flight-TodoMVC/total": 430.99744550014947,
  "Inferno-TodoMVC/Adding100Items/Async": 44.690224693398875,
  "Inferno-TodoMVC/Adding100Items/Sync": 57.41022164197591,
  "Inferno-TodoMVC/Adding100Items/total": 102.37649245735268,
  "Inferno-TodoMVC/CompletingAllItems/Async": 10.060449926876723,
  "Inferno-TodoMVC/CompletingAllItems/Sync": 117.57770074695549,
  "Inferno-TodoMVC/CompletingAllItems/total": 128.09986433702002,
  "Inferno-TodoMVC/DeletingItems/Async": 3.8919182390152063,
  "Inferno-TodoMVC/DeletingItems/Sync": 248.25778630362268,
  "Inferno-TodoMVC/DeletingItems/total": 252.1841368072845,
  "Inferno-TodoMVC/total": 482.9353217342853,
  "Preact-TodoMVC/Adding100Items/Async": 62.33537113679874,
  "Preact-TodoMVC/Adding100Items/Sync": 10.514724853427833,
  "Preact-TodoMVC/Adding100Items/total": 72.86507828648013,
  "Preact-TodoMVC/CompletingAllItems/Async": 26.045726243495164,
  "Preact-TodoMVC/CompletingAllItems/Sync": 3.9716216769350803,
  "Preact-TodoMVC/CompletingAllItems/total": 30.091688619784055,
  "Preact-TodoMVC/DeletingItems/Async": 7.578781744778898,
  "Preact-TodoMVC/DeletingItems/Sync": 2.274959545988537,
  "Preact-TodoMVC/DeletingItems/total": 9.865171857097758,
  "Preact-TodoMVC/total": 114.55763861954743,
  "React-Redux-TodoMVC/Adding100Items/Async": 41.82662807687064,
  "React-Redux-TodoMVC/Adding100Items/Sync": 207.58189785729263,
  "React-Redux-TodoMVC/Adding100Items/total": 249.76515995603137,
  "React-Redux-TodoMVC/CompletingAllItems/Async": 31.473118599857195,
  "React-Redux-TodoMVC/CompletingAllItems/Sync": 170.3164551613975,
  "React-Redux-TodoMVC/CompletingAllItems/total": 201.81317805422015,
  "React-Redux-TodoMVC/DeletingItems/Async": 4.18262464684746,
  "React-Redux-TodoMVC/DeletingItems/Sync": 113.63374450527283,
  "React-Redux-TodoMVC/DeletingItems/total": 117.871774427572,
  "React-Redux-TodoMVC/total": 569.694065631127,
  "React-TodoMVC/Adding100Items/Async": 43.001436245742156,
  "React-TodoMVC/Adding100Items/Sync": 149.84671613136732,
  "React-TodoMVC/Adding100Items/total": 193.03773573052774,
  "React-TodoMVC/CompletingAllItems/Async": 32.573499121023566,
  "React-TodoMVC/CompletingAllItems/Sync": 84.48225794241175,
  "React-TodoMVC/CompletingAllItems/total": 117.0862094945377,
  "React-TodoMVC/DeletingAllItems/Async": 4.187323893065196,
  "React-TodoMVC/DeletingAllItems/Sync": 55.897296439853996,
  "React-TodoMVC/DeletingAllItems/total": 60.138898519875475,
  "React-TodoMVC/total": 370.6383870962037,
  "Vanilla-ES2015-Babel-Webpack-TodoMVC/Adding100Items/Async": 38.275518597931985,
  "Vanilla-ES2015-Babel-Webpack-TodoMVC/Adding100Items/Sync": 347.7933934514361,
  "Vanilla-ES2015-Babel-Webpack-TodoMVC/Adding100Items/total": 386.0919015515823,
  "Vanilla-ES2015-Babel-Webpack-TodoMVC/CompletingAllItems/Async": 31.15824657452755,
  "Vanilla-ES2015-Babel-Webpack-TodoMVC/CompletingAllItems/Sync": 78.62407426728194,
  "Vanilla-ES2015-Babel-Webpack-TodoMVC/CompletingAllItems/total": 109.80040965494159,
  "Vanilla-ES2015-Babel-Webpack-TodoMVC/DeletingItems/Async": 4.3445459113778595,
  "Vanilla-ES2015-Babel-Webpack-TodoMVC/DeletingItems/Sync": 52.6577259164221,
  "Vanilla-ES2015-Babel-Webpack-TodoMVC/DeletingItems/total": 57.040624727894645,
  "Vanilla-ES2015-Babel-Webpack-TodoMVC/total": 553.1180455954749,
  "Vanilla-ES2015-TodoMVC/Adding100Items/Async": 38.71546637179777,
  "Vanilla-ES2015-TodoMVC/Adding100Items/Sync": 358.9677761088872,
  "Vanilla-ES2015-TodoMVC/Adding100Items/total": 397.72500951849224,
  "Vanilla-ES2015-TodoMVC/CompletingAllItems/Async": 31.072185148210508,