{
  "browser-setup": 3.291668,
  "browser-tear_down": 0.218972,
  "probes-creation": 0.0002,
  "probes-setup": 0.00017,
  "probes-start": 8.1e-05,
  "run": 109.234682,
  "runner-cooldown": 2.002097
}