{
  "Angular2-TypeScript-TodoMVC/Adding100Items/Async": 31.02769570258708,
  "Angular2-TypeScript-TodoMVC/Adding100Items/Sync": 42.08843495587926,
  "Angular2-TypeScript-TodoMVC/Adding100Items/total": 73.1474588066704,
  "Angular2-TypeScript-TodoMVC/CompletingAllItems/Async": 12.962970257011643,
  "Angular2-TypeScript-TodoMVC/CompletingAllItems/Sync": 8.466025632929723,
  "Angular2-TypeScript-TodoMVC/CompletingAllItems/total": 21.431500551157384,
  "Angular2-TypeScript-TodoMVC/DeletingItems/Async": 2.603243687892037,
  "Angular2-TypeScript-TodoMVC/DeletingItems/Sync": 16.167461992845375,
  "Angular2-TypeScript-TodoMVC/DeletingItems/total": 18.77760693492901,
  "Angular2-TypeScript-TodoMVC/total": 113.37264430289908,
  "AngularJS-TodoMVC/Adding100Items/Async": 43.921106021289404,
  "AngularJS-TodoMVC/Adding100Items/Sync": 211.37601591537523,
  "AngularJS-TodoMVC/Adding100Items/total": 256.50608461235635,
  "AngularJS-TodoMVC/CompletingAllItems/Async": 27.741169521543263,
  "AngularJS-TodoMVC/CompletingAllItems/Sync": 56.27107037741245,
  "AngularJS-TodoMVC/CompletingAllItems/total": 84.1593127056643,
  "AngularJS-TodoMVC/DeletingAllItems/Async": 13.703981924356928,
  "AngularJS-TodoMVC/DeletingAllItems/Sync": 176.07363154976818,
  "AngularJS-TodoMVC/DeletingAllItems/total": 189.89535688323,
  "AngularJS-TodoMVC/total": 538.2311437274623,
  "BackboneJS-TodoMVC/Adding100Items/Async": 37.50786177560274,
  "BackboneJS-TodoMVC/Adding100Items/Sync": 62.164800555475615,
  "BackboneJS-TodoMVC/Adding100Items/total": 100.5845096708787,
  "BackboneJS-TodoMVC/CompletingAllItems/Async": 28.56283412245625,
  "BackboneJS-TodoMVC/CompletingAllItems/Sync": 37.96047463874148,
  "BackboneJS-TodoMVC/CompletingAllItems/total": 66.5565963062827,
  "BackboneJS-TodoMVC/DeletingAllItems/Async": 3.3173655679875695,
  "BackboneJS-TodoMVC/DeletingAllItems/Sync": 26.05361220564194,
  "BackboneJS-TodoMVC/DeletingAllItems/total": 29.38853559900215,
  "BackboneJS-TodoMVC/total": 198.05907662603786,
  "Elm-TodoMVC/Adding100Items/Async": 47.599039322570775,
  "Elm-TodoMVC/Adding100Items/Sync": 88.8165770407381,
  "Elm-TodoMVC/Adding100Items/total": 136.45621563121864,
  "Elm-TodoMVC/CompletingAllItems/Async": 32.427960561279505,
  "Elm-TodoMVC/CompletingAllItems/Sync": 132.65813253757304,
  "Elm-TodoMVC/CompletingAllItems/total": 167.3694426197997,
  "Elm-TodoMVC/DeletingItems/Async": 12.116244963337456,
  "Elm-TodoMVC/DeletingItems/Sync": 113.23458776413297,
  "Elm-TodoMVC/DeletingItems/total": 127.25841822474159,
  "Elm-TodoMVC/total": 449.0484081961982,
  "EmberJS-Debug-TodoMVC/Adding100Items/Async": 40.98893846732185,
  "EmberJS-Debug-TodoMVC/Adding100Items/Sync": 453.5250363245144,
  "EmberJS-Debug-TodoMVC/Adding100Items/total": 494.78118789460956,
  "EmberJS-Debug-TodoMVC/CompletingAllItems/Async": 26.71314593554273,
  "EmberJS-Debug-TodoMVC/CompletingAllItems/Sync": 270.4914812223815,
  "EmberJS-Debug-TodoMVC/CompletingAllItems/total": 297.3167679888042,
  "EmberJS-Debug-TodoMVC/DeletingItems/Async": 6.202569784806703,
  "EmberJS-Debug-TodoMVC/DeletingItems/Sync": 275.51581856551485,
  "EmberJS-Debug-TodoMVC/DeletingItems/total": 283.2359571827211,
  "EmberJS-Debug-TodoMVC/total": 1078.3630322645738,
  "EmberJS-TodoMVC/Adding100Items/Async": 34.356410431666426,
  "EmberJS-TodoMVC/Adding100Items/Sync": 151.6669183005426,
  "EmberJS-TodoMVC/Adding100Items/total": 186.40173538328062,
  "EmberJS-TodoMVC/CompletingAllItems/Async": 26.379426564195807,
  "EmberJS-TodoMVC/CompletingAllItems/Sync": 93.7205121858302,
  "EmberJS-TodoMVC/CompletingAllItems/total": 120.12026017147683,
  "EmberJS-TodoMVC/DeletingItems/Async": 3.984062332168856,
  "EmberJS-TodoMVC/DeletingItems/Sync": 78.47529934502859,
  "EmberJS-TodoMVC/DeletingItems/total": 82.66417743646566,
  "EmberJS-TodoMVC/total": 398.5661689011626,
  "Flight-TodoMVC/Adding100Items/Async": 33.010997404095896,
  "Flight-TodoMVC/Adding100Items/Sync": 89.03173913642404,
  "Flight-TodoMVC/Adding100Items/total": 122.82798186606618,
  "Flight-TodoMVC/CompletingAllItems/Async": 26.03428442783534,
  "Flight-TodoMVC/CompletingAllItems/Sync": 87.35829163216547,
  "Flight-TodoMVC/CompletingAllItems/total": 113.70528053180612,
  "Flight-TodoMVC/DeletingItems/Async": 3.0739382313485177,
  "Flight-TodoMVC/DeletingItems/Sync": 70.08703241108014,
  "Flight-TodoMVC/DeletingItems/total": 73.36095205772644,
  "Flight-TodoMVC/total": 311.8501668638839,
  "Inferno-TodoMVC/Adding100Items/Async": 37.97321963461414,
  "Inferno-TodoMVC/Adding100Items/Sync": 44.660263358443295,
  "Inferno-TodoMVC/Adding100Items/total": 82.72070838503008,
  "Inferno-TodoMVC/CompletingAllItems/Async": 6.296992162638118,
  "Inferno-TodoMVC/CompletingAllItems/Sync": 87.31506904847022,
  "Inferno-TodoMVC/CompletingAllItems/total": 93.6254409826204,
  "Inferno-TodoMVC/DeletingItems/Async": 3.726239327197009,
  "Inferno-TodoMVC/DeletingItems/Sync": 236.5773932359217,
  "Inferno-TodoMVC/DeletingItems/total": 240.40127323152828,
  "Inferno-TodoMVC/total": 419.46008419186563,
  "Preact-TodoMVC/Adding100Items/Async": 37.37940624780848,
  "Preact-TodoMVC/Adding100Items/Sync": 4.822438254226309,
  "Preact-TodoMVC/Adding100Items/total": 42.21162279725322,
  "Preact-TodoMVC/CompletingAllItems/Async": 16.946944179658313,
  "Preact-TodoMVC/CompletingAllItems/Sync": 3.1071766839499886,
  "Preact-TodoMVC/CompletingAllItems/total": 20.09091932071514,
  "Preact-TodoMVC/DeletingItems/Async": 4.7070380527426385,
  "Preact-TodoMVC/DeletingItems/Sync": 1.6993244385050958,
  "Preact-TodoMVC/DeletingItems/total": 6.423342955711964,
  "Preact-TodoMVC/total": 68.9026634659696,
  "React-Redux-TodoMVC/Adding100Items/Async": 34.00909309541702,
  "React-Redux-TodoMVC/Adding100Items/Sync": 129.55781083223627,
  "React-Redux-TodoMVC/Adding100Items/total": 163.72247204122237,
  "React-Redux-TodoMVC/CompletingAllItems/Async": 24.978032928748522,
  "React-Redux-TodoMVC/CompletingAllItems/Sync": 130.42430162001986,
  "React-Redux-TodoMVC/CompletingAllItems/total": 155.436112351981,
  "React-Redux-TodoMVC/DeletingItems/Async": 3.862464166455545,
  "React-Redux-TodoMVC/DeletingItems/Sync": 95.42196454725944,
  "React-Redux-TodoMVC/DeletingItems/total": 99.48096938179773,
  "React-Redux-TodoMVC/total": 422.1938767115682,
  "React-TodoMVC/Adding100Items/Async": 34.256673224403414,
  "React-TodoMVC/Adding100Items/Sync": 105.90216770552355,
  "React-TodoMVC/Adding100Items/total": 140.1881468317169,
  "React-TodoMVC/CompletingAllItems/Async": 26.289975422026192,
  "React-TodoMVC/CompletingAllItems/Sync": 70.15910297801942,
  "React-TodoMVC/CompletingAllItems/total": 97.13274383738167,
  "React-TodoMVC/DeletingAllItems/Async": 3.0500088821722233,
  "React-TodoMVC/DeletingAllItems/Sync": 45.14011228048413,
  "React-TodoMVC/DeletingAllItems/total": 48.409345978980525,
  "React-TodoMVC/total": 289.26346874355113,
  "Vanilla-ES2015-Babel-Webpack-TodoMVC/Adding100Items/Async": 34.13703492377314,
  "Vanilla-ES2015-Babel-Webpack-TodoMVC/Adding100Items/Sync": 294.9936197268477,
  "Vanilla-ES2015-Babel-Webpack-TodoMVC/Adding100Items/total": 329.13205058284166,
  "Vanilla-ES2015-Babel-Webpack-TodoMVC/CompletingAllItems/Async": 26.03075221910609,
  "Vanilla-ES2015-Babel-Webpack-TodoMVC/CompletingAllItems/Sync": 62.402937817701655,
  "Vanilla-ES2015-Babel-Webpack-TodoMVC/CompletingAllItems/total": 88.4427681691933,
  "Vanilla-ES2015-Babel-Webpack-TodoMVC/DeletingItems/Async": 2.716853476116283,
  "Vanilla-ES2015-Babel-Webpack-TodoMVC/DeletingItems/Sync": 39.487337814087994,
  "Vanilla-ES2015-Babel-Webpack-TodoMVC/DeletingItems/total": 42.207798526363334,
  "Vanilla-ES2015-Babel-Webpack-TodoMVC/total": 459.78855710665874,
  "Vanilla-ES2015-TodoMVC/Adding100Items/Async": 35.06699236999903,
  "Vanilla-ES2015-TodoMVC/Adding100Items/Sync": 303.1937327468242,
  "Vanilla-ES2015-TodoMVC/Adding100Items/total": 338.3922049605166,
  "Vanilla-ES2015-TodoMVC/CompletingAllItems/Async": 27.0248566544942,