{
  "browser-setup": 3.284945,
  "browser-tear_down": 0.274403,
  "probes-creation": 0.000202,
  "probes-setup": 0.000167,
  "probes-start": 7.9e-05,
  "run": 105.909828,
  "runner-cooldown": 2.002069
}