{
  "Angular2-TypeScript-TodoMVC/Adding100Items/Async": 30.498263982814056,
  "Angular2-TypeScript-TodoMVC/Adding100Items/Sync": 40.93133784945328,
  "Angular2-TypeScript-TodoMVC/Adding100Items/total": 71.4680822741593,
  "Angular2-TypeScript-TodoMVC/CompletingAllItems/Async": 12.531262234544922,
  "Angular2-TypeScript-TodoMVC/CompletingAllItems/Sync": 8.296471055946524,
  "Angular2-TypeScript-TodoMVC/CompletingAllItems/total": 20.83128239868839,
  "Angular2-TypeScript-TodoMVC/DeletingItems/Async": 2.408561415325651,
  "Angular2-TypeScript-TodoMVC/DeletingItems/Sync": 15.654834642650638,
  "Angular2-TypeScript-TodoMVC/DeletingItems/total": 18.065214061491528,
  "Angular2-TypeScript-TodoMVC/total": 110.3770477420839,
  "AngularJS-TodoMVC/Adding100Items/Async": 41.93265352338915,
  "AngularJS-TodoMVC/Adding100Items/Sync": 160.9240945673576,
  "AngularJS-TodoMVC/Adding100Items/total": 202.93111819286815,
  "AngularJS-TodoMVC/CompletingAllItems/Async": 21.85856521927299,
  "AngularJS-TodoMVC/CompletingAllItems/Sync": 53.319027455081354,
  "AngularJS-TodoMVC/CompletingAllItems/total": 75.30189468103832,
  "AngularJS-TodoMVC/DeletingAllItems/Async": 13.055001147180505,
  "AngularJS-TodoMVC/DeletingAllItems/Sync": 160.1608517440131,
  "AngularJS-TodoMVC/DeletingAllItems/total": 173.25090377201641,
  "AngularJS-TodoMVC/total": 452.7484084743105,
  "BackboneJS-TodoMVC/Adding100Items/Async": 35.86168212286064,
  "BackboneJS-TodoMVC/Adding100Items/Sync": 55.3252948288651,
  "BackboneJS-TodoMVC/Adding100Items/total": 91.205384732909,
  "BackboneJS-TodoMVC/CompletingAllItems/Async": 27.184660293962054,
  "BackboneJS-TodoMVC/CompletingAllItems/Sync": 37.53433409399681,
  "BackboneJS-TodoMVC/CompletingAllItems/total": 64.72182258236946,
  "BackboneJS-TodoMVC/DeletingAllItems/Async": 3.395920481710272,
  "BackboneJS-TodoMVC/DeletingAllItems/Sync": 25.5437433012319,
  "BackboneJS-TodoMVC/DeletingAllItems/total": 28.955540199975566,
  "BackboneJS-TodoMVC/total": 184.90538550164538,
  "Elm-TodoMVC/Adding100Items/Async": 45.955142845194004,
  "Elm-TodoMVC/Adding100Items/Sync": 99.90794366552623,
  "Elm-TodoMVC/Adding100Items/total": 147.32511575144719,
  "Elm-TodoMVC/CompletingAllItems/Async": 29.23835314704056,
  "Elm-TodoMVC/CompletingAllItems/Sync": 80.36998762943978,
  "Elm-TodoMVC/CompletingAllItems/total": 109.66736849544657,
  "Elm-TodoMVC/DeletingItems/Async": 10.055263292336695,
  "Elm-TodoMVC/DeletingItems/Sync": 108.66266501499835,
  "Elm-TodoMVC/DeletingItems/total": 120.36679733041336,
  "Elm-TodoMVC/total": 383.981105233847,
  "EmberJS-Debug-TodoMVC/Adding100Items/Async": 38.179292948517634,
  "EmberJS-Debug-TodoMVC/Adding100Items/Sync": 405.643302521269,
  "EmberJS-Debug-TodoMVC/Adding100Items/total": 443.8699084458377,
  "EmberJS-Debug-TodoMVC/CompletingAllItems/Async": 26.508007293880475,
  "EmberJS-Debug-TodoMVC/CompletingAllItems/Sync": 291.4771493432273,
  "EmberJS-Debug-TodoMVC/CompletingAllItems/total": 318.03323853318307,
  "EmberJS-Debug-TodoMVC/DeletingItems/Async": 5.998755744301568,
  "EmberJS-Debug-TodoMVC/DeletingItems/Sync": 295.9595269710847,
  "EmberJS-Debug-TodoMVC/DeletingItems/total": 302.9187059423281,
  "EmberJS-Debug-TodoMVC/total": 1071.8644743820473,
  "EmberJS-TodoMVC/Adding100Items/Async": 32.72728423067137,
  "EmberJS-TodoMVC/Adding100Items/Sync": 139.49512256521587,
  "EmberJS-TodoMVC/Adding100Items/total": 172.27673757097793,
  "EmberJS-TodoMVC/CompletingAllItems/Async": 25.04797406433723,
  "EmberJS-TodoMVC/CompletingAllItems/Sync": 93.0987700962894,
  "EmberJS-TodoMVC/CompletingAllItems/total": 118.1571975723235,
  "EmberJS-TodoMVC/DeletingItems/Async": 2.807428361385851,
  "EmberJS-TodoMVC/DeletingItems/Sync": 61.63085924530488,
  "EmberJS-TodoMVC/DeletingItems/total": 64.44164674462887,
  "EmberJS-TodoMVC/total": 354.96579847230237,
  "Flight-TodoMVC/Adding100Items/Async": 31.67826852718805,
  "Flight-TodoMVC/Adding100Items/Sync": 77.80851414819303,
  "Flight-TodoMVC/Adding100Items/total": 109.49459431179346,
  "Flight-TodoMVC/CompletingAllItems/Async": 25.209165143316632,
  "Flight-TodoMVC/CompletingAllItems/Sync": 85.68944082934989,
  "Flight-TodoMVC/CompletingAllItems/total": 111.08052310523445,
  "Flight-TodoMVC/DeletingItems/Async": 2.7384624959987898,
  "Flight-TodoMVC/DeletingItems/Sync": 68.92877073288969,
  "Flight-TodoMVC/DeletingItems/total": 71.66942872323528,
  "Flight-TodoMVC/total": 292.29473407122293,
  "Inferno-TodoMVC/Adding100Items/Async": 36.647486368534985,
  "Inferno-TodoMVC/Adding100Items/Sync": 42.49804736068116,
  "Inferno-TodoMVC/Adding100Items/total": 79.2806391343232,
  "Inferno-TodoMVC/CompletingAllItems/Async": 6.417389659932903,
  "Inferno-TodoMVC/CompletingAllItems/Sync": 84.31180247070846,
  "Inferno-TodoMVC/CompletingAllItems/total": 90.86086071236575,
  "Inferno-TodoMVC/DeletingItems/Async": 2.73883852218849,
  "Inferno-TodoMVC/DeletingItems/Sync": 197.1484800581449,
  "Inferno-TodoMVC/DeletingItems/total": 199.88902650183422,
  "Inferno-TodoMVC/total": 370.1088036370054,
  "Preact-TodoMVC/Adding100Items/Async": 36.56413264617597,
  "Preact-TodoMVC/Adding100Items/Sync": 4.852602836674011,
  "Preact-TodoMVC/Adding100Items/total": 41.429758392509726,
  "Preact-TodoMVC/CompletingAllItems/Async": 17.164228916647357,
  "Preact-TodoMVC/CompletingAllItems/Sync": 2.9532476239086356,
  "Preact-TodoMVC/CompletingAllItems/total": 20.17102371650615,
  "Preact-TodoMVC/DeletingItems/Async": 4.3996649111984345,
  "Preact-TodoMVC/DeletingItems/Sync": 1.5144771680091316,
  "Preact-TodoMVC/DeletingItems/total": 5.937187044844853,
  "Preact-TodoMVC/total": 67.87182890083741,
  "React-Redux-TodoMVC/Adding100Items/Async": 34.06461264574336,
  "React-Redux-TodoMVC/Adding100Items/Sync": 131.19845410741172,
  "React-Redux-TodoMVC/Adding100Items/total": 165.36342732288927,
  "React-Redux-TodoMVC/CompletingAllItems/Async": 25.881093497680794,
  "React-Redux-TodoMVC/CompletingAllItems/Sync": 141.54965722129597,
  "React-Redux-TodoMVC/CompletingAllItems/total": 167.66356276611532,
  "React-Redux-TodoMVC/DeletingItems/Async": 4.38178064435999,
  "React-Redux-TodoMVC/DeletingItems/Sync": 94.49804521076739,
  "React-Redux-TodoMVC/DeletingItems/total": 99.52257796842824,
  "React-Redux-TodoMVC/total": 437.6844586971745,
  "React-TodoMVC/Adding100Items/Async": 34.48279074623729,
  "React-TodoMVC/Adding100Items/Sync": 114.04930880724912,
  "React-TodoMVC/Adding100Items/total": 148.86427545933967,
  "React-TodoMVC/CompletingAllItems/Async": 26.25635550011317,
  "React-TodoMVC/CompletingAllItems/Sync": 71.33426548299883,
  "React-TodoMVC/CompletingAllItems/total": 98.22521320534284,
  "React-TodoMVC/DeletingAllItems/Async": 3.3431959260629998,
  "React-TodoMVC/DeletingAllItems/Sync": 45.77867765150848,
  "React-TodoMVC/DeletingAllItems/total": 49.53809508824857,
  "React-TodoMVC/total": 300.14295377006357,
  "Vanilla-ES2015-Babel-Webpack-TodoMVC/Adding100Items/Async": 33.75085615942198,
  "Vanilla-ES2015-Babel-Webpack-TodoMVC/Adding100Items/Sync": 291.5127075695881,
  "Vanilla-ES2015-Babel-Webpack-TodoMVC/Adding100Items/total": 325.29621339822154,
  "Vanilla-ES2015-Babel-Webpack-TodoMVC/CompletingAllItems/Async": 23.819843105567205,
  "Vanilla-ES2015-Babel-Webpack-TodoMVC/CompletingAllItems/Sync": 63.78341686977316,
  "Vanilla-ES2015-Babel-Webpack-TodoMVC/CompletingAllItems/total": 87.6097162903357,
  "Vanilla-ES2015-Babel-Webpack-TodoMVC/DeletingItems/Async": 2.7256261118448126,
  "Vanilla-ES2015-Babel-Webpack-TodoMVC/DeletingItems/Sync": 39.840122476125416,
  "Vanilla-ES2015-Babel-Webpack-TodoMVC/DeletingItems/total": 42.56993062207885,
  "Vanilla-ES2015-Babel-Webpack-TodoMVC/total": 455.4879325544235,
  "Vanilla-ES2015-TodoMVC/Adding100Items/Async": 33.30377047841,
  "Vanilla-ES2015-TodoMVC/Adding100Items/Sync": 297.0015026390632,
  "Vanilla-ES2015-TodoMVC/Adding100Items/total": 330.32351353258366,
  "Vanilla-ES2015-TodoMVC/CompletingAllItems/Async": 25.594089051008783,