{
  "browser-setup": 3.293783,
  "browser-tear_down": 0.278667,
  "probes-creation": 0.000207,
  "probes-setup": 0.000166,
  "probes-start": 7.9e-05,
  "run": 108.706147,
  "runner-cooldown": 2.002067
}