{
  "Angular2-TypeScript-TodoMVC/Adding100Items/Async": 31.916567162104748,
  "Angular2-TypeScript-TodoMVC/Adding100Items/Sync": 47.273731150763965,
  "Angular2-TypeScript-TodoMVC/Adding100Items/total": 79.74354401567138,
  "Angular2-TypeScript-TodoMVC/CompletingAllItems/Async": 13.546771243587132,
  "Angular2-TypeScript-TodoMVC/CompletingAllItems/Sync": 8.357233475550917,
  "Angular2-TypeScript-TodoMVC/CompletingAllItems/total": 21.957048114281026,
  "Angular2-TypeScript-TodoMVC/DeletingItems/Async": 2.544125088671349,
  "Angular2-TypeScript-TodoMVC/DeletingItems/Sync": 16.211562165909832,
  "Angular2-TypeScript-TodoMVC/DeletingItems/total": 18.759284142470214,
  "Angular2-TypeScript-TodoMVC/total": 120.98064524594938,
  "AngularJS-TodoMVC/Adding100Items/Async": 40.22728211201081,
  "AngularJS-TodoMVC/Adding100Items/Sync": 152.7551616524741,
  "AngularJS-TodoMVC/Adding100Items/total": 192.9945144276657,
  "AngularJS-TodoMVC/CompletingAllItems/Async": 24.993311642480656,
  "AngularJS-TodoMVC/CompletingAllItems/Sync": 61.19975973303088,
  "AngularJS-TodoMVC/CompletingAllItems/total": 86.59439098452064,
  "AngularJS-TodoMVC/DeletingAllItems/Async": 15.05424148295981,
  "AngularJS-TodoMVC/DeletingAllItems/Sync": 163.97819591588498,
  "AngularJS-TodoMVC/DeletingAllItems/total": 179.1723836748121,
  "AngularJS-TodoMVC/total": 462.37200490624326,
  "BackboneJS-TodoMVC/Adding100Items/Async": 36.244353653059946,
  "BackboneJS-TodoMVC/Adding100Items/Sync": 55.71920328880022,
  "BackboneJS-TodoMVC/Adding100Items/total": 91.98235743846809,
  "BackboneJS-TodoMVC/CompletingAllItems/Async": 27.558474925245307,
  "BackboneJS-TodoMVC/CompletingAllItems/Sync": 37.870931712888755,
  "BackboneJS-TodoMVC/CompletingAllItems/total": 65.43298853792555,
  "BackboneJS-TodoMVC/DeletingAllItems/Async": 3.3501910274081435,
  "BackboneJS-TodoMVC/DeletingAllItems/Sync": 25.697703160415344,
  "BackboneJS-TodoMVC/DeletingAllItems/total": 29.06256215575628,
  "BackboneJS-TodoMVC/total": 186.4958555288856,
  "Elm-TodoMVC/Adding100Items/Async": 46.79386401761446,
  "Elm-TodoMVC/Adding100Items/Sync": 94.78938103258949,
  "Elm-TodoMVC/Adding100Items/total": 142.56113120735972,
  "Elm-TodoMVC/CompletingAllItems/Async": 30.41856186807414,
  "Elm-TodoMVC/CompletingAllItems/Sync": 83.45865625126784,
  "Elm-TodoMVC/CompletingAllItems/total": 113.99652540994487,
  "Elm-TodoMVC/DeletingItems/Async": 8.446326142163542,
  "Elm-TodoMVC/DeletingItems/Sync": 104.92441723197473,
  "Elm-TodoMVC/DeletingItems/total": 113.54933582898732,
  "Elm-TodoMVC/total": 375.3551466299708,
  "EmberJS-Debug-TodoMVC/Adding100Items/Async": 38.62049008155265,
  "EmberJS-Debug-TodoMVC/Adding100Items/Sync": 407.4319937366412,
  "EmberJS-Debug-TodoMVC/Adding100Items/total": 446.0702462819005,
  "EmberJS-Debug-TodoMVC/CompletingAllItems/Async": 26.828516143977275,
  "EmberJS-Debug-TodoMVC/CompletingAllItems/Sync": 284.90243871546437,
  "EmberJS-Debug-TodoMVC/CompletingAllItems/total": 311.9311877143623,
  "EmberJS-Debug-TodoMVC/DeletingItems/Async": 6.438996569021847,
  "EmberJS-Debug-TodoMVC/DeletingItems/Sync": 295.43409574612946,
  "EmberJS-Debug-TodoMVC/DeletingItems/total": 303.879658298147,
  "EmberJS-Debug-TodoMVC/total": 1066.642046791693,
  "EmberJS-TodoMVC/Adding100Items/Async": 33.58451475872571,
  "EmberJS-TodoMVC/Adding100Items/Sync": 140.64485875876588,
  "EmberJS-TodoMVC/Adding100Items/total": 174.2763027322146,
  "EmberJS-TodoMVC/CompletingAllItems/Async": 25.52982619416975,
  "EmberJS-TodoMVC/CompletingAllItems/Sync": 95.04051118948165,
  "EmberJS-TodoMVC/CompletingAllItems/total": 120.5851610237616,
  "EmberJS-TodoMVC/DeletingItems/Async": 2.8491976937780747,
  "EmberJS-TodoMVC/DeletingItems/Sync": 62.328410381143904,
  "EmberJS-TodoMVC/DeletingItems/total": 65.17888713655562,
  "EmberJS-TodoMVC/total": 360.3159195628074,
  "Flight-TodoMVC/Adding100Items/Async": 32.608950377979944,
  "Flight-TodoMVC/Adding100Items/Sync": 79.1729898694623,
  "Flight-TodoMVC/Adding100Items/total": 111.78747436377257,
  "Flight-TodoMVC/CompletingAllItems/Async": 24.836930729348456,
  "Flight-TodoMVC/CompletingAllItems/Sync": 87.09028117067376,
  "Flight-TodoMVC/CompletingAllItems/total": 111.93531589192366,
  "Flight-TodoMVC/DeletingItems/Async": 3.2953674751492006,
  "Flight-TodoMVC/DeletingItems/Sync": 69.66238599278728,
  "Flight-TodoMVC/DeletingItems/total": 73.5851586804777,
  "Flight-TodoMVC/total": 297.3802321220917,
  "Inferno-TodoMVC/Adding100Items/Async": 37.79516480266841,
  "Inferno-TodoMVC/Adding100Items/Sync": 43.35969414720015,
  "Inferno-TodoMVC/Adding100Items/total": 81.24887839077917,
  "Inferno-TodoMVC/CompletingAllItems/Async": 6.960196258305539,
  "Inferno-TodoMVC/CompletingAllItems/Sync": 93.34945863075966,
  "Inferno-TodoMVC/CompletingAllItems/total": 100.32439957856144,
  "Inferno-TodoMVC/DeletingItems/Async": 3.2312235917069976,
  "Inferno-TodoMVC/DeletingItems/Sync": 204.7052914460004,
  "Inferno-TodoMVC/DeletingItems/total": 208.20033068652884,
  "Inferno-TodoMVC/total": 392.9121709930123,
  "Preact-TodoMVC/Adding100Items/Async": 36.62493672149736,
  "Preact-TodoMVC/Adding100Items/Sync": 4.947543030953187,
  "Preact-TodoMVC/Adding100Items/total": 41.579473611825954,
  "Preact-TodoMVC/CompletingAllItems/Async": 16.125043433646862,
  "Preact-TodoMVC/CompletingAllItems/Sync": 2.945748230683534,
  "Preact-TodoMVC/CompletingAllItems/total": 19.084343093357543,
  "Preact-TodoMVC/DeletingItems/Async": 4.30398097692513,
  "Preact-TodoMVC/DeletingItems/Sync": 1.6188776459254433,
  "Preact-TodoMVC/DeletingItems/total": 5.943783946171132,
  "Preact-TodoMVC/total": 66.64571526785457,
  "React-Redux-TodoMVC/Adding100Items/Async": 34.30413615588257,
  "React-Redux-TodoMVC/Adding100Items/Sync": 129.66187164935246,
  "React-Redux-TodoMVC/Adding100Items/total": 164.0131294327386,
  "React-Redux-TodoMVC/CompletingAllItems/Async": 27.05479945814601,
  "React-Redux-TodoMVC/CompletingAllItems/Sync": 163.6693839786061,
  "React-Redux-TodoMVC/CompletingAllItems/total": 191.230044505717,
  "React-Redux-TodoMVC/DeletingItems/Async": 6.6883926666059725,
  "React-Redux-TodoMVC/DeletingItems/Sync": 100.6049343027101,
  "React-Redux-TodoMVC/DeletingItems/total": 108.50214764720877,
  "React-Redux-TodoMVC/total": 472.39113274333477,
  "React-TodoMVC/Adding100Items/Async": 35.402302114793976,
  "React-TodoMVC/Adding100Items/Sync": 114.51268731557391,
  "React-TodoMVC/Adding100Items/total": 150.29948498447118,
  "React-TodoMVC/CompletingAllItems/Async": 28.673600544514468,
  "React-TodoMVC/CompletingAllItems/Sync": 71.6025255793204,
  "React-TodoMVC/CompletingAllItems/total": 101.12149770356542,
  "React-TodoMVC/DeletingAllItems/Async": 3.557708553477353,
  "React-TodoMVC/DeletingAllItems/Sync": 46.36848172116764,
  "React-TodoMVC/DeletingAllItems/total": 50.25266675239843,
  "React-TodoMVC/total": 305.4533608792028,
  "Vanilla-ES2015-Babel-Webpack-TodoMVC/Adding100Items/Async": 34.63651725441033,
  "Vanilla-ES2015-Babel-Webpack-TodoMVC/Adding100Items/Sync": 306.70038471607967,
  "Vanilla-ES2015-Babel-Webpack-TodoMVC/Adding100Items/total": 341.4077906547727,
  "Vanilla-ES2015-Babel-Webpack-TodoMVC/CompletingAllItems/Async": 26.835364627416936,
  "Vanilla-ES2015-Babel-Webpack-TodoMVC/CompletingAllItems/Sync": 64.79707548176114,
  "Vanilla-ES2015-Babel-Webpack-TodoMVC/CompletingAllItems/total": 91.66127957674203,
  "Vanilla-ES2015-Babel-Webpack-TodoMVC/DeletingItems/Async": 3.2809020147833396,
  "Vanilla-ES2015-Babel-Webpack-TodoMVC/DeletingItems/Sync": 40.592617661484226,
  "Vanilla-ES2015-Babel-Webpack-TodoMVC/DeletingItems/total": 44.17682448093323,
  "Vanilla-ES2015-Babel-Webpack-TodoMVC/total": 477.4829550459286,
  "Vanilla-ES2015-TodoMVC/Adding100Items/Async": 34.49269641833172,
  "Vanilla-ES2015-TodoMVC/Adding100Items/Sync": 308.29678499352366,
  "Vanilla-ES2015-TodoMVC/Adding100Items/total": 342.97037099257324,
  "Vanilla-ES2015-TodoMVC/CompletingAllItems/Async": 26.303245396732944,