{
  "browser-setup": 3.315243,
  "browser-tear_down": 0.300229,
  "probes-creation": 0.000198,
  "probes-setup": 0.000169,
  "probes-start": 7.8e-05,
  "run": 109.32898,
  "runner-cooldown": 2.00057
}