{
  "Angular2-TypeScript-TodoMVC/Adding100Items/Async": 31.277454262227952,
  "Angular2-TypeScript-TodoMVC/Adding100Items/Sync": 41.81552656113919,
  "Angular2-TypeScript-TodoMVC/Adding100Items/total": 73.13093547509479,
  "Angular2-TypeScript-TodoMVC/CompletingAllItems/Async": 12.666150178473714,
  "Angular2-TypeScript-TodoMVC/CompletingAllItems/Sync": 8.504118234269232,
  "Angular2-TypeScript-TodoMVC/CompletingAllItems/total": 21.172637605733136,
  "Angular2-TypeScript-TodoMVC/DeletingItems/Async": 2.6077992160767023,
  "Angular2-TypeScript-TodoMVC/DeletingItems/Sync": 16.29310065293178,
  "Angular2-TypeScript-TodoMVC/DeletingItems/total": 18.90331282881163,
  "Angular2-TypeScript-TodoMVC/total": 113.23065318037837,
  "AngularJS-TodoMVC/Adding100Items/Async": 39.79620921292018,
  "AngularJS-TodoMVC/Adding100Items/Sync": 153.83119885859625,
  "AngularJS-TodoMVC/Adding100Items/total": 193.66094329971503,
  "AngularJS-TodoMVC/CompletingAllItems/Async": 24.826723826134533,
  "AngularJS-TodoMVC/CompletingAllItems/Sync": 72.49431433824095,
  "AngularJS-TodoMVC/CompletingAllItems/total": 98.86650545628333,
  "AngularJS-TodoMVC/DeletingAllItems/Async": 16.127500013238787,
  "AngularJS-TodoMVC/DeletingAllItems/Sync": 181.1990059069992,
  "AngularJS-TodoMVC/DeletingAllItems/total": 197.6290094407085,
  "AngularJS-TodoMVC/total": 501.9042285276227,
  "BackboneJS-TodoMVC/Adding100Items/Async": 35.966039401593,
  "BackboneJS-TodoMVC/Adding100Items/Sync": 54.68013327465535,
  "BackboneJS-TodoMVC/Adding100Items/total": 90.66995157220171,
  "BackboneJS-TodoMVC/CompletingAllItems/Async": 27.3461606471116,
  "BackboneJS-TodoMVC/CompletingAllItems/Sync": 38.022564797005025,
  "BackboneJS-TodoMVC/CompletingAllItems/total": 65.37660952483581,
  "BackboneJS-TodoMVC/DeletingAllItems/Async": 3.2308148377484325,
  "BackboneJS-TodoMVC/DeletingAllItems/Sync": 25.7032363732516,
  "BackboneJS-TodoMVC/DeletingAllItems/total": 28.944413689836455,
  "BackboneJS-TodoMVC/total": 185.0055684499893,
  "Elm-TodoMVC/Adding100Items/Async": 46.486937647775775,
  "Elm-TodoMVC/Adding100Items/Sync": 86.99106870049529,
  "Elm-TodoMVC/Adding100Items/total": 133.53007900842712,
  "Elm-TodoMVC/CompletingAllItems/Async": 29.65764941191195,
  "Elm-TodoMVC/CompletingAllItems/Sync": 91.63589764627622,
  "Elm-TodoMVC/CompletingAllItems/total": 121.99268278109557,
  "Elm-TodoMVC/DeletingItems/Async": 8.780355786688718,
  "Elm-TodoMVC/DeletingItems/Sync": 102.64270274560496,
  "Elm-TodoMVC/DeletingItems/total": 112.4977090193861,
  "Elm-TodoMVC/total": 371.8944765934855,
  "EmberJS-Debug-TodoMVC/Adding100Items/Async": 38.63788189938615,
  "EmberJS-Debug-TodoMVC/Adding100Items/Sync": 392.7134953366592,
  "EmberJS-Debug-TodoMVC/Adding100Items/total": 431.4279287026428,
  "EmberJS-Debug-TodoMVC/CompletingAllItems/Async": 25.438566054771137,
  "EmberJS-Debug-TodoMVC/CompletingAllItems/Sync": 273.97918508574594,
  "EmberJS-Debug-TodoMVC/CompletingAllItems/total": 299.5185868295092,
  "EmberJS-Debug-TodoMVC/DeletingItems/Async": 7.6514768702423215,
  "EmberJS-Debug-TodoMVC/DeletingItems/Sync": 284.0598651542631,
  "EmberJS-Debug-TodoMVC/DeletingItems/total": 301.63019731391336,
  "EmberJS-Debug-TodoMVC/total": 1038.7955471838193,
  "EmberJS-TodoMVC/Adding100Items/Async": 33.384134932318304,
  "EmberJS-TodoMVC/Adding100Items/Sync": 139.17662156974848,
  "EmberJS-TodoMVC/Adding100Items/total": 172.62287901722488,
  "EmberJS-TodoMVC/CompletingAllItems/Async": 25.39616339808476,
  "EmberJS-TodoMVC/CompletingAllItems/Sync": 92.71891427276083,
  "EmberJS-TodoMVC/CompletingAllItems/total": 118.12208020106497,
  "EmberJS-TodoMVC/DeletingItems/Async": 2.81683713554907,
  "EmberJS-TodoMVC/DeletingItems/Sync": 62.41356052908778,
  "EmberJS-TodoMVC/DeletingItems/total": 65.23350913903795,
  "EmberJS-TodoMVC/total": 356.09847140071014,
  "Flight-TodoMVC/Adding100Items/Async": 32.27534841913534,
  "Flight-TodoMVC/Adding100Items/Sync": 77.90757617797898,
  "Flight-TodoMVC/Adding100Items/total": 110.19240385827636,
  "Flight-TodoMVC/CompletingAllItems/Async": 24.624686124503455,
  "Flight-TodoMVC/CompletingAllItems/Sync": 84.8478068464999,
  "Flight-TodoMVC/CompletingAllItems/total": 109.48548355182497,
  "Flight-TodoMVC/DeletingItems/Async": 2.83546459602538,
  "Flight-TodoMVC/DeletingItems/Sync": 68.89212681987283,
  "Flight-TodoMVC/DeletingItems/total": 71.73256120702167,
  "Flight-TodoMVC/total": 291.4165445159081,
  "Inferno-TodoMVC/Adding100Items/Async": 37.108907875117914,
  "Inferno-TodoMVC/Adding100Items/Sync": 41.801781494394646,
  "Inferno-TodoMVC/Adding100Items/total": 79.003649172061,
  "Inferno-TodoMVC/CompletingAllItems/Async": 6.175293398500578,
  "Inferno-TodoMVC/CompletingAllItems/Sync": 83.88469263697682,
  "Inferno-TodoMVC/CompletingAllItems/total": 90.06624261193063,
  "Inferno-TodoMVC/DeletingItems/Async": 3.2314957700695257,
  "Inferno-TodoMVC/DeletingItems/Sync": 213.33272315059418,
  "Inferno-TodoMVC/DeletingItems/total": 216.61889764488683,
  "Inferno-TodoMVC/total": 387.2710709674364,
  "Preact-TodoMVC/Adding100Items/Async": 36.32340391885203,
  "Preact-TodoMVC/Adding100Items/Sync": 4.893229863259494,
  "Preact-TodoMVC/Adding100Items/total": 41.22067877283377,
  "Preact-TodoMVC/CompletingAllItems/Async": 15.990596451277383,
  "Preact-TodoMVC/CompletingAllItems/Sync": 2.9585406884700376,
  "Preact-TodoMVC/CompletingAllItems/total": 18.954819131505978,
  "Preact-TodoMVC/DeletingItems/Async": 4.204635306540607,
  "Preact-TodoMVC/DeletingItems/Sync": 1.56706262560936,
  "Preact-TodoMVC/DeletingItems/total": 5.777823460345657,
  "Preact-TodoMVC/total": 65.96640971401138,
  "React-Redux-TodoMVC/Adding100Items/Async": 35.30327640397866,
  "React-Redux-TodoMVC/Adding100Items/Sync": 132.10511662165217,
  "React-Redux-TodoMVC/Adding100Items/total": 167.61385203533973,
  "React-Redux-TodoMVC/CompletingAllItems/Async": 25.909543759169345,
  "React-Redux-TodoMVC/CompletingAllItems/Sync": 134.44912703671042,
  "React-Redux-TodoMVC/CompletingAllItems/total": 160.4551554127868,
  "React-Redux-TodoMVC/DeletingItems/Async": 3.813997814639689,
  "React-Redux-TodoMVC/DeletingItems/Sync": 87.6226934654318,
  "React-Redux-TodoMVC/DeletingItems/total": 91.76939292981517,
  "React-Redux-TodoMVC/total": 419.87676667779203,
  "React-TodoMVC/Adding100Items/Async": 35.52185880989207,
  "React-TodoMVC/Adding100Items/Sync": 107.05340594450196,
  "React-TodoMVC/Adding100Items/total": 142.63560287454308,
  "React-TodoMVC/CompletingAllItems/Async": 27.868228000865678,
  "React-TodoMVC/CompletingAllItems/Sync": 81.91037583450516,
  "React-TodoMVC/CompletingAllItems/total": 111.23177403576842,
  "React-TodoMVC/DeletingAllItems/Async": 4.460708480890909,
  "React-TodoMVC/DeletingAllItems/Sync": 54.801654619147676,
  "React-TodoMVC/DeletingAllItems/total": 60.29338070748521,
  "React-TodoMVC/total": 327.94543332567844,
  "Vanilla-ES2015-Babel-Webpack-TodoMVC/Adding100Items/Async": 35.563180739294566,
  "Vanilla-ES2015-Babel-Webpack-TodoMVC/Adding100Items/Sync": 311.385830642431,
  "Vanilla-ES2015-Babel-Webpack-TodoMVC/Adding100Items/total": 347.14676163136136,
  "Vanilla-ES2015-Babel-Webpack-TodoMVC/CompletingAllItems/Async": 27.129464494967028,
  "Vanilla-ES2015-Babel-Webpack-TodoMVC/CompletingAllItems/Sync": 72.41927529207194,
  "Vanilla-ES2015-Babel-Webpack-TodoMVC/CompletingAllItems/total": 100.49208600802973,
  "Vanilla-ES2015-Babel-Webpack-TodoMVC/DeletingItems/Async": 3.6071038439380394,
  "Vanilla-ES2015-Babel-Webpack-TodoMVC/DeletingItems/Sync": 40.23330553122505,
  "Vanilla-ES2015-Babel-Webpack-TodoMVC/DeletingItems/total": 44.302631150436085,
  "Vanilla-ES2015-Babel-Webpack-TodoMVC/total": 498.41546369441147,
  "Vanilla-ES2015-TodoMVC/Adding100Items/Async": 34.526572459920445,
  "Vanilla-ES2015-TodoMVC/Adding100Items/Sync": 316.73816814634824,
  "Vanilla-ES2015-TodoMVC/Adding100Items/total": 351.37879434795855,
  "Vanilla-ES2015-TodoMVC/CompletingAllItems/Async": 26.46614639059035,