{
  "browser-setup": 3.328862,
  "browser-tear_down": 0.274427,
  "probes-creation": 0.000217,
  "probes-setup": 0.000169,
  "probes-start": 7.9e-05,
  "run": 108.773954,
  "runner-cooldown": 2.002087
}