{
  "Angular2-TypeScript-TodoMVC/Adding100Items/Async": 30.696019735182958,
  "Angular2-TypeScript-TodoMVC/Adding100Items/Sync": 41.84115016688971,
  "Angular2-TypeScript-TodoMVC/Adding100Items/total": 72.5773312633707,
  "Angular2-TypeScript-TodoMVC/CompletingAllItems/Async": 13.33620374497295,
  "Angular2-TypeScript-TodoMVC/CompletingAllItems/Sync": 8.59895334005649,
  "Angular2-TypeScript-TodoMVC/CompletingAllItems/total": 22.00562583168016,
  "Angular2-TypeScript-TodoMVC/DeletingItems/Async": 2.505086183704898,
  "Angular2-TypeScript-TodoMVC/DeletingItems/Sync": 15.897744426128881,
  "Angular2-TypeScript-TodoMVC/DeletingItems/total": 18.40841875035839,
  "Angular2-TypeScript-TodoMVC/total": 113.135373470062,
  "AngularJS-TodoMVC/Adding100Items/Async": 41.129294404769986,
  "AngularJS-TodoMVC/Adding100Items/Sync": 159.78599767794884,
  "AngularJS-TodoMVC/Adding100Items/total": 200.99962475929098,
  "AngularJS-TodoMVC/CompletingAllItems/Async": 24.009519423323272,
  "AngularJS-TodoMVC/CompletingAllItems/Sync": 53.50503085729565,
  "AngularJS-TodoMVC/CompletingAllItems/total": 77.61081601931149,
  "AngularJS-TodoMVC/DeletingAllItems/Async": 13.31503948155161,
  "AngularJS-TodoMVC/DeletingAllItems/Sync": 155.0523741776161,
  "AngularJS-TodoMVC/DeletingAllItems/total": 168.39061760444972,
  "AngularJS-TodoMVC/total": 447.80551835282716,
  "BackboneJS-TodoMVC/Adding100Items/Async": 36.15483255394277,
  "BackboneJS-TodoMVC/Adding100Items/Sync": 54.21315715333778,
  "BackboneJS-TodoMVC/Adding100Items/total": 90.38759614764376,
  "BackboneJS-TodoMVC/CompletingAllItems/Async": 26.978779210645076,
  "BackboneJS-TodoMVC/CompletingAllItems/Sync": 37.29435613887107,
  "BackboneJS-TodoMVC/CompletingAllItems/total": 64.27447268984861,
  "BackboneJS-TodoMVC/DeletingAllItems/Async": 3.4364208071143256,
  "BackboneJS-TodoMVC/DeletingAllItems/Sync": 25.354733075789,
  "BackboneJS-TodoMVC/DeletingAllItems/total": 28.812146236952042,
  "BackboneJS-TodoMVC/total": 183.50316585778123,
  "Elm-TodoMVC/Adding100Items/Async": 45.84282491963301,
  "Elm-TodoMVC/Adding100Items/Sync": 94.1746912104715,
  "Elm-TodoMVC/Adding100Items/total": 140.7568094586752,
  "Elm-TodoMVC/CompletingAllItems/Async": 30.610413203028504,
  "Elm-TodoMVC/CompletingAllItems/Sync": 99.41914724055913,
  "Elm-TodoMVC/CompletingAllItems/total": 130.83760863204526,
  "Elm-TodoMVC/DeletingItems/Async": 9.107620939651435,
  "Elm-TodoMVC/DeletingItems/Sync": 95.95655931292835,
  "Elm-TodoMVC/DeletingItems/total": 105.49687567662454,
  "Elm-TodoMVC/total": 383.3636264683395,
  "EmberJS-Debug-TodoMVC/Adding100Items/Async": 37.95296991341746,
  "EmberJS-Debug-TodoMVC/Adding100Items/Sync": 399.4949433718892,
  "EmberJS-Debug-TodoMVC/Adding100Items/total": 437.4611525618041,
  "EmberJS-Debug-TodoMVC/CompletingAllItems/Async": 26.600796685683346,
  "EmberJS-Debug-TodoMVC/CompletingAllItems/Sync": 278.2934342223527,
  "EmberJS-Debug-TodoMVC/CompletingAllItems/total": 304.97348335804725,
  "EmberJS-Debug-TodoMVC/DeletingItems/Async": 5.744627159436378,
  "EmberJS-Debug-TodoMVC/DeletingItems/Sync": 292.1442162129897,
  "EmberJS-Debug-TodoMVC/DeletingItems/total": 298.75859258712535,
  "EmberJS-Debug-TodoMVC/total": 1046.1160836640227,
  "EmberJS-TodoMVC/Adding100Items/Async": 33.99960304628811,
  "EmberJS-TodoMVC/Adding100Items/Sync": 146.85666202733827,
  "EmberJS-TodoMVC/Adding100Items/total": 181.12255269391898,
  "EmberJS-TodoMVC/CompletingAllItems/Async": 27.095347163144368,
  "EmberJS-TodoMVC/CompletingAllItems/Sync": 107.43412151085091,
  "EmberJS-TodoMVC/CompletingAllItems/total": 134.95829999301455,
  "EmberJS-TodoMVC/DeletingItems/Async": 3.991349674882084,
  "EmberJS-TodoMVC/DeletingItems/Sync": 63.03848097770347,
  "EmberJS-TodoMVC/DeletingItems/total": 67.59839460431044,
  "EmberJS-TodoMVC/total": 388.1288711286504,
  "Flight-TodoMVC/Adding100Items/Async": 31.913558446364718,
  "Flight-TodoMVC/Adding100Items/Sync": 76.70365993684531,
  "Flight-TodoMVC/Adding100Items/total": 108.62422160971292,
  "Flight-TodoMVC/CompletingAllItems/Async": 24.462844820817644,
  "Flight-TodoMVC/CompletingAllItems/Sync": 83.8850954808705,
  "Flight-TodoMVC/CompletingAllItems/total": 108.35285392745001,
  "Flight-TodoMVC/DeletingItems/Async": 2.7577997793923705,
  "Flight-TodoMVC/DeletingItems/Sync": 68.90813603312364,
  "Flight-TodoMVC/DeletingItems/total": 71.66749952133316,
  "Flight-TodoMVC/total": 288.6504120078366,
  "Inferno-TodoMVC/Adding100Items/Async": 37.615805095066385,
  "Inferno-TodoMVC/Adding100Items/Sync": 43.407491250560774,
  "Inferno-TodoMVC/Adding100Items/total": 81.14231680101216,
  "Inferno-TodoMVC/CompletingAllItems/Async": 6.580001254600016,
  "Inferno-TodoMVC/CompletingAllItems/Sync": 85.73164607954673,
  "Inferno-TodoMVC/CompletingAllItems/total": 92.43577597834167,
  "Inferno-TodoMVC/DeletingItems/Async": 3.25121972108101,
  "Inferno-TodoMVC/DeletingItems/Sync": 204.10351370620631,
  "Inferno-TodoMVC/DeletingItems/total": 207.8378503796065,
  "Inferno-TodoMVC/total": 381.49918908997313,
  "Preact-TodoMVC/Adding100Items/Async": 36.248799195851284,
  "Preact-TodoMVC/Adding100Items/Sync": 5.0018462047209535,
  "Preact-TodoMVC/Adding100Items/total": 41.25401874167933,
  "Preact-TodoMVC/CompletingAllItems/Async": 15.785862876503364,
  "Preact-TodoMVC/CompletingAllItems/Sync": 2.9283291280272765,
  "Preact-TodoMVC/CompletingAllItems/total": 18.721408803457997,
  "Preact-TodoMVC/DeletingItems/Async": 4.057504461823904,
  "Preact-TodoMVC/DeletingItems/Sync": 1.6094124949001625,
  "Preact-TodoMVC/DeletingItems/total": 5.6722099039564515,
  "Preact-TodoMVC/total": 65.65365043045081,
  "React-Redux-TodoMVC/Adding100Items/Async": 33.14928329464022,
  "React-Redux-TodoMVC/Adding100Items/Sync": 127.60936805159963,
  "React-Redux-TodoMVC/Adding100Items/total": 160.79282535177546,
  "React-Redux-TodoMVC/CompletingAllItems/Async": 26.09055471923541,
  "React-Redux-TodoMVC/CompletingAllItems/Sync": 139.77272801082242,
  "React-Redux-TodoMVC/CompletingAllItems/total": 166.2846081672152,
  "React-Redux-TodoMVC/DeletingItems/Async": 3.702464200887479,
  "React-Redux-TodoMVC/DeletingItems/Sync": 86.04356085664097,
  "React-Redux-TodoMVC/DeletingItems/total": 90.09246376469353,
  "React-Redux-TodoMVC/total": 418.84771373250766,
  "React-TodoMVC/Adding100Items/Async": 34.77336405027292,
  "React-TodoMVC/Adding100Items/Sync": 105.77885984252322,
  "React-TodoMVC/Adding100Items/total": 140.58193391201132,
  "React-TodoMVC/CompletingAllItems/Async": 26.216197345438438,
  "React-TodoMVC/CompletingAllItems/Sync": 70.36734597298667,
  "React-TodoMVC/CompletingAllItems/total": 97.17440924479224,
  "React-TodoMVC/DeletingAllItems/Async": 2.9129179796623244,
  "React-TodoMVC/DeletingAllItems/Sync": 45.628305665086366,
  "React-TodoMVC/DeletingAllItems/total": 48.72403715058393,
  "React-TodoMVC/total": 289.20877103307095,
  "Vanilla-ES2015-Babel-Webpack-TodoMVC/Adding100Items/Async": 34.46318454612777,
  "Vanilla-ES2015-Babel-Webpack-TodoMVC/Adding100Items/Sync": 300.6850047920485,
  "Vanilla-ES2015-Babel-Webpack-TodoMVC/Adding100Items/total": 335.18548276501315,
  "Vanilla-ES2015-Babel-Webpack-TodoMVC/CompletingAllItems/Async": 24.90538416854213,
  "Vanilla-ES2015-Babel-Webpack-TodoMVC/CompletingAllItems/Sync": 62.491381308874494,
  "Vanilla-ES2015-Babel-Webpack-TodoMVC/CompletingAllItems/total": 87.4166143679968,
  "Vanilla-ES2015-Babel-Webpack-TodoMVC/DeletingItems/Async": 3.6390023003845684,
  "Vanilla-ES2015-Babel-Webpack-TodoMVC/DeletingItems/Sync": 45.24893211953209,
  "Vanilla-ES2015-Babel-Webpack-TodoMVC/DeletingItems/total": 49.36884021986012,
  "Vanilla-ES2015-Babel-Webpack-TodoMVC/total": 476.5305742691555,
  "Vanilla-ES2015-TodoMVC/Adding100Items/Async": 33.82198845992969,
  "Vanilla-ES2015-TodoMVC/Adding100Items/Sync": 295.5768669425337,
  "Vanilla-ES2015-TodoMVC/Adding100Items/total": 329.4442111458944,
  "Vanilla-ES2015-TodoMVC/CompletingAllItems/Async": 26.014057553186316,