{
  "browser-setup": 3.297402,
  "browser-tear_down": 0.297987,
  "probes-creation": 0.000195,
  "probes-setup": 0.000166,
  "probes-start": 7.9e-05,
  "run": 108.601006,
  "runner-cooldown": 2.002067
}