{
  "Angular2-TypeScript-TodoMVC/Adding100Items/Async": 32.81719061512078,
  "Angular2-TypeScript-TodoMVC/Adding100Items/Sync": 42.62718756150087,
  "Angular2-TypeScript-TodoMVC/Adding100Items/total": 75.62232460154723,
  "Angular2-TypeScript-TodoMVC/CompletingAllItems/Async": 12.930676442591029,
  "Angular2-TypeScript-TodoMVC/CompletingAllItems/Sync": 8.648178248524784,
  "Angular2-TypeScript-TodoMVC/CompletingAllItems/total": 21.587691575175747,
  "Angular2-TypeScript-TodoMVC/DeletingItems/Async": 2.873925973373733,
  "Angular2-TypeScript-TodoMVC/DeletingItems/Sync": 17.148310468039238,
  "Angular2-TypeScript-TodoMVC/DeletingItems/total": 20.024734787162163,
  "Angular2-TypeScript-TodoMVC/total": 117.33322682312496,
  "AngularJS-TodoMVC/Adding100Items/Async": 41.047131032671615,
  "AngularJS-TodoMVC/Adding100Items/Sync": 152.8221952293178,
  "AngularJS-TodoMVC/Adding100Items/total": 193.8864163419178,
  "AngularJS-TodoMVC/CompletingAllItems/Async": 23.769340212157672,
  "AngularJS-TodoMVC/CompletingAllItems/Sync": 53.96689527647364,
  "AngularJS-TodoMVC/CompletingAllItems/total": 77.86700916298332,
  "AngularJS-TodoMVC/DeletingAllItems/Async": 16.06072517924404,
  "AngularJS-TodoMVC/DeletingAllItems/Sync": 178.88758621839307,
  "AngularJS-TodoMVC/DeletingAllItems/total": 195.05832427201847,
  "AngularJS-TodoMVC/total": 470.25439562002066,
  "BackboneJS-TodoMVC/Adding100Items/Async": 36.44496534818596,
  "BackboneJS-TodoMVC/Adding100Items/Sync": 54.86298251246178,
  "BackboneJS-TodoMVC/Adding100Items/total": 91.32823490756084,
  "BackboneJS-TodoMVC/CompletingAllItems/Async": 27.497708845947404,
  "BackboneJS-TodoMVC/CompletingAllItems/Sync": 37.987114478878695,
  "BackboneJS-TodoMVC/CompletingAllItems/total": 65.48653931150177,
  "BackboneJS-TodoMVC/DeletingAllItems/Async": 3.173527980246679,
  "BackboneJS-TodoMVC/DeletingAllItems/Sync": 25.95480358808081,
  "BackboneJS-TodoMVC/DeletingAllItems/total": 29.13284247494036,
  "BackboneJS-TodoMVC/total": 185.97008565550036,
  "Elm-TodoMVC/Adding100Items/Async": 46.78961218218681,
  "Elm-TodoMVC/Adding100Items/Sync": 94.38407756357886,
  "Elm-TodoMVC/Adding100Items/total": 142.08784000064728,
  "Elm-TodoMVC/CompletingAllItems/Async": 30.329560066178356,
  "Elm-TodoMVC/CompletingAllItems/Sync": 94.33912859761863,
  "Elm-TodoMVC/CompletingAllItems/total": 125.31229430203702,
  "Elm-TodoMVC/DeletingItems/Async": 9.254818602429037,
  "Elm-TodoMVC/DeletingItems/Sync": 110.42143882478938,
  "Elm-TodoMVC/DeletingItems/total": 120.0379890318185,
  "Elm-TodoMVC/total": 397.4577645733925,
  "EmberJS-Debug-TodoMVC/Adding100Items/Async": 38.48502240969791,
  "EmberJS-Debug-TodoMVC/Adding100Items/Sync": 397.31659849128704,
  "EmberJS-Debug-TodoMVC/Adding100Items/total": 435.8428418390311,
  "EmberJS-Debug-TodoMVC/CompletingAllItems/Async": 26.57656557898593,
  "EmberJS-Debug-TodoMVC/CompletingAllItems/Sync": 288.7475174927833,
  "EmberJS-Debug-TodoMVC/CompletingAllItems/total": 315.54988676633764,
  "EmberJS-Debug-TodoMVC/DeletingItems/Async": 5.8819065940400135,
  "EmberJS-Debug-TodoMVC/DeletingItems/Sync": 299.0671611611981,
  "EmberJS-Debug-TodoMVC/DeletingItems/total": 306.40377068360095,
  "EmberJS-Debug-TodoMVC/total": 1063.499496838823,
  "EmberJS-TodoMVC/Adding100Items/Async": 35.23887512216401,
  "EmberJS-TodoMVC/Adding100Items/Sync": 157.58076965072883,
  "EmberJS-TodoMVC/Adding100Items/total": 193.26013637743787,
  "EmberJS-TodoMVC/CompletingAllItems/Async": 26.803142005026793,
  "EmberJS-TodoMVC/CompletingAllItems/Sync": 94.75014855430292,
  "EmberJS-TodoMVC/CompletingAllItems/total": 121.57740678799718,
  "EmberJS-TodoMVC/DeletingItems/Async": 3.983327744857009,
  "EmberJS-TodoMVC/DeletingItems/Sync": 70.43994126310292,
  "EmberJS-TodoMVC/DeletingItems/total": 74.8321315591233,
  "EmberJS-TodoMVC/total": 395.9089461401139,
  "Flight-TodoMVC/Adding100Items/Async": 33.25058897828702,
  "Flight-TodoMVC/Adding100Items/Sync": 86.86234105472997,
  "Flight-TodoMVC/Adding100Items/total": 120.74671241869163,
  "Flight-TodoMVC/CompletingAllItems/Async": 25.06813644034486,
  "Flight-TodoMVC/CompletingAllItems/Sync": 94.66892281160622,
  "Flight-TodoMVC/CompletingAllItems/total": 120.12468446474396,
  "Flight-TodoMVC/DeletingItems/Async": 3.8356526172309544,
  "Flight-TodoMVC/DeletingItems/Sync": 71.25321062305399,
  "Flight-TodoMVC/DeletingItems/total": 76.32692756111086,
  "Flight-TodoMVC/total": 320.54765922868665,
  "Inferno-TodoMVC/Adding100Items/Async": 37.36007753654629,
  "Inferno-TodoMVC/Adding100Items/Sync": 44.01619857804354,
  "Inferno-TodoMVC/Adding100Items/total": 81.5618717280178,
  "Inferno-TodoMVC/CompletingAllItems/Async": 6.632143610687706,
  "Inferno-TodoMVC/CompletingAllItems/Sync": 86.2046961186789,
  "Inferno-TodoMVC/CompletingAllItems/total": 92.98551770447698,
  "Inferno-TodoMVC/DeletingItems/Async": 2.887776789809462,
  "Inferno-TodoMVC/DeletingItems/Sync": 209.69349468942954,
  "Inferno-TodoMVC/DeletingItems/total": 212.58335108927264,
  "Inferno-TodoMVC/total": 387.25304191667914,
  "Preact-TodoMVC/Adding100Items/Async": 37.183403125139556,
  "Preact-TodoMVC/Adding100Items/Sync": 5.09319879741539,
  "Preact-TodoMVC/Adding100Items/total": 42.280278165413485,
  "Preact-TodoMVC/CompletingAllItems/Async": 16.305222194002816,
  "Preact-TodoMVC/CompletingAllItems/Sync": 3.049901512534702,
  "Preact-TodoMVC/CompletingAllItems/total": 19.361039684045625,
  "Preact-TodoMVC/DeletingItems/Async": 4.334861982873534,
  "Preact-TodoMVC/DeletingItems/Sync": 1.6671093548348226,
  "Preact-TodoMVC/DeletingItems/total": 6.01155904960736,
  "Preact-TodoMVC/total": 67.66390660651035,
  "React-Redux-TodoMVC/Adding100Items/Async": 34.268189685781756,
  "React-Redux-TodoMVC/Adding100Items/Sync": 140.88449987009426,
  "React-Redux-TodoMVC/Adding100Items/total": 175.45266351059908,
  "React-Redux-TodoMVC/CompletingAllItems/Async": 25.502363870247105,
  "React-Redux-TodoMVC/CompletingAllItems/Sync": 134.4063263610258,
  "React-Redux-TodoMVC/CompletingAllItems/total": 159.95853482697464,
  "React-Redux-TodoMVC/DeletingItems/Async": 4.4877369570956684,
  "React-Redux-TodoMVC/DeletingItems/Sync": 87.3657051913663,
  "React-Redux-TodoMVC/DeletingItems/total": 92.57935098003682,
  "React-Redux-TodoMVC/total": 429.47424164173697,
  "React-TodoMVC/Adding100Items/Async": 34.64798700585462,
  "React-TodoMVC/Adding100Items/Sync": 107.25936424356078,
  "React-TodoMVC/Adding100Items/total": 141.94360185124089,
  "React-TodoMVC/CompletingAllItems/Async": 28.442247420582728,
  "React-TodoMVC/CompletingAllItems/Sync": 71.50652867111403,
  "React-TodoMVC/CompletingAllItems/total": 100.71293938346075,
  "React-TodoMVC/DeletingAllItems/Async": 3.0883775748623368,
  "React-TodoMVC/DeletingAllItems/Sync": 46.15576101079372,
  "React-TodoMVC/DeletingAllItems/total": 49.42738302316018,
  "React-TodoMVC/total": 294.79995392937803,
  "Vanilla-ES2015-Babel-Webpack-TodoMVC/Adding100Items/Async": 34.8488877490145,
  "Vanilla-ES2015-Babel-Webpack-TodoMVC/Adding100Items/Sync": 305.74938851809367,
  "Vanilla-ES2015-Babel-Webpack-TodoMVC/Adding100Items/total": 340.6797925616597,
  "Vanilla-ES2015-Babel-Webpack-TodoMVC/CompletingAllItems/Async": 24.87471066377761,
  "Vanilla-ES2015-Babel-Webpack-TodoMVC/CompletingAllItems/Sync": 63.53516046645487,
  "Vanilla-ES2015-Babel-Webpack-TodoMVC/CompletingAllItems/total": 88.43664439809717,
  "Vanilla-ES2015-Babel-Webpack-TodoMVC/DeletingItems/Async": 3.17876288284151,
  "Vanilla-ES2015-Babel-Webpack-TodoMVC/DeletingItems/Sync": 40.704398953693975,
  "Vanilla-ES2015-Babel-Webpack-TodoMVC/DeletingItems/total": 44.09905014419897,
  "Vanilla-ES2015-Babel-Webpack-TodoMVC/total": 473.59257803667833,
  "Vanilla-ES2015-TodoMVC/Adding100Items/Async": 34.51554724202731,
  "Vanilla-ES2015-TodoMVC/Adding100Items/Sync": 312.86018869856184,
  "Vanilla-ES2015-TodoMVC/Adding100Items/total": 347.4498989834059,
  "Vanilla-ES2015-TodoMVC/CompletingAllItems/Async": 26.585019198853004,