{
  "browser-setup": {
    "values": [
      4.049729,
      3.902935,
      4.053519,
      4.031883,
      4.045972,
      3.979644,
      4.058423,
      3.88474,
      3.896432,
      3.98014,
      4.083996,
      3.999753,
      4.12904,
      4.011045,
      4.008735,
      4.06997,
      3.996757,
      4.16107,
      3.987331,
      3.987889,
      4.053533,
      3.889376,
      3.873327,
      3.989412,
      3.991747,
      3.950015,
      3.917007,
      3.98014,
      4.015363,
      3.851445
    ],
    "min": 3.851445,
    "average": 3.9943456,
    "geomean": 3.9936624554873226,
    "max": 4.16107,
    "stddev": 0.07385571908101175,
    "stddevPercent": 1.849006732942982
  },
  "browser-tear_down": {
    "values": [
      0.287314,
      0.283309,
      0.225716,
      0.285476,
      0.280977,
      0.226656,
      0.237921,
      0.276831,
      0.279299,
      0.227023,
      0.283349,
      0.229473,
      0.276567,
      0.332163,
      0.226909,
      0.281547,
      0.281581,
      0.286365,
      0.296999,
      0.275487,
      0.283638,
      0.325845,
      0.274866,
      0.25444,
      0.280089,
      0.285215,
      0.279871,
      0.276389,
      0.239842,
      0.274803
    ],
    "min": 0.225716,
    "average": 0.27186533333333335,
    "geomean": 0.27051906631842354,
    "max": 0.332163,
    "stddev": 0.026730276462385412,
    "stddevPercent": 9.832175413704363
  },
  "probes-creation": {
    "values": [
      0.000187,
      0.000126,
      0.000128,
      0.000119,
      0.00012,
      0.00013,
      0.000124,
      0.000119,
      0.00012,
      0.000121,
      0.000118,
      0.000121,
      0.000119,
      0.00012,
      0.000123,
      0.000119,
      0.00012,
      0.000124,
      0.000133,
      0.000129,
      0.000122,
      0.000122,
      0.000121,
      0.000117,
      0.000125,
      0.000121,
      0.000127,
      0.000121,
      0.000124,
      0.00012
    ],
    "min": 0.000117,
    "average": 0.00012466666666666667,
    "geomean": 0.00012419858257476746,
    "max": 0.000187,
    "stddev": 1.2174654911833109e-05,
    "stddevPercent": 9.765765972058643
  },
  "probes-setup": {
    "values": [
      0.000133,
      0.000102,
      0.000102,
      9.9e-05,
      0.000105,
      0.000101,
      0.0001,
      9.8e-05,
      9.9e-05,
      9.9e-05,
      9.8e-05,
      9.8e-05,
      0.000101,
      9.8e-05,
      0.000101,
      9.8e-05,
      0.0001,
      0.000103,
      0.000106,
      0.0001,
      9.9e-05,
      0.000101,
      0.0001,
      9.7e-05,
      0.000101,
      9.9e-05,
      0.000101,
      9.9e-05,
      9.7e-05,
      9.8e-05
    ],
    "min": 9.7e-05,
    "average": 0.00010109999999999999,
    "geomean": 0.00010093321885909002,
    "max": 0.000133,
    "stddev": 6.284106937345992e-06,
    "stddevPercent": 6.215733864832832
  },
  "probes-start": {
    "values": [
      7.3e-05,
      7.4e-05,
      7e-05,
      5.5e-05,
      5.5e-05,
      5.6e-05,
      5.6e-05,
      5.3e-05,
      5.2e-05,
      5.4e-05,
      5.3e-05,
      5.5e-05,
      5.5e-05,
      5.4e-05,
      5.6e-05,
      5.4e-05,
      5.4e-05,
      5.4e-05,
      5.4e-05,
      5.4e-05,
      5.3e-05,
      5.5e-05,
      5.5e-05,
      5.5e-05,
      5.5e-05,
      5.7e-05,
      5.4e-05,
      5.5e-05,
      5.4e-05,
      5.5e-05
    ],
    "min": 5.2e-05,
    "average": 5.629999999999999e-05,
    "geomean": 5.60707598340443e-05,
    "max": 7.4e-05,
    "stddev": 5.465955238260433e-06,
    "stddevPercent": 9.70862386902386
  },
  "run": {
    "values": [
      126.862646,
      129.109721,
      135.307351,
      128.238616,
      125.995722,
      125.345649,
      127.422791,
      128.62085,
      131.091483,
      130.478927,
      125.742993,
      124.825759,
      125.443983,
      127.001759,
      125.303747,
      127.995849,
      126.251062,
      127.187882,
      126.496124,
      126.555321,
      125.999527,
      130.385483,
      129.261583,
      125.95412,
      128.668324,
      129.247143,
      126.265439,
      127.742368,
      127.650048,
      125.734839
    ],
    "min": 124.825759,
    "average": 127.60623696666667,
    "geomean": 127.58791214578972,
    "max": 135.307351,
    "stddev": 2.1805823508495705,
    "stddevPercent": 1.7088368113379777
  },
  "runner-cooldown": {
    "values": [
      2.002064,
      2.001889,
      2.002051,
      2.002046,
      2.00205,
      2.00205,
      2.002053,
      2.00205,
      2.002052,
      2.002049,
      2.00205,
      2.000824,
      2.001498,
      2.00205,
      2.002049,
      2.00205,
      2.002052,
      2.00205,
      2.002053,
      2.002052,
      2.002048,
      2.002049,
      2.00205,
      2.002049,
      2.001671,
      2.00205,
      2.00205,
      2.00205,
      2.002049,
      2.002051
    ],
    "min": 2.000824,
    "average": 2.0019733,
    "geomean": 2.0019732850010055,
    "max": 2.002064,
    "stddev": 0.00024502437293729996,
    "stddevPercent": 0.012239142896526141
  }
}