{
  "browser-setup": 4.038126,
  "browser-tear_down": 0.2958,
  "probes-creation": 0.000126,
  "probes-setup": 0.0001,
  "probes-start": 5.7e-05,
  "run": 133.81028,
  "runner-cooldown": 2.001813
}