{
  "Angular2-TypeScript-TodoMVC/Adding100Items/Async": 37.99335021308545,
  "Angular2-TypeScript-TodoMVC/Adding100Items/Sync": 59.794714414411835,
  "Angular2-TypeScript-TodoMVC/Adding100Items/total": 97.83625125952965,
  "Angular2-TypeScript-TodoMVC/CompletingAllItems/Async": 17.75360674521935,
  "Angular2-TypeScript-TodoMVC/CompletingAllItems/Sync": 10.30662463890381,
  "Angular2-TypeScript-TodoMVC/CompletingAllItems/total": 28.077251929451997,
  "Angular2-TypeScript-TodoMVC/DeletingItems/Async": 3.583195438757355,
  "Angular2-TypeScript-TodoMVC/DeletingItems/Sync": 18.747468863526038,
  "Angular2-TypeScript-TodoMVC/DeletingItems/total": 22.342460113385318,
  "Angular2-TypeScript-TodoMVC/total": 148.33662068520346,
  "AngularJS-TodoMVC/Adding100Items/Async": 50.41892331003926,
  "AngularJS-TodoMVC/Adding100Items/Sync": 273.4644210869259,
  "AngularJS-TodoMVC/Adding100Items/total": 324.1470505588457,
  "AngularJS-TodoMVC/CompletingAllItems/Async": 33.847126686917804,
  "AngularJS-TodoMVC/CompletingAllItems/Sync": 85.00623762065243,
  "AngularJS-TodoMVC/CompletingAllItems/total": 118.97644268562492,
  "AngularJS-TodoMVC/DeletingAllItems/Async": 17.81557993698729,
  "AngularJS-TodoMVC/DeletingAllItems/Sync": 244.57520109806882,
  "AngularJS-TodoMVC/DeletingAllItems/total": 262.6933686851763,
  "AngularJS-TodoMVC/total": 706.5703600254814,
  "BackboneJS-TodoMVC/Adding100Items/Async": 45.77868678631623,
  "BackboneJS-TodoMVC/Adding100Items/Sync": 109.02982172778543,
  "BackboneJS-TodoMVC/Adding100Items/total": 155.41952784643271,
  "BackboneJS-TodoMVC/CompletingAllItems/Async": 34.05678624997161,
  "BackboneJS-TodoMVC/CompletingAllItems/Sync": 59.647704538774434,
  "BackboneJS-TodoMVC/CompletingAllItems/total": 93.87609456710626,
  "BackboneJS-TodoMVC/DeletingAllItems/Async": 4.977881713266354,
  "BackboneJS-TodoMVC/DeletingAllItems/Sync": 31.15964128803281,
  "BackboneJS-TodoMVC/DeletingAllItems/total": 36.15614913300469,
  "BackboneJS-TodoMVC/total": 285.7252032992348,
  "Elm-TodoMVC/Adding100Items/Async": 51.48351561441653,
  "Elm-TodoMVC/Adding100Items/Sync": 150.71686131052846,
  "Elm-TodoMVC/Adding100Items/total": 202.26177254721665,
  "Elm-TodoMVC/CompletingAllItems/Async": 41.12759719911569,
  "Elm-TodoMVC/CompletingAllItems/Sync": 172.9667614568571,
  "Elm-TodoMVC/CompletingAllItems/total": 220.46285218198028,
  "Elm-TodoMVC/DeletingItems/Async": 12.07367191298859,
  "Elm-TodoMVC/DeletingItems/Sync": 320.94130251514173,
  "Elm-TodoMVC/DeletingItems/total": 337.11524277648925,
  "Elm-TodoMVC/total": 849.1325101102041,
  "EmberJS-Debug-TodoMVC/Adding100Items/Async": 44.61331344809144,
  "EmberJS-Debug-TodoMVC/Adding100Items/Sync": 587.1331433186926,
  "EmberJS-Debug-TodoMVC/Adding100Items/total": 631.8488444421985,
  "EmberJS-Debug-TodoMVC/CompletingAllItems/Async": 32.179047103268786,
  "EmberJS-Debug-TodoMVC/CompletingAllItems/Sync": 358.87411793608067,
  "EmberJS-Debug-TodoMVC/CompletingAllItems/total": 391.066528438371,
  "EmberJS-Debug-TodoMVC/DeletingItems/Async": 5.10607446061762,
  "EmberJS-Debug-TodoMVC/DeletingItems/Sync": 383.61854052495084,
  "EmberJS-Debug-TodoMVC/DeletingItems/total": 388.9240068804659,
  "EmberJS-Debug-TodoMVC/total": 1412.1228495886758,
  "EmberJS-TodoMVC/Adding100Items/Async": 42.26687035247331,
  "EmberJS-TodoMVC/Adding100Items/Sync": 226.93478055460895,
  "EmberJS-TodoMVC/Adding100Items/total": 269.4027481924046,
  "EmberJS-TodoMVC/CompletingAllItems/Async": 37.652857505108074,
  "EmberJS-TodoMVC/CompletingAllItems/Sync": 122.70807493479698,
  "EmberJS-TodoMVC/CompletingAllItems/total": 161.03790228730446,
  "EmberJS-TodoMVC/DeletingItems/Async": 5.29141358958425,
  "EmberJS-TodoMVC/DeletingItems/Sync": 87.95981967372364,
  "EmberJS-TodoMVC/DeletingItems/total": 93.65254077801204,
  "EmberJS-TodoMVC/total": 525.3099042872004,
  "Flight-TodoMVC/Adding100Items/Async": 40.828976921878706,
  "Flight-TodoMVC/Adding100Items/Sync": 116.82115917948212,
  "Flight-TodoMVC/Adding100Items/total": 157.95057234004722,
  "Flight-TodoMVC/CompletingAllItems/Async": 32.739565093589306,
  "Flight-TodoMVC/CompletingAllItems/Sync": 123.54559937107497,
  "Flight-TodoMVC/CompletingAllItems/total": 156.49777545124903,
  "Flight-TodoMVC/DeletingItems/Async": 5.049973854430115,
  "Flight-TodoMVC/DeletingItems/Sync": 109.23580146198887,
  "Flight-TodoMVC/DeletingItems/total": 114.80080575856402,
  "Flight-TodoMVC/total": 429.3819379822003,
  "Inferno-TodoMVC/Adding100Items/Async": 44.447525512558514,
  "Inferno-TodoMVC/Adding100Items/Sync": 56.54187640070411,
  "Inferno-TodoMVC/Adding100Items/total": 101.11862321916598,
  "Inferno-TodoMVC/CompletingAllItems/Async": 11.281765286436313,
  "Inferno-TodoMVC/CompletingAllItems/Sync": 115.56423160214594,
  "Inferno-TodoMVC/CompletingAllItems/total": 127.38745763867912,
  "Inferno-TodoMVC/DeletingItems/Async": 3.8745747083148117,
  "Inferno-TodoMVC/DeletingItems/Sync": 245.45448149426858,
  "Inferno-TodoMVC/DeletingItems/total": 249.34230741466035,
  "Inferno-TodoMVC/total": 478.19515015433285,
  "Preact-TodoMVC/Adding100Items/Async": 62.796761291958695,
  "Preact-TodoMVC/Adding100Items/Sync": 10.624737092213028,
  "Preact-TodoMVC/Adding100Items/total": 73.47038169937468,
  "Preact-TodoMVC/CompletingAllItems/Async": 25.199819831668712,
  "Preact-TodoMVC/CompletingAllItems/Sync": 3.8817583686385047,
  "Preact-TodoMVC/CompletingAllItems/total": 29.144304624653117,
  "Preact-TodoMVC/DeletingItems/Async": 7.897006865947679,
  "Preact-TodoMVC/DeletingItems/Sync": 2.134875137526266,
  "Preact-TodoMVC/DeletingItems/total": 10.035777557817871,
  "Preact-TodoMVC/total": 114.01202288237357,
  "React-Redux-TodoMVC/Adding100Items/Async": 42.42219760425984,
  "React-Redux-TodoMVC/Adding100Items/Sync": 190.48590615883663,
  "React-Redux-TodoMVC/Adding100Items/total": 233.05334074064558,
  "React-Redux-TodoMVC/CompletingAllItems/Async": 31.663673044065213,
  "React-Redux-TodoMVC/CompletingAllItems/Sync": 171.25216180675716,
  "React-Redux-TodoMVC/CompletingAllItems/total": 202.93828475927367,
  "React-Redux-TodoMVC/DeletingItems/Async": 4.456055789444363,
  "React-Redux-TodoMVC/DeletingItems/Sync": 114.68582643612868,
  "React-Redux-TodoMVC/DeletingItems/total": 119.20775443047276,
  "React-Redux-TodoMVC/total": 555.3828940266711,
  "React-TodoMVC/Adding100Items/Async": 43.037402332628375,
  "React-TodoMVC/Adding100Items/Sync": 146.32433331673633,
  "React-TodoMVC/Adding100Items/total": 189.43592256049345,
  "React-TodoMVC/CompletingAllItems/Async": 33.16900349485188,
  "React-TodoMVC/CompletingAllItems/Sync": 87.22141593663086,
  "React-TodoMVC/CompletingAllItems/total": 120.54445387026777,
  "React-TodoMVC/DeletingAllItems/Async": 4.06545612391942,
  "React-TodoMVC/DeletingAllItems/Sync": 56.03528293562748,
  "React-TodoMVC/DeletingAllItems/total": 60.15028775924994,
  "React-TodoMVC/total": 370.40146003463923,
  "Vanilla-ES2015-Babel-Webpack-TodoMVC/Adding100Items/Async": 38.975251533254685,
  "Vanilla-ES2015-Babel-Webpack-TodoMVC/Adding100Items/Sync": 344.4482458785026,
  "Vanilla-ES2015-Babel-Webpack-TodoMVC/Adding100Items/total": 383.47015885701063,
  "Vanilla-ES2015-Babel-Webpack-TodoMVC/CompletingAllItems/Async": 31.223382893376964,
  "Vanilla-ES2015-Babel-Webpack-TodoMVC/CompletingAllItems/Sync": 78.38328764588603,
  "Vanilla-ES2015-Babel-Webpack-TodoMVC/CompletingAllItems/total": 109.62704091715871,
  "Vanilla-ES2015-Babel-Webpack-TodoMVC/DeletingItems/Async": 4.562103836141222,
  "Vanilla-ES2015-Babel-Webpack-TodoMVC/DeletingItems/Sync": 52.544461347974,
  "Vanilla-ES2015-Babel-Webpack-TodoMVC/DeletingItems/total": 57.14033432085049,
  "Vanilla-ES2015-Babel-Webpack-TodoMVC/total": 550.4654438764566,
  "Vanilla-ES2015-TodoMVC/Adding100Items/Async": 38.34368172907016,
  "Vanilla-ES2015-TodoMVC/Adding100Items/Sync": 354.71958765975853,
  "Vanilla-ES2015-TodoMVC/Adding100Items/total": 393.0884067793392,
  "Vanilla-ES2015-TodoMVC/CompletingAllItems/Async": 31.204795082331103,