{
  "browser-setup": 4.253984,
  "browser-tear_down": 0.251006,
  "probes-creation": 0.000129,
  "probes-setup": 0.0001,
  "probes-start": 5.7e-05,
  "run": 130.99711,
  "runner-cooldown": 2.00205
}