{
  "Angular2-TypeScript-TodoMVC/Adding100Items/Async": 37.77447826906198,
  "Angular2-TypeScript-TodoMVC/Adding100Items/Sync": 59.628845960794706,
  "Angular2-TypeScript-TodoMVC/Adding100Items/total": 97.43607042312969,
  "Angular2-TypeScript-TodoMVC/CompletingAllItems/Async": 18.557683941864568,
  "Angular2-TypeScript-TodoMVC/CompletingAllItems/Sync": 10.016061932361287,
  "Angular2-TypeScript-TodoMVC/CompletingAllItems/total": 28.691981292297957,
  "Angular2-TypeScript-TodoMVC/DeletingItems/Async": 4.023018356760543,
  "Angular2-TypeScript-TodoMVC/DeletingItems/Sync": 19.361443232779074,
  "Angular2-TypeScript-TodoMVC/DeletingItems/total": 23.446325720934837,
  "Angular2-TypeScript-TodoMVC/total": 149.90409255005108,
  "AngularJS-TodoMVC/Adding100Items/Async": 51.56760601536043,
  "AngularJS-TodoMVC/Adding100Items/Sync": 281.05611728756907,
  "AngularJS-TodoMVC/Adding100Items/total": 332.92557552446186,
  "AngularJS-TodoMVC/CompletingAllItems/Async": 33.29676395504794,
  "AngularJS-TodoMVC/CompletingAllItems/Sync": 88.17893350591834,
  "AngularJS-TodoMVC/CompletingAllItems/total": 121.58737759212909,
  "AngularJS-TodoMVC/DeletingAllItems/Async": 17.06047933064137,
  "AngularJS-TodoMVC/DeletingAllItems/Sync": 240.287810654882,
  "AngularJS-TodoMVC/DeletingAllItems/total": 257.63695249893254,
  "AngularJS-TodoMVC/total": 712.8533676769964,
  "BackboneJS-TodoMVC/Adding100Items/Async": 45.468050250747005,
  "BackboneJS-TodoMVC/Adding100Items/Sync": 108.37565264360845,
  "BackboneJS-TodoMVC/Adding100Items/total": 154.4197163816558,
  "BackboneJS-TodoMVC/CompletingAllItems/Async": 33.78577116133469,
  "BackboneJS-TodoMVC/CompletingAllItems/Sync": 59.21559179198736,
  "BackboneJS-TodoMVC/CompletingAllItems/total": 93.16760489385699,
  "BackboneJS-TodoMVC/DeletingAllItems/Async": 4.830060397572049,
  "BackboneJS-TodoMVC/DeletingAllItems/Sync": 30.872092671593535,
  "BackboneJS-TodoMVC/DeletingAllItems/total": 35.720624914813094,
  "BackboneJS-TodoMVC/total": 283.57669497187317,
  "Elm-TodoMVC/Adding100Items/Async": 54.50505886698132,
  "Elm-TodoMVC/Adding100Items/Sync": 197.7494999225882,
  "Elm-TodoMVC/Adding100Items/total": 260.4076080764114,
  "Elm-TodoMVC/CompletingAllItems/Async": 42.2540881079578,
  "Elm-TodoMVC/CompletingAllItems/Sync": 135.7857509626239,
  "Elm-TodoMVC/CompletingAllItems/total": 178.16984449875463,
  "Elm-TodoMVC/DeletingItems/Async": 10.832186879856488,
  "Elm-TodoMVC/DeletingItems/Sync": 307.53311194050906,
  "Elm-TodoMVC/DeletingItems/total": 319.6971522536825,
  "Elm-TodoMVC/total": 840.4224363364561,
  "EmberJS-Debug-TodoMVC/Adding100Items/Async": 46.070625595783206,
  "EmberJS-Debug-TodoMVC/Adding100Items/Sync": 590.7045616672929,
  "EmberJS-Debug-TodoMVC/Adding100Items/total": 636.8196868407211,
  "EmberJS-Debug-TodoMVC/CompletingAllItems/Async": 31.861840272124276,
  "EmberJS-Debug-TodoMVC/CompletingAllItems/Sync": 359.1156414756312,
  "EmberJS-Debug-TodoMVC/CompletingAllItems/total": 390.99406813682305,
  "EmberJS-Debug-TodoMVC/DeletingItems/Async": 5.619333363495931,
  "EmberJS-Debug-TodoMVC/DeletingItems/Sync": 383.98360080108847,
  "EmberJS-Debug-TodoMVC/DeletingItems/total": 391.1436798221004,
  "EmberJS-Debug-TodoMVC/total": 1419.2909446959907,
  "EmberJS-TodoMVC/Adding100Items/Async": 42.346878558965116,
  "EmberJS-TodoMVC/Adding100Items/Sync": 222.96414804689837,
  "EmberJS-TodoMVC/Adding100Items/total": 265.4095640426125,
  "EmberJS-TodoMVC/CompletingAllItems/Async": 36.229105788031625,
  "EmberJS-TodoMVC/CompletingAllItems/Sync": 120.39624879654568,
  "EmberJS-TodoMVC/CompletingAllItems/total": 156.90491702684076,
  "EmberJS-TodoMVC/DeletingItems/Async": 4.766341110217552,
  "EmberJS-TodoMVC/DeletingItems/Sync": 82.47177316666772,
  "EmberJS-TodoMVC/DeletingItems/total": 87.28694447825623,
  "EmberJS-TodoMVC/total": 510.0115508627081,
  "Flight-TodoMVC/Adding100Items/Async": 40.60093941203906,
  "Flight-TodoMVC/Adding100Items/Sync": 116.90097856742594,
  "Flight-TodoMVC/Adding100Items/total": 157.72191673681857,
  "Flight-TodoMVC/CompletingAllItems/Async": 32.500742428356496,
  "Flight-TodoMVC/CompletingAllItems/Sync": 123.67304608349481,
  "Flight-TodoMVC/CompletingAllItems/total": 156.31648649477222,
  "Flight-TodoMVC/DeletingItems/Async": 5.062170514233697,
  "Flight-TodoMVC/DeletingItems/Sync": 108.46799803074336,
  "Flight-TodoMVC/DeletingItems/total": 113.93120014915107,
  "Flight-TodoMVC/total": 428.0613100448678,
  "Inferno-TodoMVC/Adding100Items/Async": 43.32926423538232,
  "Inferno-TodoMVC/Adding100Items/Sync": 54.231259265179744,
  "Inferno-TodoMVC/Adding100Items/total": 97.67696578024358,
  "Inferno-TodoMVC/CompletingAllItems/Async": 12.100455229830573,
  "Inferno-TodoMVC/CompletingAllItems/Sync": 115.13738126508896,
  "Inferno-TodoMVC/CompletingAllItems/total": 127.85029224864005,
  "Inferno-TodoMVC/DeletingItems/Async": 4.096328574763673,
  "Inferno-TodoMVC/DeletingItems/Sync": 241.95265134048293,
  "Inferno-TodoMVC/DeletingItems/total": 246.0926243822485,
  "Inferno-TodoMVC/total": 471.75992097998267,
  "Preact-TodoMVC/Adding100Items/Async": 61.38959294071995,
  "Preact-TodoMVC/Adding100Items/Sync": 10.67837103087856,
  "Preact-TodoMVC/Adding100Items/total": 72.08295415210837,
  "Preact-TodoMVC/CompletingAllItems/Async": 27.334326022335624,
  "Preact-TodoMVC/CompletingAllItems/Sync": 3.9385666029221484,
  "Preact-TodoMVC/CompletingAllItems/total": 31.353824026601977,
  "Preact-TodoMVC/DeletingItems/Async": 7.609137834576195,
  "Preact-TodoMVC/DeletingItems/Sync": 2.1056014724852012,
  "Preact-TodoMVC/DeletingItems/total": 9.737364644521016,
  "Preact-TodoMVC/total": 114.91968038454317,
  "React-Redux-TodoMVC/Adding100Items/Async": 43.01319433689273,
  "React-Redux-TodoMVC/Adding100Items/Sync": 187.54155369458184,
  "React-Redux-TodoMVC/Adding100Items/total": 230.6143402629146,
  "React-Redux-TodoMVC/CompletingAllItems/Async": 31.989763254046238,
  "React-Redux-TodoMVC/CompletingAllItems/Sync": 172.1288304390701,
  "React-Redux-TodoMVC/CompletingAllItems/total": 204.2050904372859,
  "React-Redux-TodoMVC/DeletingItems/Async": 4.28332897751148,
  "React-Redux-TodoMVC/DeletingItems/Sync": 112.91940266001701,
  "React-Redux-TodoMVC/DeletingItems/total": 117.25227470791889,
  "React-Redux-TodoMVC/total": 552.1235576618134,
  "React-TodoMVC/Adding100Items/Async": 42.92263091378416,
  "React-TodoMVC/Adding100Items/Sync": 148.62239019937158,
  "React-TodoMVC/Adding100Items/total": 191.67801665459302,
  "React-TodoMVC/CompletingAllItems/Async": 32.62216109495097,
  "React-TodoMVC/CompletingAllItems/Sync": 84.14513584268381,
  "React-TodoMVC/CompletingAllItems/total": 116.80969833824665,
  "React-TodoMVC/DeletingAllItems/Async": 4.193753875495767,
  "React-TodoMVC/DeletingAllItems/Sync": 55.777630946118535,
  "React-TodoMVC/DeletingAllItems/total": 60.01166656843043,
  "React-TodoMVC/total": 368.7417139586795,
  "Vanilla-ES2015-Babel-Webpack-TodoMVC/Adding100Items/Async": 38.13480707830329,
  "Vanilla-ES2015-Babel-Webpack-TodoMVC/Adding100Items/Sync": 344.95677786619535,
  "Vanilla-ES2015-Babel-Webpack-TodoMVC/Adding100Items/total": 383.1220680226049,
  "Vanilla-ES2015-Babel-Webpack-TodoMVC/CompletingAllItems/Async": 30.934773725212136,
  "Vanilla-ES2015-Babel-Webpack-TodoMVC/CompletingAllItems/Sync": 78.10569530139126,
  "Vanilla-ES2015-Babel-Webpack-TodoMVC/CompletingAllItems/total": 109.05764188378558,
  "Vanilla-ES2015-Babel-Webpack-TodoMVC/DeletingItems/Async": 4.426610482395762,
  "Vanilla-ES2015-Babel-Webpack-TodoMVC/DeletingItems/Sync": 52.59371416497424,
  "Vanilla-ES2015-Babel-Webpack-TodoMVC/DeletingItems/total": 57.060433522831616,
  "Vanilla-ES2015-Babel-Webpack-TodoMVC/total": 549.4558621904855,
  "Vanilla-ES2015-TodoMVC/Adding100Items/Async": 38.107486648027916,
  "Vanilla-ES2015-TodoMVC/Adding100Items/Sync": 355.4183016524803,
  "Vanilla-ES2015-TodoMVC/Adding100Items/total": 393.54983269413043,
  "Vanilla-ES2015-TodoMVC/CompletingAllItems/Async": 30.993823501434225,