{
  "browser-setup": 4.058423,
  "browser-tear_down": 0.237921,
  "probes-creation": 0.000124,
  "probes-setup": 0.0001,
  "probes-start": 5.6e-05,
  "run": 127.422791,
  "runner-cooldown": 2.002053
}