{
  "Angular2-TypeScript-TodoMVC/Adding100Items/Async": 37.870296111312854,
  "Angular2-TypeScript-TodoMVC/Adding100Items/Sync": 54.86286211029527,
  "Angular2-TypeScript-TodoMVC/Adding100Items/total": 92.76453203159332,
  "Angular2-TypeScript-TodoMVC/CompletingAllItems/Async": 14.11729705378262,
  "Angular2-TypeScript-TodoMVC/CompletingAllItems/Sync": 9.971800360759701,
  "Angular2-TypeScript-TodoMVC/CompletingAllItems/total": 24.092159002607332,
  "Angular2-TypeScript-TodoMVC/DeletingItems/Async": 3.9830899694383444,
  "Angular2-TypeScript-TodoMVC/DeletingItems/Sync": 18.677871929265166,
  "Angular2-TypeScript-TodoMVC/DeletingItems/total": 22.847000507012975,
  "Angular2-TypeScript-TodoMVC/total": 139.84870940443076,
  "AngularJS-TodoMVC/Adding100Items/Async": 50.813640679612945,
  "AngularJS-TodoMVC/Adding100Items/Sync": 251.85509901859515,
  "AngularJS-TodoMVC/Adding100Items/total": 303.831803037663,
  "AngularJS-TodoMVC/CompletingAllItems/Async": 30.850583308311236,
  "AngularJS-TodoMVC/CompletingAllItems/Sync": 71.64523121412523,
  "AngularJS-TodoMVC/CompletingAllItems/total": 102.63395212035083,
  "AngularJS-TodoMVC/DeletingAllItems/Async": 15.838779416502817,
  "AngularJS-TodoMVC/DeletingAllItems/Sync": 269.84881962649564,
  "AngularJS-TodoMVC/DeletingAllItems/total": 285.7210578475849,
  "AngularJS-TodoMVC/total": 697.5347390093482,
  "BackboneJS-TodoMVC/Adding100Items/Async": 43.35076379500131,
  "BackboneJS-TodoMVC/Adding100Items/Sync": 70.75013514729221,
  "BackboneJS-TodoMVC/Adding100Items/total": 114.12782963389559,
  "BackboneJS-TodoMVC/CompletingAllItems/Async": 32.949116087785015,
  "BackboneJS-TodoMVC/CompletingAllItems/Sync": 46.291952887905786,
  "BackboneJS-TodoMVC/CompletingAllItems/total": 79.2449617860817,
  "BackboneJS-TodoMVC/DeletingAllItems/Async": 4.691538972866876,
  "BackboneJS-TodoMVC/DeletingAllItems/Sync": 29.470103799989985,
  "BackboneJS-TodoMVC/DeletingAllItems/total": 34.17146461605687,
  "BackboneJS-TodoMVC/total": 227.56861040828278,
  "Elm-TodoMVC/Adding100Items/Async": 50.436884916434096,
  "Elm-TodoMVC/Adding100Items/Sync": 128.46935779118405,
  "Elm-TodoMVC/Adding100Items/total": 179.83821034981568,
  "Elm-TodoMVC/CompletingAllItems/Async": 33.8436472688558,
  "Elm-TodoMVC/CompletingAllItems/Sync": 126.64977654036915,
  "Elm-TodoMVC/CompletingAllItems/total": 160.83478356725038,
  "Elm-TodoMVC/DeletingItems/Async": 9.516325023922539,
  "Elm-TodoMVC/DeletingItems/Sync": 154.95988168705827,
  "Elm-TodoMVC/DeletingItems/total": 164.80851579017013,
  "Elm-TodoMVC/total": 511.577352520057,
  "EmberJS-Debug-TodoMVC/Adding100Items/Async": 48.263411526302455,
  "EmberJS-Debug-TodoMVC/Adding100Items/Sync": 600.7110181254864,
  "EmberJS-Debug-TodoMVC/Adding100Items/total": 649.0698790479707,
  "EmberJS-Debug-TodoMVC/CompletingAllItems/Async": 31.877809093542812,
  "EmberJS-Debug-TodoMVC/CompletingAllItems/Sync": 370.4817804888787,
  "EmberJS-Debug-TodoMVC/CompletingAllItems/total": 402.45140821167297,
  "EmberJS-Debug-TodoMVC/DeletingItems/Async": 12.644323419834853,
  "EmberJS-Debug-TodoMVC/DeletingItems/Sync": 369.6354534537705,
  "EmberJS-Debug-TodoMVC/DeletingItems/total": 383.2703297282228,
  "EmberJS-Debug-TodoMVC/total": 1440.067635057215,
  "EmberJS-TodoMVC/Adding100Items/Async": 44.07327440635262,
  "EmberJS-TodoMVC/Adding100Items/Sync": 205.65599055248865,
  "EmberJS-TodoMVC/Adding100Items/total": 250.11957110921347,
  "EmberJS-TodoMVC/CompletingAllItems/Async": 34.84999372579041,
  "EmberJS-TodoMVC/CompletingAllItems/Sync": 117.03681401799075,
  "EmberJS-TodoMVC/CompletingAllItems/total": 152.4502068141917,
  "EmberJS-TodoMVC/DeletingItems/Async": 4.123710803823833,
  "EmberJS-TodoMVC/DeletingItems/Sync": 80.28760232567437,
  "EmberJS-TodoMVC/DeletingItems/total": 84.49903680583071,
  "EmberJS-TodoMVC/total": 487.8338742389327,
  "Flight-TodoMVC/Adding100Items/Async": 38.74886217907035,
  "Flight-TodoMVC/Adding100Items/Sync": 97.66642801597247,
  "Flight-TodoMVC/Adding100Items/total": 136.42530919929396,
  "Flight-TodoMVC/CompletingAllItems/Async": 28.548351347670977,
  "Flight-TodoMVC/CompletingAllItems/Sync": 104.76510461034135,
  "Flight-TodoMVC/CompletingAllItems/total": 133.32056346617807,
  "Flight-TodoMVC/DeletingItems/Async": 4.142546227804563,
  "Flight-TodoMVC/DeletingItems/Sync": 87.98319536596834,
  "Flight-TodoMVC/DeletingItems/total": 92.44765029206746,
  "Flight-TodoMVC/total": 362.2239834428141,
  "Inferno-TodoMVC/Adding100Items/Async": 45.150632151626155,
  "Inferno-TodoMVC/Adding100Items/Sync": 51.2532686754433,
  "Inferno-TodoMVC/Adding100Items/total": 96.93167571372221,
  "Inferno-TodoMVC/CompletingAllItems/Async": 8.674341117817349,
  "Inferno-TodoMVC/CompletingAllItems/Sync": 115.82073866543735,
  "Inferno-TodoMVC/CompletingAllItems/total": 124.70577180298054,
  "Inferno-TodoMVC/DeletingItems/Async": 3.8075178061273385,
  "Inferno-TodoMVC/DeletingItems/Sync": 243.55702020230208,
  "Inferno-TodoMVC/DeletingItems/total": 247.53751004976536,
  "Inferno-TodoMVC/total": 471.3272785493353,
  "Preact-TodoMVC/Adding100Items/Async": 43.51903188196162,
  "Preact-TodoMVC/Adding100Items/Sync": 6.484338898605985,
  "Preact-TodoMVC/Adding100Items/total": 50.01395152867515,
  "Preact-TodoMVC/CompletingAllItems/Async": 31.13243921627993,
  "Preact-TodoMVC/CompletingAllItems/Sync": 4.232811019880715,
  "Preact-TodoMVC/CompletingAllItems/total": 35.37499029351258,
  "Preact-TodoMVC/DeletingItems/Async": 7.257554716083147,
  "Preact-TodoMVC/DeletingItems/Sync": 2.1996383558339194,
  "Preact-TodoMVC/DeletingItems/total": 9.502127193632655,
  "Preact-TodoMVC/total": 94.93030677503812,
  "React-Redux-TodoMVC/Adding100Items/Async": 45.70634778745342,
  "React-Redux-TodoMVC/Adding100Items/Sync": 183.82615564848655,
  "React-Redux-TodoMVC/Adding100Items/total": 229.84612798854968,
  "React-Redux-TodoMVC/CompletingAllItems/Async": 28.77177127106501,
  "React-Redux-TodoMVC/CompletingAllItems/Sync": 169.71598660119173,
  "React-Redux-TodoMVC/CompletingAllItems/total": 198.51600115679446,
  "React-Redux-TodoMVC/DeletingItems/Async": 5.361622569111136,
  "React-Redux-TodoMVC/DeletingItems/Sync": 128.27335114595218,
  "React-Redux-TodoMVC/DeletingItems/total": 133.931833186991,
  "React-Redux-TodoMVC/total": 567.6493850130505,
  "React-TodoMVC/Adding100Items/Async": 41.863358390793174,
  "React-TodoMVC/Adding100Items/Sync": 139.6044036874085,
  "React-TodoMVC/Adding100Items/total": 181.63982708943135,
  "React-TodoMVC/CompletingAllItems/Async": 31.54840527745731,
  "React-TodoMVC/CompletingAllItems/Sync": 108.59919685999131,
  "React-TodoMVC/CompletingAllItems/total": 142.12773444690322,
  "React-TodoMVC/DeletingAllItems/Async": 4.317863759659755,
  "React-TodoMVC/DeletingAllItems/Sync": 56.689328607146884,
  "React-TodoMVC/DeletingAllItems/total": 61.43734192691939,
  "React-TodoMVC/total": 393.2852326744047,
  "Vanilla-ES2015-Babel-Webpack-TodoMVC/Adding100Items/Async": 37.97230859808844,
  "Vanilla-ES2015-Babel-Webpack-TodoMVC/Adding100Items/Sync": 327.82318294911545,
  "Vanilla-ES2015-Babel-Webpack-TodoMVC/Adding100Items/total": 365.93779479761946,
  "Vanilla-ES2015-Babel-Webpack-TodoMVC/CompletingAllItems/Async": 28.601424389392793,
  "Vanilla-ES2015-Babel-Webpack-TodoMVC/CompletingAllItems/Sync": 76.28438501232739,
  "Vanilla-ES2015-Babel-Webpack-TodoMVC/CompletingAllItems/total": 105.18544088633563,
  "Vanilla-ES2015-Babel-Webpack-TodoMVC/DeletingItems/Async": 4.274337684372221,
  "Vanilla-ES2015-Babel-Webpack-TodoMVC/DeletingItems/Sync": 45.25031810698328,
  "Vanilla-ES2015-Babel-Webpack-TodoMVC/DeletingItems/total": 49.77383068002322,
  "Vanilla-ES2015-Babel-Webpack-TodoMVC/total": 522.6518373385074,
  "Vanilla-ES2015-TodoMVC/Adding100Items/Async": 37.83315175498978,
  "Vanilla-ES2015-TodoMVC/Adding100Items/Sync": 355.7118893656523,
  "Vanilla-ES2015-TodoMVC/Adding100Items/total": 393.59605393583143,
  "Vanilla-ES2015-TodoMVC/CompletingAllItems/Async": 30.43868236183312,