{
  "browser-setup": 3.306342,
  "browser-tear_down": 20.048995,
  "probes-creation": 0.000189,
  "probes-setup": 0.000166,
  "probes-start": 7.9e-05,
  "run": 403.513938,
  "runner-cooldown": 2.00207
}