{
  "browser-setup": 3.271728,
  "browser-tear_down": 0.293699,
  "probes-creation": 0.000376,
  "probes-setup": 0.000159,
  "probes-start": 8.1e-05,
  "run": 114.666574,
  "runner-cooldown": 2.002066
}