{
  "Angular2-TypeScript-TodoMVC/Adding100Items/Async": 32.17088827904751,
  "Angular2-TypeScript-TodoMVC/Adding100Items/Sync": 42.61165322469367,
  "Angular2-TypeScript-TodoMVC/Adding100Items/total": 74.82578888488455,
  "Angular2-TypeScript-TodoMVC/CompletingAllItems/Async": 12.762404242466877,
  "Angular2-TypeScript-TodoMVC/CompletingAllItems/Sync": 8.385052051788387,
  "Angular2-TypeScript-TodoMVC/CompletingAllItems/total": 21.14812035893391,
  "Angular2-TypeScript-TodoMVC/DeletingItems/Async": 2.8933630482288315,
  "Angular2-TypeScript-TodoMVC/DeletingItems/Sync": 16.49818301383229,
  "Angular2-TypeScript-TodoMVC/DeletingItems/total": 19.39427385117897,
  "Angular2-TypeScript-TodoMVC/total": 115.37626542494588,
  "AngularJS-TodoMVC/Adding100Items/Async": 41.643701428882025,
  "AngularJS-TodoMVC/Adding100Items/Sync": 157.9995717460374,
  "AngularJS-TodoMVC/Adding100Items/total": 199.65630397560702,
  "AngularJS-TodoMVC/CompletingAllItems/Async": 26.00667463739879,
  "AngularJS-TodoMVC/CompletingAllItems/Sync": 55.13674403721912,
  "AngularJS-TodoMVC/CompletingAllItems/total": 81.23991943745722,
  "AngularJS-TodoMVC/DeletingAllItems/Async": 15.879482296790421,
  "AngularJS-TodoMVC/DeletingAllItems/Sync": 161.7261940537953,
  "AngularJS-TodoMVC/DeletingAllItems/total": 177.70306935270767,
  "AngularJS-TodoMVC/total": 458.7121829320733,
  "BackboneJS-TodoMVC/Adding100Items/Async": 41.61605046665053,
  "BackboneJS-TodoMVC/Adding100Items/Sync": 55.44485091490648,
  "BackboneJS-TodoMVC/Adding100Items/total": 97.27704332027565,
  "BackboneJS-TodoMVC/CompletingAllItems/Async": 30.55042015537148,
  "BackboneJS-TodoMVC/CompletingAllItems/Sync": 37.43986740578777,
  "BackboneJS-TodoMVC/CompletingAllItems/total": 68.08566025857705,
  "BackboneJS-TodoMVC/DeletingAllItems/Async": 4.693556789750014,
  "BackboneJS-TodoMVC/DeletingAllItems/Sync": 25.889576070240405,
  "BackboneJS-TodoMVC/DeletingAllItems/total": 31.07599892792214,
  "BackboneJS-TodoMVC/total": 196.5251098805499,
  "Elm-TodoMVC/Adding100Items/Async": 47.393082210284376,
  "Elm-TodoMVC/Adding100Items/Sync": 85.51142521094056,
  "Elm-TodoMVC/Adding100Items/total": 132.9734282165869,
  "Elm-TodoMVC/CompletingAllItems/Async": 29.833559883933926,
  "Elm-TodoMVC/CompletingAllItems/Sync": 81.67035189371785,
  "Elm-TodoMVC/CompletingAllItems/total": 111.531580475993,
  "Elm-TodoMVC/DeletingItems/Async": 9.075287516337825,
  "Elm-TodoMVC/DeletingItems/Sync": 100.78803291611258,
  "Elm-TodoMVC/DeletingItems/total": 109.99075142710988,
  "Elm-TodoMVC/total": 354.5379418530969,
  "EmberJS-Debug-TodoMVC/Adding100Items/Async": 45.86634181901046,
  "EmberJS-Debug-TodoMVC/Adding100Items/Sync": 736.7082746113992,
  "EmberJS-Debug-TodoMVC/Adding100Items/total": 783.2880762072622,
  "EmberJS-Debug-TodoMVC/CompletingAllItems/Async": 34.207458308772324,
  "EmberJS-Debug-TodoMVC/CompletingAllItems/Sync": 304.6671236316143,
  "EmberJS-Debug-TodoMVC/CompletingAllItems/total": 339.1865499524098,
  "EmberJS-Debug-TodoMVC/DeletingItems/Async": 11.158245176886382,
  "EmberJS-Debug-TodoMVC/DeletingItems/Sync": 288.18148800828476,
  "EmberJS-Debug-TodoMVC/DeletingItems/total": 302.7194403663842,
  "EmberJS-Debug-TodoMVC/total": 1431.903706243464,
  "EmberJS-TodoMVC/Adding100Items/Async": 34.351977276694804,
  "EmberJS-TodoMVC/Adding100Items/Sync": 149.50281598373536,
  "EmberJS-TodoMVC/Adding100Items/total": 183.96569600454038,
  "EmberJS-TodoMVC/CompletingAllItems/Async": 28.278543996073257,
  "EmberJS-TodoMVC/CompletingAllItems/Sync": 107.57198308170838,
  "EmberJS-TodoMVC/CompletingAllItems/total": 136.04591459025892,
  "EmberJS-TodoMVC/DeletingItems/Async": 3.5619132214027887,
  "EmberJS-TodoMVC/DeletingItems/Sync": 73.86613109436159,
  "EmberJS-TodoMVC/DeletingItems/total": 77.46029981321792,
  "EmberJS-TodoMVC/total": 398.4501713722735,
  "Flight-TodoMVC/Adding100Items/Async": 33.17325588723968,
  "Flight-TodoMVC/Adding100Items/Sync": 77.96967926382868,
  "Flight-TodoMVC/Adding100Items/total": 111.15865558428763,
  "Flight-TodoMVC/CompletingAllItems/Async": 24.897213294757176,
  "Flight-TodoMVC/CompletingAllItems/Sync": 85.28164161521029,
  "Flight-TodoMVC/CompletingAllItems/total": 110.1816017961638,
  "Flight-TodoMVC/DeletingItems/Async": 3.436291395674138,
  "Flight-TodoMVC/DeletingItems/Sync": 70.45307865167982,
  "Flight-TodoMVC/DeletingItems/total": 73.93049996477528,
  "Flight-TodoMVC/total": 295.2940596412948,
  "Inferno-TodoMVC/Adding100Items/Async": 37.961134478123036,
  "Inferno-TodoMVC/Adding100Items/Sync": 43.76852224376026,
  "Inferno-TodoMVC/Adding100Items/total": 81.81433425888437,
  "Inferno-TodoMVC/CompletingAllItems/Async": 6.394197294962679,
  "Inferno-TodoMVC/CompletingAllItems/Sync": 85.04980529326532,
  "Inferno-TodoMVC/CompletingAllItems/total": 91.45075078980314,
  "Inferno-TodoMVC/DeletingItems/Async": 3.5226925762682963,
  "Inferno-TodoMVC/DeletingItems/Sync": 200.87413174825306,
  "Inferno-TodoMVC/DeletingItems/total": 204.46251101019567,
  "Inferno-TodoMVC/total": 377.78383185332865,
  "Preact-TodoMVC/Adding100Items/Async": 37.45101167794419,
  "Preact-TodoMVC/Adding100Items/Sync": 4.839512217515352,
  "Preact-TodoMVC/Adding100Items/total": 42.294562229225484,
  "Preact-TodoMVC/CompletingAllItems/Async": 16.07388873761367,
  "Preact-TodoMVC/CompletingAllItems/Sync": 2.9121269465427084,
  "Preact-TodoMVC/CompletingAllItems/total": 18.989957890123552,
  "Preact-TodoMVC/DeletingItems/Async": 4.674389148748525,
  "Preact-TodoMVC/DeletingItems/Sync": 1.5987903036785918,
  "Preact-TodoMVC/DeletingItems/total": 6.279337762405556,
  "Preact-TodoMVC/total": 67.61323830831651,
  "React-Redux-TodoMVC/Adding100Items/Async": 33.85592042614709,
  "React-Redux-TodoMVC/Adding100Items/Sync": 138.65936311510274,
  "React-Redux-TodoMVC/Adding100Items/total": 172.72818013433803,
  "React-Redux-TodoMVC/CompletingAllItems/Async": 27.50751189546217,
  "React-Redux-TodoMVC/CompletingAllItems/Sync": 146.78977118017164,
  "React-Redux-TodoMVC/CompletingAllItems/total": 174.56584655151718,
  "React-Redux-TodoMVC/DeletingItems/Async": 3.7610177291443856,
  "React-Redux-TodoMVC/DeletingItems/Sync": 104.13241359658652,
  "React-Redux-TodoMVC/DeletingItems/total": 108.09628326911682,
  "React-Redux-TodoMVC/total": 457.97943134898935,
  "React-TodoMVC/Adding100Items/Async": 35.3210391214673,
  "React-TodoMVC/Adding100Items/Sync": 110.88760981564036,
  "React-TodoMVC/Adding100Items/total": 146.4558547133898,
  "React-TodoMVC/CompletingAllItems/Async": 27.73307557019738,
  "React-TodoMVC/CompletingAllItems/Sync": 63.66031927556173,
  "React-TodoMVC/CompletingAllItems/total": 91.40905738574999,
  "React-TodoMVC/DeletingAllItems/Async": 2.9923438380229763,
  "React-TodoMVC/DeletingAllItems/Sync": 48.601006660578804,
  "React-TodoMVC/DeletingAllItems/total": 51.64330607991594,
  "React-TodoMVC/total": 290.14453307360156,
  "Vanilla-ES2015-Babel-Webpack-TodoMVC/Adding100Items/Async": 37.29310619606852,
  "Vanilla-ES2015-Babel-Webpack-TodoMVC/Adding100Items/Sync": 299.39565740975416,
  "Vanilla-ES2015-Babel-Webpack-TodoMVC/Adding100Items/total": 337.1434231437888,
  "Vanilla-ES2015-Babel-Webpack-TodoMVC/CompletingAllItems/Async": 26.7442822954779,
  "Vanilla-ES2015-Babel-Webpack-TodoMVC/CompletingAllItems/Sync": 65.31408934259603,
  "Vanilla-ES2015-Babel-Webpack-TodoMVC/CompletingAllItems/total": 92.07659699783834,
  "Vanilla-ES2015-Babel-Webpack-TodoMVC/DeletingItems/Async": 3.2923053592285685,
  "Vanilla-ES2015-Babel-Webpack-TodoMVC/DeletingItems/Sync": 41.15665875516621,
  "Vanilla-ES2015-Babel-Webpack-TodoMVC/DeletingItems/total": 44.47660685286066,
  "Vanilla-ES2015-Babel-Webpack-TodoMVC/total": 473.7346079099483,
  "Vanilla-ES2015-TodoMVC/Adding100Items/Async": 34.746199339387395,
  "Vanilla-ES2015-TodoMVC/Adding100Items/Sync": 302.82073950225913,
  "Vanilla-ES2015-TodoMVC/Adding100Items/total": 337.6208493000673,
  "Vanilla-ES2015-TodoMVC/CompletingAllItems/Async": 26.623017217355837,