{
  "browser-setup": {
    "values": [
      3.276628,
      3.292628,
      3.298943,
      3.298993,
      3.251891,
      3.262187,
      3.278786,
      3.324908,
      3.317317,
      3.271728,
      3.27693,
      3.317622,
      3.299521,
      3.294302,
      3.298884,
      3.307789,
      3.289691,
      3.350426,
      3.32896,
      3.306342
    ],
    "min": 3.251891,
    "average": 3.2972238,
    "geomean": 3.2971417671354706,
    "max": 3.350426,
    "stddev": 0.02326782955842681,
    "stddevPercent": 0.7056794130391395
  },
  "browser-tear_down": {
    "values": [
      0.231065,
      0.294886,
      0.231892,
      0.23346,
      20.054235,
      0.297429,
      0.23303,
      0.303075,
      0.236027,
      0.293699,
      0.281328,
      0.232792,
      0.294748,
      0.295243,
      0.277944,
      0.297724,
      0.235221,
      0.283499,
      0.291559,
      20.048995
    ],
    "min": 0.231065,
    "average": 2.24739255,
    "geomean": 0.41194247127994665,
    "max": 20.054235,
    "stddev": 5.934805279420534,
    "stddevPercent": 264.07515142027745
  },
  "probes-creation": {
    "values": [
      0.000178,
      0.000203,
      0.000202,
      0.000197,
      0.000194,
      0.0002,
      0.000204,
      0.000214,
      0.000201,
      0.000376,
      0.000208,
      0.000198,
      0.0002,
      0.000206,
      0.000232,
      0.0002,
      0.000256,
      0.000183,
      0.000199,
      0.000189
    ],
    "min": 0.000178,
    "average": 0.000212,
    "geomean": 0.0002091014975143298,
    "max": 0.000376,
    "stddev": 4.094264280673635e-05,
    "stddevPercent": 19.31256736166809
  },
  "probes-setup": {
    "values": [
      0.000159,
      0.000172,
      0.000168,
      0.00017,
      0.000167,
      0.000166,
      0.000179,
      0.000167,
      0.000167,
      0.000159,
      0.000168,
      0.000168,
      0.000168,
      0.000175,
      0.000306,
      0.000172,
      0.00017,
      0.000154,
      0.000167,
      0.000166
    ],
    "min": 0.000154,
    "average": 0.00017439999999999998,
    "geomean": 0.0001725083296297964,
    "max": 0.000306,
    "stddev": 3.066333315215422e-05,
    "stddevPercent": 17.582186440455402
  },
  "probes-start": {
    "values": [
      8.3e-05,
      8.6e-05,
      8.3e-05,
      8.4e-05,
      8.6e-05,
      8e-05,
      7.9e-05,
      7.3e-05,
      8.1e-05,
      8.1e-05,
      7.8e-05,
      7.9e-05,
      7.8e-05,
      8e-05,
      7.9e-05,
      7.3e-05,
      7.9e-05,
      8.1e-05,
      8.2e-05,
      7.9e-05
    ],
    "min": 7.3e-05,
    "average": 8.020000000000001e-05,
    "geomean": 8.012952751398396e-05,
    "max": 8.6e-05,
    "stddev": 3.340658617698014e-06,
    "stddevPercent": 4.165409747753134
  },
  "run": {
    "values": [
      108.831639,
      110.473864,
      110.98699,
      113.356873,
      395.005362,
      110.385833,
      109.240576,
      110.555269,
      110.473387,
      114.666574,
      109.667312,
      109.635791,
      109.917602,
      109.538374,
      109.475222,
      113.589662,
      114.318109,
      110.56176,
      109.352713,
      403.513938
    ],
    "min": 108.831639,
    "average": 139.67734249999998,
    "geomean": 125.97423676964847,
    "max": 403.513938,
    "stddev": 86.55445314899394,
    "stddevPercent": 61.96742549636779
  },
  "runner-cooldown": {
    "values": [
      2.001847,
      2.002071,
      2.000606,
      2.001236,
      2.002072,
      2.00207,
      2.002073,
      2.001809,
      2.002077,
      2.002066,
      2.002629,
      2.00207,
      2.002073,
      2.00207,
      2.002417,
      2.00207,
      2.001217,
      2.002055,
      2.002074,
      2.00207
    ],
    "min": 2.000606,
    "average": 2.0019335999999996,
    "geomean": 2.001933553216652,
    "max": 2.002629,
    "stddev": 0.00043274881860036143,
    "stddevPercent": 0.021616542057157215
  }
}