{
  "browser-setup": 3.301198,
  "browser-tear_down": 0.225111,
  "probes-creation": 0.0002,
  "probes-setup": 0.000168,
  "probes-start": 8.7e-05,
  "run": 110.125017,
  "runner-cooldown": 2.002069
}