{
  "Angular2-TypeScript-TodoMVC/Adding100Items/Async": 31.68197110281625,
  "Angular2-TypeScript-TodoMVC/Adding100Items/Sync": 42.73959069130257,
  "Angular2-TypeScript-TodoMVC/Adding100Items/total": 74.46820245137133,
  "Angular2-TypeScript-TodoMVC/CompletingAllItems/Async": 12.87526780707908,
  "Angular2-TypeScript-TodoMVC/CompletingAllItems/Sync": 8.659282769562358,
  "Angular2-TypeScript-TodoMVC/CompletingAllItems/total": 21.54094864519677,
  "Angular2-TypeScript-TodoMVC/DeletingItems/Async": 2.6654791001609577,
  "Angular2-TypeScript-TodoMVC/DeletingItems/Sync": 16.152475915720878,
  "Angular2-TypeScript-TodoMVC/DeletingItems/total": 18.823767284323868,
  "Angular2-TypeScript-TodoMVC/total": 114.85830409846871,
  "AngularJS-TodoMVC/Adding100Items/Async": 43.17466232645806,
  "AngularJS-TodoMVC/Adding100Items/Sync": 192.7813108136108,
  "AngularJS-TodoMVC/Adding100Items/total": 236.43990964671332,
  "AngularJS-TodoMVC/CompletingAllItems/Async": 27.477715758264413,
  "AngularJS-TodoMVC/CompletingAllItems/Sync": 57.23002209086672,
  "AngularJS-TodoMVC/CompletingAllItems/total": 85.21106178257563,
  "AngularJS-TodoMVC/DeletingAllItems/Async": 14.482069006956308,
  "AngularJS-TodoMVC/DeletingAllItems/Sync": 182.4809041728229,
  "AngularJS-TodoMVC/DeletingAllItems/total": 197.04582315690558,
  "AngularJS-TodoMVC/total": 523.73266927967,
  "BackboneJS-TodoMVC/Adding100Items/Async": 36.65963183851571,
  "BackboneJS-TodoMVC/Adding100Items/Sync": 57.864239147045765,
  "BackboneJS-TodoMVC/Adding100Items/total": 94.67113581157598,
  "BackboneJS-TodoMVC/CompletingAllItems/Async": 27.72129176867789,
  "BackboneJS-TodoMVC/CompletingAllItems/Sync": 39.57443846552009,
  "BackboneJS-TodoMVC/CompletingAllItems/total": 67.38555330347343,
  "BackboneJS-TodoMVC/DeletingAllItems/Async": 3.2243628152349766,
  "BackboneJS-TodoMVC/DeletingAllItems/Sync": 27.16789501529477,
  "BackboneJS-TodoMVC/DeletingAllItems/total": 30.429065763462397,
  "BackboneJS-TodoMVC/total": 192.5555704569754,
  "Elm-TodoMVC/Adding100Items/Async": 47.64991923317288,
  "Elm-TodoMVC/Adding100Items/Sync": 97.89095031127769,
  "Elm-TodoMVC/Adding100Items/total": 146.93953652071147,
  "Elm-TodoMVC/CompletingAllItems/Async": 29.53791543152768,
  "Elm-TodoMVC/CompletingAllItems/Sync": 83.82283143733675,
  "Elm-TodoMVC/CompletingAllItems/total": 113.41311966056013,
  "Elm-TodoMVC/DeletingItems/Async": 9.130132258371695,
  "Elm-TodoMVC/DeletingItems/Sync": 114.68498428795799,
  "Elm-TodoMVC/DeletingItems/total": 124.07647450835286,
  "Elm-TodoMVC/total": 393.5857277978408,
  "EmberJS-Debug-TodoMVC/Adding100Items/Async": 39.53185023154933,
  "EmberJS-Debug-TodoMVC/Adding100Items/Sync": 403.0751289392121,
  "EmberJS-Debug-TodoMVC/Adding100Items/total": 442.71745282752244,
  "EmberJS-Debug-TodoMVC/CompletingAllItems/Async": 27.694695298319868,
  "EmberJS-Debug-TodoMVC/CompletingAllItems/Sync": 294.4935154775014,
  "EmberJS-Debug-TodoMVC/CompletingAllItems/total": 322.4322962448203,
  "EmberJS-Debug-TodoMVC/DeletingItems/Async": 5.520443866152702,
  "EmberJS-Debug-TodoMVC/DeletingItems/Sync": 293.35142055204784,
  "EmberJS-Debug-TodoMVC/DeletingItems/total": 300.5672026345493,
  "EmberJS-Debug-TodoMVC/total": 1070.7780569991676,
  "EmberJS-TodoMVC/Adding100Items/Async": 34.19113391870391,
  "EmberJS-TodoMVC/Adding100Items/Sync": 148.20050200090682,
  "EmberJS-TodoMVC/Adding100Items/total": 182.58436964146526,
  "EmberJS-TodoMVC/CompletingAllItems/Async": 26.06084554667522,
  "EmberJS-TodoMVC/CompletingAllItems/Sync": 95.1807627757684,
  "EmberJS-TodoMVC/CompletingAllItems/total": 121.26893347885797,
  "EmberJS-TodoMVC/DeletingItems/Async": 3.8293332349906297,
  "EmberJS-TodoMVC/DeletingItems/Sync": 70.13561339553513,
  "EmberJS-TodoMVC/DeletingItems/total": 74.40555386552879,
  "EmberJS-TodoMVC/total": 383.0901261369685,
  "Flight-TodoMVC/Adding100Items/Async": 32.50957545671059,
  "Flight-TodoMVC/Adding100Items/Sync": 79.67139530134313,
  "Flight-TodoMVC/Adding100Items/total": 112.19273909141724,
  "Flight-TodoMVC/CompletingAllItems/Async": 24.811539244114876,
  "Flight-TodoMVC/CompletingAllItems/Sync": 87.63068224446621,
  "Flight-TodoMVC/CompletingAllItems/total": 112.45715986395182,
  "Flight-TodoMVC/DeletingItems/Async": 2.884432390771982,
  "Flight-TodoMVC/DeletingItems/Sync": 71.48242177323804,
  "Flight-TodoMVC/DeletingItems/total": 74.37095731263042,
  "Flight-TodoMVC/total": 299.044263292157,
  "Inferno-TodoMVC/Adding100Items/Async": 37.79909977403298,
  "Inferno-TodoMVC/Adding100Items/Sync": 42.59201281226891,
  "Inferno-TodoMVC/Adding100Items/total": 80.53626571240942,
  "Inferno-TodoMVC/CompletingAllItems/Async": 6.911428224932149,
  "Inferno-TodoMVC/CompletingAllItems/Sync": 94.73743771460046,
  "Inferno-TodoMVC/CompletingAllItems/total": 101.68337228282992,
  "Inferno-TodoMVC/DeletingItems/Async": 3.6298450501856276,
  "Inferno-TodoMVC/DeletingItems/Sync": 215.78149188879271,
  "Inferno-TodoMVC/DeletingItems/total": 219.67372216845624,
  "Inferno-TodoMVC/total": 406.1747817735496,
  "Preact-TodoMVC/Adding100Items/Async": 37.01188129105401,
  "Preact-TodoMVC/Adding100Items/Sync": 4.9319710847662925,
  "Preact-TodoMVC/Adding100Items/total": 41.9529286604389,
  "Preact-TodoMVC/CompletingAllItems/Async": 17.765985615825635,
  "Preact-TodoMVC/CompletingAllItems/Sync": 3.022924639670052,
  "Preact-TodoMVC/CompletingAllItems/total": 20.834522879937737,
  "Preact-TodoMVC/DeletingItems/Async": 4.737881638360225,
  "Preact-TodoMVC/DeletingItems/Sync": 1.6186102338932187,
  "Preact-TodoMVC/DeletingItems/total": 6.3766575818918,
  "Preact-TodoMVC/total": 69.42419381586319,
  "React-Redux-TodoMVC/Adding100Items/Async": 33.76766577385851,
  "React-Redux-TodoMVC/Adding100Items/Sync": 134.42827430983345,
  "React-Redux-TodoMVC/Adding100Items/total": 168.34167346637025,
  "React-Redux-TodoMVC/CompletingAllItems/Async": 25.674517170880094,
  "React-Redux-TodoMVC/CompletingAllItems/Sync": 139.13170913319811,
  "React-Redux-TodoMVC/CompletingAllItems/total": 164.94743190871898,
  "React-Redux-TodoMVC/DeletingItems/Async": 4.495537136851466,
  "React-Redux-TodoMVC/DeletingItems/Sync": 96.70430287664189,
  "React-Redux-TodoMVC/DeletingItems/total": 101.53056152219862,
  "React-Redux-TodoMVC/total": 437.2859526050974,
  "React-TodoMVC/Adding100Items/Async": 34.53549103210014,
  "React-TodoMVC/Adding100Items/Sync": 109.15264275226244,
  "React-TodoMVC/Adding100Items/total": 143.79230423678953,
  "React-TodoMVC/CompletingAllItems/Async": 27.98671206511284,
  "React-TodoMVC/CompletingAllItems/Sync": 91.74501998221926,
  "React-TodoMVC/CompletingAllItems/total": 121.83308570178035,
  "React-TodoMVC/DeletingAllItems/Async": 4.416893866021595,
  "React-TodoMVC/DeletingAllItems/Sync": 48.82081808212727,
  "React-TodoMVC/DeletingAllItems/total": 54.77748588610177,
  "React-TodoMVC/total": 327.8287461619301,
  "Vanilla-ES2015-Babel-Webpack-TodoMVC/Adding100Items/Async": 35.01320073519509,
  "Vanilla-ES2015-Babel-Webpack-TodoMVC/Adding100Items/Sync": 298.8563974617245,
  "Vanilla-ES2015-Babel-Webpack-TodoMVC/Adding100Items/total": 334.1226356299473,
  "Vanilla-ES2015-Babel-Webpack-TodoMVC/CompletingAllItems/Async": 27.038202859684986,
  "Vanilla-ES2015-Babel-Webpack-TodoMVC/CompletingAllItems/Sync": 64.87742433438125,
  "Vanilla-ES2015-Babel-Webpack-TodoMVC/CompletingAllItems/total": 91.96394292948015,
  "Vanilla-ES2015-Babel-Webpack-TodoMVC/DeletingItems/Async": 3.3032961785374853,
  "Vanilla-ES2015-Babel-Webpack-TodoMVC/DeletingItems/Sync": 40.62081697168857,
  "Vanilla-ES2015-Babel-Webpack-TodoMVC/DeletingItems/total": 44.09005190423786,
  "Vanilla-ES2015-Babel-Webpack-TodoMVC/total": 470.29584619405705,
  "Vanilla-ES2015-TodoMVC/Adding100Items/Async": 33.759022127453214,
  "Vanilla-ES2015-TodoMVC/Adding100Items/Sync": 299.7149895415091,
  "Vanilla-ES2015-TodoMVC/Adding100Items/total": 333.4959130297068,
  "Vanilla-ES2015-TodoMVC/CompletingAllItems/Async": 26.131480932523893,