{
  "browser-setup": 3.954181,
  "browser-tear_down": 0.298098,
  "probes-creation": 0.000135,
  "probes-setup": 0.000109,
  "probes-start": 5.9e-05,
  "run": 136.060152,
  "runner-cooldown": 2.002052
}