{
  "Angular2-TypeScript-TodoMVC/Adding100Items/Async": 38.085651384070445,
  "Angular2-TypeScript-TodoMVC/Adding100Items/Sync": 59.81337246930888,
  "Angular2-TypeScript-TodoMVC/Adding100Items/total": 97.93178847062049,
  "Angular2-TypeScript-TodoMVC/CompletingAllItems/Async": 17.71159101333916,
  "Angular2-TypeScript-TodoMVC/CompletingAllItems/Sync": 10.314153326381259,
  "Angular2-TypeScript-TodoMVC/CompletingAllItems/total": 28.048271175653205,
  "Angular2-TypeScript-TodoMVC/DeletingItems/Async": 3.801899211602469,
  "Angular2-TypeScript-TodoMVC/DeletingItems/Sync": 18.92188073283049,
  "Angular2-TypeScript-TodoMVC/DeletingItems/total": 22.743759505493042,
  "Angular2-TypeScript-TodoMVC/total": 148.77064273982023,
  "AngularJS-TodoMVC/Adding100Items/Async": 55.43581492956628,
  "AngularJS-TodoMVC/Adding100Items/Sync": 284.2230676425498,
  "AngularJS-TodoMVC/Adding100Items/total": 340.50158674682154,
  "AngularJS-TodoMVC/CompletingAllItems/Async": 34.10949268449021,
  "AngularJS-TodoMVC/CompletingAllItems/Sync": 86.34535653325621,
  "AngularJS-TodoMVC/CompletingAllItems/total": 120.6446083053367,
  "AngularJS-TodoMVC/DeletingAllItems/Async": 16.770929129530828,
  "AngularJS-TodoMVC/DeletingAllItems/Sync": 246.05480065429538,
  "AngularJS-TodoMVC/DeletingAllItems/total": 263.01457139316017,
  "AngularJS-TodoMVC/total": 725.1858129170264,
  "BackboneJS-TodoMVC/Adding100Items/Async": 45.599307738847806,
  "BackboneJS-TodoMVC/Adding100Items/Sync": 108.58659578059435,
  "BackboneJS-TodoMVC/Adding100Items/total": 154.77834636246874,
  "BackboneJS-TodoMVC/CompletingAllItems/Async": 33.96722111359783,
  "BackboneJS-TodoMVC/CompletingAllItems/Sync": 59.428204728211625,
  "BackboneJS-TodoMVC/CompletingAllItems/total": 93.56882975053404,
  "BackboneJS-TodoMVC/DeletingAllItems/Async": 5.032839413194117,
  "BackboneJS-TodoMVC/DeletingAllItems/Sync": 30.863137186067892,
  "BackboneJS-TodoMVC/DeletingAllItems/total": 35.918988156958925,
  "BackboneJS-TodoMVC/total": 284.5703937148973,
  "Elm-TodoMVC/Adding100Items/Async": 53.84610156407325,
  "Elm-TodoMVC/Adding100Items/Sync": 200.8746446219804,
  "Elm-TodoMVC/Adding100Items/total": 263.6486291621769,
  "Elm-TodoMVC/CompletingAllItems/Async": 40.99513900039625,
  "Elm-TodoMVC/CompletingAllItems/Sync": 136.91271061586718,
  "Elm-TodoMVC/CompletingAllItems/total": 178.10131518585,
  "Elm-TodoMVC/DeletingItems/Async": 10.72666350731095,
  "Elm-TodoMVC/DeletingItems/Sync": 310.88068108545576,
  "Elm-TodoMVC/DeletingItems/total": 322.7736617442768,
  "Elm-TodoMVC/total": 848.4716699178903,
  "EmberJS-Debug-TodoMVC/Adding100Items/Async": 45.46975030099143,
  "EmberJS-Debug-TodoMVC/Adding100Items/Sync": 586.1659987792626,
  "EmberJS-Debug-TodoMVC/Adding100Items/total": 631.7565497492643,
  "EmberJS-Debug-TodoMVC/CompletingAllItems/Async": 32.19566299757827,
  "EmberJS-Debug-TodoMVC/CompletingAllItems/Sync": 357.8088824994069,
  "EmberJS-Debug-TodoMVC/CompletingAllItems/total": 390.0223512785984,
  "EmberJS-Debug-TodoMVC/DeletingItems/Async": 4.517548413384414,
  "EmberJS-Debug-TodoMVC/DeletingItems/Sync": 373.6438518254308,
  "EmberJS-Debug-TodoMVC/DeletingItems/total": 378.172240714652,
  "EmberJS-Debug-TodoMVC/total": 1400.2747092667921,
  "EmberJS-TodoMVC/Adding100Items/Async": 43.79958047418565,
  "EmberJS-TodoMVC/Adding100Items/Sync": 219.79884104717834,
  "EmberJS-TodoMVC/Adding100Items/total": 263.8283323739362,
  "EmberJS-TodoMVC/CompletingAllItems/Async": 37.27258206426454,
  "EmberJS-TodoMVC/CompletingAllItems/Sync": 122.17760851272828,
  "EmberJS-TodoMVC/CompletingAllItems/total": 159.88885765179745,
  "EmberJS-TodoMVC/DeletingItems/Async": 4.666766546308468,
  "EmberJS-TodoMVC/DeletingItems/Sync": 84.69982463063484,
  "EmberJS-TodoMVC/DeletingItems/total": 89.46553302100811,
  "EmberJS-TodoMVC/total": 513.7822661146364,
  "Flight-TodoMVC/Adding100Items/Async": 40.82403973376397,
  "Flight-TodoMVC/Adding100Items/Sync": 117.23391684066064,
  "Flight-TodoMVC/Adding100Items/total": 158.28367388462016,
  "Flight-TodoMVC/CompletingAllItems/Async": 32.613440056612106,
  "Flight-TodoMVC/CompletingAllItems/Sync": 124.49190401449833,
  "Flight-TodoMVC/CompletingAllItems/total": 157.24184378483676,
  "Flight-TodoMVC/DeletingItems/Async": 4.899263628384301,
  "Flight-TodoMVC/DeletingItems/Sync": 109.75956747942085,
  "Flight-TodoMVC/DeletingItems/total": 115.04404630365619,
  "Flight-TodoMVC/total": 430.66568330711175,
  "Inferno-TodoMVC/Adding100Items/Async": 45.24209999365475,
  "Inferno-TodoMVC/Adding100Items/Sync": 58.291118300514015,
  "Inferno-TodoMVC/Adding100Items/total": 103.97820985978991,
  "Inferno-TodoMVC/CompletingAllItems/Async": 9.923301807562659,
  "Inferno-TodoMVC/CompletingAllItems/Sync": 116.35902785569594,
  "Inferno-TodoMVC/CompletingAllItems/total": 126.80154045153152,
  "Inferno-TodoMVC/DeletingItems/Async": 4.050248254525241,
  "Inferno-TodoMVC/DeletingItems/Sync": 246.49752890792456,
  "Inferno-TodoMVC/DeletingItems/total": 250.5908495810739,
  "Inferno-TodoMVC/total": 481.8947601152969,
  "Preact-TodoMVC/Adding100Items/Async": 64.05904234893869,
  "Preact-TodoMVC/Adding100Items/Sync": 10.624723875534496,
  "Preact-TodoMVC/Adding100Items/total": 74.7333842189488,
  "Preact-TodoMVC/CompletingAllItems/Async": 24.928439839851457,
  "Preact-TodoMVC/CompletingAllItems/Sync": 3.865276472786429,
  "Preact-TodoMVC/CompletingAllItems/total": 28.84931118994991,
  "Preact-TodoMVC/DeletingItems/Async": 7.808013365835308,
  "Preact-TodoMVC/DeletingItems/Sync": 2.28546033675509,
  "Preact-TodoMVC/DeletingItems/total": 10.095924459013709,
  "Preact-TodoMVC/total": 114.7211928049815,
  "React-Redux-TodoMVC/Adding100Items/Async": 42.15187865985855,
  "React-Redux-TodoMVC/Adding100Items/Sync": 197.93128113637158,
  "React-Redux-TodoMVC/Adding100Items/total": 240.329782833024,
  "React-Redux-TodoMVC/CompletingAllItems/Async": 31.659800152449787,
  "React-Redux-TodoMVC/CompletingAllItems/Sync": 172.59428863905208,
  "React-Redux-TodoMVC/CompletingAllItems/total": 204.28597229848947,
  "React-Redux-TodoMVC/DeletingItems/Async": 4.282328225597616,
  "React-Redux-TodoMVC/DeletingItems/Sync": 113.28024252268237,
  "React-Redux-TodoMVC/DeletingItems/total": 117.61686849245262,
  "React-Redux-TodoMVC/total": 562.4842584575772,
  "React-TodoMVC/Adding100Items/Async": 42.968064330370716,
  "React-TodoMVC/Adding100Items/Sync": 151.0124080994408,
  "React-TodoMVC/Adding100Items/total": 194.12625462669084,
  "React-TodoMVC/CompletingAllItems/Async": 33.09635509821703,
  "React-TodoMVC/CompletingAllItems/Sync": 86.14684776206865,
  "React-TodoMVC/CompletingAllItems/total": 119.3362933305485,
  "React-TodoMVC/DeletingAllItems/Async": 4.5570108433705245,
  "React-TodoMVC/DeletingAllItems/Sync": 55.64891563395269,
  "React-TodoMVC/DeletingAllItems/total": 60.3659286739074,
  "React-TodoMVC/total": 374.2567854834097,
  "Vanilla-ES2015-Babel-Webpack-TodoMVC/Adding100Items/Async": 39.77884629872695,
  "Vanilla-ES2015-Babel-Webpack-TodoMVC/Adding100Items/Sync": 343.8309344942539,
  "Vanilla-ES2015-Babel-Webpack-TodoMVC/Adding100Items/total": 383.6880740025157,
  "Vanilla-ES2015-Babel-Webpack-TodoMVC/CompletingAllItems/Async": 31.144092760840522,
  "Vanilla-ES2015-Babel-Webpack-TodoMVC/CompletingAllItems/Sync": 78.35894833581193,
  "Vanilla-ES2015-Babel-Webpack-TodoMVC/CompletingAllItems/total": 109.52503242923144,
  "Vanilla-ES2015-Babel-Webpack-TodoMVC/DeletingItems/Async": 4.394224405328279,
  "Vanilla-ES2015-Babel-Webpack-TodoMVC/DeletingItems/Sync": 52.855943742902454,
  "Vanilla-ES2015-Babel-Webpack-TodoMVC/DeletingItems/total": 57.27909885686151,
  "Vanilla-ES2015-Babel-Webpack-TodoMVC/total": 550.7204144503781,
  "Vanilla-ES2015-TodoMVC/Adding100Items/Async": 38.13180727196952,
  "Vanilla-ES2015-TodoMVC/Adding100Items/Sync": 355.17220726517303,
  "Vanilla-ES2015-TodoMVC/Adding100Items/total": 393.3275712873042,
  "Vanilla-ES2015-TodoMVC/CompletingAllItems/Async": 31.64654338406401,