{
  "browser-setup": 3.297457,
  "browser-tear_down": 0.227183,
  "probes-creation": 0.000201,
  "probes-setup": 0.00017,
  "probes-start": 7.8e-05,
  "run": 110.22789,
  "runner-cooldown": 2.000904
}