{
  "Angular2-TypeScript-TodoMVC/Adding100Items/Async": 31.743502916711368,
  "Angular2-TypeScript-TodoMVC/Adding100Items/Sync": 41.92656297062973,
  "Angular2-TypeScript-TodoMVC/Adding100Items/total": 73.71368005083023,
  "Angular2-TypeScript-TodoMVC/CompletingAllItems/Async": 13.123287576802529,
  "Angular2-TypeScript-TodoMVC/CompletingAllItems/Sync": 8.625056185191045,
  "Angular2-TypeScript-TodoMVC/CompletingAllItems/total": 21.75057201199524,
  "Angular2-TypeScript-TodoMVC/DeletingItems/Async": 2.7210666863032573,
  "Angular2-TypeScript-TodoMVC/DeletingItems/Sync": 16.367511608407668,
  "Angular2-TypeScript-TodoMVC/DeletingItems/total": 19.09343610022161,
  "Angular2-TypeScript-TodoMVC/total": 114.58754288010891,
  "AngularJS-TodoMVC/Adding100Items/Async": 41.46161562095188,
  "AngularJS-TodoMVC/Adding100Items/Sync": 154.65290854601145,
  "AngularJS-TodoMVC/Adding100Items/total": 196.18830319142248,
  "AngularJS-TodoMVC/CompletingAllItems/Async": 26.59942274012181,
  "AngularJS-TodoMVC/CompletingAllItems/Sync": 59.643341975734856,
  "AngularJS-TodoMVC/CompletingAllItems/total": 86.5244739385808,
  "AngularJS-TodoMVC/DeletingAllItems/Async": 14.456845499599728,
  "AngularJS-TodoMVC/DeletingAllItems/Sync": 159.61630425355972,
  "AngularJS-TodoMVC/DeletingAllItems/total": 174.22274763292148,
  "AngularJS-TodoMVC/total": 458.90324512409484,
  "BackboneJS-TodoMVC/Adding100Items/Async": 38.37356785644018,
  "BackboneJS-TodoMVC/Adding100Items/Sync": 62.266597727021534,
  "BackboneJS-TodoMVC/Adding100Items/total": 101.24955435882346,
  "BackboneJS-TodoMVC/CompletingAllItems/Async": 28.819201700366207,
  "BackboneJS-TodoMVC/CompletingAllItems/Sync": 38.34405563389732,
  "BackboneJS-TodoMVC/CompletingAllItems/total": 67.19946067425668,
  "BackboneJS-TodoMVC/DeletingAllItems/Async": 3.2052786774692135,
  "BackboneJS-TodoMVC/DeletingAllItems/Sync": 26.083051332036685,
  "BackboneJS-TodoMVC/DeletingAllItems/total": 29.29511204959087,
  "BackboneJS-TodoMVC/total": 198.96526369183138,
  "Elm-TodoMVC/Adding100Items/Async": 49.166371516581556,
  "Elm-TodoMVC/Adding100Items/Sync": 104.3364340270213,
  "Elm-TodoMVC/Adding100Items/total": 154.99315718290583,
  "Elm-TodoMVC/CompletingAllItems/Async": 31.245160545452745,
  "Elm-TodoMVC/CompletingAllItems/Sync": 97.41555953555805,
  "Elm-TodoMVC/CompletingAllItems/total": 129.18334441749784,
  "Elm-TodoMVC/DeletingItems/Async": 9.831939835489445,
  "Elm-TodoMVC/DeletingItems/Sync": 110.22044680891423,
  "Elm-TodoMVC/DeletingItems/total": 121.0389213796444,
  "Elm-TodoMVC/total": 414.03763125508164,
  "EmberJS-Debug-TodoMVC/Adding100Items/Async": 39.79266704632907,
  "EmberJS-Debug-TodoMVC/Adding100Items/Sync": 398.59833420133015,
  "EmberJS-Debug-TodoMVC/Adding100Items/total": 438.407893789195,
  "EmberJS-Debug-TodoMVC/CompletingAllItems/Async": 30.33061585425999,
  "EmberJS-Debug-TodoMVC/CompletingAllItems/Sync": 303.5372772233097,
  "EmberJS-Debug-TodoMVC/CompletingAllItems/total": 334.0542824578803,
  "EmberJS-Debug-TodoMVC/DeletingItems/Async": 7.118245791751655,
  "EmberJS-Debug-TodoMVC/DeletingItems/Sync": 291.97262757900273,
  "EmberJS-Debug-TodoMVC/DeletingItems/total": 300.41031262139984,
  "EmberJS-Debug-TodoMVC/total": 1081.8100092871466,
  "EmberJS-TodoMVC/Adding100Items/Async": 34.136795681434,
  "EmberJS-TodoMVC/Adding100Items/Sync": 137.70299087991356,
  "EmberJS-TodoMVC/Adding100Items/total": 171.90872570352954,
  "EmberJS-TodoMVC/CompletingAllItems/Async": 26.49839588172348,
  "EmberJS-TodoMVC/CompletingAllItems/Sync": 100.93962433871117,
  "EmberJS-TodoMVC/CompletingAllItems/total": 127.67828124568561,
  "EmberJS-TodoMVC/DeletingItems/Async": 4.208039109032216,
  "EmberJS-TodoMVC/DeletingItems/Sync": 62.56043590248254,
  "EmberJS-TodoMVC/DeletingItems/total": 68.03523469865074,
  "EmberJS-TodoMVC/total": 369.54786121175243,
  "Flight-TodoMVC/Adding100Items/Async": 33.16212077641095,
  "Flight-TodoMVC/Adding100Items/Sync": 79.32526039410065,
  "Flight-TodoMVC/Adding100Items/total": 112.49631414358373,
  "Flight-TodoMVC/CompletingAllItems/Async": 25.395685319872413,
  "Flight-TodoMVC/CompletingAllItems/Sync": 90.9793239785394,
  "Flight-TodoMVC/CompletingAllItems/total": 116.48588118353653,
  "Flight-TodoMVC/DeletingItems/Async": 3.6248076263372746,
  "Flight-TodoMVC/DeletingItems/Sync": 87.97140042225264,
  "Flight-TodoMVC/DeletingItems/total": 91.60593787386352,
  "Flight-TodoMVC/total": 325.40438634195505,
  "Inferno-TodoMVC/Adding100Items/Async": 38.132754088877,
  "Inferno-TodoMVC/Adding100Items/Sync": 43.72914271135422,
  "Inferno-TodoMVC/Adding100Items/total": 81.9982600370864,
  "Inferno-TodoMVC/CompletingAllItems/Async": 7.4802817231779635,
  "Inferno-TodoMVC/CompletingAllItems/Sync": 96.00681220951455,
  "Inferno-TodoMVC/CompletingAllItems/total": 103.65581130600104,
  "Inferno-TodoMVC/DeletingItems/Async": 3.6257361899180434,
  "Inferno-TodoMVC/DeletingItems/Sync": 220.07352609979668,
  "Inferno-TodoMVC/DeletingItems/total": 223.98466680486928,
  "Inferno-TodoMVC/total": 413.67228672527136,
  "Preact-TodoMVC/Adding100Items/Async": 38.03639205306135,
  "Preact-TodoMVC/Adding100Items/Sync": 5.166115546822879,
  "Preact-TodoMVC/Adding100Items/total": 43.21969618435348,
  "Preact-TodoMVC/CompletingAllItems/Async": 16.645645502494204,
  "Preact-TodoMVC/CompletingAllItems/Sync": 3.276889251241515,
  "Preact-TodoMVC/CompletingAllItems/total": 19.934185793314168,
  "Preact-TodoMVC/DeletingItems/Async": 5.0210936814977645,
  "Preact-TodoMVC/DeletingItems/Sync": 1.7363239451830925,
  "Preact-TodoMVC/DeletingItems/total": 6.774506076534572,
  "Preact-TodoMVC/total": 69.98488345435469,
  "React-Redux-TodoMVC/Adding100Items/Async": 35.82607305488774,
  "React-Redux-TodoMVC/Adding100Items/Sync": 147.92618442927193,
  "React-Redux-TodoMVC/Adding100Items/total": 184.25355515419477,
  "React-Redux-TodoMVC/CompletingAllItems/Async": 27.339340253066617,
  "React-Redux-TodoMVC/CompletingAllItems/Sync": 141.84222260703982,
  "React-Redux-TodoMVC/CompletingAllItems/total": 169.38781090118758,
  "React-Redux-TodoMVC/DeletingItems/Async": 5.746183691207142,
  "React-Redux-TodoMVC/DeletingItems/Sync": 89.53730601405042,
  "React-Redux-TodoMVC/DeletingItems/total": 96.45656718365765,
  "React-Redux-TodoMVC/total": 455.36949219890295,
  "React-TodoMVC/Adding100Items/Async": 34.773601862080085,
  "React-TodoMVC/Adding100Items/Sync": 107.43605972785586,
  "React-TodoMVC/Adding100Items/total": 142.3208084743435,
  "React-TodoMVC/CompletingAllItems/Async": 27.125173389550007,
  "React-TodoMVC/CompletingAllItems/Sync": 71.45796319726396,
  "React-TodoMVC/CompletingAllItems/total": 99.29847980550971,
  "React-TodoMVC/DeletingAllItems/Async": 3.1174682907091276,
  "React-TodoMVC/DeletingAllItems/Sync": 46.85922113905898,
  "React-TodoMVC/DeletingAllItems/total": 50.138067356612616,
  "React-TodoMVC/total": 294.669734015891,
  "Vanilla-ES2015-Babel-Webpack-TodoMVC/Adding100Items/Async": 34.38406183619376,
  "Vanilla-ES2015-Babel-Webpack-TodoMVC/Adding100Items/Sync": 297.22436186437756,
  "Vanilla-ES2015-Babel-Webpack-TodoMVC/Adding100Items/total": 331.62991687752395,
  "Vanilla-ES2015-Babel-Webpack-TodoMVC/CompletingAllItems/Async": 26.430172182070397,
  "Vanilla-ES2015-Babel-Webpack-TodoMVC/CompletingAllItems/Sync": 63.057527090549364,
  "Vanilla-ES2015-Babel-Webpack-TodoMVC/CompletingAllItems/total": 89.49635548608147,
  "Vanilla-ES2015-Babel-Webpack-TodoMVC/DeletingItems/Async": 2.8808423401909398,
  "Vanilla-ES2015-Babel-Webpack-TodoMVC/DeletingItems/Sync": 39.80626074787909,
  "Vanilla-ES2015-Babel-Webpack-TodoMVC/DeletingItems/total": 42.69503634723895,
  "Vanilla-ES2015-Babel-Webpack-TodoMVC/total": 463.832246222913,
  "Vanilla-ES2015-TodoMVC/Adding100Items/Async": 34.62836724525812,
  "Vanilla-ES2015-TodoMVC/Adding100Items/Sync": 303.0723181986551,
  "Vanilla-ES2015-TodoMVC/Adding100Items/total": 337.70268150976375,
  "Vanilla-ES2015-TodoMVC/CompletingAllItems/Async": 26.539573515998015,