{
  "browser-setup": 3.289903,
  "browser-tear_down": 0.288925,
  "probes-creation": 0.000199,
  "probes-setup": 0.000165,
  "probes-start": 8e-05,
  "run": 111.746504,
  "runner-cooldown": 2.002096
}