{
  "Angular2-TypeScript-TodoMVC/Adding100Items/Async": 32.206566355561186,
  "Angular2-TypeScript-TodoMVC/Adding100Items/Sync": 42.468834705540225,
  "Angular2-TypeScript-TodoMVC/Adding100Items/total": 74.76142531962991,
  "Angular2-TypeScript-TodoMVC/CompletingAllItems/Async": 13.085946359157093,
  "Angular2-TypeScript-TodoMVC/CompletingAllItems/Sync": 8.802189217318087,
  "Angular2-TypeScript-TodoMVC/CompletingAllItems/total": 21.891179792897088,
  "Angular2-TypeScript-TodoMVC/DeletingItems/Async": 2.6146697533233425,
  "Angular2-TypeScript-TodoMVC/DeletingItems/Sync": 16.245250099208757,
  "Angular2-TypeScript-TodoMVC/DeletingItems/total": 18.86505952993781,
  "Angular2-TypeScript-TodoMVC/total": 115.5629599015761,
  "AngularJS-TodoMVC/Adding100Items/Async": 40.57466337499759,
  "AngularJS-TodoMVC/Adding100Items/Sync": 152.52621954319196,
  "AngularJS-TodoMVC/Adding100Items/total": 193.1086943683431,
  "AngularJS-TodoMVC/CompletingAllItems/Async": 22.95146104240713,
  "AngularJS-TodoMVC/CompletingAllItems/Sync": 55.02021687599407,
  "AngularJS-TodoMVC/CompletingAllItems/total": 78.10296294186544,
  "AngularJS-TodoMVC/DeletingAllItems/Async": 16.931472294098295,
  "AngularJS-TodoMVC/DeletingAllItems/Sync": 162.11029879340458,
  "AngularJS-TodoMVC/DeletingAllItems/total": 183.572345545643,
  "AngularJS-TodoMVC/total": 455.7449067082035,
  "BackboneJS-TodoMVC/Adding100Items/Async": 36.557196758019856,
  "BackboneJS-TodoMVC/Adding100Items/Sync": 55.12483353950804,
  "BackboneJS-TodoMVC/Adding100Items/total": 91.69402175039977,
  "BackboneJS-TodoMVC/CompletingAllItems/Async": 27.78979546926215,
  "BackboneJS-TodoMVC/CompletingAllItems/Sync": 37.62891168059719,
  "BackboneJS-TodoMVC/CompletingAllItems/total": 65.42021592895655,
  "BackboneJS-TodoMVC/DeletingAllItems/Async": 3.347943467212851,
  "BackboneJS-TodoMVC/DeletingAllItems/Sync": 25.49073249828885,
  "BackboneJS-TodoMVC/DeletingAllItems/total": 28.863487304106016,
  "BackboneJS-TodoMVC/total": 186.0069506950325,
  "Elm-TodoMVC/Adding100Items/Async": 48.46484399314891,
  "Elm-TodoMVC/Adding100Items/Sync": 126.7161433313591,
  "Elm-TodoMVC/Adding100Items/total": 178.06971043747333,
  "Elm-TodoMVC/CompletingAllItems/Async": 32.522642196223934,
  "Elm-TodoMVC/CompletingAllItems/Sync": 102.73500837381629,
  "Elm-TodoMVC/CompletingAllItems/total": 136.63188794217643,
  "Elm-TodoMVC/DeletingItems/Async": 13.166407907752928,
  "Elm-TodoMVC/DeletingItems/Sync": 96.74424715809155,
  "Elm-TodoMVC/DeletingItems/total": 111.75612584446692,
  "Elm-TodoMVC/total": 441.5967921809102,
  "EmberJS-Debug-TodoMVC/Adding100Items/Async": 38.70731580964725,
  "EmberJS-Debug-TodoMVC/Adding100Items/Sync": 410.7154207611551,
  "EmberJS-Debug-TodoMVC/Adding100Items/total": 449.479623335756,
  "EmberJS-Debug-TodoMVC/CompletingAllItems/Async": 28.33327724427103,
  "EmberJS-Debug-TodoMVC/CompletingAllItems/Sync": 312.0196410195573,
  "EmberJS-Debug-TodoMVC/CompletingAllItems/total": 340.4793333333357,
  "EmberJS-Debug-TodoMVC/DeletingItems/Async": 7.760204073358115,
  "EmberJS-Debug-TodoMVC/DeletingItems/Sync": 301.2327253102588,
  "EmberJS-Debug-TodoMVC/DeletingItems/total": 310.05360323532943,
  "EmberJS-Debug-TodoMVC/total": 1108.7092260432962,
  "EmberJS-TodoMVC/Adding100Items/Async": 33.6989501920925,
  "EmberJS-TodoMVC/Adding100Items/Sync": 141.17375860650603,
  "EmberJS-TodoMVC/Adding100Items/total": 174.9070187151346,
  "EmberJS-TodoMVC/CompletingAllItems/Async": 25.207253338405536,
  "EmberJS-TodoMVC/CompletingAllItems/Sync": 93.59809927516385,
  "EmberJS-TodoMVC/CompletingAllItems/total": 118.81951081197138,
  "EmberJS-TodoMVC/DeletingItems/Async": 3.695551177370783,
  "EmberJS-TodoMVC/DeletingItems/Sync": 62.67387463212657,
  "EmberJS-TodoMVC/DeletingItems/total": 68.21109464314624,
  "EmberJS-TodoMVC/total": 362.5106120557019,
  "Flight-TodoMVC/Adding100Items/Async": 32.1332634514303,
  "Flight-TodoMVC/Adding100Items/Sync": 77.78286490637251,
  "Flight-TodoMVC/Adding100Items/total": 109.92282669967236,
  "Flight-TodoMVC/CompletingAllItems/Async": 24.397303637883706,
  "Flight-TodoMVC/CompletingAllItems/Sync": 85.14037528120038,
  "Flight-TodoMVC/CompletingAllItems/total": 109.5391076278486,
  "Flight-TodoMVC/DeletingItems/Async": 2.819360279060291,
  "Flight-TodoMVC/DeletingItems/Sync": 69.25038754501489,
  "Flight-TodoMVC/DeletingItems/total": 72.07042099000188,
  "Flight-TodoMVC/total": 291.53706972065487,
  "Inferno-TodoMVC/Adding100Items/Async": 37.557758536544554,
  "Inferno-TodoMVC/Adding100Items/Sync": 42.2500341866712,
  "Inferno-TodoMVC/Adding100Items/total": 79.92318584714558,
  "Inferno-TodoMVC/CompletingAllItems/Async": 6.245716956295458,
  "Inferno-TodoMVC/CompletingAllItems/Sync": 85.52519125848842,
  "Inferno-TodoMVC/CompletingAllItems/total": 91.77959850468858,
  "Inferno-TodoMVC/DeletingItems/Async": 2.8158809588079246,
  "Inferno-TodoMVC/DeletingItems/Sync": 203.83965233185296,
  "Inferno-TodoMVC/DeletingItems/total": 206.66002127776935,
  "Inferno-TodoMVC/total": 378.411613736047,
  "Preact-TodoMVC/Adding100Items/Async": 37.23147496837519,
  "Preact-TodoMVC/Adding100Items/Sync": 4.8929679925894645,
  "Preact-TodoMVC/Adding100Items/total": 42.134869424214024,
  "Preact-TodoMVC/CompletingAllItems/Async": 16.41133466767669,
  "Preact-TodoMVC/CompletingAllItems/Sync": 2.960566419887201,
  "Preact-TodoMVC/CompletingAllItems/total": 19.386799719966675,
  "Preact-TodoMVC/DeletingItems/Async": 4.281594174961316,
  "Preact-TodoMVC/DeletingItems/Sync": 1.593490091570739,
  "Preact-TodoMVC/DeletingItems/total": 5.882776600631507,
  "Preact-TodoMVC/total": 67.44490755388726,
  "React-Redux-TodoMVC/Adding100Items/Async": 33.88041502161596,
  "React-Redux-TodoMVC/Adding100Items/Sync": 142.89751687706382,
  "React-Redux-TodoMVC/Adding100Items/total": 177.1492107607746,
  "React-Redux-TodoMVC/CompletingAllItems/Async": 27.475930278126075,
  "React-Redux-TodoMVC/CompletingAllItems/Sync": 168.7249266308763,
  "React-Redux-TodoMVC/CompletingAllItems/total": 196.78350324409124,
  "React-Redux-TodoMVC/DeletingItems/Async": 5.3285144463583345,
  "React-Redux-TodoMVC/DeletingItems/Sync": 92.00216776700528,
  "React-Redux-TodoMVC/DeletingItems/total": 98.04922231512464,
  "React-Redux-TodoMVC/total": 478.73399449028966,
  "React-TodoMVC/Adding100Items/Async": 33.775818400979716,
  "React-TodoMVC/Adding100Items/Sync": 108.16300307043694,
  "React-TodoMVC/Adding100Items/total": 142.12985029650787,
  "React-TodoMVC/CompletingAllItems/Async": 27.412335632474747,
  "React-TodoMVC/CompletingAllItems/Sync": 70.50326630582674,
  "React-TodoMVC/CompletingAllItems/total": 98.58019133937971,
  "React-TodoMVC/DeletingAllItems/Async": 3.0957730755373802,
  "React-TodoMVC/DeletingAllItems/Sync": 46.8060706985751,
  "React-TodoMVC/DeletingAllItems/total": 50.10252724115553,
  "React-TodoMVC/total": 293.66207802770225,
  "Vanilla-ES2015-Babel-Webpack-TodoMVC/Adding100Items/Async": 34.68863009964504,
  "Vanilla-ES2015-Babel-Webpack-TodoMVC/Adding100Items/Sync": 303.44222020535506,
  "Vanilla-ES2015-Babel-Webpack-TodoMVC/Adding100Items/total": 338.18268737050516,
  "Vanilla-ES2015-Babel-Webpack-TodoMVC/CompletingAllItems/Async": 24.609658726488792,
  "Vanilla-ES2015-Babel-Webpack-TodoMVC/CompletingAllItems/Sync": 64.16198669935186,
  "Vanilla-ES2015-Babel-Webpack-TodoMVC/CompletingAllItems/total": 88.79742344883456,
  "Vanilla-ES2015-Babel-Webpack-TodoMVC/DeletingItems/Async": 3.2259833281143875,
  "Vanilla-ES2015-Babel-Webpack-TodoMVC/DeletingItems/Sync": 40.47878433388168,
  "Vanilla-ES2015-Babel-Webpack-TodoMVC/DeletingItems/total": 44.06124042767708,
  "Vanilla-ES2015-Babel-Webpack-TodoMVC/total": 471.22635586282524,
  "Vanilla-ES2015-TodoMVC/Adding100Items/Async": 34.29134483942637,
  "Vanilla-ES2015-TodoMVC/Adding100Items/Sync": 310.5957603152818,
  "Vanilla-ES2015-TodoMVC/Adding100Items/total": 344.9547921934867,
  "Vanilla-ES2015-TodoMVC/CompletingAllItems/Async": 25.660347274950755,