{
  "browser-setup": 3.285006,
  "browser-tear_down": 0.279047,
  "probes-creation": 0.000195,
  "probes-setup": 0.000166,
  "probes-start": 7.8e-05,
  "run": 115.534107,
  "runner-cooldown": 2.002068
}