{
  "Angular2-TypeScript-TodoMVC/Adding100Items/Async": 32.444440050653256,
  "Angular2-TypeScript-TodoMVC/Adding100Items/Sync": 42.88592878691483,
  "Angular2-TypeScript-TodoMVC/Adding100Items/total": 75.36196437895708,
  "Angular2-TypeScript-TodoMVC/CompletingAllItems/Async": 12.991137767758582,
  "Angular2-TypeScript-TodoMVC/CompletingAllItems/Sync": 8.83106803377341,
  "Angular2-TypeScript-TodoMVC/CompletingAllItems/total": 21.823737018529073,
  "Angular2-TypeScript-TodoMVC/DeletingItems/Async": 2.72037457084768,
  "Angular2-TypeScript-TodoMVC/DeletingItems/Sync": 16.656465180364624,
  "Angular2-TypeScript-TodoMVC/DeletingItems/total": 19.3851066371023,
  "Angular2-TypeScript-TodoMVC/total": 116.5783247317138,
  "AngularJS-TodoMVC/Adding100Items/Async": 42.4477447679782,
  "AngularJS-TodoMVC/Adding100Items/Sync": 158.12728469411243,
  "AngularJS-TodoMVC/Adding100Items/total": 200.61628362265887,
  "AngularJS-TodoMVC/CompletingAllItems/Async": 25.838056941393813,
  "AngularJS-TodoMVC/CompletingAllItems/Sync": 55.42253477213469,
  "AngularJS-TodoMVC/CompletingAllItems/total": 81.31821205445948,
  "AngularJS-TodoMVC/DeletingAllItems/Async": 15.990896941752231,
  "AngularJS-TodoMVC/DeletingAllItems/Sync": 160.05754225304068,
  "AngularJS-TodoMVC/DeletingAllItems/total": 176.12240861449294,
  "AngularJS-TodoMVC/total": 458.09443113106187,
  "BackboneJS-TodoMVC/Adding100Items/Async": 43.043725123597994,
  "BackboneJS-TodoMVC/Adding100Items/Sync": 55.80384463631097,
  "BackboneJS-TodoMVC/Adding100Items/total": 99.01078722141935,
  "BackboneJS-TodoMVC/CompletingAllItems/Async": 31.748996407725983,
  "BackboneJS-TodoMVC/CompletingAllItems/Sync": 38.223967506228334,
  "BackboneJS-TodoMVC/CompletingAllItems/total": 70.07950461790725,
  "BackboneJS-TodoMVC/DeletingAllItems/Async": 5.038559740783103,
  "BackboneJS-TodoMVC/DeletingAllItems/Sync": 26.46268949519894,
  "BackboneJS-TodoMVC/DeletingAllItems/total": 31.942655978649103,
  "BackboneJS-TodoMVC/total": 201.15012483873417,
  "Elm-TodoMVC/Adding100Items/Async": 48.99450598081414,
  "Elm-TodoMVC/Adding100Items/Sync": 86.84681747531384,
  "Elm-TodoMVC/Adding100Items/total": 135.8922988851439,
  "Elm-TodoMVC/CompletingAllItems/Async": 30.3535570838474,
  "Elm-TodoMVC/CompletingAllItems/Sync": 84.49165927059128,
  "Elm-TodoMVC/CompletingAllItems/total": 114.89608489310879,
  "Elm-TodoMVC/DeletingItems/Async": 9.275754176156019,
  "Elm-TodoMVC/DeletingItems/Sync": 102.06541732885661,
  "Elm-TodoMVC/DeletingItems/total": 111.45947119503771,
  "Elm-TodoMVC/total": 362.2739260013051,
  "EmberJS-Debug-TodoMVC/Adding100Items/Async": 46.71293817677071,
  "EmberJS-Debug-TodoMVC/Adding100Items/Sync": 747.301402228051,
  "EmberJS-Debug-TodoMVC/Adding100Items/total": 794.7301586442471,
  "EmberJS-Debug-TodoMVC/CompletingAllItems/Async": 34.42934398775184,
  "EmberJS-Debug-TodoMVC/CompletingAllItems/Sync": 303.12912770576236,
  "EmberJS-Debug-TodoMVC/CompletingAllItems/total": 337.9060062330451,
  "EmberJS-Debug-TodoMVC/DeletingItems/Async": 11.499714931467082,
  "EmberJS-Debug-TodoMVC/DeletingItems/Sync": 285.108019643612,
  "EmberJS-Debug-TodoMVC/DeletingItems/total": 299.42952926132966,
  "EmberJS-Debug-TodoMVC/total": 1439.0220761485539,
  "EmberJS-TodoMVC/Adding100Items/Async": 34.72833264386014,
  "EmberJS-TodoMVC/Adding100Items/Sync": 148.34693342711302,
  "EmberJS-TodoMVC/Adding100Items/total": 183.1989420840309,
  "EmberJS-TodoMVC/CompletingAllItems/Async": 28.714996758793,
  "EmberJS-TodoMVC/CompletingAllItems/Sync": 101.01328303003451,
  "EmberJS-TodoMVC/CompletingAllItems/total": 129.78261538535958,
  "EmberJS-TodoMVC/DeletingItems/Async": 3.64665150275156,
  "EmberJS-TodoMVC/DeletingItems/Sync": 75.64485740726471,
  "EmberJS-TodoMVC/DeletingItems/total": 79.32395656703517,
  "EmberJS-TodoMVC/total": 393.03328941053496,
  "Flight-TodoMVC/Adding100Items/Async": 34.21201079859261,
  "Flight-TodoMVC/Adding100Items/Sync": 79.3585738026741,
  "Flight-TodoMVC/Adding100Items/total": 113.58610765341832,
  "Flight-TodoMVC/CompletingAllItems/Async": 26.13139371461815,
  "Flight-TodoMVC/CompletingAllItems/Sync": 86.02326279804912,
  "Flight-TodoMVC/CompletingAllItems/total": 112.25447478677675,
  "Flight-TodoMVC/DeletingItems/Async": 3.5064060395274836,
  "Flight-TodoMVC/DeletingItems/Sync": 70.2064481184502,
  "Flight-TodoMVC/DeletingItems/total": 73.77398072569308,
  "Flight-TodoMVC/total": 299.6568599866137,
  "Inferno-TodoMVC/Adding100Items/Async": 39.49571854086086,
  "Inferno-TodoMVC/Adding100Items/Sync": 42.56671577041992,
  "Inferno-TodoMVC/Adding100Items/total": 82.09450116216986,
  "Inferno-TodoMVC/CompletingAllItems/Async": 6.584954295670784,
  "Inferno-TodoMVC/CompletingAllItems/Sync": 84.92149609838872,
  "Inferno-TodoMVC/CompletingAllItems/total": 91.50991501602397,
  "Inferno-TodoMVC/DeletingItems/Async": 3.4451818802613094,
  "Inferno-TodoMVC/DeletingItems/Sync": 204.6979475000646,
  "Inferno-TodoMVC/DeletingItems/total": 208.20228115244728,
  "Inferno-TodoMVC/total": 381.83342291707356,
  "Preact-TodoMVC/Adding100Items/Async": 37.7226266966883,
  "Preact-TodoMVC/Adding100Items/Sync": 5.011412103433592,
  "Preact-TodoMVC/Adding100Items/total": 42.74009797201064,
  "Preact-TodoMVC/CompletingAllItems/Async": 16.536193669565513,
  "Preact-TodoMVC/CompletingAllItems/Sync": 3.1162405977655965,
  "Preact-TodoMVC/CompletingAllItems/total": 19.660694010275535,
  "Preact-TodoMVC/DeletingItems/Async": 4.724731872422819,
  "Preact-TodoMVC/DeletingItems/Sync": 1.6730467439025096,
  "Preact-TodoMVC/DeletingItems/total": 6.410569290662336,
  "Preact-TodoMVC/total": 68.84609990851037,
  "React-Redux-TodoMVC/Adding100Items/Async": 34.31066530973317,
  "React-Redux-TodoMVC/Adding100Items/Sync": 130.28663285824234,
  "React-Redux-TodoMVC/Adding100Items/total": 164.61163492622555,
  "React-Redux-TodoMVC/CompletingAllItems/Async": 27.78268138104943,
  "React-Redux-TodoMVC/CompletingAllItems/Sync": 141.08000585865133,
  "React-Redux-TodoMVC/CompletingAllItems/total": 169.07615797350869,
  "React-Redux-TodoMVC/DeletingItems/Async": 3.7468639041622303,
  "React-Redux-TodoMVC/DeletingItems/Sync": 97.42988641462527,
  "React-Redux-TodoMVC/DeletingItems/total": 101.31961805461852,
  "React-Redux-TodoMVC/total": 437.09312529503916,
  "React-TodoMVC/Adding100Items/Async": 36.14364514082524,
  "React-TodoMVC/Adding100Items/Sync": 104.94495960533166,
  "React-TodoMVC/Adding100Items/total": 141.10255727370804,
  "React-TodoMVC/CompletingAllItems/Async": 27.916934483696092,
  "React-TodoMVC/CompletingAllItems/Sync": 63.33708785784475,
  "React-TodoMVC/CompletingAllItems/total": 91.265464064617,
  "React-TodoMVC/DeletingAllItems/Async": 2.9666841699022077,
  "React-TodoMVC/DeletingAllItems/Sync": 45.62720455817546,
  "React-TodoMVC/DeletingAllItems/total": 48.614484224309344,
  "React-TodoMVC/total": 281.0016869574445,
  "Vanilla-ES2015-Babel-Webpack-TodoMVC/Adding100Items/Async": 37.3293984671369,
  "Vanilla-ES2015-Babel-Webpack-TodoMVC/Adding100Items/Sync": 296.4917009174059,
  "Vanilla-ES2015-Babel-Webpack-TodoMVC/Adding100Items/total": 334.03995741074255,
  "Vanilla-ES2015-Babel-Webpack-TodoMVC/CompletingAllItems/Async": 26.613545600348424,
  "Vanilla-ES2015-Babel-Webpack-TodoMVC/CompletingAllItems/Sync": 65.67602133001013,
  "Vanilla-ES2015-Babel-Webpack-TodoMVC/CompletingAllItems/total": 92.33422504462027,
  "Vanilla-ES2015-Babel-Webpack-TodoMVC/DeletingItems/Async": 4.366130650003462,
  "Vanilla-ES2015-Babel-Webpack-TodoMVC/DeletingItems/Sync": 40.71894977393541,
  "Vanilla-ES2015-Babel-Webpack-TodoMVC/DeletingItems/total": 47.430703205066486,
  "Vanilla-ES2015-Babel-Webpack-TodoMVC/total": 475.12706039546805,
  "Vanilla-ES2015-TodoMVC/Adding100Items/Async": 35.33301550505623,
  "Vanilla-ES2015-TodoMVC/Adding100Items/Sync": 301.76224860938146,
  "Vanilla-ES2015-TodoMVC/Adding100Items/total": 337.14606152905606,
  "Vanilla-ES2015-TodoMVC/CompletingAllItems/Async": 25.918841356820487,