{
  "browser-setup": 3.293394,
  "browser-tear_down": 0.291992,
  "probes-creation": 0.000207,
  "probes-setup": 0.000169,
  "probes-start": 8e-05,
  "run": 109.419517,
  "runner-cooldown": 2.002076
}