{
  "Angular2-TypeScript-TodoMVC/Adding100Items/Async": 31.64010295473135,
  "Angular2-TypeScript-TodoMVC/Adding100Items/Sync": 42.06037482605821,
  "Angular2-TypeScript-TodoMVC/Adding100Items/total": 73.77440817583336,
  "Angular2-TypeScript-TodoMVC/CompletingAllItems/Async": 12.446412139032233,
  "Angular2-TypeScript-TodoMVC/CompletingAllItems/Sync": 8.345311378205675,
  "Angular2-TypeScript-TodoMVC/CompletingAllItems/total": 20.79377818150095,
  "Angular2-TypeScript-TodoMVC/DeletingItems/Async": 2.69352264734327,
  "Angular2-TypeScript-TodoMVC/DeletingItems/Sync": 16.090200424709522,
  "Angular2-TypeScript-TodoMVC/DeletingItems/total": 18.788938400027213,
  "Angular2-TypeScript-TodoMVC/total": 113.37604907992552,
  "AngularJS-TodoMVC/Adding100Items/Async": 41.086587991344864,
  "AngularJS-TodoMVC/Adding100Items/Sync": 154.9686518851045,
  "AngularJS-TodoMVC/Adding100Items/total": 196.0727337973119,
  "AngularJS-TodoMVC/CompletingAllItems/Async": 24.245155662486418,
  "AngularJS-TodoMVC/CompletingAllItems/Sync": 54.049317426497126,
  "AngularJS-TodoMVC/CompletingAllItems/total": 78.48662924557163,
  "AngularJS-TodoMVC/DeletingAllItems/Async": 16.220419764607357,
  "AngularJS-TodoMVC/DeletingAllItems/Sync": 157.6097344825305,
  "AngularJS-TodoMVC/DeletingAllItems/total": 173.87995647541229,
  "AngularJS-TodoMVC/total": 448.53457240082366,
  "BackboneJS-TodoMVC/Adding100Items/Async": 40.697001133648335,
  "BackboneJS-TodoMVC/Adding100Items/Sync": 54.18785946235961,
  "BackboneJS-TodoMVC/Adding100Items/total": 95.0433050898992,
  "BackboneJS-TodoMVC/CompletingAllItems/Async": 30.95963006433129,
  "BackboneJS-TodoMVC/CompletingAllItems/Sync": 36.709953548907954,
  "BackboneJS-TodoMVC/CompletingAllItems/total": 67.81373660696794,
  "BackboneJS-TodoMVC/DeletingAllItems/Async": 4.642788119104242,
  "BackboneJS-TodoMVC/DeletingAllItems/Sync": 25.40946316214324,
  "BackboneJS-TodoMVC/DeletingAllItems/total": 30.553271798771092,
  "BackboneJS-TodoMVC/total": 193.5330700856268,
  "Elm-TodoMVC/Adding100Items/Async": 47.086720429208505,
  "Elm-TodoMVC/Adding100Items/Sync": 84.04141182973115,
  "Elm-TodoMVC/Adding100Items/total": 131.2067446794976,
  "Elm-TodoMVC/CompletingAllItems/Async": 29.399532233499357,
  "Elm-TodoMVC/CompletingAllItems/Sync": 80.31544859851519,
  "Elm-TodoMVC/CompletingAllItems/total": 109.7365930132882,
  "Elm-TodoMVC/DeletingItems/Async": 8.854873169879859,
  "Elm-TodoMVC/DeletingItems/Sync": 100.25292647472176,
  "Elm-TodoMVC/DeletingItems/total": 109.19112847204708,
  "Elm-TodoMVC/total": 350.14743309899893,
  "EmberJS-Debug-TodoMVC/Adding100Items/Async": 45.6039515981995,
  "EmberJS-Debug-TodoMVC/Adding100Items/Sync": 717.1087573899714,
  "EmberJS-Debug-TodoMVC/Adding100Items/total": 763.3907505328168,
  "EmberJS-Debug-TodoMVC/CompletingAllItems/Async": 32.156042968276076,
  "EmberJS-Debug-TodoMVC/CompletingAllItems/Sync": 294.7099100176348,
  "EmberJS-Debug-TodoMVC/CompletingAllItems/total": 326.97447835993273,
  "EmberJS-Debug-TodoMVC/DeletingItems/Async": 11.262036040175214,
  "EmberJS-Debug-TodoMVC/DeletingItems/Sync": 280.75197118215226,
  "EmberJS-Debug-TodoMVC/DeletingItems/total": 294.54395530612527,
  "EmberJS-Debug-TodoMVC/total": 1391.4715860312756,
  "EmberJS-TodoMVC/Adding100Items/Async": 33.679384627114985,
  "EmberJS-TodoMVC/Adding100Items/Sync": 151.38301042216088,
  "EmberJS-TodoMVC/Adding100Items/total": 185.23764708982438,
  "EmberJS-TodoMVC/CompletingAllItems/Async": 28.079275370204925,
  "EmberJS-TodoMVC/CompletingAllItems/Sync": 107.3192301338503,
  "EmberJS-TodoMVC/CompletingAllItems/total": 135.85186821831786,
  "EmberJS-TodoMVC/DeletingItems/Async": 3.6195641836544183,
  "EmberJS-TodoMVC/DeletingItems/Sync": 73.55794671665845,
  "EmberJS-TodoMVC/DeletingItems/total": 77.28447403451922,
  "EmberJS-TodoMVC/total": 399.4937350227392,
  "Flight-TodoMVC/Adding100Items/Async": 33.209250285050175,
  "Flight-TodoMVC/Adding100Items/Sync": 77.85256094219326,
  "Flight-TodoMVC/Adding100Items/total": 111.07436874638633,
  "Flight-TodoMVC/CompletingAllItems/Async": 24.778677802393478,
  "Flight-TodoMVC/CompletingAllItems/Sync": 85.41011132820448,
  "Flight-TodoMVC/CompletingAllItems/total": 110.19079517288353,
  "Flight-TodoMVC/DeletingItems/Async": 4.344333912191612,
  "Flight-TodoMVC/DeletingItems/Sync": 69.78629731375449,
  "Flight-TodoMVC/DeletingItems/total": 76.80301473077317,
  "Flight-TodoMVC/total": 298.6695968645679,
  "Inferno-TodoMVC/Adding100Items/Async": 37.527978922175656,
  "Inferno-TodoMVC/Adding100Items/Sync": 42.13532132850707,
  "Inferno-TodoMVC/Adding100Items/total": 79.79293780752364,
  "Inferno-TodoMVC/CompletingAllItems/Async": 7.339036838562872,
  "Inferno-TodoMVC/CompletingAllItems/Sync": 86.0738411452297,
  "Inferno-TodoMVC/CompletingAllItems/total": 93.66675607307818,
  "Inferno-TodoMVC/DeletingItems/Async": 3.3465796281627793,
  "Inferno-TodoMVC/DeletingItems/Sync": 196.41587449248505,
  "Inferno-TodoMVC/DeletingItems/total": 199.80191385626878,
  "Inferno-TodoMVC/total": 373.3425541182786,
  "Preact-TodoMVC/Adding100Items/Async": 37.1354471985779,
  "Preact-TodoMVC/Adding100Items/Sync": 4.863702915261152,
  "Preact-TodoMVC/Adding100Items/total": 42.00226563805621,
  "Preact-TodoMVC/CompletingAllItems/Async": 16.052616580794894,
  "Preact-TodoMVC/CompletingAllItems/Sync": 2.872189625447993,
  "Preact-TodoMVC/CompletingAllItems/total": 18.930700758419455,
  "Preact-TodoMVC/DeletingItems/Async": 4.584018704092209,
  "Preact-TodoMVC/DeletingItems/Sync": 1.4934090208945625,
  "Preact-TodoMVC/DeletingItems/total": 6.096427754927612,
  "Preact-TodoMVC/total": 67.06734917234351,
  "React-Redux-TodoMVC/Adding100Items/Async": 33.06312876560953,
  "React-Redux-TodoMVC/Adding100Items/Sync": 132.4338476271918,
  "React-Redux-TodoMVC/Adding100Items/total": 165.61243941776434,
  "React-Redux-TodoMVC/CompletingAllItems/Async": 27.116970893253733,
  "React-Redux-TodoMVC/CompletingAllItems/Sync": 139.8334228098694,
  "React-Redux-TodoMVC/CompletingAllItems/total": 167.1306823173171,
  "React-Redux-TodoMVC/DeletingItems/Async": 3.559539312357389,
  "React-Redux-TodoMVC/DeletingItems/Sync": 101.83443995868092,
  "React-Redux-TodoMVC/DeletingItems/total": 105.51650472033896,
  "React-Redux-TodoMVC/total": 440.1121660012989,
  "React-TodoMVC/Adding100Items/Async": 34.65786133026634,
  "React-TodoMVC/Adding100Items/Sync": 109.84688390012238,
  "React-TodoMVC/Adding100Items/total": 144.7211530907366,
  "React-TodoMVC/CompletingAllItems/Async": 27.161131485750317,
  "React-TodoMVC/CompletingAllItems/Sync": 62.63802734282353,
  "React-TodoMVC/CompletingAllItems/total": 89.8154099439839,
  "React-TodoMVC/DeletingAllItems/Async": 2.9229889407838554,
  "React-TodoMVC/DeletingAllItems/Sync": 46.76423881894109,
  "React-TodoMVC/DeletingAllItems/total": 49.72792485508635,
  "React-TodoMVC/total": 284.54241901402463,
  "Vanilla-ES2015-Babel-Webpack-TodoMVC/Adding100Items/Async": 34.69619194309921,
  "Vanilla-ES2015-Babel-Webpack-TodoMVC/Adding100Items/Sync": 292.6571629154845,
  "Vanilla-ES2015-Babel-Webpack-TodoMVC/Adding100Items/total": 327.4010643395637,
  "Vanilla-ES2015-Babel-Webpack-TodoMVC/CompletingAllItems/Async": 27.47707266476424,
  "Vanilla-ES2015-Babel-Webpack-TodoMVC/CompletingAllItems/Sync": 64.15292134627938,
  "Vanilla-ES2015-Babel-Webpack-TodoMVC/CompletingAllItems/total": 91.70897643081595,
  "Vanilla-ES2015-Babel-Webpack-TodoMVC/DeletingItems/Async": 4.3967795698975065,
  "Vanilla-ES2015-Babel-Webpack-TodoMVC/DeletingItems/Sync": 40.831426964816075,
  "Vanilla-ES2015-Babel-Webpack-TodoMVC/DeletingItems/total": 47.20370071399216,
  "Vanilla-ES2015-Babel-Webpack-TodoMVC/total": 467.18278237796466,
  "Vanilla-ES2015-TodoMVC/Adding100Items/Async": 33.89327705204914,
  "Vanilla-ES2015-TodoMVC/Adding100Items/Sync": 299.00812069348245,
  "Vanilla-ES2015-TodoMVC/Adding100Items/total": 332.9411235935034,
  "Vanilla-ES2015-TodoMVC/CompletingAllItems/Async": 26.59335360785345,