{
  "browser-setup": 3.271481,
  "browser-tear_down": 0.226228,
  "probes-creation": 0.000229,
  "probes-setup": 0.000179,
  "probes-start": 9.6e-05,
  "run": 113.56618,
  "runner-cooldown": 2.001368
}