{
  "Angular2-TypeScript-TodoMVC/Adding100Items/Async": 32.6585996119843,
  "Angular2-TypeScript-TodoMVC/Adding100Items/Sync": 42.630108451100234,
  "Angular2-TypeScript-TodoMVC/Adding100Items/total": 75.32473352264518,
  "Angular2-TypeScript-TodoMVC/CompletingAllItems/Async": 12.936342544897194,
  "Angular2-TypeScript-TodoMVC/CompletingAllItems/Sync": 8.62803785428835,
  "Angular2-TypeScript-TodoMVC/CompletingAllItems/total": 21.565452699578692,
  "Angular2-TypeScript-TodoMVC/DeletingItems/Async": 2.736656990919019,
  "Angular2-TypeScript-TodoMVC/DeletingItems/Sync": 16.65475027167066,
  "Angular2-TypeScript-TodoMVC/DeletingItems/total": 19.394384864090576,
  "Angular2-TypeScript-TodoMVC/total": 116.29541119719438,
  "AngularJS-TodoMVC/Adding100Items/Async": 41.479180077974185,
  "AngularJS-TodoMVC/Adding100Items/Sync": 157.3107838922199,
  "AngularJS-TodoMVC/Adding100Items/total": 198.79483156053405,
  "AngularJS-TodoMVC/CompletingAllItems/Async": 24.878602378387825,
  "AngularJS-TodoMVC/CompletingAllItems/Sync": 54.69430715689778,
  "AngularJS-TodoMVC/CompletingAllItems/total": 79.76139397030043,
  "AngularJS-TodoMVC/DeletingAllItems/Async": 15.470955303162322,
  "AngularJS-TodoMVC/DeletingAllItems/Sync": 160.36996533032087,
  "AngularJS-TodoMVC/DeletingAllItems/total": 175.9611067507568,
  "AngularJS-TodoMVC/total": 454.59014851347894,
  "BackboneJS-TodoMVC/Adding100Items/Async": 42.02171377877275,
  "BackboneJS-TodoMVC/Adding100Items/Sync": 55.48875152108795,
  "BackboneJS-TodoMVC/Adding100Items/total": 97.71067051750546,
  "BackboneJS-TodoMVC/CompletingAllItems/Async": 34.59256227885665,
  "BackboneJS-TodoMVC/CompletingAllItems/Sync": 37.59160586819755,
  "BackboneJS-TodoMVC/CompletingAllItems/total": 73.13264382024798,
  "BackboneJS-TodoMVC/DeletingAllItems/Async": 4.540445251536042,
  "BackboneJS-TodoMVC/DeletingAllItems/Sync": 25.946878205621555,
  "BackboneJS-TodoMVC/DeletingAllItems/total": 31.023520286865196,
  "BackboneJS-TodoMVC/total": 202.4115530747155,
  "Elm-TodoMVC/Adding100Items/Async": 48.713130651853284,
  "Elm-TodoMVC/Adding100Items/Sync": 87.30732568238122,
  "Elm-TodoMVC/Adding100Items/total": 136.12625791500741,
  "Elm-TodoMVC/CompletingAllItems/Async": 30.119593827408,
  "Elm-TodoMVC/CompletingAllItems/Sync": 84.41579681265738,
  "Elm-TodoMVC/CompletingAllItems/total": 114.59007812288688,
  "Elm-TodoMVC/DeletingItems/Async": 9.227065410867134,
  "Elm-TodoMVC/DeletingItems/Sync": 102.79396894096394,
  "Elm-TodoMVC/DeletingItems/total": 112.13375481588156,
  "Elm-TodoMVC/total": 362.8792157723506,
  "EmberJS-Debug-TodoMVC/Adding100Items/Async": 46.550558883908415,
  "EmberJS-Debug-TodoMVC/Adding100Items/Sync": 739.7805879154639,
  "EmberJS-Debug-TodoMVC/Adding100Items/total": 787.0776841816561,
  "EmberJS-Debug-TodoMVC/CompletingAllItems/Async": 33.988481528620746,
  "EmberJS-Debug-TodoMVC/CompletingAllItems/Sync": 294.05949388107257,
  "EmberJS-Debug-TodoMVC/CompletingAllItems/total": 328.228213399265,
  "EmberJS-Debug-TodoMVC/DeletingItems/Async": 12.903933760097397,
  "EmberJS-Debug-TodoMVC/DeletingItems/Sync": 287.0418190588032,
  "EmberJS-Debug-TodoMVC/DeletingItems/total": 304.8746243786817,
  "EmberJS-Debug-TodoMVC/total": 1427.1332739060913,
  "EmberJS-TodoMVC/Adding100Items/Async": 34.769082552879574,
  "EmberJS-TodoMVC/Adding100Items/Sync": 150.45975368853652,
  "EmberJS-TodoMVC/Adding100Items/total": 185.31871445858204,
  "EmberJS-TodoMVC/CompletingAllItems/Async": 29.490418826929282,
  "EmberJS-TodoMVC/CompletingAllItems/Sync": 111.14286175874197,
  "EmberJS-TodoMVC/CompletingAllItems/total": 141.407374527497,
  "EmberJS-TodoMVC/DeletingItems/Async": 3.5560953535991806,
  "EmberJS-TodoMVC/DeletingItems/Sync": 73.75789097237538,
  "EmberJS-TodoMVC/DeletingItems/total": 77.34119677960534,
  "EmberJS-TodoMVC/total": 406.4501088630122,
  "Flight-TodoMVC/Adding100Items/Async": 33.94148688907697,
  "Flight-TodoMVC/Adding100Items/Sync": 78.4551550890206,
  "Flight-TodoMVC/Adding100Items/total": 112.41747758265085,
  "Flight-TodoMVC/CompletingAllItems/Async": 25.869292546735906,
  "Flight-TodoMVC/CompletingAllItems/Sync": 85.56944704016728,
  "Flight-TodoMVC/CompletingAllItems/total": 111.54816572613738,
  "Flight-TodoMVC/DeletingItems/Async": 3.5457489659449464,
  "Flight-TodoMVC/DeletingItems/Sync": 70.04469421924172,
  "Flight-TodoMVC/DeletingItems/total": 73.64009646098977,
  "Flight-TodoMVC/total": 297.6338003304378,
  "Inferno-TodoMVC/Adding100Items/Async": 39.10449478937658,
  "Inferno-TodoMVC/Adding100Items/Sync": 44.12973563796487,
  "Inferno-TodoMVC/Adding100Items/total": 83.35931595507523,
  "Inferno-TodoMVC/CompletingAllItems/Async": 7.389074224693939,
  "Inferno-TodoMVC/CompletingAllItems/Sync": 85.45127486139579,
  "Inferno-TodoMVC/CompletingAllItems/total": 93.168353467436,
  "Inferno-TodoMVC/DeletingItems/Async": 3.407180086656369,
  "Inferno-TodoMVC/DeletingItems/Sync": 204.33860627840158,
  "Inferno-TodoMVC/DeletingItems/total": 207.7845396943681,
  "Inferno-TodoMVC/total": 384.40381128701415,
  "Preact-TodoMVC/Adding100Items/Async": 37.893409223605744,
  "Preact-TodoMVC/Adding100Items/Sync": 5.026304566080597,
  "Preact-TodoMVC/Adding100Items/total": 42.921812393308755,
  "Preact-TodoMVC/CompletingAllItems/Async": 16.359101103186777,
  "Preact-TodoMVC/CompletingAllItems/Sync": 3.0882978796158085,
  "Preact-TodoMVC/CompletingAllItems/total": 19.453243416343405,
  "Preact-TodoMVC/DeletingItems/Async": 4.947210418918359,
  "Preact-TodoMVC/DeletingItems/Sync": 1.6569803960900762,
  "Preact-TodoMVC/DeletingItems/total": 6.608887580801185,
  "Preact-TodoMVC/total": 69.04470606266612,
  "React-Redux-TodoMVC/Adding100Items/Async": 33.799771921227226,
  "React-Redux-TodoMVC/Adding100Items/Sync": 135.0530312707058,
  "React-Redux-TodoMVC/Adding100Items/total": 169.01505291962073,
  "React-Redux-TodoMVC/CompletingAllItems/Async": 27.66336992710466,
  "React-Redux-TodoMVC/CompletingAllItems/Sync": 141.55708832561066,
  "React-Redux-TodoMVC/CompletingAllItems/total": 169.4533250491518,
  "React-Redux-TodoMVC/DeletingItems/Async": 3.7917941671568713,
  "React-Redux-TodoMVC/DeletingItems/Sync": 97.77879347909396,
  "React-Redux-TodoMVC/DeletingItems/total": 101.68315637707828,
  "React-Redux-TodoMVC/total": 441.60721771506326,
  "React-TodoMVC/Adding100Items/Async": 35.84985965636643,
  "React-TodoMVC/Adding100Items/Sync": 106.35311690672583,
  "React-TodoMVC/Adding100Items/total": 142.22579679827055,
  "React-TodoMVC/CompletingAllItems/Async": 27.925449359832523,
  "React-TodoMVC/CompletingAllItems/Sync": 63.55954546766332,
  "React-TodoMVC/CompletingAllItems/total": 91.4978870075284,
  "React-TodoMVC/DeletingAllItems/Async": 3.089720076373986,
  "React-TodoMVC/DeletingAllItems/Sync": 47.77035627500042,
  "React-TodoMVC/DeletingAllItems/total": 50.91705384357457,
  "React-TodoMVC/total": 285.0349508735107,
  "Vanilla-ES2015-Babel-Webpack-TodoMVC/Adding100Items/Async": 35.986727495653234,
  "Vanilla-ES2015-Babel-Webpack-TodoMVC/Adding100Items/Sync": 294.5221422701913,
  "Vanilla-ES2015-Babel-Webpack-TodoMVC/Adding100Items/total": 330.52351277463,
  "Vanilla-ES2015-Babel-Webpack-TodoMVC/CompletingAllItems/Async": 27.765288584857256,
  "Vanilla-ES2015-Babel-Webpack-TodoMVC/CompletingAllItems/Sync": 64.41443208118885,
  "Vanilla-ES2015-Babel-Webpack-TodoMVC/CompletingAllItems/total": 92.23647804113145,
  "Vanilla-ES2015-Babel-Webpack-TodoMVC/DeletingItems/Async": 3.4445585279165805,
  "Vanilla-ES2015-Babel-Webpack-TodoMVC/DeletingItems/Sync": 41.17318858952453,
  "Vanilla-ES2015-Babel-Webpack-TodoMVC/DeletingItems/total": 44.67200522623849,
  "Vanilla-ES2015-Babel-Webpack-TodoMVC/total": 467.562807788533,
  "Vanilla-ES2015-TodoMVC/Adding100Items/Async": 35.27142003610024,
  "Vanilla-ES2015-TodoMVC/Adding100Items/Sync": 299.8772697642509,
  "Vanilla-ES2015-TodoMVC/Adding100Items/total": 335.2016178978695,
  "Vanilla-ES2015-TodoMVC/CompletingAllItems/Async": 26.966765090558876,