{
  "browser-setup": 3.79705,
  "browser-tear_down": 0.289635,
  "probes-creation": 0.000132,
  "probes-setup": 9.9e-05,
  "probes-start": 5.8e-05,
  "run": 138.844377,
  "runner-cooldown": 2.002051
}