{
  "Angular2-TypeScript-TodoMVC/Adding100Items/Async": 37.985237114284935,
  "Angular2-TypeScript-TodoMVC/Adding100Items/Sync": 60.454856127590254,
  "Angular2-TypeScript-TodoMVC/Adding100Items/total": 98.48883478483393,
  "Angular2-TypeScript-TodoMVC/CompletingAllItems/Async": 17.623266649338333,
  "Angular2-TypeScript-TodoMVC/CompletingAllItems/Sync": 10.116585314848171,
  "Angular2-TypeScript-TodoMVC/CompletingAllItems/total": 27.760423452851196,
  "Angular2-TypeScript-TodoMVC/DeletingItems/Async": 3.7511921225685665,
  "Angular2-TypeScript-TodoMVC/DeletingItems/Sync": 18.62775023498689,
  "Angular2-TypeScript-TodoMVC/DeletingItems/total": 22.39527042186055,
  "Angular2-TypeScript-TodoMVC/total": 148.68238323856545,
  "AngularJS-TodoMVC/Adding100Items/Async": 51.45230694732449,
  "AngularJS-TodoMVC/Adding100Items/Sync": 281.3548986091304,
  "AngularJS-TodoMVC/Adding100Items/total": 333.23121240234855,
  "AngularJS-TodoMVC/CompletingAllItems/Async": 34.789955661478956,
  "AngularJS-TodoMVC/CompletingAllItems/Sync": 87.31485190479987,
  "AngularJS-TodoMVC/CompletingAllItems/total": 122.34865219332286,
  "AngularJS-TodoMVC/DeletingAllItems/Async": 17.109352072079503,
  "AngularJS-TodoMVC/DeletingAllItems/Sync": 245.19839980901853,
  "AngularJS-TodoMVC/DeletingAllItems/total": 262.50912805575155,
  "AngularJS-TodoMVC/total": 719.1959192238721,
  "BackboneJS-TodoMVC/Adding100Items/Async": 45.73879561474044,
  "BackboneJS-TodoMVC/Adding100Items/Sync": 108.9512400304081,
  "BackboneJS-TodoMVC/Adding100Items/total": 155.282451326892,
  "BackboneJS-TodoMVC/CompletingAllItems/Async": 34.19459083644614,
  "BackboneJS-TodoMVC/CompletingAllItems/Sync": 59.538508238061404,
  "BackboneJS-TodoMVC/CompletingAllItems/total": 93.90254071657988,
  "BackboneJS-TodoMVC/DeletingAllItems/Async": 4.912604668457682,
  "BackboneJS-TodoMVC/DeletingAllItems/Sync": 31.18072940485733,
  "BackboneJS-TodoMVC/DeletingAllItems/total": 36.10585739373557,
  "BackboneJS-TodoMVC/total": 285.5820571429926,
  "Elm-TodoMVC/Adding100Items/Async": 51.22748298419169,
  "Elm-TodoMVC/Adding100Items/Sync": 148.19517423443745,
  "Elm-TodoMVC/Adding100Items/total": 199.50057792132606,
  "Elm-TodoMVC/CompletingAllItems/Async": 42.63308171544038,
  "Elm-TodoMVC/CompletingAllItems/Sync": 176.270530529422,
  "Elm-TodoMVC/CompletingAllItems/total": 226.90807439638095,
  "Elm-TodoMVC/DeletingItems/Async": 11.370234661285703,
  "Elm-TodoMVC/DeletingItems/Sync": 327.13845160859563,
  "Elm-TodoMVC/DeletingItems/total": 340.05511276075123,
  "Elm-TodoMVC/total": 857.3637646659315,
  "EmberJS-Debug-TodoMVC/Adding100Items/Async": 44.9281311299846,
  "EmberJS-Debug-TodoMVC/Adding100Items/Sync": 605.9784550665426,
  "EmberJS-Debug-TodoMVC/Adding100Items/total": 651.0077682821784,
  "EmberJS-Debug-TodoMVC/CompletingAllItems/Async": 32.05270058856564,
  "EmberJS-Debug-TodoMVC/CompletingAllItems/Sync": 361.7720061247661,
  "EmberJS-Debug-TodoMVC/CompletingAllItems/total": 393.8446299105093,
  "EmberJS-Debug-TodoMVC/DeletingItems/Async": 4.570416818766749,
  "EmberJS-Debug-TodoMVC/DeletingItems/Sync": 380.9065149239084,
  "EmberJS-Debug-TodoMVC/DeletingItems/total": 385.5100452825108,
  "EmberJS-Debug-TodoMVC/total": 1430.64577613142,
  "EmberJS-TodoMVC/Adding100Items/Async": 42.693662815399925,
  "EmberJS-TodoMVC/Adding100Items/Sync": 226.16529518739043,
  "EmberJS-TodoMVC/Adding100Items/total": 268.89359600661624,
  "EmberJS-TodoMVC/CompletingAllItems/Async": 34.85007514043352,
  "EmberJS-TodoMVC/CompletingAllItems/Sync": 123.33711354212258,
  "EmberJS-TodoMVC/CompletingAllItems/total": 158.334117572452,
  "EmberJS-TodoMVC/DeletingItems/Async": 5.2438683803031525,
  "EmberJS-TodoMVC/DeletingItems/Sync": 80.12538016454161,
  "EmberJS-TodoMVC/DeletingItems/total": 85.64703586843352,
  "EmberJS-TodoMVC/total": 513.020126293367,
  "Flight-TodoMVC/Adding100Items/Async": 41.06689649759009,
  "Flight-TodoMVC/Adding100Items/Sync": 117.21817553888344,
  "Flight-TodoMVC/Adding100Items/total": 158.6322388699918,
  "Flight-TodoMVC/CompletingAllItems/Async": 33.184814078964756,
  "Flight-TodoMVC/CompletingAllItems/Sync": 124.23770783393672,
  "Flight-TodoMVC/CompletingAllItems/total": 157.73164356879,
  "Flight-TodoMVC/DeletingItems/Async": 5.287780695182176,
  "Flight-TodoMVC/DeletingItems/Sync": 109.4345021637726,
  "Flight-TodoMVC/DeletingItems/total": 115.11485476900405,
  "Flight-TodoMVC/total": 431.60810389181074,
  "Inferno-TodoMVC/Adding100Items/Async": 43.390041631755714,
  "Inferno-TodoMVC/Adding100Items/Sync": 54.63881457564146,
  "Inferno-TodoMVC/Adding100Items/total": 98.09284187574602,
  "Inferno-TodoMVC/CompletingAllItems/Async": 12.24672799420637,
  "Inferno-TodoMVC/CompletingAllItems/Sync": 117.78957894628098,
  "Inferno-TodoMVC/CompletingAllItems/total": 130.52265789473435,
  "Inferno-TodoMVC/DeletingItems/Async": 4.127363733479524,
  "Inferno-TodoMVC/DeletingItems/Sync": 244.3314055996482,
  "Inferno-TodoMVC/DeletingItems/total": 248.50014571689286,
  "Inferno-TodoMVC/total": 477.35581902533977,
  "Preact-TodoMVC/Adding100Items/Async": 62.70897779333869,
  "Preact-TodoMVC/Adding100Items/Sync": 10.578198780883962,
  "Preact-TodoMVC/Adding100Items/total": 73.31183618255203,
  "Preact-TodoMVC/CompletingAllItems/Async": 26.202976846054916,
  "Preact-TodoMVC/CompletingAllItems/Sync": 3.9226973441398183,
  "Preact-TodoMVC/CompletingAllItems/total": 30.18922449230939,
  "Preact-TodoMVC/DeletingItems/Async": 7.2165854965947585,
  "Preact-TodoMVC/DeletingItems/Sync": 2.2658937688816443,
  "Preact-TodoMVC/DeletingItems/total": 9.513886927294468,
  "Preact-TodoMVC/total": 114.63832644657668,
  "React-Redux-TodoMVC/Adding100Items/Async": 43.28052343235715,
  "React-Redux-TodoMVC/Adding100Items/Sync": 193.20172112452715,
  "React-Redux-TodoMVC/Adding100Items/total": 236.69156381745702,
  "React-Redux-TodoMVC/CompletingAllItems/Async": 31.7021525993082,
  "React-Redux-TodoMVC/CompletingAllItems/Sync": 171.64667613104103,
  "React-Redux-TodoMVC/CompletingAllItems/total": 203.3736262477275,
  "React-Redux-TodoMVC/DeletingItems/Async": 4.351286010520152,
  "React-Redux-TodoMVC/DeletingItems/Sync": 115.72351539134385,
  "React-Redux-TodoMVC/DeletingItems/total": 120.13062578109081,
  "React-Redux-TodoMVC/total": 560.6327874808653,
  "React-TodoMVC/Adding100Items/Async": 43.01569955971445,
  "React-TodoMVC/Adding100Items/Sync": 148.60920368030682,
  "React-TodoMVC/Adding100Items/total": 191.7900526529957,
  "React-TodoMVC/CompletingAllItems/Async": 33.89941637544309,
  "React-TodoMVC/CompletingAllItems/Sync": 82.0881404633351,
  "React-TodoMVC/CompletingAllItems/total": 116.03103531569344,
  "React-TodoMVC/DeletingAllItems/Async": 4.654182845739368,
  "React-TodoMVC/DeletingAllItems/Sync": 57.17689290148238,
  "React-TodoMVC/DeletingAllItems/total": 61.94651861263103,
  "React-TodoMVC/total": 370.18845318090854,
  "Vanilla-ES2015-Babel-Webpack-TodoMVC/Adding100Items/Async": 38.27303943433054,
  "Vanilla-ES2015-Babel-Webpack-TodoMVC/Adding100Items/Sync": 347.2028176427982,
  "Vanilla-ES2015-Babel-Webpack-TodoMVC/Adding100Items/total": 385.507936558828,
  "Vanilla-ES2015-Babel-Webpack-TodoMVC/CompletingAllItems/Async": 31.12112380450559,
  "Vanilla-ES2015-Babel-Webpack-TodoMVC/CompletingAllItems/Sync": 78.21690647575876,
  "Vanilla-ES2015-Babel-Webpack-TodoMVC/CompletingAllItems/total": 109.3576641498937,
  "Vanilla-ES2015-Babel-Webpack-TodoMVC/DeletingItems/Async": 4.289083746126561,
  "Vanilla-ES2015-Babel-Webpack-TodoMVC/DeletingItems/Sync": 52.6440875861613,
  "Vanilla-ES2015-Babel-Webpack-TodoMVC/DeletingItems/total": 56.94235838523744,
  "Vanilla-ES2015-Babel-Webpack-TodoMVC/total": 552.0002237839797,
  "Vanilla-ES2015-TodoMVC/Adding100Items/Async": 40.10106651577866,
  "Vanilla-ES2015-TodoMVC/Adding100Items/Sync": 356.9590068103745,
  "Vanilla-ES2015-TodoMVC/Adding100Items/total": 397.1321899495156,
  "Vanilla-ES2015-TodoMVC/CompletingAllItems/Async": 31.04563593321858,