{
  "browser-setup": 3.905115,
  "browser-tear_down": 0.278898,
  "probes-creation": 0.000122,
  "probes-setup": 9.8e-05,
  "probes-start": 5.4e-05,
  "run": 126.02278,
  "runner-cooldown": 2.002054
}