{
  "browser-setup": 4.11545,
  "browser-tear_down": 0.240036,
  "probes-creation": 0.000145,
  "probes-setup": 0.0001,
  "probes-start": 5.7e-05,
  "run": 132.465896,
  "runner-cooldown": 2.00205
}