{
  "Angular2-TypeScript-TodoMVC/Adding100Items/Async": 37.91311586973937,
  "Angular2-TypeScript-TodoMVC/Adding100Items/Sync": 59.64769385994159,
  "Angular2-TypeScript-TodoMVC/Adding100Items/total": 97.59551256749148,
  "Angular2-TypeScript-TodoMVC/CompletingAllItems/Async": 19.593492806443997,
  "Angular2-TypeScript-TodoMVC/CompletingAllItems/Sync": 10.23660856315176,
  "Angular2-TypeScript-TodoMVC/CompletingAllItems/total": 29.977672921790177,
  "Angular2-TypeScript-TodoMVC/DeletingItems/Async": 3.6651733999849565,
  "Angular2-TypeScript-TodoMVC/DeletingItems/Sync": 18.371384158462586,
  "Angular2-TypeScript-TodoMVC/DeletingItems/total": 22.041551619933657,
  "Angular2-TypeScript-TodoMVC/total": 149.9307752140225,
  "AngularJS-TodoMVC/Adding100Items/Async": 50.61002555087228,
  "AngularJS-TodoMVC/Adding100Items/Sync": 264.31648777319816,
  "AngularJS-TodoMVC/Adding100Items/total": 315.3862673483095,
  "AngularJS-TodoMVC/CompletingAllItems/Async": 36.057012041012634,
  "AngularJS-TodoMVC/CompletingAllItems/Sync": 82.77220663913053,
  "AngularJS-TodoMVC/CompletingAllItems/total": 119.51661142296534,
  "AngularJS-TodoMVC/DeletingAllItems/Async": 17.784456870791473,
  "AngularJS-TodoMVC/DeletingAllItems/Sync": 248.96696692648945,
  "AngularJS-TodoMVC/DeletingAllItems/total": 266.981499235631,
  "AngularJS-TodoMVC/total": 702.2493844640977,
  "BackboneJS-TodoMVC/Adding100Items/Async": 45.436540830040116,
  "BackboneJS-TodoMVC/Adding100Items/Sync": 97.17520955781886,
  "BackboneJS-TodoMVC/Adding100Items/total": 142.91688195223597,
  "BackboneJS-TodoMVC/CompletingAllItems/Async": 33.98417008129469,
  "BackboneJS-TodoMVC/CompletingAllItems/Sync": 55.30081295949365,
  "BackboneJS-TodoMVC/CompletingAllItems/total": 89.36738623807184,
  "BackboneJS-TodoMVC/DeletingAllItems/Async": 4.939015302604081,
  "BackboneJS-TodoMVC/DeletingAllItems/Sync": 30.78191375354331,
  "BackboneJS-TodoMVC/DeletingAllItems/total": 35.744567646009685,
  "BackboneJS-TodoMVC/total": 268.18108110086916,
  "Elm-TodoMVC/Adding100Items/Async": 51.38414489584629,
  "Elm-TodoMVC/Adding100Items/Sync": 146.27470436781516,
  "Elm-TodoMVC/Adding100Items/total": 197.70458752730238,
  "Elm-TodoMVC/CompletingAllItems/Async": 40.800666722005225,
  "Elm-TodoMVC/CompletingAllItems/Sync": 176.51331237006136,
  "Elm-TodoMVC/CompletingAllItems/total": 222.8266450856761,
  "Elm-TodoMVC/DeletingItems/Async": 11.510954970951449,
  "Elm-TodoMVC/DeletingItems/Sync": 253.67991137806183,
  "Elm-TodoMVC/DeletingItems/total": 267.63410162367904,
  "Elm-TodoMVC/total": 771.7526639725824,
  "EmberJS-Debug-TodoMVC/Adding100Items/Async": 46.57336814669816,
  "EmberJS-Debug-TodoMVC/Adding100Items/Sync": 586.0708969251463,
  "EmberJS-Debug-TodoMVC/Adding100Items/total": 632.706790487181,
  "EmberJS-Debug-TodoMVC/CompletingAllItems/Async": 32.99916499860949,
  "EmberJS-Debug-TodoMVC/CompletingAllItems/Sync": 358.10803068318444,
  "EmberJS-Debug-TodoMVC/CompletingAllItems/total": 391.2979372035757,
  "EmberJS-Debug-TodoMVC/DeletingItems/Async": 5.018525596475545,
  "EmberJS-Debug-TodoMVC/DeletingItems/Sync": 377.4099330804134,
  "EmberJS-Debug-TodoMVC/DeletingItems/total": 382.55745430635244,
  "EmberJS-Debug-TodoMVC/total": 1407.0120304199656,
  "EmberJS-TodoMVC/Adding100Items/Async": 42.823516816951354,
  "EmberJS-TodoMVC/Adding100Items/Sync": 221.65932330426918,
  "EmberJS-TodoMVC/Adding100Items/total": 264.579201109816,
  "EmberJS-TodoMVC/CompletingAllItems/Async": 34.09881907329739,
  "EmberJS-TodoMVC/CompletingAllItems/Sync": 123.26444821359338,
  "EmberJS-TodoMVC/CompletingAllItems/total": 157.4828541663134,
  "EmberJS-TodoMVC/DeletingItems/Async": 4.647196059752901,
  "EmberJS-TodoMVC/DeletingItems/Sync": 80.37512935188909,
  "EmberJS-TodoMVC/DeletingItems/total": 85.10690774880666,
  "EmberJS-TodoMVC/total": 507.43982969553946,
  "Flight-TodoMVC/Adding100Items/Async": 40.70688373955596,
  "Flight-TodoMVC/Adding100Items/Sync": 109.91384863299241,
  "Flight-TodoMVC/Adding100Items/total": 150.81627912938464,
  "Flight-TodoMVC/CompletingAllItems/Async": 32.73040555645042,
  "Flight-TodoMVC/CompletingAllItems/Sync": 117.57279123976824,
  "Flight-TodoMVC/CompletingAllItems/total": 150.43971565259722,
  "Flight-TodoMVC/DeletingItems/Async": 4.7985802555672485,
  "Flight-TodoMVC/DeletingItems/Sync": 102.62866385297394,
  "Flight-TodoMVC/DeletingItems/total": 107.81464775880728,
  "Flight-TodoMVC/total": 409.14678244792873,
  "Inferno-TodoMVC/Adding100Items/Async": 41.798330531320026,
  "Inferno-TodoMVC/Adding100Items/Sync": 56.44928375497339,
  "Inferno-TodoMVC/Adding100Items/total": 98.4664300281981,
  "Inferno-TodoMVC/CompletingAllItems/Async": 9.80027384281523,
  "Inferno-TodoMVC/CompletingAllItems/Sync": 114.87455576344513,
  "Inferno-TodoMVC/CompletingAllItems/total": 125.15025307310299,
  "Inferno-TodoMVC/DeletingItems/Async": 4.18705200361301,
  "Inferno-TodoMVC/DeletingItems/Sync": 244.42924513395778,
  "Inferno-TodoMVC/DeletingItems/total": 248.68622067619657,
  "Inferno-TodoMVC/total": 472.68268709869784,
  "Preact-TodoMVC/Adding100Items/Async": 55.58043931759488,
  "Preact-TodoMVC/Adding100Items/Sync": 9.107853878735801,
  "Preact-TodoMVC/Adding100Items/total": 64.73628038470783,
  "Preact-TodoMVC/CompletingAllItems/Async": 30.247441716038487,
  "Preact-TodoMVC/CompletingAllItems/Sync": 3.8785286813738886,
  "Preact-TodoMVC/CompletingAllItems/total": 34.20054002162281,
  "Preact-TodoMVC/DeletingItems/Async": 7.59136993811248,
  "Preact-TodoMVC/DeletingItems/Sync": 2.1738286334139274,
  "Preact-TodoMVC/DeletingItems/total": 9.773061613683153,
  "Preact-TodoMVC/total": 109.52378453628603,
  "React-Redux-TodoMVC/Adding100Items/Async": 41.57524777246785,
  "React-Redux-TodoMVC/Adding100Items/Sync": 198.00698376251484,
  "React-Redux-TodoMVC/Adding100Items/total": 239.77815125440011,
  "React-Redux-TodoMVC/CompletingAllItems/Async": 31.433781013730883,
  "React-Redux-TodoMVC/CompletingAllItems/Sync": 168.07095125058342,
  "React-Redux-TodoMVC/CompletingAllItems/total": 199.5246531072432,
  "React-Redux-TodoMVC/DeletingItems/Async": 4.5645488963779615,
  "React-Redux-TodoMVC/DeletingItems/Sync": 113.97156236587881,
  "React-Redux-TodoMVC/DeletingItems/total": 118.63000451342307,
  "React-Redux-TodoMVC/total": 558.2838824242544,
  "React-TodoMVC/Adding100Items/Async": 43.81432596902078,
  "React-TodoMVC/Adding100Items/Sync": 147.65424996338163,
  "React-TodoMVC/Adding100Items/total": 191.6498325458665,
  "React-TodoMVC/CompletingAllItems/Async": 33.594555154613076,
  "React-TodoMVC/CompletingAllItems/Sync": 83.96235140254426,
  "React-TodoMVC/CompletingAllItems/total": 117.60332658696191,
  "React-TodoMVC/DeletingAllItems/Async": 4.579192058631815,
  "React-TodoMVC/DeletingAllItems/Sync": 56.05043221625572,
  "React-TodoMVC/DeletingAllItems/total": 60.75914967654866,
  "React-TodoMVC/total": 370.1322806521217,
  "Vanilla-ES2015-Babel-Webpack-TodoMVC/Adding100Items/Async": 38.26529602466407,
  "Vanilla-ES2015-Babel-Webpack-TodoMVC/Adding100Items/Sync": 336.818215939451,
  "Vanilla-ES2015-Babel-Webpack-TodoMVC/Adding100Items/total": 375.11145255801796,
  "Vanilla-ES2015-Babel-Webpack-TodoMVC/CompletingAllItems/Async": 31.26162468698972,
  "Vanilla-ES2015-Babel-Webpack-TodoMVC/CompletingAllItems/Sync": 79.16448314675301,
  "Vanilla-ES2015-Babel-Webpack-TodoMVC/CompletingAllItems/total": 110.43283824968337,
  "Vanilla-ES2015-Babel-Webpack-TodoMVC/DeletingItems/Async": 4.47272111999419,
  "Vanilla-ES2015-Babel-Webpack-TodoMVC/DeletingItems/Sync": 51.56102416121683,
  "Vanilla-ES2015-Babel-Webpack-TodoMVC/DeletingItems/total": 56.087582735231535,
  "Vanilla-ES2015-Babel-Webpack-TodoMVC/total": 541.7519116773365,
  "Vanilla-ES2015-TodoMVC/Adding100Items/Async": 38.597309524426144,
  "Vanilla-ES2015-TodoMVC/Adding100Items/Sync": 345.42712129854254,
  "Vanilla-ES2015-TodoMVC/Adding100Items/total": 384.0742416117034,
  "Vanilla-ES2015-TodoMVC/CompletingAllItems/Async": 31.18895536934954,