{
  "browser-setup": 3.982651,
  "browser-tear_down": 0.279307,
  "probes-creation": 0.000115,
  "probes-setup": 0.000102,
  "probes-start": 5.2e-05,
  "run": 129.491918,
  "runner-cooldown": 2.002051
}