{
  "Angular2-TypeScript-TodoMVC/Adding100Items/Async": 37.58391709994258,
  "Angular2-TypeScript-TodoMVC/Adding100Items/Sync": 55.523056446835916,
  "Angular2-TypeScript-TodoMVC/Adding100Items/total": 93.12966645149125,
  "Angular2-TypeScript-TodoMVC/CompletingAllItems/Async": 14.308726304908225,
  "Angular2-TypeScript-TodoMVC/CompletingAllItems/Sync": 9.95161311512868,
  "Angular2-TypeScript-TodoMVC/CompletingAllItems/total": 24.263676586889755,
  "Angular2-TypeScript-TodoMVC/DeletingItems/Async": 3.526883765137741,
  "Angular2-TypeScript-TodoMVC/DeletingItems/Sync": 18.87791037114692,
  "Angular2-TypeScript-TodoMVC/DeletingItems/total": 22.43677520934138,
  "Angular2-TypeScript-TodoMVC/total": 139.93621445652235,
  "AngularJS-TodoMVC/Adding100Items/Async": 51.08795450302488,
  "AngularJS-TodoMVC/Adding100Items/Sync": 228.60967108856008,
  "AngularJS-TodoMVC/Adding100Items/total": 280.33104797021497,
  "AngularJS-TodoMVC/CompletingAllItems/Async": 36.327252456428944,
  "AngularJS-TodoMVC/CompletingAllItems/Sync": 71.30290269419302,
  "AngularJS-TodoMVC/CompletingAllItems/total": 107.98405663095956,
  "AngularJS-TodoMVC/DeletingAllItems/Async": 15.511566062872145,
  "AngularJS-TodoMVC/DeletingAllItems/Sync": 255.804971504312,
  "AngularJS-TodoMVC/DeletingAllItems/total": 271.35896599464354,
  "AngularJS-TodoMVC/total": 662.8613629950758,
  "BackboneJS-TodoMVC/Adding100Items/Async": 43.84920951100484,
  "BackboneJS-TodoMVC/Adding100Items/Sync": 70.30615999398708,
  "BackboneJS-TodoMVC/Adding100Items/total": 114.17011589016565,
  "BackboneJS-TodoMVC/CompletingAllItems/Async": 33.2084353944189,
  "BackboneJS-TodoMVC/CompletingAllItems/Sync": 46.02252373454241,
  "BackboneJS-TodoMVC/CompletingAllItems/total": 79.2326485154338,
  "BackboneJS-TodoMVC/DeletingAllItems/Async": 4.628750677363725,
  "BackboneJS-TodoMVC/DeletingAllItems/Sync": 30.87608464066027,
  "BackboneJS-TodoMVC/DeletingAllItems/total": 35.5818187362559,
  "BackboneJS-TodoMVC/total": 229.4693029765737,
  "Elm-TodoMVC/Adding100Items/Async": 53.800571484084266,
  "Elm-TodoMVC/Adding100Items/Sync": 187.66305078767485,
  "Elm-TodoMVC/Adding100Items/total": 245.67376850854552,
  "Elm-TodoMVC/CompletingAllItems/Async": 35.47840445428237,
  "Elm-TodoMVC/CompletingAllItems/Sync": 123.46538425416327,
  "Elm-TodoMVC/CompletingAllItems/total": 159.21318889468265,
  "Elm-TodoMVC/DeletingItems/Async": 11.475989327127964,
  "Elm-TodoMVC/DeletingItems/Sync": 154.34471936239365,
  "Elm-TodoMVC/DeletingItems/total": 166.58267911669768,
  "Elm-TodoMVC/total": 594.4092861782821,
  "EmberJS-Debug-TodoMVC/Adding100Items/Async": 47.28100340414541,
  "EmberJS-Debug-TodoMVC/Adding100Items/Sync": 581.740242773968,
  "EmberJS-Debug-TodoMVC/Adding100Items/total": 629.2217613999126,
  "EmberJS-Debug-TodoMVC/CompletingAllItems/Async": 30.991943130407023,
  "EmberJS-Debug-TodoMVC/CompletingAllItems/Sync": 378.8778614366835,
  "EmberJS-Debug-TodoMVC/CompletingAllItems/total": 409.94530011467236,
  "EmberJS-Debug-TodoMVC/DeletingItems/Async": 6.95338004488057,
  "EmberJS-Debug-TodoMVC/DeletingItems/Sync": 389.7962379552856,
  "EmberJS-Debug-TodoMVC/DeletingItems/total": 397.6159417412889,
  "EmberJS-Debug-TodoMVC/total": 1447.061155636096,
  "EmberJS-TodoMVC/Adding100Items/Async": 43.03950798323611,
  "EmberJS-TodoMVC/Adding100Items/Sync": 205.6870122663028,
  "EmberJS-TodoMVC/Adding100Items/total": 248.85902621417287,
  "EmberJS-TodoMVC/CompletingAllItems/Async": 30.410837681873883,
  "EmberJS-TodoMVC/CompletingAllItems/Sync": 119.18468952764599,
  "EmberJS-TodoMVC/CompletingAllItems/total": 149.7717962650259,
  "EmberJS-TodoMVC/DeletingItems/Async": 3.9982463094935343,
  "EmberJS-TodoMVC/DeletingItems/Sync": 81.68311845076462,
  "EmberJS-TodoMVC/DeletingItems/total": 85.69939461932479,
  "EmberJS-TodoMVC/total": 485.05233214026975,
  "Flight-TodoMVC/Adding100Items/Async": 39.12861874909487,
  "Flight-TodoMVC/Adding100Items/Sync": 96.11783438605127,
  "Flight-TodoMVC/Adding100Items/total": 135.25561338121184,
  "Flight-TodoMVC/CompletingAllItems/Async": 28.89783691387448,
  "Flight-TodoMVC/CompletingAllItems/Sync": 104.41547073413301,
  "Flight-TodoMVC/CompletingAllItems/total": 133.32348930531188,
  "Flight-TodoMVC/DeletingItems/Async": 3.7429862800343656,
  "Flight-TodoMVC/DeletingItems/Sync": 88.050746925115,
  "Flight-TodoMVC/DeletingItems/total": 91.79878524045752,
  "Flight-TodoMVC/total": 360.40184083438413,
  "Inferno-TodoMVC/Adding100Items/Async": 45.70528327437993,
  "Inferno-TodoMVC/Adding100Items/Sync": 52.076833071426904,
  "Inferno-TodoMVC/Adding100Items/total": 98.23127208951092,
  "Inferno-TodoMVC/CompletingAllItems/Async": 11.07781043264401,
  "Inferno-TodoMVC/CompletingAllItems/Sync": 111.24001024741013,
  "Inferno-TodoMVC/CompletingAllItems/total": 122.86695475258662,
  "Inferno-TodoMVC/DeletingItems/Async": 4.207552495994621,
  "Inferno-TodoMVC/DeletingItems/Sync": 243.36388594101575,
  "Inferno-TodoMVC/DeletingItems/total": 248.30894336991392,
  "Inferno-TodoMVC/total": 470.05189383585554,
  "Preact-TodoMVC/Adding100Items/Async": 44.94627940864004,
  "Preact-TodoMVC/Adding100Items/Sync": 6.143783433773829,
  "Preact-TodoMVC/Adding100Items/total": 51.10605531416966,
  "Preact-TodoMVC/CompletingAllItems/Async": 29.90697623311611,
  "Preact-TodoMVC/CompletingAllItems/Sync": 3.898186405529152,
  "Preact-TodoMVC/CompletingAllItems/total": 33.89031872229686,
  "Preact-TodoMVC/DeletingItems/Async": 7.668442416989796,
  "Preact-TodoMVC/DeletingItems/Sync": 2.1441505251474338,
  "Preact-TodoMVC/DeletingItems/total": 9.862276572871583,
  "Preact-TodoMVC/total": 95.26075216784164,
  "React-Redux-TodoMVC/Adding100Items/Async": 43.69315177701906,
  "React-Redux-TodoMVC/Adding100Items/Sync": 185.12574941917558,
  "React-Redux-TodoMVC/Adding100Items/total": 229.26407818061378,
  "React-Redux-TodoMVC/CompletingAllItems/Async": 31.34057489637051,
  "React-Redux-TodoMVC/CompletingAllItems/Sync": 188.83909909781087,
  "React-Redux-TodoMVC/CompletingAllItems/total": 220.43458872810646,
  "React-Redux-TodoMVC/DeletingItems/Async": 6.46601659753895,
  "React-Redux-TodoMVC/DeletingItems/Sync": 121.3377233114378,
  "React-Redux-TodoMVC/DeletingItems/total": 128.34040647201073,
  "React-Redux-TodoMVC/total": 586.2803572452283,
  "React-TodoMVC/Adding100Items/Async": 46.101257768858694,
  "React-TodoMVC/Adding100Items/Sync": 150.37816573576652,
  "React-TodoMVC/Adding100Items/total": 196.78126811785222,
  "React-TodoMVC/CompletingAllItems/Async": 31.911175297261533,
  "React-TodoMVC/CompletingAllItems/Sync": 84.3692961889579,
  "React-TodoMVC/CompletingAllItems/total": 116.54617217322901,
  "React-TodoMVC/DeletingAllItems/Async": 4.558378737210311,
  "React-TodoMVC/DeletingAllItems/Sync": 63.27457772418184,
  "React-TodoMVC/DeletingAllItems/total": 68.06326734747475,
  "React-TodoMVC/total": 391.2157856140021,
  "Vanilla-ES2015-Babel-Webpack-TodoMVC/Adding100Items/Async": 37.783398701658,
  "Vanilla-ES2015-Babel-Webpack-TodoMVC/Adding100Items/Sync": 329.51945620613725,
  "Vanilla-ES2015-Babel-Webpack-TodoMVC/Adding100Items/total": 367.3469766593786,
  "Vanilla-ES2015-Babel-Webpack-TodoMVC/CompletingAllItems/Async": 28.04627909843861,
  "Vanilla-ES2015-Babel-Webpack-TodoMVC/CompletingAllItems/Sync": 71.52321186036703,
  "Vanilla-ES2015-Babel-Webpack-TodoMVC/CompletingAllItems/total": 99.57676830881353,
  "Vanilla-ES2015-Babel-Webpack-TodoMVC/DeletingItems/Async": 3.789354469784265,
  "Vanilla-ES2015-Babel-Webpack-TodoMVC/DeletingItems/Sync": 45.28633386744042,
  "Vanilla-ES2015-Babel-Webpack-TodoMVC/DeletingItems/total": 49.07636570453308,
  "Vanilla-ES2015-Babel-Webpack-TodoMVC/total": 516.0086360390397,
  "Vanilla-ES2015-TodoMVC/Adding100Items/Async": 37.94826060955403,
  "Vanilla-ES2015-TodoMVC/Adding100Items/Sync": 337.8971383259058,
  "Vanilla-ES2015-TodoMVC/Adding100Items/total": 375.92185527469894,
  "Vanilla-ES2015-TodoMVC/CompletingAllItems/Async": 30.693101864698324,