{
  "browser-setup": 3.326295,
  "browser-tear_down": 0.233871,
  "probes-creation": 0.00019,
  "probes-setup": 0.000153,
  "probes-start": 8.3e-05,
  "run": 115.261416,
  "runner-cooldown": 2.002061
}