{
  "Angular2-TypeScript-TodoMVC/Adding100Items/Async": 32.536608172887675,
  "Angular2-TypeScript-TodoMVC/Adding100Items/Sync": 42.23158279930013,
  "Angular2-TypeScript-TodoMVC/Adding100Items/total": 74.8031238029373,
  "Angular2-TypeScript-TodoMVC/CompletingAllItems/Async": 13.796155832864113,
  "Angular2-TypeScript-TodoMVC/CompletingAllItems/Sync": 8.635797026223685,
  "Angular2-TypeScript-TodoMVC/CompletingAllItems/total": 22.506737012831195,
  "Angular2-TypeScript-TodoMVC/DeletingItems/Async": 2.8341329179621306,
  "Angular2-TypeScript-TodoMVC/DeletingItems/Sync": 16.839083704999073,
  "Angular2-TypeScript-TodoMVC/DeletingItems/total": 19.677076964823463,
  "Angular2-TypeScript-TodoMVC/total": 117.16006047906055,
  "AngularJS-TodoMVC/Adding100Items/Async": 41.886505997647674,
  "AngularJS-TodoMVC/Adding100Items/Sync": 155.08643291697354,
  "AngularJS-TodoMVC/Adding100Items/total": 196.97718491624946,
  "AngularJS-TodoMVC/CompletingAllItems/Async": 25.25389759011193,
  "AngularJS-TodoMVC/CompletingAllItems/Sync": 54.69543079334766,
  "AngularJS-TodoMVC/CompletingAllItems/total": 80.05110129714802,
  "AngularJS-TodoMVC/DeletingAllItems/Async": 16.162369665520366,
  "AngularJS-TodoMVC/DeletingAllItems/Sync": 156.95336202060687,
  "AngularJS-TodoMVC/DeletingAllItems/total": 173.1923096924879,
  "AngularJS-TodoMVC/total": 450.27228699348996,
  "BackboneJS-TodoMVC/Adding100Items/Async": 41.1931056547583,
  "BackboneJS-TodoMVC/Adding100Items/Sync": 55.04443753244343,
  "BackboneJS-TodoMVC/Adding100Items/total": 96.37818767925569,
  "BackboneJS-TodoMVC/CompletingAllItems/Async": 37.209107073926525,
  "BackboneJS-TodoMVC/CompletingAllItems/Sync": 37.504601127445156,
  "BackboneJS-TodoMVC/CompletingAllItems/total": 76.04711039602297,
  "BackboneJS-TodoMVC/DeletingAllItems/Async": 5.185683827158554,
  "BackboneJS-TodoMVC/DeletingAllItems/Sync": 25.679327092744025,
  "BackboneJS-TodoMVC/DeletingAllItems/total": 31.29554415072099,
  "BackboneJS-TodoMVC/total": 204.62087631583682,
  "Elm-TodoMVC/Adding100Items/Async": 49.28478502957007,
  "Elm-TodoMVC/Adding100Items/Sync": 85.91653686672822,
  "Elm-TodoMVC/Adding100Items/total": 135.24915229454479,
  "Elm-TodoMVC/CompletingAllItems/Async": 30.552384042034536,
  "Elm-TodoMVC/CompletingAllItems/Sync": 83.48992733082252,
  "Elm-TodoMVC/CompletingAllItems/total": 114.0641261317929,
  "Elm-TodoMVC/DeletingItems/Async": 9.347618535130897,
  "Elm-TodoMVC/DeletingItems/Sync": 102.92116984514246,
  "Elm-TodoMVC/DeletingItems/total": 112.39763105168677,
  "Elm-TodoMVC/total": 361.7230620102307,
  "EmberJS-Debug-TodoMVC/Adding100Items/Async": 49.59747027555662,
  "EmberJS-Debug-TodoMVC/Adding100Items/Sync": 734.1365415169306,
  "EmberJS-Debug-TodoMVC/Adding100Items/total": 784.5276644832379,
  "EmberJS-Debug-TodoMVC/CompletingAllItems/Async": 34.91486735261354,
  "EmberJS-Debug-TodoMVC/CompletingAllItems/Sync": 294.68464135065204,
  "EmberJS-Debug-TodoMVC/CompletingAllItems/total": 329.90797137650344,
  "EmberJS-Debug-TodoMVC/DeletingItems/Async": 11.677570964383975,
  "EmberJS-Debug-TodoMVC/DeletingItems/Sync": 287.26752932456606,
  "EmberJS-Debug-TodoMVC/DeletingItems/total": 300.5895516973556,
  "EmberJS-Debug-TodoMVC/total": 1421.3045160800475,
  "EmberJS-TodoMVC/Adding100Items/Async": 35.540266469972615,
  "EmberJS-TodoMVC/Adding100Items/Sync": 156.37311316104567,
  "EmberJS-TodoMVC/Adding100Items/total": 192.0087014263102,
  "EmberJS-TodoMVC/CompletingAllItems/Async": 28.52593660548781,
  "EmberJS-TodoMVC/CompletingAllItems/Sync": 107.27226455838837,
  "EmberJS-TodoMVC/CompletingAllItems/total": 136.08888856371144,
  "EmberJS-TodoMVC/DeletingItems/Async": 3.593622612334768,
  "EmberJS-TodoMVC/DeletingItems/Sync": 74.00090390454153,
  "EmberJS-TodoMVC/DeletingItems/total": 77.61950399601015,
  "EmberJS-TodoMVC/total": 406.48917282447616,
  "Flight-TodoMVC/Adding100Items/Async": 34.02522332232133,
  "Flight-TodoMVC/Adding100Items/Sync": 79.05850377824923,
  "Flight-TodoMVC/Adding100Items/total": 113.09783722089259,
  "Flight-TodoMVC/CompletingAllItems/Async": 25.378173948418652,
  "Flight-TodoMVC/CompletingAllItems/Sync": 86.2099048304613,
  "Flight-TodoMVC/CompletingAllItems/total": 111.58997475329832,
  "Flight-TodoMVC/DeletingItems/Async": 4.392199704161447,
  "Flight-TodoMVC/DeletingItems/Sync": 70.15881256816782,
  "Flight-TodoMVC/DeletingItems/total": 76.85994117373774,
  "Flight-TodoMVC/total": 302.04028285852655,
  "Inferno-TodoMVC/Adding100Items/Async": 39.39627073886749,
  "Inferno-TodoMVC/Adding100Items/Sync": 42.297073348327714,
  "Inferno-TodoMVC/Adding100Items/total": 81.80233770541884,
  "Inferno-TodoMVC/CompletingAllItems/Async": 6.89734646635539,
  "Inferno-TodoMVC/CompletingAllItems/Sync": 85.92650512351288,
  "Inferno-TodoMVC/CompletingAllItems/total": 92.93537379653831,
  "Inferno-TodoMVC/DeletingItems/Async": 3.4394003409026674,
  "Inferno-TodoMVC/DeletingItems/Sync": 206.52789030762966,
  "Inferno-TodoMVC/DeletingItems/total": 210.01209492349517,
  "Inferno-TodoMVC/total": 384.92245828768273,
  "Preact-TodoMVC/Adding100Items/Async": 38.42123076335332,
  "Preact-TodoMVC/Adding100Items/Sync": 5.069356991306169,
  "Preact-TodoMVC/Adding100Items/total": 43.49945812436637,
  "Preact-TodoMVC/CompletingAllItems/Async": 16.495188991437026,
  "Preact-TodoMVC/CompletingAllItems/Sync": 3.1007249204933354,
  "Preact-TodoMVC/CompletingAllItems/total": 19.602093271748323,
  "Preact-TodoMVC/DeletingItems/Async": 4.829720326166179,
  "Preact-TodoMVC/DeletingItems/Sync": 1.634784258912342,
  "Preact-TodoMVC/DeletingItems/total": 6.486194524875913,
  "Preact-TodoMVC/total": 69.62491738972268,
  "React-Redux-TodoMVC/Adding100Items/Async": 37.090777493954995,
  "React-Redux-TodoMVC/Adding100Items/Sync": 137.75450051565355,
  "React-Redux-TodoMVC/Adding100Items/total": 176.57218520575032,
  "React-Redux-TodoMVC/CompletingAllItems/Async": 27.94592585568373,
  "React-Redux-TodoMVC/CompletingAllItems/Sync": 147.78203907258236,
  "React-Redux-TodoMVC/CompletingAllItems/total": 176.03599060950518,
  "React-Redux-TodoMVC/DeletingItems/Async": 3.662386068250182,
  "React-Redux-TodoMVC/DeletingItems/Sync": 106.42250675378077,
  "React-Redux-TodoMVC/DeletingItems/total": 110.24510364771972,
  "React-Redux-TodoMVC/total": 465.6571981487701,
  "React-TodoMVC/Adding100Items/Async": 35.81176828007082,
  "React-TodoMVC/Adding100Items/Sync": 111.02573274393299,
  "React-TodoMVC/Adding100Items/total": 147.01876552654156,
  "React-TodoMVC/CompletingAllItems/Async": 28.32100273544069,
  "React-TodoMVC/CompletingAllItems/Sync": 63.14492282345748,
  "React-TodoMVC/CompletingAllItems/total": 91.48582937389997,
  "React-TodoMVC/DeletingAllItems/Async": 2.971272134121009,
  "React-TodoMVC/DeletingAllItems/Sync": 48.23248716576763,
  "React-TodoMVC/DeletingAllItems/total": 51.23238959587898,
  "React-TodoMVC/total": 289.99212612387527,
  "Vanilla-ES2015-Babel-Webpack-TodoMVC/Adding100Items/Async": 36.032731848232615,
  "Vanilla-ES2015-Babel-Webpack-TodoMVC/Adding100Items/Sync": 301.5088414112688,
  "Vanilla-ES2015-Babel-Webpack-TodoMVC/Adding100Items/total": 337.5717251552216,
  "Vanilla-ES2015-Babel-Webpack-TodoMVC/CompletingAllItems/Async": 27.531069316011642,
  "Vanilla-ES2015-Babel-Webpack-TodoMVC/CompletingAllItems/Sync": 64.32974607121153,
  "Vanilla-ES2015-Babel-Webpack-TodoMVC/CompletingAllItems/total": 91.89229863856026,
  "Vanilla-ES2015-Babel-Webpack-TodoMVC/DeletingItems/Async": 3.3485512248743117,
  "Vanilla-ES2015-Babel-Webpack-TodoMVC/DeletingItems/Sync": 40.81925735294829,
  "Vanilla-ES2015-Babel-Webpack-TodoMVC/DeletingItems/total": 44.212293190370026,
  "Vanilla-ES2015-Babel-Webpack-TodoMVC/total": 473.69953371601474,
  "Vanilla-ES2015-TodoMVC/Adding100Items/Async": 35.49975271640972,
  "Vanilla-ES2015-TodoMVC/Adding100Items/Sync": 307.9586086805336,
  "Vanilla-ES2015-TodoMVC/Adding100Items/total": 343.51545387968537,
  "Vanilla-ES2015-TodoMVC/CompletingAllItems/Async": 25.733167234655532,