{
  "browser-setup": 3.314482,
  "browser-tear_down": 0.222415,
  "probes-creation": 0.000195,
  "probes-setup": 0.000166,
  "probes-start": 8.1e-05,
  "run": 109.21159,
  "runner-cooldown": 2.00207
}