{
  "Angular2-TypeScript-TodoMVC/Adding100Items/Async": 32.03713430091709,
  "Angular2-TypeScript-TodoMVC/Adding100Items/Sync": 41.72764354403883,
  "Angular2-TypeScript-TodoMVC/Adding100Items/total": 73.82718457060963,
  "Angular2-TypeScript-TodoMVC/CompletingAllItems/Async": 12.825233909990525,
  "Angular2-TypeScript-TodoMVC/CompletingAllItems/Sync": 8.613437811653858,
  "Angular2-TypeScript-TodoMVC/CompletingAllItems/total": 21.443569609732382,
  "Angular2-TypeScript-TodoMVC/DeletingItems/Async": 2.717840914023551,
  "Angular2-TypeScript-TodoMVC/DeletingItems/Sync": 16.40803953430101,
  "Angular2-TypeScript-TodoMVC/DeletingItems/total": 19.1297691389778,
  "Angular2-TypeScript-TodoMVC/total": 114.43587843875368,
  "AngularJS-TodoMVC/Adding100Items/Async": 42.13864995663126,
  "AngularJS-TodoMVC/Adding100Items/Sync": 161.68434359040882,
  "AngularJS-TodoMVC/Adding100Items/total": 204.05500298237527,
  "AngularJS-TodoMVC/CompletingAllItems/Async": 23.927272720544583,
  "AngularJS-TodoMVC/CompletingAllItems/Sync": 53.73929311070535,
  "AngularJS-TodoMVC/CompletingAllItems/total": 77.79130343084682,
  "AngularJS-TodoMVC/DeletingAllItems/Async": 13.908727710627074,
  "AngularJS-TodoMVC/DeletingAllItems/Sync": 166.11002485824358,
  "AngularJS-TodoMVC/DeletingAllItems/total": 180.04892804914644,
  "AngularJS-TodoMVC/total": 464.0012263739957,
  "BackboneJS-TodoMVC/Adding100Items/Async": 35.979769713226254,
  "BackboneJS-TodoMVC/Adding100Items/Sync": 54.59437231431235,
  "BackboneJS-TodoMVC/Adding100Items/total": 90.59038960127396,
  "BackboneJS-TodoMVC/CompletingAllItems/Async": 27.553261046454384,
  "BackboneJS-TodoMVC/CompletingAllItems/Sync": 37.72666776119222,
  "BackboneJS-TodoMVC/CompletingAllItems/total": 65.28337730494697,
  "BackboneJS-TodoMVC/DeletingAllItems/Async": 3.2674599562401103,
  "BackboneJS-TodoMVC/DeletingAllItems/Sync": 25.69695396586587,
  "BackboneJS-TodoMVC/DeletingAllItems/total": 28.976916599280013,
  "BackboneJS-TodoMVC/total": 184.87081974762728,
  "Elm-TodoMVC/Adding100Items/Async": 47.11217348812016,
  "Elm-TodoMVC/Adding100Items/Sync": 102.95042925703362,
  "Elm-TodoMVC/Adding100Items/total": 151.5402289209659,
  "Elm-TodoMVC/CompletingAllItems/Async": 31.474186683996212,
  "Elm-TodoMVC/CompletingAllItems/Sync": 102.16598498175549,
  "Elm-TodoMVC/CompletingAllItems/total": 134.5712620162264,
  "Elm-TodoMVC/DeletingItems/Async": 10.084453480360976,
  "Elm-TodoMVC/DeletingItems/Sync": 99.12220794494299,
  "Elm-TodoMVC/DeletingItems/total": 110.10334940973638,
  "Elm-TodoMVC/total": 404.6745553978845,
  "EmberJS-Debug-TodoMVC/Adding100Items/Async": 38.92882542159272,
  "EmberJS-Debug-TodoMVC/Adding100Items/Sync": 408.3921373501575,
  "EmberJS-Debug-TodoMVC/Adding100Items/total": 447.37207940831945,
  "EmberJS-Debug-TodoMVC/CompletingAllItems/Async": 28.888508126646634,
  "EmberJS-Debug-TodoMVC/CompletingAllItems/Sync": 292.3685410561285,
  "EmberJS-Debug-TodoMVC/CompletingAllItems/total": 321.41041532886896,
  "EmberJS-Debug-TodoMVC/DeletingItems/Async": 6.609391311476526,
  "EmberJS-Debug-TodoMVC/DeletingItems/Sync": 290.4604497579373,
  "EmberJS-Debug-TodoMVC/DeletingItems/total": 298.25682819383786,
  "EmberJS-Debug-TodoMVC/total": 1072.9437495098969,
  "EmberJS-TodoMVC/Adding100Items/Async": 34.05462596957155,
  "EmberJS-TodoMVC/Adding100Items/Sync": 150.48757910697273,
  "EmberJS-TodoMVC/Adding100Items/total": 184.82900933782886,
  "EmberJS-TodoMVC/CompletingAllItems/Async": 25.883617912739627,
  "EmberJS-TodoMVC/CompletingAllItems/Sync": 94.48480315331273,
  "EmberJS-TodoMVC/CompletingAllItems/total": 120.3894183254465,
  "EmberJS-TodoMVC/DeletingItems/Async": 3.2245679581947773,
  "EmberJS-TodoMVC/DeletingItems/Sync": 63.14938483974556,
  "EmberJS-TodoMVC/DeletingItems/total": 66.58838970240828,
  "EmberJS-TodoMVC/total": 372.8040930889805,
  "Flight-TodoMVC/Adding100Items/Async": 32.401776851735086,
  "Flight-TodoMVC/Adding100Items/Sync": 77.88887150546323,
  "Flight-TodoMVC/Adding100Items/total": 110.29689360001075,
  "Flight-TodoMVC/CompletingAllItems/Async": 24.674359328076907,
  "Flight-TodoMVC/CompletingAllItems/Sync": 87.90275627984738,
  "Flight-TodoMVC/CompletingAllItems/total": 112.68717893124088,
  "Flight-TodoMVC/DeletingItems/Async": 2.8282371473913277,
  "Flight-TodoMVC/DeletingItems/Sync": 69.60458759371487,
  "Flight-TodoMVC/DeletingItems/total": 72.43367023666441,
  "Flight-TodoMVC/total": 295.6496476765461,
  "Inferno-TodoMVC/Adding100Items/Async": 37.25599739332013,
  "Inferno-TodoMVC/Adding100Items/Sync": 42.83232291043252,
  "Inferno-TodoMVC/Adding100Items/total": 80.26005696065329,
  "Inferno-TodoMVC/CompletingAllItems/Async": 6.166129496706084,
  "Inferno-TodoMVC/CompletingAllItems/Sync": 84.93185084612222,
  "Inferno-TodoMVC/CompletingAllItems/total": 91.10422889207177,
  "Inferno-TodoMVC/DeletingItems/Async": 2.828934654921932,
  "Inferno-TodoMVC/DeletingItems/Sync": 207.25895356635803,
  "Inferno-TodoMVC/DeletingItems/total": 210.08914347685774,
  "Inferno-TodoMVC/total": 381.4841918198741,
  "Preact-TodoMVC/Adding100Items/Async": 36.61507723350248,
  "Preact-TodoMVC/Adding100Items/Sync": 4.964829427325358,
  "Preact-TodoMVC/Adding100Items/total": 41.588175978844355,
  "Preact-TodoMVC/CompletingAllItems/Async": 16.297148329824722,
  "Preact-TodoMVC/CompletingAllItems/Sync": 3.0594927056310173,
  "Preact-TodoMVC/CompletingAllItems/total": 19.370264874666216,
  "Preact-TodoMVC/DeletingItems/Async": 4.3136187396207974,
  "Preact-TodoMVC/DeletingItems/Sync": 1.738787796146095,
  "Preact-TodoMVC/DeletingItems/total": 6.068514703442717,
  "Preact-TodoMVC/total": 67.04414723276423,
  "React-Redux-TodoMVC/Adding100Items/Async": 33.596303255547866,
  "React-Redux-TodoMVC/Adding100Items/Sync": 130.4872907626231,
  "React-Redux-TodoMVC/Adding100Items/total": 164.2104633843674,
  "React-Redux-TodoMVC/CompletingAllItems/Async": 26.170664837364196,
  "React-Redux-TodoMVC/CompletingAllItems/Sync": 151.46762650028018,
  "React-Redux-TodoMVC/CompletingAllItems/total": 177.95071880949575,
  "React-Redux-TodoMVC/DeletingItems/Async": 4.404486740695788,
  "React-Redux-TodoMVC/DeletingItems/Sync": 88.41525716863416,
  "React-Redux-TodoMVC/DeletingItems/total": 93.29433258551921,
  "React-Redux-TodoMVC/total": 438.65553294438894,
  "React-TodoMVC/Adding100Items/Async": 34.27572963085854,
  "React-TodoMVC/Adding100Items/Sync": 105.11572255595644,
  "React-TodoMVC/Adding100Items/total": 139.40731117239434,
  "React-TodoMVC/CompletingAllItems/Async": 26.49903848325156,
  "React-TodoMVC/CompletingAllItems/Sync": 71.50396664461339,
  "React-TodoMVC/CompletingAllItems/total": 98.59029396213654,
  "React-TodoMVC/DeletingAllItems/Async": 3.1605847967059137,
  "React-TodoMVC/DeletingAllItems/Sync": 45.760422680693786,
  "React-TodoMVC/DeletingAllItems/total": 49.07886640897365,
  "React-TodoMVC/total": 290.1434702630179,
  "Vanilla-ES2015-Babel-Webpack-TodoMVC/Adding100Items/Async": 34.909334249023686,
  "Vanilla-ES2015-Babel-Webpack-TodoMVC/Adding100Items/Sync": 302.5195801131182,
  "Vanilla-ES2015-Babel-Webpack-TodoMVC/Adding100Items/total": 337.45403315062345,
  "Vanilla-ES2015-Babel-Webpack-TodoMVC/CompletingAllItems/Async": 26.57122119372195,
  "Vanilla-ES2015-Babel-Webpack-TodoMVC/CompletingAllItems/Sync": 62.93040511368311,
  "Vanilla-ES2015-Babel-Webpack-TodoMVC/CompletingAllItems/total": 89.5234584259211,
  "Vanilla-ES2015-Babel-Webpack-TodoMVC/DeletingItems/Async": 3.2382774307374267,
  "Vanilla-ES2015-Babel-Webpack-TodoMVC/DeletingItems/Sync": 40.11003747247,
  "Vanilla-ES2015-Babel-Webpack-TodoMVC/DeletingItems/total": 43.51262279238884,
  "Vanilla-ES2015-Babel-Webpack-TodoMVC/total": 470.6437545101346,
  "Vanilla-ES2015-TodoMVC/Adding100Items/Async": 34.46766352881239,
  "Vanilla-ES2015-TodoMVC/Adding100Items/Sync": 309.2197737832271,
  "Vanilla-ES2015-TodoMVC/Adding100Items/total": 343.7243738130591,
  "Vanilla-ES2015-TodoMVC/CompletingAllItems/Async": 26.61778677152011,