{
  "browser-setup": 3.942177,
  "browser-tear_down": 0.199686,
  "probes-creation": 0.000132,
  "probes-setup": 0.0001,
  "probes-start": 6e-05,
  "run": 135.447846,
  "runner-cooldown": 2.002049
}