{
  "Angular2-TypeScript-TodoMVC/Adding100Items/Async": 37.56209383781301,
  "Angular2-TypeScript-TodoMVC/Adding100Items/Sync": 59.14878687414956,
  "Angular2-TypeScript-TodoMVC/Adding100Items/total": 96.73146628589069,
  "Angular2-TypeScript-TodoMVC/CompletingAllItems/Async": 18.544371738786854,
  "Angular2-TypeScript-TodoMVC/CompletingAllItems/Sync": 10.097085616013317,
  "Angular2-TypeScript-TodoMVC/CompletingAllItems/total": 28.723006484612263,
  "Angular2-TypeScript-TodoMVC/DeletingItems/Async": 3.6995921581668454,
  "Angular2-TypeScript-TodoMVC/DeletingItems/Sync": 18.208268500773507,
  "Angular2-TypeScript-TodoMVC/DeletingItems/total": 21.91529904267791,
  "Angular2-TypeScript-TodoMVC/total": 147.55740468707882,
  "AngularJS-TodoMVC/Adding100Items/Async": 53.6362330480986,
  "AngularJS-TodoMVC/Adding100Items/Sync": 271.52673925303947,
  "AngularJS-TodoMVC/Adding100Items/total": 326.03914479108374,
  "AngularJS-TodoMVC/CompletingAllItems/Async": 36.13084730062389,
  "AngularJS-TodoMVC/CompletingAllItems/Sync": 86.6356122775423,
  "AngularJS-TodoMVC/CompletingAllItems/total": 123.69323946358237,
  "AngularJS-TodoMVC/DeletingAllItems/Async": 17.078932765131004,
  "AngularJS-TodoMVC/DeletingAllItems/Sync": 241.43902579169804,
  "AngularJS-TodoMVC/DeletingAllItems/total": 258.6236276127226,
  "AngularJS-TodoMVC/total": 709.1509054007391,
  "BackboneJS-TodoMVC/Adding100Items/Async": 45.34009791576405,
  "BackboneJS-TodoMVC/Adding100Items/Sync": 108.15277663879901,
  "BackboneJS-TodoMVC/Adding100Items/total": 154.09884775331292,
  "BackboneJS-TodoMVC/CompletingAllItems/Async": 33.886023638709844,
  "BackboneJS-TodoMVC/CompletingAllItems/Sync": 59.45173120508183,
  "BackboneJS-TodoMVC/CompletingAllItems/total": 93.50435242200118,
  "BackboneJS-TodoMVC/DeletingAllItems/Async": 4.72350354368966,
  "BackboneJS-TodoMVC/DeletingAllItems/Sync": 30.810497948060554,
  "BackboneJS-TodoMVC/DeletingAllItems/total": 35.54347928710701,
  "BackboneJS-TodoMVC/total": 283.4394376446307,
  "Elm-TodoMVC/Adding100Items/Async": 51.50696309937065,
  "Elm-TodoMVC/Adding100Items/Sync": 149.1803681811325,
  "Elm-TodoMVC/Adding100Items/total": 200.7539804430874,
  "Elm-TodoMVC/CompletingAllItems/Async": 38.822068545474124,
  "Elm-TodoMVC/CompletingAllItems/Sync": 178.32531787669433,
  "Elm-TodoMVC/CompletingAllItems/total": 225.05284070552653,
  "Elm-TodoMVC/DeletingItems/Async": 12.276394614002944,
  "Elm-TodoMVC/DeletingItems/Sync": 310.9401522408321,
  "Elm-TodoMVC/DeletingItems/total": 330.5153782704957,
  "Elm-TodoMVC/total": 851.3967754613398,
  "EmberJS-Debug-TodoMVC/Adding100Items/Async": 45.76804547139264,
  "EmberJS-Debug-TodoMVC/Adding100Items/Sync": 592.9447631634474,
  "EmberJS-Debug-TodoMVC/Adding100Items/total": 638.8165629458604,
  "EmberJS-Debug-TodoMVC/CompletingAllItems/Async": 32.39180302020855,
  "EmberJS-Debug-TodoMVC/CompletingAllItems/Sync": 357.04631204868315,
  "EmberJS-Debug-TodoMVC/CompletingAllItems/total": 389.47578865707607,
  "EmberJS-Debug-TodoMVC/DeletingItems/Async": 5.748860606698402,
  "EmberJS-Debug-TodoMVC/DeletingItems/Sync": 382.3663848916223,
  "EmberJS-Debug-TodoMVC/DeletingItems/total": 388.80679611343527,
  "EmberJS-Debug-TodoMVC/total": 1417.6936147320546,
  "EmberJS-TodoMVC/Adding100Items/Async": 44.11169471991826,
  "EmberJS-TodoMVC/Adding100Items/Sync": 217.54054905222387,
  "EmberJS-TodoMVC/Adding100Items/total": 261.8577172438764,
  "EmberJS-TodoMVC/CompletingAllItems/Async": 36.0106627680372,
  "EmberJS-TodoMVC/CompletingAllItems/Sync": 123.36996260126017,
  "EmberJS-TodoMVC/CompletingAllItems/total": 159.6203311327106,
  "EmberJS-TodoMVC/DeletingItems/Async": 4.505705686996407,
  "EmberJS-TodoMVC/DeletingItems/Sync": 81.2500845182574,
  "EmberJS-TodoMVC/DeletingItems/total": 85.8963653034713,
  "EmberJS-TodoMVC/total": 507.69947749431867,
  "Flight-TodoMVC/Adding100Items/Async": 40.611494218827296,
  "Flight-TodoMVC/Adding100Items/Sync": 117.45782143496197,
  "Flight-TodoMVC/Adding100Items/total": 158.30617194992178,
  "Flight-TodoMVC/CompletingAllItems/Async": 32.4187287507136,
  "Flight-TodoMVC/CompletingAllItems/Sync": 124.0820932369989,
  "Flight-TodoMVC/CompletingAllItems/total": 156.6501931408427,
  "Flight-TodoMVC/DeletingItems/Async": 4.8747562751728335,
  "Flight-TodoMVC/DeletingItems/Sync": 110.20138245971418,
  "Flight-TodoMVC/DeletingItems/total": 115.46854736488565,
  "Flight-TodoMVC/total": 430.5146558623134,
  "Inferno-TodoMVC/Adding100Items/Async": 43.01126521629963,
  "Inferno-TodoMVC/Adding100Items/Sync": 55.58363156654505,
  "Inferno-TodoMVC/Adding100Items/total": 98.68032707362188,
  "Inferno-TodoMVC/CompletingAllItems/Async": 11.325904037627502,
  "Inferno-TodoMVC/CompletingAllItems/Sync": 112.85035485540688,
  "Inferno-TodoMVC/CompletingAllItems/total": 124.66740019540968,
  "Inferno-TodoMVC/DeletingItems/Async": 3.9974737941229646,
  "Inferno-TodoMVC/DeletingItems/Sync": 246.37423266542814,
  "Inferno-TodoMVC/DeletingItems/total": 250.392148910943,
  "Inferno-TodoMVC/total": 473.906697558995,
  "Preact-TodoMVC/Adding100Items/Async": 62.5245460974008,
  "Preact-TodoMVC/Adding100Items/Sync": 10.700121381683495,
  "Preact-TodoMVC/Adding100Items/total": 73.23933728506613,
  "Preact-TodoMVC/CompletingAllItems/Async": 27.137613217398428,
  "Preact-TodoMVC/CompletingAllItems/Sync": 3.971827500149361,
  "Preact-TodoMVC/CompletingAllItems/total": 31.194413843331557,
  "Preact-TodoMVC/DeletingItems/Async": 7.535444326156923,
  "Preact-TodoMVC/DeletingItems/Sync": 2.144748762031333,
  "Preact-TodoMVC/DeletingItems/total": 9.695104177037793,
  "Preact-TodoMVC/total": 115.68584198854923,
  "React-Redux-TodoMVC/Adding100Items/Async": 40.799914745281896,
  "React-Redux-TodoMVC/Adding100Items/Sync": 198.8151128581378,
  "React-Redux-TodoMVC/Adding100Items/total": 239.77178911092278,
  "React-Redux-TodoMVC/CompletingAllItems/Async": 31.372341851556016,
  "React-Redux-TodoMVC/CompletingAllItems/Sync": 169.74037447337153,
  "React-Redux-TodoMVC/CompletingAllItems/total": 201.14295355414905,
  "React-Redux-TodoMVC/DeletingItems/Async": 4.374721544228097,
  "React-Redux-TodoMVC/DeletingItems/Sync": 113.1427936259354,
  "React-Redux-TodoMVC/DeletingItems/total": 117.55392459590489,
  "React-Redux-TodoMVC/total": 558.8699295881269,
  "React-TodoMVC/Adding100Items/Async": 43.6592909364591,
  "React-TodoMVC/Adding100Items/Sync": 141.56262348685198,
  "React-TodoMVC/Adding100Items/total": 185.25168674859788,
  "React-TodoMVC/CompletingAllItems/Async": 32.220447193633056,
  "React-TodoMVC/CompletingAllItems/Sync": 88.01553030307228,
  "React-TodoMVC/CompletingAllItems/total": 120.33034783225739,
  "React-TodoMVC/DeletingAllItems/Async": 4.0901710356327845,
  "React-TodoMVC/DeletingAllItems/Sync": 55.23750185695612,
  "React-TodoMVC/DeletingAllItems/total": 59.37958784352843,
  "React-TodoMVC/total": 365.20945607913217,
  "Vanilla-ES2015-Babel-Webpack-TodoMVC/Adding100Items/Async": 38.61785673794926,
  "Vanilla-ES2015-Babel-Webpack-TodoMVC/Adding100Items/Sync": 346.36774223420986,
  "Vanilla-ES2015-Babel-Webpack-TodoMVC/Adding100Items/total": 385.0330014083884,
  "Vanilla-ES2015-Babel-Webpack-TodoMVC/CompletingAllItems/Async": 30.8958116176027,
  "Vanilla-ES2015-Babel-Webpack-TodoMVC/CompletingAllItems/Sync": 78.44794695411133,
  "Vanilla-ES2015-Babel-Webpack-TodoMVC/CompletingAllItems/total": 109.35916482055914,
  "Vanilla-ES2015-Babel-Webpack-TodoMVC/DeletingItems/Async": 4.5833477346341915,
  "Vanilla-ES2015-Babel-Webpack-TodoMVC/DeletingItems/Sync": 52.742063920990404,
  "Vanilla-ES2015-Babel-Webpack-TodoMVC/DeletingItems/total": 57.360522872313844,
  "Vanilla-ES2015-Babel-Webpack-TodoMVC/total": 551.9548162345775,
  "Vanilla-ES2015-TodoMVC/Adding100Items/Async": 37.59917741158973,
  "Vanilla-ES2015-TodoMVC/Adding100Items/Sync": 357.2612479655966,
  "Vanilla-ES2015-TodoMVC/Adding100Items/total": 394.86093886399044,
  "Vanilla-ES2015-TodoMVC/CompletingAllItems/Async": 30.917276709819117,