{
  "browser-setup": 3.282647,
  "browser-tear_down": 0.283384,
  "probes-creation": 0.000236,
  "probes-setup": 0.000316,
  "probes-start": 8.1e-05,
  "run": 110.553948,
  "runner-cooldown": 2.002435
}