{
  "Angular2-TypeScript-TodoMVC/Adding100Items/Async": 32.25337551893666,
  "Angular2-TypeScript-TodoMVC/Adding100Items/Sync": 42.042750810117845,
  "Angular2-TypeScript-TodoMVC/Adding100Items/total": 74.33749507040893,
  "Angular2-TypeScript-TodoMVC/CompletingAllItems/Async": 13.435231200150513,
  "Angular2-TypeScript-TodoMVC/CompletingAllItems/Sync": 8.454246037050774,
  "Angular2-TypeScript-TodoMVC/CompletingAllItems/total": 21.969335686911414,
  "Angular2-TypeScript-TodoMVC/DeletingItems/Async": 3.6099443126300197,
  "Angular2-TypeScript-TodoMVC/DeletingItems/Sync": 16.25398989639834,
  "Angular2-TypeScript-TodoMVC/DeletingItems/total": 21.5351241244225,
  "Angular2-TypeScript-TodoMVC/total": 119.69165618585636,
  "AngularJS-TodoMVC/Adding100Items/Async": 41.35291566788668,
  "AngularJS-TodoMVC/Adding100Items/Sync": 155.4097797479156,
  "AngularJS-TodoMVC/Adding100Items/total": 196.76492637284207,
  "AngularJS-TodoMVC/CompletingAllItems/Async": 24.220093241092254,
  "AngularJS-TodoMVC/CompletingAllItems/Sync": 54.34475483695551,
  "AngularJS-TodoMVC/CompletingAllItems/total": 78.68864044802412,
  "AngularJS-TodoMVC/DeletingAllItems/Async": 16.1668754192398,
  "AngularJS-TodoMVC/DeletingAllItems/Sync": 157.4308622471041,
  "AngularJS-TodoMVC/DeletingAllItems/total": 173.66667893563,
  "AngularJS-TodoMVC/total": 449.15602526100514,
  "BackboneJS-TodoMVC/Adding100Items/Async": 41.17313795097667,
  "BackboneJS-TodoMVC/Adding100Items/Sync": 54.43298597522348,
  "BackboneJS-TodoMVC/Adding100Items/total": 95.73249602857449,
  "BackboneJS-TodoMVC/CompletingAllItems/Async": 36.29683173917886,
  "BackboneJS-TodoMVC/CompletingAllItems/Sync": 37.308290354430014,
  "BackboneJS-TodoMVC/CompletingAllItems/total": 75.09832640555767,
  "BackboneJS-TodoMVC/DeletingAllItems/Async": 6.60917958317909,
  "BackboneJS-TodoMVC/DeletingAllItems/Sync": 25.662905414666923,
  "BackboneJS-TodoMVC/DeletingAllItems/total": 33.69045837615685,
  "BackboneJS-TodoMVC/total": 206.11311298044916,
  "Elm-TodoMVC/Adding100Items/Async": 50.60631329490886,
  "Elm-TodoMVC/Adding100Items/Sync": 87.88434589054356,
  "Elm-TodoMVC/Adding100Items/total": 138.5534152276168,
  "Elm-TodoMVC/CompletingAllItems/Async": 30.025493403802137,
  "Elm-TodoMVC/CompletingAllItems/Sync": 83.8858708721896,
  "Elm-TodoMVC/CompletingAllItems/total": 113.94758507201534,
  "Elm-TodoMVC/DeletingItems/Async": 9.316857046738097,
  "Elm-TodoMVC/DeletingItems/Sync": 102.47624395926199,
  "Elm-TodoMVC/DeletingItems/total": 111.89739312978165,
  "Elm-TodoMVC/total": 364.57442471589053,
  "EmberJS-Debug-TodoMVC/Adding100Items/Async": 45.88729923082591,
  "EmberJS-Debug-TodoMVC/Adding100Items/Sync": 739.1618099292201,
  "EmberJS-Debug-TodoMVC/Adding100Items/total": 785.7805024327149,
  "EmberJS-Debug-TodoMVC/CompletingAllItems/Async": 33.554086193791974,
  "EmberJS-Debug-TodoMVC/CompletingAllItems/Sync": 291.1646495803989,
  "EmberJS-Debug-TodoMVC/CompletingAllItems/total": 324.84216497703494,
  "EmberJS-Debug-TodoMVC/DeletingItems/Async": 11.055838717522537,
  "EmberJS-Debug-TodoMVC/DeletingItems/Sync": 280.88738459154143,
  "EmberJS-Debug-TodoMVC/DeletingItems/total": 295.13201745131727,
  "EmberJS-Debug-TodoMVC/total": 1413.1091346544947,
  "EmberJS-TodoMVC/Adding100Items/Async": 34.152714361992324,
  "EmberJS-TodoMVC/Adding100Items/Sync": 144.95426558011633,
  "EmberJS-TodoMVC/Adding100Items/total": 179.2209788222733,
  "EmberJS-TodoMVC/CompletingAllItems/Async": 28.26253873364604,
  "EmberJS-TodoMVC/CompletingAllItems/Sync": 98.01068958170364,
  "EmberJS-TodoMVC/CompletingAllItems/total": 126.3223028377636,
  "EmberJS-TodoMVC/DeletingItems/Async": 3.659499502719379,
  "EmberJS-TodoMVC/DeletingItems/Sync": 72.53345961331608,
  "EmberJS-TodoMVC/DeletingItems/total": 76.2546026277711,
  "EmberJS-TodoMVC/total": 382.44408661901116,
  "Flight-TodoMVC/Adding100Items/Async": 33.88379844353478,
  "Flight-TodoMVC/Adding100Items/Sync": 78.20059841486996,
  "Flight-TodoMVC/Adding100Items/total": 112.10363426284314,
  "Flight-TodoMVC/CompletingAllItems/Async": 25.137172929907976,
  "Flight-TodoMVC/CompletingAllItems/Sync": 86.31171139745182,
  "Flight-TodoMVC/CompletingAllItems/total": 111.45675738891255,
  "Flight-TodoMVC/DeletingItems/Async": 4.526439820649759,
  "Flight-TodoMVC/DeletingItems/Sync": 70.00569493435742,
  "Flight-TodoMVC/DeletingItems/total": 77.81318574480312,
  "Flight-TodoMVC/total": 302.3396074892342,
  "Inferno-TodoMVC/Adding100Items/Async": 38.717640464833465,
  "Inferno-TodoMVC/Adding100Items/Sync": 42.13872740085781,
  "Inferno-TodoMVC/Adding100Items/total": 80.94884449805762,
  "Inferno-TodoMVC/CompletingAllItems/Async": 6.414318658817498,
  "Inferno-TodoMVC/CompletingAllItems/Sync": 84.98566815709137,
  "Inferno-TodoMVC/CompletingAllItems/total": 91.40695032223174,
  "Inferno-TodoMVC/DeletingItems/Async": 3.5228633549276753,
  "Inferno-TodoMVC/DeletingItems/Sync": 204.30746799956162,
  "Inferno-TodoMVC/DeletingItems/total": 207.86306274296618,
  "Inferno-TodoMVC/total": 380.30763718265183,
  "Preact-TodoMVC/Adding100Items/Async": 37.83333475798293,
  "Preact-TodoMVC/Adding100Items/Sync": 4.956592657077274,
  "Preact-TodoMVC/Adding100Items/total": 42.799063079113026,
  "Preact-TodoMVC/CompletingAllItems/Async": 16.14571528560527,
  "Preact-TodoMVC/CompletingAllItems/Sync": 3.043259013233127,
  "Preact-TodoMVC/CompletingAllItems/total": 19.199140964488517,
  "Preact-TodoMVC/DeletingItems/Async": 4.794337610528125,
  "Preact-TodoMVC/DeletingItems/Sync": 1.658346187107734,
  "Preact-TodoMVC/DeletingItems/total": 6.463867794668711,
  "Preact-TodoMVC/total": 68.52959245609802,
  "React-Redux-TodoMVC/Adding100Items/Async": 33.66323829482914,
  "React-Redux-TodoMVC/Adding100Items/Sync": 132.81246555485149,
  "React-Redux-TodoMVC/Adding100Items/total": 166.55901723176245,
  "React-Redux-TodoMVC/CompletingAllItems/Async": 27.543193289208602,
  "React-Redux-TodoMVC/CompletingAllItems/Sync": 137.65810801832993,
  "React-Redux-TodoMVC/CompletingAllItems/total": 165.3962282934422,
  "React-Redux-TodoMVC/DeletingItems/Async": 3.652101546518613,
  "React-Redux-TodoMVC/DeletingItems/Sync": 95.22919282851458,
  "React-Redux-TodoMVC/DeletingItems/total": 99.00170833555684,
  "React-Redux-TodoMVC/total": 432.34632060878994,
  "React-TodoMVC/Adding100Items/Async": 35.537595042304,
  "React-TodoMVC/Adding100Items/Sync": 105.41500132890859,
  "React-TodoMVC/Adding100Items/total": 140.99123635536816,
  "React-TodoMVC/CompletingAllItems/Async": 27.86027752427412,
  "React-TodoMVC/CompletingAllItems/Sync": 63.766219342639666,
  "React-TodoMVC/CompletingAllItems/total": 91.72726802827042,
  "React-TodoMVC/DeletingAllItems/Async": 3.0370133586565076,
  "React-TodoMVC/DeletingAllItems/Sync": 44.93321215797578,
  "React-TodoMVC/DeletingAllItems/total": 47.99708055070747,
  "React-TodoMVC/total": 280.74383854503816,
  "Vanilla-ES2015-Babel-Webpack-TodoMVC/Adding100Items/Async": 35.891202069336664,
  "Vanilla-ES2015-Babel-Webpack-TodoMVC/Adding100Items/Sync": 295.5544249519827,
  "Vanilla-ES2015-Babel-Webpack-TodoMVC/Adding100Items/total": 331.4603118578798,
  "Vanilla-ES2015-Babel-Webpack-TodoMVC/CompletingAllItems/Async": 27.051756366042117,
  "Vanilla-ES2015-Babel-Webpack-TodoMVC/CompletingAllItems/Sync": 63.2176926810925,
  "Vanilla-ES2015-Babel-Webpack-TodoMVC/CompletingAllItems/total": 90.3127556452531,
  "Vanilla-ES2015-Babel-Webpack-TodoMVC/DeletingItems/Async": 4.27592958608117,
  "Vanilla-ES2015-Babel-Webpack-TodoMVC/DeletingItems/Sync": 40.04272345194553,
  "Vanilla-ES2015-Babel-Webpack-TodoMVC/DeletingItems/total": 46.39851423776999,
  "Vanilla-ES2015-Babel-Webpack-TodoMVC/total": 469.1343146922166,
  "Vanilla-ES2015-TodoMVC/Adding100Items/Async": 35.50149865340598,
  "Vanilla-ES2015-TodoMVC/Adding100Items/Sync": 299.91561877157693,
  "Vanilla-ES2015-TodoMVC/Adding100Items/total": 335.4285994994861,
  "Vanilla-ES2015-TodoMVC/CompletingAllItems/Async": 26.08434608437189,