{
  "browser-setup": 4.033089,
  "browser-tear_down": 0.230521,
  "probes-creation": 0.00012,
  "probes-setup": 0.000103,
  "probes-start": 5.5e-05,
  "run": 126.632526,
  "runner-cooldown": 2.002052
}