{
  "Angular2-TypeScript-TodoMVC/Adding100Items/Async": 37.497594079566205,
  "Angular2-TypeScript-TodoMVC/Adding100Items/Sync": 53.72450583377787,
  "Angular2-TypeScript-TodoMVC/Adding100Items/total": 91.26553748582538,
  "Angular2-TypeScript-TodoMVC/CompletingAllItems/Async": 14.388264497468441,
  "Angular2-TypeScript-TodoMVC/CompletingAllItems/Sync": 9.946112515056555,
  "Angular2-TypeScript-TodoMVC/CompletingAllItems/total": 24.336431432052528,
  "Angular2-TypeScript-TodoMVC/DeletingItems/Async": 3.596118685445281,
  "Angular2-TypeScript-TodoMVC/DeletingItems/Sync": 18.23235932688813,
  "Angular2-TypeScript-TodoMVC/DeletingItems/total": 21.842791115481713,
  "Angular2-TypeScript-TodoMVC/total": 137.49604687221654,
  "AngularJS-TodoMVC/Adding100Items/Async": 55.35749657897355,
  "AngularJS-TodoMVC/Adding100Items/Sync": 271.885507571074,
  "AngularJS-TodoMVC/Adding100Items/total": 328.88440167332095,
  "AngularJS-TodoMVC/CompletingAllItems/Async": 31.91156007486567,
  "AngularJS-TodoMVC/CompletingAllItems/Sync": 70.52738202717819,
  "AngularJS-TodoMVC/CompletingAllItems/total": 102.5293072442411,
  "AngularJS-TodoMVC/DeletingAllItems/Async": 19.99324070393077,
  "AngularJS-TodoMVC/DeletingAllItems/Sync": 243.70016246115625,
  "AngularJS-TodoMVC/DeletingAllItems/total": 271.8955251259839,
  "AngularJS-TodoMVC/total": 708.1688978199604,
  "BackboneJS-TodoMVC/Adding100Items/Async": 43.64017684795139,
  "BackboneJS-TodoMVC/Adding100Items/Sync": 70.04729908429559,
  "BackboneJS-TodoMVC/Adding100Items/total": 113.70130265544482,
  "BackboneJS-TodoMVC/CompletingAllItems/Async": 33.05810948183494,
  "BackboneJS-TodoMVC/CompletingAllItems/Sync": 45.96441730505703,
  "BackboneJS-TodoMVC/CompletingAllItems/total": 79.02401674838072,
  "BackboneJS-TodoMVC/DeletingAllItems/Async": 4.995382897361667,
  "BackboneJS-TodoMVC/DeletingAllItems/Sync": 29.22323283974167,
  "BackboneJS-TodoMVC/DeletingAllItems/total": 34.24556821315223,
  "BackboneJS-TodoMVC/total": 226.99399113655988,
  "Elm-TodoMVC/Adding100Items/Async": 51.90583725447443,
  "Elm-TodoMVC/Adding100Items/Sync": 143.46689204977545,
  "Elm-TodoMVC/Adding100Items/total": 196.74338786516554,
  "Elm-TodoMVC/CompletingAllItems/Async": 35.15632618773701,
  "Elm-TodoMVC/CompletingAllItems/Sync": 126.28888510784968,
  "Elm-TodoMVC/CompletingAllItems/total": 162.47908583550978,
  "Elm-TodoMVC/DeletingItems/Async": 11.456684435641769,
  "Elm-TodoMVC/DeletingItems/Sync": 155.45803857288294,
  "Elm-TodoMVC/DeletingItems/total": 167.92911991148716,
  "Elm-TodoMVC/total": 543.4528759234707,
  "EmberJS-Debug-TodoMVC/Adding100Items/Async": 46.88772519569964,
  "EmberJS-Debug-TodoMVC/Adding100Items/Sync": 553.6497655148571,
  "EmberJS-Debug-TodoMVC/Adding100Items/total": 600.5864595363398,
  "EmberJS-Debug-TodoMVC/CompletingAllItems/Async": 30.438726944782115,
  "EmberJS-Debug-TodoMVC/CompletingAllItems/Sync": 381.75220626495167,
  "EmberJS-Debug-TodoMVC/CompletingAllItems/total": 412.36113687905765,
  "EmberJS-Debug-TodoMVC/DeletingItems/Async": 6.906027651537606,
  "EmberJS-Debug-TodoMVC/DeletingItems/Sync": 381.6272250766059,
  "EmberJS-Debug-TodoMVC/DeletingItems/total": 389.43814925858146,
  "EmberJS-Debug-TodoMVC/total": 1411.7659203410258,
  "EmberJS-TodoMVC/Adding100Items/Async": 43.54981021936456,
  "EmberJS-TodoMVC/Adding100Items/Sync": 216.80232606996668,
  "EmberJS-TodoMVC/Adding100Items/total": 260.7857990000506,
  "EmberJS-TodoMVC/CompletingAllItems/Async": 35.88627349562324,
  "EmberJS-TodoMVC/CompletingAllItems/Sync": 123.12481380628017,
  "EmberJS-TodoMVC/CompletingAllItems/total": 159.3923072559457,
  "EmberJS-TodoMVC/DeletingItems/Async": 5.588285209448026,
  "EmberJS-TodoMVC/DeletingItems/Sync": 81.60465022665078,
  "EmberJS-TodoMVC/DeletingItems/total": 87.82343488522652,
  "EmberJS-TodoMVC/total": 510.2412736629197,
  "Flight-TodoMVC/Adding100Items/Async": 39.11818791675268,
  "Flight-TodoMVC/Adding100Items/Sync": 98.56973194810915,
  "Flight-TodoMVC/Adding100Items/total": 137.70054020052189,
  "Flight-TodoMVC/CompletingAllItems/Async": 28.886984621377827,
  "Flight-TodoMVC/CompletingAllItems/Sync": 107.5695424714768,
  "Flight-TodoMVC/CompletingAllItems/total": 136.46967998567078,
  "Flight-TodoMVC/DeletingItems/Async": 3.6994594906263654,
  "Flight-TodoMVC/DeletingItems/Sync": 89.09208369643831,
  "Flight-TodoMVC/DeletingItems/total": 92.79225103334396,
  "Flight-TodoMVC/total": 366.98180372832473,
  "Inferno-TodoMVC/Adding100Items/Async": 44.42502804708345,
  "Inferno-TodoMVC/Adding100Items/Sync": 48.26157769191465,
  "Inferno-TodoMVC/Adding100Items/total": 92.93546221297593,
  "Inferno-TodoMVC/CompletingAllItems/Async": 9.726583308155432,
  "Inferno-TodoMVC/CompletingAllItems/Sync": 106.31159919265016,
  "Inferno-TodoMVC/CompletingAllItems/total": 116.58814254321665,
  "Inferno-TodoMVC/DeletingItems/Async": 3.4972030002639825,
  "Inferno-TodoMVC/DeletingItems/Sync": 241.45235272407922,
  "Inferno-TodoMVC/DeletingItems/total": 244.95195660801718,
  "Inferno-TodoMVC/total": 454.66840487721987,
  "Preact-TodoMVC/Adding100Items/Async": 43.036908224182845,
  "Preact-TodoMVC/Adding100Items/Sync": 6.153772021856271,
  "Preact-TodoMVC/Adding100Items/total": 49.19229395908601,
  "Preact-TodoMVC/CompletingAllItems/Async": 31.047217774406498,
  "Preact-TodoMVC/CompletingAllItems/Sync": 3.833214401966111,
  "Preact-TodoMVC/CompletingAllItems/total": 34.88542679095815,
  "Preact-TodoMVC/DeletingItems/Async": 7.538122563277712,
  "Preact-TodoMVC/DeletingItems/Sync": 1.9898912084026268,
  "Preact-TodoMVC/DeletingItems/total": 9.535253161263178,
  "Preact-TodoMVC/total": 93.61617107746503,
  "React-Redux-TodoMVC/Adding100Items/Async": 44.175465672349965,
  "React-Redux-TodoMVC/Adding100Items/Sync": 190.5204792861242,
  "React-Redux-TodoMVC/Adding100Items/total": 235.10163536477128,
  "React-Redux-TodoMVC/CompletingAllItems/Async": 29.28530362215969,
  "React-Redux-TodoMVC/CompletingAllItems/Sync": 171.72730110133847,
  "React-Redux-TodoMVC/CompletingAllItems/total": 201.04749151162892,
  "React-Redux-TodoMVC/DeletingItems/Async": 5.461701963469785,
  "React-Redux-TodoMVC/DeletingItems/Sync": 134.9402585071356,
  "React-Redux-TodoMVC/DeletingItems/total": 140.7791370243908,
  "React-Redux-TodoMVC/total": 590.3473890906822,
  "React-TodoMVC/Adding100Items/Async": 43.94109209421976,
  "React-TodoMVC/Adding100Items/Sync": 152.42555388919007,
  "React-TodoMVC/Adding100Items/total": 197.21610651268168,
  "React-TodoMVC/CompletingAllItems/Async": 32.288425045975416,
  "React-TodoMVC/CompletingAllItems/Sync": 89.50336956898366,
  "React-TodoMVC/CompletingAllItems/total": 122.03902422150708,
  "React-TodoMVC/DeletingAllItems/Async": 4.564633039505476,
  "React-TodoMVC/DeletingAllItems/Sync": 55.41443550774847,
  "React-TodoMVC/DeletingAllItems/total": 60.41380114706088,
  "React-TodoMVC/total": 380.74596920172917,
  "Vanilla-ES2015-Babel-Webpack-TodoMVC/Adding100Items/Async": 36.937520819039214,
  "Vanilla-ES2015-Babel-Webpack-TodoMVC/Adding100Items/Sync": 328.12726113215473,
  "Vanilla-ES2015-Babel-Webpack-TodoMVC/Adding100Items/total": 365.1017819648297,
  "Vanilla-ES2015-Babel-Webpack-TodoMVC/CompletingAllItems/Async": 30.77461414215281,
  "Vanilla-ES2015-Babel-Webpack-TodoMVC/CompletingAllItems/Sync": 72.25631874689815,
  "Vanilla-ES2015-Babel-Webpack-TodoMVC/CompletingAllItems/total": 103.0654608058468,
  "Vanilla-ES2015-Babel-Webpack-TodoMVC/DeletingItems/Async": 3.933940063377455,
  "Vanilla-ES2015-Babel-Webpack-TodoMVC/DeletingItems/Sync": 45.713861021476774,
  "Vanilla-ES2015-Babel-Webpack-TodoMVC/DeletingItems/total": 49.66077983658453,
  "Vanilla-ES2015-Babel-Webpack-TodoMVC/total": 517.875422002321,
  "Vanilla-ES2015-TodoMVC/Adding100Items/Async": 37.88730409985133,
  "Vanilla-ES2015-TodoMVC/Adding100Items/Sync": 349.74643130760205,
  "Vanilla-ES2015-TodoMVC/Adding100Items/total": 387.7588964080374,
  "Vanilla-ES2015-TodoMVC/CompletingAllItems/Async": 31.44528700755237,