{
  "browser-setup": 3.312832,
  "browser-tear_down": 0.280729,
  "probes-creation": 0.000247,
  "probes-setup": 0.000341,
  "probes-start": 7.9e-05,
  "run": 108.116967,
  "runner-cooldown": 2.002424
}