{
  "Angular2-TypeScript-TodoMVC/Adding100Items/Async": 31.313785766648525,
  "Angular2-TypeScript-TodoMVC/Adding100Items/Sync": 41.36545357797464,
  "Angular2-TypeScript-TodoMVC/Adding100Items/total": 72.70833419376737,
  "Angular2-TypeScript-TodoMVC/CompletingAllItems/Async": 13.141295070187878,
  "Angular2-TypeScript-TodoMVC/CompletingAllItems/Sync": 8.469867435179902,
  "Angular2-TypeScript-TodoMVC/CompletingAllItems/total": 21.61398989986956,
  "Angular2-TypeScript-TodoMVC/DeletingItems/Async": 2.585654684699116,
  "Angular2-TypeScript-TodoMVC/DeletingItems/Sync": 15.929282869545668,
  "Angular2-TypeScript-TodoMVC/DeletingItems/total": 18.516171315132265,
  "Angular2-TypeScript-TodoMVC/total": 112.84401273450902,
  "AngularJS-TodoMVC/Adding100Items/Async": 40.707630284918025,
  "AngularJS-TodoMVC/Adding100Items/Sync": 152.13251949821603,
  "AngularJS-TodoMVC/Adding100Items/total": 192.84679039974097,
  "AngularJS-TodoMVC/CompletingAllItems/Async": 23.987334292163577,
  "AngularJS-TodoMVC/CompletingAllItems/Sync": 54.20319010330313,
  "AngularJS-TodoMVC/CompletingAllItems/total": 78.30146837169453,
  "AngularJS-TodoMVC/DeletingAllItems/Async": 14.16019055039489,
  "AngularJS-TodoMVC/DeletingAllItems/Sync": 159.8612070478228,
  "AngularJS-TodoMVC/DeletingAllItems/total": 174.04713351871584,
  "AngularJS-TodoMVC/total": 445.30896121068093,
  "BackboneJS-TodoMVC/Adding100Items/Async": 36.49974681671737,
  "BackboneJS-TodoMVC/Adding100Items/Sync": 55.13756294560414,
  "BackboneJS-TodoMVC/Adding100Items/total": 91.64929901230347,
  "BackboneJS-TodoMVC/CompletingAllItems/Async": 27.616260765680504,
  "BackboneJS-TodoMVC/CompletingAllItems/Sync": 37.46479535739795,
  "BackboneJS-TodoMVC/CompletingAllItems/total": 65.0816865858797,
  "BackboneJS-TodoMVC/DeletingAllItems/Async": 3.2421600983384384,
  "BackboneJS-TodoMVC/DeletingAllItems/Sync": 25.452372554509818,
  "BackboneJS-TodoMVC/DeletingAllItems/total": 28.70487066659359,
  "BackboneJS-TodoMVC/total": 185.45469187751056,
  "Elm-TodoMVC/Adding100Items/Async": 46.24181092247781,
  "Elm-TodoMVC/Adding100Items/Sync": 85.18559801276015,
  "Elm-TodoMVC/Adding100Items/total": 131.52706358036434,
  "Elm-TodoMVC/CompletingAllItems/Async": 35.22720588103793,
  "Elm-TodoMVC/CompletingAllItems/Sync": 208.29671518259562,
  "Elm-TodoMVC/CompletingAllItems/total": 245.27816714226245,
  "Elm-TodoMVC/DeletingItems/Async": 13.152950676382083,
  "Elm-TodoMVC/DeletingItems/Sync": 104.5498742652763,
  "Elm-TodoMVC/DeletingItems/total": 118.54489251413236,
  "Elm-TodoMVC/total": 504.01279563667305,
  "EmberJS-Debug-TodoMVC/Adding100Items/Async": 38.84880019650077,
  "EmberJS-Debug-TodoMVC/Adding100Items/Sync": 392.81720060390137,
  "EmberJS-Debug-TodoMVC/Adding100Items/total": 431.6903706172565,
  "EmberJS-Debug-TodoMVC/CompletingAllItems/Async": 30.62094049334889,
  "EmberJS-Debug-TodoMVC/CompletingAllItems/Sync": 379.48833170584976,
  "EmberJS-Debug-TodoMVC/CompletingAllItems/total": 410.38314632283516,
  "EmberJS-Debug-TodoMVC/DeletingItems/Async": 11.44292660792727,
  "EmberJS-Debug-TodoMVC/DeletingItems/Sync": 288.4432465304082,
  "EmberJS-Debug-TodoMVC/DeletingItems/total": 302.80748177035883,
  "EmberJS-Debug-TodoMVC/total": 1150.7222610015401,
  "EmberJS-TodoMVC/Adding100Items/Async": 33.74163667588304,
  "EmberJS-TodoMVC/Adding100Items/Sync": 138.52110340611716,
  "EmberJS-TodoMVC/Adding100Items/total": 172.34892061964788,
  "EmberJS-TodoMVC/CompletingAllItems/Async": 26.015821351792948,
  "EmberJS-TodoMVC/CompletingAllItems/Sync": 92.47159794206996,
  "EmberJS-TodoMVC/CompletingAllItems/total": 118.49137757184978,
  "EmberJS-TodoMVC/DeletingItems/Async": 2.948920392128259,
  "EmberJS-TodoMVC/DeletingItems/Sync": 62.25388732895416,
  "EmberJS-TodoMVC/DeletingItems/total": 65.2040610090294,
  "EmberJS-TodoMVC/total": 356.19739903184967,
  "Flight-TodoMVC/Adding100Items/Async": 32.629959708939275,
  "Flight-TodoMVC/Adding100Items/Sync": 79.42617980106671,
  "Flight-TodoMVC/Adding100Items/total": 112.06266260688018,
  "Flight-TodoMVC/CompletingAllItems/Async": 24.8763825732206,
  "Flight-TodoMVC/CompletingAllItems/Sync": 87.12827618497047,
  "Flight-TodoMVC/CompletingAllItems/total": 112.00988227317289,
  "Flight-TodoMVC/DeletingItems/Async": 2.7685302469417583,
  "Flight-TodoMVC/DeletingItems/Sync": 70.25671481031681,
  "Flight-TodoMVC/DeletingItems/total": 73.02651685531985,
  "Flight-TodoMVC/total": 297.10488636805104,
  "Inferno-TodoMVC/Adding100Items/Async": 38.208482322634495,
  "Inferno-TodoMVC/Adding100Items/Sync": 42.1671960672011,
  "Inferno-TodoMVC/Adding100Items/total": 80.53358214444317,
  "Inferno-TodoMVC/CompletingAllItems/Async": 7.009222008528499,
  "Inferno-TodoMVC/CompletingAllItems/Sync": 93.49600150880964,
  "Inferno-TodoMVC/CompletingAllItems/total": 100.52780945937704,
  "Inferno-TodoMVC/DeletingItems/Async": 3.333708320424226,
  "Inferno-TodoMVC/DeletingItems/Sync": 206.2706214408801,
  "Inferno-TodoMVC/DeletingItems/total": 209.77816822964942,
  "Inferno-TodoMVC/total": 393.70954985879894,
  "Preact-TodoMVC/Adding100Items/Async": 37.245113818495476,
  "Preact-TodoMVC/Adding100Items/Sync": 4.757468940291824,
  "Preact-TodoMVC/Adding100Items/total": 42.009139423021615,
  "Preact-TodoMVC/CompletingAllItems/Async": 16.271658657894555,
  "Preact-TodoMVC/CompletingAllItems/Sync": 2.847168986805401,
  "Preact-TodoMVC/CompletingAllItems/total": 19.127309151829014,
  "Preact-TodoMVC/DeletingItems/Async": 4.308416036976373,
  "Preact-TodoMVC/DeletingItems/Sync": 1.522687591164946,
  "Preact-TodoMVC/DeletingItems/total": 5.834346428062377,
  "Preact-TodoMVC/total": 67.00358651242462,
  "React-Redux-TodoMVC/Adding100Items/Async": 33.501560515188025,
  "React-Redux-TodoMVC/Adding100Items/Sync": 128.14550955236123,
  "React-Redux-TodoMVC/Adding100Items/total": 161.66705965620727,
  "React-Redux-TodoMVC/CompletingAllItems/Async": 25.28123321093939,
  "React-Redux-TodoMVC/CompletingAllItems/Sync": 132.15378518433133,
  "React-Redux-TodoMVC/CompletingAllItems/total": 157.47385911720684,
  "React-Redux-TodoMVC/DeletingItems/Async": 3.589425546287686,
  "React-Redux-TodoMVC/DeletingItems/Sync": 86.88135571768578,
  "React-Redux-TodoMVC/DeletingItems/total": 90.65010186899862,
  "React-Redux-TodoMVC/total": 409.8034080682357,
  "React-TodoMVC/Adding100Items/Async": 33.83217479724909,
  "React-TodoMVC/Adding100Items/Sync": 105.47773549749988,
  "React-TodoMVC/Adding100Items/total": 139.3440022495189,
  "React-TodoMVC/CompletingAllItems/Async": 27.717382933138616,
  "React-TodoMVC/CompletingAllItems/Sync": 71.85784394379813,
  "React-TodoMVC/CompletingAllItems/total": 100.33729742367507,
  "React-TodoMVC/DeletingAllItems/Async": 4.58684753517058,
  "React-TodoMVC/DeletingAllItems/Sync": 45.76914878721336,
  "React-TodoMVC/DeletingAllItems/total": 52.05076334784568,
  "React-TodoMVC/total": 295.0020611679834,
  "Vanilla-ES2015-Babel-Webpack-TodoMVC/Adding100Items/Async": 34.106158865928165,
  "Vanilla-ES2015-Babel-Webpack-TodoMVC/Adding100Items/Sync": 293.59853577491987,
  "Vanilla-ES2015-Babel-Webpack-TodoMVC/Adding100Items/total": 327.73176745271826,
  "Vanilla-ES2015-Babel-Webpack-TodoMVC/CompletingAllItems/Async": 24.228360768418817,
  "Vanilla-ES2015-Babel-Webpack-TodoMVC/CompletingAllItems/Sync": 64.40655137740639,
  "Vanilla-ES2015-Babel-Webpack-TodoMVC/CompletingAllItems/total": 88.64636272987664,
  "Vanilla-ES2015-Babel-Webpack-TodoMVC/DeletingItems/Async": 2.798237984015179,
  "Vanilla-ES2015-Babel-Webpack-TodoMVC/DeletingItems/Sync": 40.15219782113977,
  "Vanilla-ES2015-Babel-Webpack-TodoMVC/DeletingItems/total": 42.9524282502943,
  "Vanilla-ES2015-Babel-Webpack-TodoMVC/total": 459.3363452198843,
  "Vanilla-ES2015-TodoMVC/Adding100Items/Async": 33.62779545834805,
  "Vanilla-ES2015-TodoMVC/Adding100Items/Sync": 299.4524038495094,
  "Vanilla-ES2015-TodoMVC/Adding100Items/total": 333.10478832044885,
  "Vanilla-ES2015-TodoMVC/CompletingAllItems/Async": 26.21773260714887,