{
  "browser-setup": 3.272833,
  "browser-tear_down": 0.231333,
  "probes-creation": 0.000202,
  "probes-setup": 0.000169,
  "probes-start": 8.3e-05,
  "run": 108.496553,
  "runner-cooldown": 2.002066
}