{
  "browser-setup": 3.363359,
  "browser-tear_down": 0.22121,
  "probes-creation": 0.000194,
  "probes-setup": 0.000149,
  "probes-start": 7.8e-05,
  "run": 105.347051,
  "runner-cooldown": 2.002055
}