{
  "Angular2-TypeScript-TodoMVC/Adding100Items/Async": 31.037583772264725,
  "Angular2-TypeScript-TodoMVC/Adding100Items/Sync": 42.45300497753569,
  "Angular2-TypeScript-TodoMVC/Adding100Items/total": 73.51930446409199,
  "Angular2-TypeScript-TodoMVC/CompletingAllItems/Async": 12.756705703656584,
  "Angular2-TypeScript-TodoMVC/CompletingAllItems/Sync": 8.46691585437604,
  "Angular2-TypeScript-TodoMVC/CompletingAllItems/total": 21.225022931813715,
  "Angular2-TypeScript-TodoMVC/DeletingItems/Async": 2.6061165970479987,
  "Angular2-TypeScript-TodoMVC/DeletingItems/Sync": 16.30019393884656,
  "Angular2-TypeScript-TodoMVC/DeletingItems/total": 18.91405097568717,
  "Angular2-TypeScript-TodoMVC/total": 113.6957739243655,
  "AngularJS-TodoMVC/Adding100Items/Async": 40.90530498455345,
  "AngularJS-TodoMVC/Adding100Items/Sync": 162.35416445467223,
  "AngularJS-TodoMVC/Adding100Items/total": 203.55494619459472,
  "AngularJS-TodoMVC/CompletingAllItems/Async": 23.782627795570466,
  "AngularJS-TodoMVC/CompletingAllItems/Sync": 54.38813610578602,
  "AngularJS-TodoMVC/CompletingAllItems/total": 78.52851526641884,
  "AngularJS-TodoMVC/DeletingAllItems/Async": 14.612747094599918,
  "AngularJS-TodoMVC/DeletingAllItems/Sync": 168.36118736920133,
  "AngularJS-TodoMVC/DeletingAllItems/total": 183.04685832715953,
  "AngularJS-TodoMVC/total": 467.93936375469195,
  "BackboneJS-TodoMVC/Adding100Items/Async": 36.23349894149064,
  "BackboneJS-TodoMVC/Adding100Items/Sync": 54.98460133725919,
  "BackboneJS-TodoMVC/Adding100Items/total": 91.23581443619031,
  "BackboneJS-TodoMVC/CompletingAllItems/Async": 27.54616391142821,
  "BackboneJS-TodoMVC/CompletingAllItems/Sync": 37.51290176622248,
  "BackboneJS-TodoMVC/CompletingAllItems/total": 65.06027930235214,
  "BackboneJS-TodoMVC/DeletingAllItems/Async": 3.8171057607164043,
  "BackboneJS-TodoMVC/DeletingAllItems/Sync": 29.91344713569387,
  "BackboneJS-TodoMVC/DeletingAllItems/total": 33.74115669431407,
  "BackboneJS-TodoMVC/total": 193.88655767897268,
  "Elm-TodoMVC/Adding100Items/Async": 46.40000079960509,
  "Elm-TodoMVC/Adding100Items/Sync": 103.23636259350393,
  "Elm-TodoMVC/Adding100Items/total": 151.12528080969892,
  "Elm-TodoMVC/CompletingAllItems/Async": 30.467235875947864,
  "Elm-TodoMVC/CompletingAllItems/Sync": 92.90963478903309,
  "Elm-TodoMVC/CompletingAllItems/total": 123.96948350075408,
  "Elm-TodoMVC/DeletingItems/Async": 8.886969567471999,
  "Elm-TodoMVC/DeletingItems/Sync": 98.25734489195901,
  "Elm-TodoMVC/DeletingItems/total": 107.4730343086245,
  "Elm-TodoMVC/total": 389.18575719900724,
  "EmberJS-Debug-TodoMVC/Adding100Items/Async": 38.48297123805686,
  "EmberJS-Debug-TodoMVC/Adding100Items/Sync": 409.99554102189563,
  "EmberJS-Debug-TodoMVC/Adding100Items/total": 448.5016055967055,
  "EmberJS-Debug-TodoMVC/CompletingAllItems/Async": 26.2714568729946,
  "EmberJS-Debug-TodoMVC/CompletingAllItems/Sync": 296.79763618023367,
  "EmberJS-Debug-TodoMVC/CompletingAllItems/total": 323.1109720887264,
  "EmberJS-Debug-TodoMVC/DeletingItems/Async": 5.584024163308064,
  "EmberJS-Debug-TodoMVC/DeletingItems/Sync": 283.3502720581096,
  "EmberJS-Debug-TodoMVC/DeletingItems/total": 291.3344963440171,
  "EmberJS-Debug-TodoMVC/total": 1066.0018468872263,
  "EmberJS-TodoMVC/Adding100Items/Async": 34.87227669176228,
  "EmberJS-TodoMVC/Adding100Items/Sync": 151.77148780524556,
  "EmberJS-TodoMVC/Adding100Items/total": 186.8380668833106,
  "EmberJS-TodoMVC/CompletingAllItems/Async": 26.072184300599485,
  "EmberJS-TodoMVC/CompletingAllItems/Sync": 95.20682900325089,
  "EmberJS-TodoMVC/CompletingAllItems/total": 121.29716608023462,
  "EmberJS-TodoMVC/DeletingItems/Async": 3.3025098459961724,
  "EmberJS-TodoMVC/DeletingItems/Sync": 63.81979660682383,
  "EmberJS-TodoMVC/DeletingItems/total": 67.59712670614545,
  "EmberJS-TodoMVC/total": 376.6357371317132,
  "Flight-TodoMVC/Adding100Items/Async": 32.42434670736858,
  "Flight-TodoMVC/Adding100Items/Sync": 79.30464176092511,
  "Flight-TodoMVC/Adding100Items/total": 111.73423311718395,
  "Flight-TodoMVC/CompletingAllItems/Async": 24.65438239284032,
  "Flight-TodoMVC/CompletingAllItems/Sync": 86.23214430165656,
  "Flight-TodoMVC/CompletingAllItems/total": 110.88997395967772,
  "Flight-TodoMVC/DeletingItems/Async": 2.7880798037226238,
  "Flight-TodoMVC/DeletingItems/Sync": 69.70210362855946,
  "Flight-TodoMVC/DeletingItems/total": 72.49172426099874,
  "Flight-TodoMVC/total": 295.12407929050954,
  "Inferno-TodoMVC/Adding100Items/Async": 37.86899569223694,
  "Inferno-TodoMVC/Adding100Items/Sync": 42.15579883475223,
  "Inferno-TodoMVC/Adding100Items/total": 80.09928788992482,
  "Inferno-TodoMVC/CompletingAllItems/Async": 6.747911674121441,
  "Inferno-TodoMVC/CompletingAllItems/Sync": 85.12512100492411,
  "Inferno-TodoMVC/CompletingAllItems/total": 91.97431267373976,
  "Inferno-TodoMVC/DeletingItems/Async": 2.7873924169111572,
  "Inferno-TodoMVC/DeletingItems/Sync": 205.5877090147849,
  "Inferno-TodoMVC/DeletingItems/total": 208.37821262593624,
  "Inferno-TodoMVC/total": 380.51157108723737,
  "Preact-TodoMVC/Adding100Items/Async": 36.759830251960835,
  "Preact-TodoMVC/Adding100Items/Sync": 4.9319203857336245,
  "Preact-TodoMVC/Adding100Items/total": 41.69487037757911,
  "Preact-TodoMVC/CompletingAllItems/Async": 16.085448179327333,
  "Preact-TodoMVC/CompletingAllItems/Sync": 2.9168075281018453,
  "Preact-TodoMVC/CompletingAllItems/total": 19.0096176534243,
  "Preact-TodoMVC/DeletingItems/Async": 4.132508516643014,
  "Preact-TodoMVC/DeletingItems/Sync": 1.5433793643669633,
  "Preact-TodoMVC/DeletingItems/total": 5.680534019923022,
  "Preact-TodoMVC/total": 66.39269499579947,
  "React-Redux-TodoMVC/Adding100Items/Async": 34.49808553549835,
  "React-Redux-TodoMVC/Adding100Items/Sync": 139.46107083203998,
  "React-Redux-TodoMVC/Adding100Items/total": 174.2567064668612,
  "React-Redux-TodoMVC/CompletingAllItems/Async": 25.967427032712408,
  "React-Redux-TodoMVC/CompletingAllItems/Sync": 134.70287950408954,
  "React-Redux-TodoMVC/CompletingAllItems/total": 160.72650475179893,
  "React-Redux-TodoMVC/DeletingItems/Async": 5.112553802426833,
  "React-Redux-TodoMVC/DeletingItems/Sync": 89.90538032869013,
  "React-Redux-TodoMVC/DeletingItems/total": 96.08409387853372,
  "React-Redux-TodoMVC/total": 432.6618102803315,
  "React-TodoMVC/Adding100Items/Async": 34.123536583213514,
  "React-TodoMVC/Adding100Items/Sync": 104.9112786409848,
  "React-TodoMVC/Adding100Items/total": 139.04993053592594,
  "React-TodoMVC/CompletingAllItems/Async": 26.09660412802345,
  "React-TodoMVC/CompletingAllItems/Sync": 70.95060061609237,
  "React-TodoMVC/CompletingAllItems/total": 97.6739035829692,
  "React-TodoMVC/DeletingAllItems/Async": 3.437166095756107,
  "React-TodoMVC/DeletingAllItems/Sync": 52.80101048453008,
  "React-TodoMVC/DeletingAllItems/total": 56.45426350170693,
  "React-TodoMVC/total": 301.49733191170236,
  "Vanilla-ES2015-Babel-Webpack-TodoMVC/Adding100Items/Async": 35.29297197396365,
  "Vanilla-ES2015-Babel-Webpack-TodoMVC/Adding100Items/Sync": 297.33330844897677,
  "Vanilla-ES2015-Babel-Webpack-TodoMVC/Adding100Items/total": 332.75705710496607,
  "Vanilla-ES2015-Babel-Webpack-TodoMVC/CompletingAllItems/Async": 26.163657533796624,
  "Vanilla-ES2015-Babel-Webpack-TodoMVC/CompletingAllItems/Sync": 65.47684108311088,
  "Vanilla-ES2015-Babel-Webpack-TodoMVC/CompletingAllItems/total": 91.66241486924942,
  "Vanilla-ES2015-Babel-Webpack-TodoMVC/DeletingItems/Async": 2.8964991181604884,
  "Vanilla-ES2015-Babel-Webpack-TodoMVC/DeletingItems/Sync": 40.45073584274013,
  "Vanilla-ES2015-Babel-Webpack-TodoMVC/DeletingItems/total": 43.35007186003153,
  "Vanilla-ES2015-Babel-Webpack-TodoMVC/total": 467.83069186810053,
  "Vanilla-ES2015-TodoMVC/Adding100Items/Async": 35.6874306042917,
  "Vanilla-ES2015-TodoMVC/Adding100Items/Sync": 299.59316555618483,
  "Vanilla-ES2015-TodoMVC/Adding100Items/total": 335.4572018914245,
  "Vanilla-ES2015-TodoMVC/CompletingAllItems/Async": 27.088918457200755,