{
  "browser-setup": 3.288705,
  "browser-tear_down": 0.292306,
  "probes-creation": 0.000195,
  "probes-setup": 0.000171,
  "probes-start": 8e-05,
  "run": 110.679844,
  "runner-cooldown": 2.002069
}