{
  "Angular2-TypeScript-TodoMVC/Adding100Items/Async": 32.438595947143675,
  "Angular2-TypeScript-TodoMVC/Adding100Items/Sync": 46.914053065494926,
  "Angular2-TypeScript-TodoMVC/Adding100Items/total": 79.85439914400702,
  "Angular2-TypeScript-TodoMVC/CompletingAllItems/Async": 13.784100937364336,
  "Angular2-TypeScript-TodoMVC/CompletingAllItems/Sync": 8.68168755539317,
  "Angular2-TypeScript-TodoMVC/CompletingAllItems/total": 22.52736842381327,
  "Angular2-TypeScript-TodoMVC/DeletingItems/Async": 2.622494108185502,
  "Angular2-TypeScript-TodoMVC/DeletingItems/Sync": 16.410857445898593,
  "Angular2-TypeScript-TodoMVC/DeletingItems/total": 19.03725522858575,
  "Angular2-TypeScript-TodoMVC/total": 121.78612365716317,
  "AngularJS-TodoMVC/Adding100Items/Async": 40.71635393186162,
  "AngularJS-TodoMVC/Adding100Items/Sync": 154.02181866397453,
  "AngularJS-TodoMVC/Adding100Items/total": 194.77448340275683,
  "AngularJS-TodoMVC/CompletingAllItems/Async": 25.448847163326988,
  "AngularJS-TodoMVC/CompletingAllItems/Sync": 54.29783108918842,
  "AngularJS-TodoMVC/CompletingAllItems/total": 79.8144419032368,
  "AngularJS-TodoMVC/DeletingAllItems/Async": 14.745079721586205,
  "AngularJS-TodoMVC/DeletingAllItems/Sync": 170.75455570763958,
  "AngularJS-TodoMVC/DeletingAllItems/total": 185.55942504403052,
  "AngularJS-TodoMVC/total": 461.25979137673875,
  "BackboneJS-TodoMVC/Adding100Items/Async": 36.73938341049805,
  "BackboneJS-TodoMVC/Adding100Items/Sync": 56.19496130185737,
  "BackboneJS-TodoMVC/Adding100Items/total": 92.95687938874825,
  "BackboneJS-TodoMVC/CompletingAllItems/Async": 27.88457780135675,
  "BackboneJS-TodoMVC/CompletingAllItems/Sync": 38.442932710147936,
  "BackboneJS-TodoMVC/CompletingAllItems/total": 66.32941169088883,
  "BackboneJS-TodoMVC/DeletingAllItems/Async": 3.0955582996431104,
  "BackboneJS-TodoMVC/DeletingAllItems/Sync": 26.97124021251692,
  "BackboneJS-TodoMVC/DeletingAllItems/total": 30.0741688299941,
  "BackboneJS-TodoMVC/total": 189.46224732507903,
  "Elm-TodoMVC/Adding100Items/Async": 48.49731172569395,
  "Elm-TodoMVC/Adding100Items/Sync": 96.6165280757808,
  "Elm-TodoMVC/Adding100Items/total": 146.10406373280486,
  "Elm-TodoMVC/CompletingAllItems/Async": 31.550156063456132,
  "Elm-TodoMVC/CompletingAllItems/Sync": 94.53942700858398,
  "Elm-TodoMVC/CompletingAllItems/total": 127.03460950754389,
  "Elm-TodoMVC/DeletingItems/Async": 10.431535385923768,
  "Elm-TodoMVC/DeletingItems/Sync": 109.04596048293551,
  "Elm-TodoMVC/DeletingItems/total": 120.53067536736401,
  "Elm-TodoMVC/total": 403.58046229740165,
  "EmberJS-Debug-TodoMVC/Adding100Items/Async": 38.174242882446926,
  "EmberJS-Debug-TodoMVC/Adding100Items/Sync": 398.9935342619614,
  "EmberJS-Debug-TodoMVC/Adding100Items/total": 437.2062025048692,
  "EmberJS-Debug-TodoMVC/CompletingAllItems/Async": 26.84141080736371,
  "EmberJS-Debug-TodoMVC/CompletingAllItems/Sync": 297.93623128993954,
  "EmberJS-Debug-TodoMVC/CompletingAllItems/total": 324.81257131819933,
  "EmberJS-Debug-TodoMVC/DeletingItems/Async": 5.889709916920195,
  "EmberJS-Debug-TodoMVC/DeletingItems/Sync": 296.86746897459795,
  "EmberJS-Debug-TodoMVC/DeletingItems/total": 303.7274420922477,
  "EmberJS-Debug-TodoMVC/total": 1071.661700687573,
  "EmberJS-TodoMVC/Adding100Items/Async": 33.326554322475864,
  "EmberJS-TodoMVC/Adding100Items/Sync": 141.31831260583093,
  "EmberJS-TodoMVC/Adding100Items/total": 174.7033443357014,
  "EmberJS-TodoMVC/CompletingAllItems/Async": 25.405673040939206,
  "EmberJS-TodoMVC/CompletingAllItems/Sync": 93.67185478063512,
  "EmberJS-TodoMVC/CompletingAllItems/total": 119.0865833854732,
  "EmberJS-TodoMVC/DeletingItems/Async": 3.0016743131321197,
  "EmberJS-TodoMVC/DeletingItems/Sync": 64.30806455728515,
  "EmberJS-TodoMVC/DeletingItems/total": 67.3501275645008,
  "EmberJS-TodoMVC/total": 361.3174521811076,
  "Flight-TodoMVC/Adding100Items/Async": 32.52650785582942,
  "Flight-TodoMVC/Adding100Items/Sync": 78.46242163965515,
  "Flight-TodoMVC/Adding100Items/total": 110.99393642072579,
  "Flight-TodoMVC/CompletingAllItems/Async": 24.74518757593779,
  "Flight-TodoMVC/CompletingAllItems/Sync": 88.27819378682537,
  "Flight-TodoMVC/CompletingAllItems/total": 113.0908445089177,
  "Flight-TodoMVC/DeletingItems/Async": 3.8068357195382854,
  "Flight-TodoMVC/DeletingItems/Sync": 77.47316026772195,
  "Flight-TodoMVC/DeletingItems/total": 82.30530720718336,
  "Flight-TodoMVC/total": 309.0927958583114,
  "Inferno-TodoMVC/Adding100Items/Async": 37.9398597132471,
  "Inferno-TodoMVC/Adding100Items/Sync": 41.48060333306182,
  "Inferno-TodoMVC/Adding100Items/total": 79.48742736454675,
  "Inferno-TodoMVC/CompletingAllItems/Async": 6.324292967280073,
  "Inferno-TodoMVC/CompletingAllItems/Sync": 84.17251299962226,
  "Inferno-TodoMVC/CompletingAllItems/total": 90.50227791847746,
  "Inferno-TodoMVC/DeletingItems/Async": 3.1526757524900035,
  "Inferno-TodoMVC/DeletingItems/Sync": 220.86364724807996,
  "Inferno-TodoMVC/DeletingItems/total": 224.09460718315324,
  "Inferno-TodoMVC/total": 395.2321029436617,
  "Preact-TodoMVC/Adding100Items/Async": 37.31928196725028,
  "Preact-TodoMVC/Adding100Items/Sync": 5.00962266812827,
  "Preact-TodoMVC/Adding100Items/total": 42.33522593140081,
  "Preact-TodoMVC/CompletingAllItems/Async": 17.24475638120709,
  "Preact-TodoMVC/CompletingAllItems/Sync": 2.9357008557162185,
  "Preact-TodoMVC/CompletingAllItems/total": 20.184186436178415,
  "Preact-TodoMVC/DeletingItems/Async": 4.577888293712521,
  "Preact-TodoMVC/DeletingItems/Sync": 1.586185656639322,
  "Preact-TodoMVC/DeletingItems/total": 6.165082386782126,
  "Preact-TodoMVC/total": 68.84416600471287,
  "React-Redux-TodoMVC/Adding100Items/Async": 34.14388312068481,
  "React-Redux-TodoMVC/Adding100Items/Sync": 138.0887077939965,
  "React-Redux-TodoMVC/Adding100Items/total": 172.48026461641305,
  "React-Redux-TodoMVC/CompletingAllItems/Async": 25.997558094503585,
  "React-Redux-TodoMVC/CompletingAllItems/Sync": 143.33268415496175,
  "React-Redux-TodoMVC/CompletingAllItems/total": 169.56500408121457,
  "React-Redux-TodoMVC/DeletingItems/Async": 6.053756150531922,
  "React-Redux-TodoMVC/DeletingItems/Sync": 104.29803003846641,
  "React-Redux-TodoMVC/DeletingItems/total": 111.11300559290788,
  "React-Redux-TodoMVC/total": 462.95635877933836,
  "React-TodoMVC/Adding100Items/Async": 34.8269919520387,
  "React-TodoMVC/Adding100Items/Sync": 105.48755975046633,
  "React-TodoMVC/Adding100Items/total": 140.34596024911374,
  "React-TodoMVC/CompletingAllItems/Async": 26.021893869456164,
  "React-TodoMVC/CompletingAllItems/Sync": 70.5916629932233,
  "React-TodoMVC/CompletingAllItems/total": 97.17393634217989,
  "React-TodoMVC/DeletingAllItems/Async": 3.303863875709183,
  "React-TodoMVC/DeletingAllItems/Sync": 45.41499026153713,
  "React-TodoMVC/DeletingAllItems/total": 49.01517499607928,
  "React-TodoMVC/total": 289.44757578995893,
  "Vanilla-ES2015-Babel-Webpack-TodoMVC/Adding100Items/Async": 34.053016995716135,
  "Vanilla-ES2015-Babel-Webpack-TodoMVC/Adding100Items/Sync": 291.3606609399845,
  "Vanilla-ES2015-Babel-Webpack-TodoMVC/Adding100Items/total": 325.4383790581026,
  "Vanilla-ES2015-Babel-Webpack-TodoMVC/CompletingAllItems/Async": 25.038694626259556,
  "Vanilla-ES2015-Babel-Webpack-TodoMVC/CompletingAllItems/Sync": 62.756554466073055,
  "Vanilla-ES2015-Babel-Webpack-TodoMVC/CompletingAllItems/total": 87.84063051271133,
  "Vanilla-ES2015-Babel-Webpack-TodoMVC/DeletingItems/Async": 2.7760496074506182,
  "Vanilla-ES2015-Babel-Webpack-TodoMVC/DeletingItems/Sync": 39.7151988637983,
  "Vanilla-ES2015-Babel-Webpack-TodoMVC/DeletingItems/total": 42.49606724288567,
  "Vanilla-ES2015-Babel-Webpack-TodoMVC/total": 455.7916546131548,
  "Vanilla-ES2015-TodoMVC/Adding100Items/Async": 34.47627849769034,
  "Vanilla-ES2015-TodoMVC/Adding100Items/Sync": 308.6748575883784,
  "Vanilla-ES2015-TodoMVC/Adding100Items/total": 343.199609080642,
  "Vanilla-ES2015-TodoMVC/CompletingAllItems/Async": 26.53721790018529,