{
  "browser-setup": 3.278786,
  "browser-tear_down": 0.23303,
  "probes-creation": 0.000204,
  "probes-setup": 0.000179,
  "probes-start": 7.9e-05,
  "run": 109.240576,
  "runner-cooldown": 2.002073
}