{
  "Angular2-TypeScript-TodoMVC/Adding100Items/Async": 31.549942217544807,
  "Angular2-TypeScript-TodoMVC/Adding100Items/Sync": 41.63795934495595,
  "Angular2-TypeScript-TodoMVC/Adding100Items/total": 73.2294801332982,
  "Angular2-TypeScript-TodoMVC/CompletingAllItems/Async": 12.515169760067115,
  "Angular2-TypeScript-TodoMVC/CompletingAllItems/Sync": 8.434729306671638,
  "Angular2-TypeScript-TodoMVC/CompletingAllItems/total": 20.951265013227392,
  "Angular2-TypeScript-TodoMVC/DeletingItems/Async": 2.739053368571828,
  "Angular2-TypeScript-TodoMVC/DeletingItems/Sync": 16.129552687310863,
  "Angular2-TypeScript-TodoMVC/DeletingItems/total": 18.873193702050276,
  "Angular2-TypeScript-TodoMVC/total": 113.06813208858674,
  "AngularJS-TodoMVC/Adding100Items/Async": 41.15720463836186,
  "AngularJS-TodoMVC/Adding100Items/Sync": 154.7384619598463,
  "AngularJS-TodoMVC/Adding100Items/total": 195.91954593852265,
  "AngularJS-TodoMVC/CompletingAllItems/Async": 28.268649665709646,
  "AngularJS-TodoMVC/CompletingAllItems/Sync": 55.2933243534494,
  "AngularJS-TodoMVC/CompletingAllItems/total": 84.37281175308551,
  "AngularJS-TodoMVC/DeletingAllItems/Async": 15.965903698870365,
  "AngularJS-TodoMVC/DeletingAllItems/Sync": 157.785820549174,
  "AngularJS-TodoMVC/DeletingAllItems/total": 173.82841491676004,
  "AngularJS-TodoMVC/total": 454.72401291527507,
  "BackboneJS-TodoMVC/Adding100Items/Async": 41.039869600198465,
  "BackboneJS-TodoMVC/Adding100Items/Sync": 54.5394263363946,
  "BackboneJS-TodoMVC/Adding100Items/total": 95.7075534733456,
  "BackboneJS-TodoMVC/CompletingAllItems/Async": 30.644681879076277,
  "BackboneJS-TodoMVC/CompletingAllItems/Sync": 36.73520509029657,
  "BackboneJS-TodoMVC/CompletingAllItems/total": 67.48151897702742,
  "BackboneJS-TodoMVC/DeletingAllItems/Async": 5.019171863201078,
  "BackboneJS-TodoMVC/DeletingAllItems/Sync": 25.43409235325099,
  "BackboneJS-TodoMVC/DeletingAllItems/total": 31.035812949996103,
  "BackboneJS-TodoMVC/total": 194.35460242704278,
  "Elm-TodoMVC/Adding100Items/Async": 48.0511435145161,
  "Elm-TodoMVC/Adding100Items/Sync": 83.6951831109964,
  "Elm-TodoMVC/Adding100Items/total": 131.78922259713588,
  "Elm-TodoMVC/CompletingAllItems/Async": 29.2428551450981,
  "Elm-TodoMVC/CompletingAllItems/Sync": 80.9996428858608,
  "Elm-TodoMVC/CompletingAllItems/total": 110.26384750680496,
  "Elm-TodoMVC/DeletingItems/Async": 9.461162461765236,
  "Elm-TodoMVC/DeletingItems/Sync": 98.39148374689744,
  "Elm-TodoMVC/DeletingItems/total": 107.99225410295682,
  "Elm-TodoMVC/total": 350.0781257561494,
  "EmberJS-Debug-TodoMVC/Adding100Items/Async": 43.81099481031459,
  "EmberJS-Debug-TodoMVC/Adding100Items/Sync": 702.286548771005,
  "EmberJS-Debug-TodoMVC/Adding100Items/total": 746.9925874837177,
  "EmberJS-Debug-TodoMVC/CompletingAllItems/Async": 37.81336189555892,
  "EmberJS-Debug-TodoMVC/CompletingAllItems/Sync": 311.39587790179183,
  "EmberJS-Debug-TodoMVC/CompletingAllItems/total": 351.9148466815378,
  "EmberJS-Debug-TodoMVC/DeletingItems/Async": 11.001914500674864,
  "EmberJS-Debug-TodoMVC/DeletingItems/Sync": 282.2991723000885,
  "EmberJS-Debug-TodoMVC/DeletingItems/total": 295.5435053451132,
  "EmberJS-Debug-TodoMVC/total": 1412.0701843205773,
  "EmberJS-TodoMVC/Adding100Items/Async": 34.21223947325821,
  "EmberJS-TodoMVC/Adding100Items/Sync": 145.68593689157228,
  "EmberJS-TodoMVC/Adding100Items/total": 180.01498648363977,
  "EmberJS-TodoMVC/CompletingAllItems/Async": 28.067432625251577,
  "EmberJS-TodoMVC/CompletingAllItems/Sync": 102.21883665204139,
  "EmberJS-TodoMVC/CompletingAllItems/total": 130.3611080729981,
  "EmberJS-TodoMVC/DeletingItems/Async": 3.500183851341739,
  "EmberJS-TodoMVC/DeletingItems/Sync": 72.95350436494603,
  "EmberJS-TodoMVC/DeletingItems/total": 76.49646676679791,
  "EmberJS-TodoMVC/total": 387.5065488137042,
  "Flight-TodoMVC/Adding100Items/Async": 32.76965773709588,
  "Flight-TodoMVC/Adding100Items/Sync": 77.11300353841756,
  "Flight-TodoMVC/Adding100Items/total": 109.90113410191347,
  "Flight-TodoMVC/CompletingAllItems/Async": 24.55471060833191,
  "Flight-TodoMVC/CompletingAllItems/Sync": 83.82939394105844,
  "Flight-TodoMVC/CompletingAllItems/total": 108.38519630779061,
  "Flight-TodoMVC/DeletingItems/Async": 3.4697360730536375,
  "Flight-TodoMVC/DeletingItems/Sync": 69.69344657542345,
  "Flight-TodoMVC/DeletingItems/total": 73.22725697163995,
  "Flight-TodoMVC/total": 291.5388317402305,
  "Inferno-TodoMVC/Adding100Items/Async": 38.73999467832134,
  "Inferno-TodoMVC/Adding100Items/Sync": 42.870519922909494,
  "Inferno-TodoMVC/Adding100Items/total": 81.68424465029956,
  "Inferno-TodoMVC/CompletingAllItems/Async": 6.35649821298988,
  "Inferno-TodoMVC/CompletingAllItems/Sync": 84.92796129962414,
  "Inferno-TodoMVC/CompletingAllItems/total": 91.29089640165444,
  "Inferno-TodoMVC/DeletingItems/Async": 3.2953897436747797,
  "Inferno-TodoMVC/DeletingItems/Sync": 199.81170380483175,
  "Inferno-TodoMVC/DeletingItems/total": 203.1507270478186,
  "Inferno-TodoMVC/total": 376.1745960733817,
  "Preact-TodoMVC/Adding100Items/Async": 36.919955403345256,
  "Preact-TodoMVC/Adding100Items/Sync": 4.761705517538147,
  "Preact-TodoMVC/Adding100Items/total": 41.686258625346184,
  "Preact-TodoMVC/CompletingAllItems/Async": 15.86633210433879,
  "Preact-TodoMVC/CompletingAllItems/Sync": 2.921643231991858,
  "Preact-TodoMVC/CompletingAllItems/total": 18.794122614750286,
  "Preact-TodoMVC/DeletingItems/Async": 4.280616344326633,
  "Preact-TodoMVC/DeletingItems/Sync": 1.6067853950797284,
  "Preact-TodoMVC/DeletingItems/total": 5.895876483423215,
  "Preact-TodoMVC/total": 66.38565453399518,
  "React-Redux-TodoMVC/Adding100Items/Async": 32.6899710985886,
  "React-Redux-TodoMVC/Adding100Items/Sync": 132.66438314244655,
  "React-Redux-TodoMVC/Adding100Items/total": 165.4964485858773,
  "React-Redux-TodoMVC/CompletingAllItems/Async": 26.871537557961123,
  "React-Redux-TodoMVC/CompletingAllItems/Sync": 139.66879980518274,
  "React-Redux-TodoMVC/CompletingAllItems/total": 166.720099980242,
  "React-Redux-TodoMVC/DeletingItems/Async": 3.6271368615182378,
  "React-Redux-TodoMVC/DeletingItems/Sync": 100.08701069974197,
  "React-Redux-TodoMVC/DeletingItems/total": 103.8445428581857,
  "React-Redux-TodoMVC/total": 437.93534503259735,
  "React-TodoMVC/Adding100Items/Async": 34.41885524733095,
  "React-TodoMVC/Adding100Items/Sync": 105.29712035477121,
  "React-TodoMVC/Adding100Items/total": 139.7317118783624,
  "React-TodoMVC/CompletingAllItems/Async": 26.941366292865318,
  "React-TodoMVC/CompletingAllItems/Sync": 62.05669323467031,
  "React-TodoMVC/CompletingAllItems/total": 89.0097272286049,
  "React-TodoMVC/DeletingAllItems/Async": 2.975063844978846,
  "React-TodoMVC/DeletingAllItems/Sync": 45.965974162406575,
  "React-TodoMVC/DeletingAllItems/total": 48.96171561407707,
  "React-TodoMVC/total": 277.8661985343632,
  "Vanilla-ES2015-Babel-Webpack-TodoMVC/Adding100Items/Async": 34.46181611309309,
  "Vanilla-ES2015-Babel-Webpack-TodoMVC/Adding100Items/Sync": 285.6829267448184,
  "Vanilla-ES2015-Babel-Webpack-TodoMVC/Adding100Items/total": 320.1934985536224,
  "Vanilla-ES2015-Babel-Webpack-TodoMVC/CompletingAllItems/Async": 26.280006095020386,
  "Vanilla-ES2015-Babel-Webpack-TodoMVC/CompletingAllItems/Sync": 63.63041318869303,
  "Vanilla-ES2015-Babel-Webpack-TodoMVC/CompletingAllItems/total": 89.92684745622348,
  "Vanilla-ES2015-Babel-Webpack-TodoMVC/DeletingItems/Async": 5.562734781307053,
  "Vanilla-ES2015-Babel-Webpack-TodoMVC/DeletingItems/Sync": 40.28264281108036,
  "Vanilla-ES2015-Babel-Webpack-TodoMVC/DeletingItems/total": 50.5613673999547,
  "Vanilla-ES2015-Babel-Webpack-TodoMVC/total": 462.90591820821794,
  "Vanilla-ES2015-TodoMVC/Adding100Items/Async": 33.3043546857067,
  "Vanilla-ES2015-TodoMVC/Adding100Items/Sync": 291.2018949921218,
  "Vanilla-ES2015-TodoMVC/Adding100Items/total": 324.56307103700533,
  "Vanilla-ES2015-TodoMVC/CompletingAllItems/Async": 25.29220437025529,