{
  "browser-setup": 3.289621,
  "browser-tear_down": 0.274639,
  "probes-creation": 0.000231,
  "probes-setup": 0.000329,
  "probes-start": 8.1e-05,
  "run": 109.857428,
  "runner-cooldown": 2.002014
}