{
  "Angular2-TypeScript-TodoMVC/Adding100Items/Async": 35.358872700600834,
  "Angular2-TypeScript-TodoMVC/Adding100Items/Sync": 41.51508714484218,
  "Angular2-TypeScript-TodoMVC/Adding100Items/total": 78.31423362090672,
  "Angular2-TypeScript-TodoMVC/CompletingAllItems/Async": 13.115526627876104,
  "Angular2-TypeScript-TodoMVC/CompletingAllItems/Sync": 8.40746013397184,
  "Angular2-TypeScript-TodoMVC/CompletingAllItems/total": 21.529060443818565,
  "Angular2-TypeScript-TodoMVC/DeletingItems/Async": 2.671753761429402,
  "Angular2-TypeScript-TodoMVC/DeletingItems/Sync": 16.100273050883104,
  "Angular2-TypeScript-TodoMVC/DeletingItems/total": 18.778838743867393,
  "Angular2-TypeScript-TodoMVC/total": 119.0700908660468,
  "AngularJS-TodoMVC/Adding100Items/Async": 41.454029434869824,
  "AngularJS-TodoMVC/Adding100Items/Sync": 159.955527340932,
  "AngularJS-TodoMVC/Adding100Items/total": 201.51414723138834,
  "AngularJS-TodoMVC/CompletingAllItems/Async": 24.036885802962797,
  "AngularJS-TodoMVC/CompletingAllItems/Sync": 53.94539076188242,
  "AngularJS-TodoMVC/CompletingAllItems/total": 78.08115226516921,
  "AngularJS-TodoMVC/DeletingAllItems/Async": 15.697257379631003,
  "AngularJS-TodoMVC/DeletingAllItems/Sync": 165.46641119911632,
  "AngularJS-TodoMVC/DeletingAllItems/total": 181.93424031137195,
  "AngularJS-TodoMVC/total": 462.11715514806923,
  "BackboneJS-TodoMVC/Adding100Items/Async": 37.290109990089356,
  "BackboneJS-TodoMVC/Adding100Items/Sync": 60.03391240734216,
  "BackboneJS-TodoMVC/Adding100Items/total": 97.84053191517867,
  "BackboneJS-TodoMVC/CompletingAllItems/Async": 27.65452712015904,
  "BackboneJS-TodoMVC/CompletingAllItems/Sync": 37.90042689880267,
  "BackboneJS-TodoMVC/CompletingAllItems/total": 65.55793473092483,
  "BackboneJS-TodoMVC/DeletingAllItems/Async": 3.746008556499585,
  "BackboneJS-TodoMVC/DeletingAllItems/Sync": 25.996391669632683,
  "BackboneJS-TodoMVC/DeletingAllItems/total": 29.893481983905385,
  "BackboneJS-TodoMVC/total": 194.28764249829734,
  "Elm-TodoMVC/Adding100Items/Async": 46.71063590447003,
  "Elm-TodoMVC/Adding100Items/Sync": 91.90985428292804,
  "Elm-TodoMVC/Adding100Items/total": 138.85446445253876,
  "Elm-TodoMVC/CompletingAllItems/Async": 31.93862207291343,
  "Elm-TodoMVC/CompletingAllItems/Sync": 115.53436696386325,
  "Elm-TodoMVC/CompletingAllItems/total": 149.57086190795462,
  "Elm-TodoMVC/DeletingItems/Async": 10.279906735444582,
  "Elm-TodoMVC/DeletingItems/Sync": 97.57622401704101,
  "Elm-TodoMVC/DeletingItems/total": 109.41322136325867,
  "Elm-TodoMVC/total": 405.1926535514858,
  "EmberJS-Debug-TodoMVC/Adding100Items/Async": 40.150688873094914,
  "EmberJS-Debug-TodoMVC/Adding100Items/Sync": 431.4238796702544,
  "EmberJS-Debug-TodoMVC/Adding100Items/total": 471.61824374490277,
  "EmberJS-Debug-TodoMVC/CompletingAllItems/Async": 29.32153474568873,
  "EmberJS-Debug-TodoMVC/CompletingAllItems/Sync": 305.7721789207974,
  "EmberJS-Debug-TodoMVC/CompletingAllItems/total": 335.2004870836582,
  "EmberJS-Debug-TodoMVC/DeletingItems/Async": 6.541653110442606,
  "EmberJS-Debug-TodoMVC/DeletingItems/Sync": 306.17714964975545,
  "EmberJS-Debug-TodoMVC/DeletingItems/total": 313.7187723531707,
  "EmberJS-Debug-TodoMVC/total": 1130.5813475044345,
  "EmberJS-TodoMVC/Adding100Items/Async": 33.62775839496889,
  "EmberJS-TodoMVC/Adding100Items/Sync": 142.35685315567105,
  "EmberJS-TodoMVC/Adding100Items/total": 176.0668682226034,
  "EmberJS-TodoMVC/CompletingAllItems/Async": 25.94241503074443,
  "EmberJS-TodoMVC/CompletingAllItems/Sync": 92.75123901359282,
  "EmberJS-TodoMVC/CompletingAllItems/total": 118.74573293999255,
  "EmberJS-TodoMVC/DeletingItems/Async": 2.858533132578636,
  "EmberJS-TodoMVC/DeletingItems/Sync": 63.32701440556485,
  "EmberJS-TodoMVC/DeletingItems/total": 66.1876346925529,
  "EmberJS-TodoMVC/total": 361.2191367707806,
  "Flight-TodoMVC/Adding100Items/Async": 32.31895405660151,
  "Flight-TodoMVC/Adding100Items/Sync": 78.70869270826056,
  "Flight-TodoMVC/Adding100Items/total": 111.03412306311607,
  "Flight-TodoMVC/CompletingAllItems/Async": 24.588685179103916,
  "Flight-TodoMVC/CompletingAllItems/Sync": 86.76800552219451,
  "Flight-TodoMVC/CompletingAllItems/total": 111.36192603835137,
  "Flight-TodoMVC/DeletingItems/Async": 2.7985439123808655,
  "Flight-TodoMVC/DeletingItems/Sync": 70.18861734985249,
  "Flight-TodoMVC/DeletingItems/total": 72.98904936233357,
  "Flight-TodoMVC/total": 295.4090686562015,
  "Inferno-TodoMVC/Adding100Items/Async": 37.78884194942179,
  "Inferno-TodoMVC/Adding100Items/Sync": 44.29244211157374,
  "Inferno-TodoMVC/Adding100Items/total": 82.29050435319701,
  "Inferno-TodoMVC/CompletingAllItems/Async": 7.424114284657782,
  "Inferno-TodoMVC/CompletingAllItems/Sync": 94.48369019530867,
  "Inferno-TodoMVC/CompletingAllItems/total": 102.08226171930843,
  "Inferno-TodoMVC/DeletingItems/Async": 3.9193798730005875,
  "Inferno-TodoMVC/DeletingItems/Sync": 232.8383179843378,
  "Inferno-TodoMVC/DeletingItems/total": 237.02533833594686,
  "Inferno-TodoMVC/total": 426.54777096104425,
  "Preact-TodoMVC/Adding100Items/Async": 38.24053133912655,
  "Preact-TodoMVC/Adding100Items/Sync": 5.095589115680722,
  "Preact-TodoMVC/Adding100Items/total": 43.34875471264176,
  "Preact-TodoMVC/CompletingAllItems/Async": 16.481560826996272,
  "Preact-TodoMVC/CompletingAllItems/Sync": 3.1707751538803253,
  "Preact-TodoMVC/CompletingAllItems/total": 19.674065909247197,
  "Preact-TodoMVC/DeletingItems/Async": 4.620341889845017,
  "Preact-TodoMVC/DeletingItems/Sync": 1.741005958711618,
  "Preact-TodoMVC/DeletingItems/total": 6.394498743731646,
  "Preact-TodoMVC/total": 69.52047973374421,
  "React-Redux-TodoMVC/Adding100Items/Async": 35.5417553789573,
  "React-Redux-TodoMVC/Adding100Items/Sync": 160.5177791784724,
  "React-Redux-TodoMVC/Adding100Items/total": 196.6237611104322,
  "React-Redux-TodoMVC/CompletingAllItems/Async": 26.741711796190337,
  "React-Redux-TodoMVC/CompletingAllItems/Sync": 136.6749186916347,
  "React-Redux-TodoMVC/CompletingAllItems/total": 163.53094673447254,
  "React-Redux-TodoMVC/DeletingItems/Async": 5.727630938706565,
  "React-Redux-TodoMVC/DeletingItems/Sync": 96.61175630106199,
  "React-Redux-TodoMVC/DeletingItems/total": 103.26515681575307,
  "React-Redux-TodoMVC/total": 469.9249994653913,
  "React-TodoMVC/Adding100Items/Async": 34.0338422018515,
  "React-TodoMVC/Adding100Items/Sync": 108.08221507880683,
  "React-TodoMVC/Adding100Items/total": 142.20305620190487,
  "React-TodoMVC/CompletingAllItems/Async": 28.642295529237348,
  "React-TodoMVC/CompletingAllItems/Sync": 80.05383172180237,
  "React-TodoMVC/CompletingAllItems/total": 110.04025425853598,
  "React-TodoMVC/DeletingAllItems/Async": 3.4191624886157497,
  "React-TodoMVC/DeletingAllItems/Sync": 47.932189351597664,
  "React-TodoMVC/DeletingAllItems/total": 51.74691494212341,
  "React-TodoMVC/total": 308.0136944052727,
  "Vanilla-ES2015-Babel-Webpack-TodoMVC/Adding100Items/Async": 34.28572207246665,
  "Vanilla-ES2015-Babel-Webpack-TodoMVC/Adding100Items/Sync": 290.9525278433779,
  "Vanilla-ES2015-Babel-Webpack-TodoMVC/Adding100Items/total": 325.2406316219253,
  "Vanilla-ES2015-Babel-Webpack-TodoMVC/CompletingAllItems/Async": 24.94572918965506,
  "Vanilla-ES2015-Babel-Webpack-TodoMVC/CompletingAllItems/Sync": 63.79621101365825,
  "Vanilla-ES2015-Babel-Webpack-TodoMVC/CompletingAllItems/total": 88.77437357729573,
  "Vanilla-ES2015-Babel-Webpack-TodoMVC/DeletingItems/Async": 2.8771756060804208,
  "Vanilla-ES2015-Babel-Webpack-TodoMVC/DeletingItems/Sync": 40.35358588461646,
  "Vanilla-ES2015-Babel-Webpack-TodoMVC/DeletingItems/total": 43.239119777421934,
  "Vanilla-ES2015-Babel-Webpack-TodoMVC/total": 457.29107411364566,
  "Vanilla-ES2015-TodoMVC/Adding100Items/Async": 34.858510739138,
  "Vanilla-ES2015-TodoMVC/Adding100Items/Sync": 307.36679915230195,
  "Vanilla-ES2015-TodoMVC/Adding100Items/total": 342.25098686988275,
  "Vanilla-ES2015-TodoMVC/CompletingAllItems/Async": 27.204849887630196,