{
  "browser-setup": 3.966838,
  "browser-tear_down": 0.303561,
  "probes-creation": 0.00013,
  "probes-setup": 9.9e-05,
  "probes-start": 5.8e-05,
  "run": 132.844577,
  "runner-cooldown": 2.00205
}