{
  "Angular2-TypeScript-TodoMVC/Adding100Items/Async": 38.20593128105717,
  "Angular2-TypeScript-TodoMVC/Adding100Items/Sync": 59.48472702549834,
  "Angular2-TypeScript-TodoMVC/Adding100Items/total": 97.7501438635424,
  "Angular2-TypeScript-TodoMVC/CompletingAllItems/Async": 18.586728769383615,
  "Angular2-TypeScript-TodoMVC/CompletingAllItems/Sync": 10.098021359932762,
  "Angular2-TypeScript-TodoMVC/CompletingAllItems/total": 28.784262963046277,
  "Angular2-TypeScript-TodoMVC/DeletingItems/Async": 3.761100099949448,
  "Angular2-TypeScript-TodoMVC/DeletingItems/Sync": 19.27214102856019,
  "Angular2-TypeScript-TodoMVC/DeletingItems/total": 23.04688450915623,
  "Angular2-TypeScript-TodoMVC/total": 149.83242601659447,
  "AngularJS-TodoMVC/Adding100Items/Async": 56.21932080926113,
  "AngularJS-TodoMVC/Adding100Items/Sync": 264.7863794973131,
  "AngularJS-TodoMVC/Adding100Items/total": 321.8138090430203,
  "AngularJS-TodoMVC/CompletingAllItems/Async": 33.60888504821649,
  "AngularJS-TodoMVC/CompletingAllItems/Sync": 82.22832083417363,
  "AngularJS-TodoMVC/CompletingAllItems/total": 115.89525373546105,
  "AngularJS-TodoMVC/DeletingAllItems/Async": 16.93027827117477,
  "AngularJS-TodoMVC/DeletingAllItems/Sync": 245.0777187724337,
  "AngularJS-TodoMVC/DeletingAllItems/total": 262.1936148546601,
  "AngularJS-TodoMVC/total": 700.3903871648448,
  "BackboneJS-TodoMVC/Adding100Items/Async": 45.44450915188905,
  "BackboneJS-TodoMVC/Adding100Items/Sync": 97.83507872987181,
  "BackboneJS-TodoMVC/Adding100Items/total": 143.58029872035885,
  "BackboneJS-TodoMVC/CompletingAllItems/Async": 33.96336714144633,
  "BackboneJS-TodoMVC/CompletingAllItems/Sync": 55.62543394897484,
  "BackboneJS-TodoMVC/CompletingAllItems/total": 89.676169068482,
  "BackboneJS-TodoMVC/DeletingAllItems/Async": 4.740364902560615,
  "BackboneJS-TodoMVC/DeletingAllItems/Sync": 30.87202171682758,
  "BackboneJS-TodoMVC/DeletingAllItems/total": 35.61841410326874,
  "BackboneJS-TodoMVC/total": 269.0375191099005,
  "Elm-TodoMVC/Adding100Items/Async": 53.50665286034138,
  "Elm-TodoMVC/Adding100Items/Sync": 193.32691873112557,
  "Elm-TodoMVC/Adding100Items/total": 255.46320595516477,
  "Elm-TodoMVC/CompletingAllItems/Async": 39.68508841270256,
  "Elm-TodoMVC/CompletingAllItems/Sync": 132.06610687961893,
  "Elm-TodoMVC/CompletingAllItems/total": 171.84156259363598,
  "Elm-TodoMVC/DeletingItems/Async": 10.721139136684082,
  "Elm-TodoMVC/DeletingItems/Sync": 255.62204229964206,
  "Elm-TodoMVC/DeletingItems/total": 267.1502245121016,
  "Elm-TodoMVC/total": 762.7389114475259,
  "EmberJS-Debug-TodoMVC/Adding100Items/Async": 46.315412374226696,
  "EmberJS-Debug-TodoMVC/Adding100Items/Sync": 588.8056402880668,
  "EmberJS-Debug-TodoMVC/Adding100Items/total": 635.191117663203,
  "EmberJS-Debug-TodoMVC/CompletingAllItems/Async": 32.04883553475188,
  "EmberJS-Debug-TodoMVC/CompletingAllItems/Sync": 361.44786045080053,
  "EmberJS-Debug-TodoMVC/CompletingAllItems/total": 393.509051654033,
  "EmberJS-Debug-TodoMVC/DeletingItems/Async": 4.992158855564259,
  "EmberJS-Debug-TodoMVC/DeletingItems/Sync": 379.1965460872938,
  "EmberJS-Debug-TodoMVC/DeletingItems/total": 384.28108448731206,
  "EmberJS-Debug-TodoMVC/total": 1413.325805943685,
  "EmberJS-TodoMVC/Adding100Items/Async": 42.28287596382073,
  "EmberJS-TodoMVC/Adding100Items/Sync": 225.3179054376511,
  "EmberJS-TodoMVC/Adding100Items/total": 267.72477314195214,
  "EmberJS-TodoMVC/CompletingAllItems/Async": 35.72957736900107,
  "EmberJS-TodoMVC/CompletingAllItems/Sync": 123.09943825156024,
  "EmberJS-TodoMVC/CompletingAllItems/total": 159.0562762709718,
  "EmberJS-TodoMVC/DeletingItems/Async": 4.8572805238000605,
  "EmberJS-TodoMVC/DeletingItems/Sync": 79.04197522417378,
  "EmberJS-TodoMVC/DeletingItems/total": 83.98274841537331,
  "EmberJS-TodoMVC/total": 511.2177080806605,
  "Flight-TodoMVC/Adding100Items/Async": 40.839642907872324,
  "Flight-TodoMVC/Adding100Items/Sync": 112.62698224540765,
  "Flight-TodoMVC/Adding100Items/total": 153.609762223984,
  "Flight-TodoMVC/CompletingAllItems/Async": 32.60431761170807,
  "Flight-TodoMVC/CompletingAllItems/Sync": 120.81380511815969,
  "Flight-TodoMVC/CompletingAllItems/total": 153.49685769028164,
  "Flight-TodoMVC/DeletingItems/Async": 4.9282749195303115,
  "Flight-TodoMVC/DeletingItems/Sync": 105.47902146121531,
  "Flight-TodoMVC/DeletingItems/total": 110.72905978210169,
  "Flight-TodoMVC/total": 417.91683075231697,
  "Inferno-TodoMVC/Adding100Items/Async": 44.472893503308356,
  "Inferno-TodoMVC/Adding100Items/Sync": 55.99333825875608,
  "Inferno-TodoMVC/Adding100Items/total": 100.67858920561657,
  "Inferno-TodoMVC/CompletingAllItems/Async": 10.60800005590544,
  "Inferno-TodoMVC/CompletingAllItems/Sync": 115.86086839898745,
  "Inferno-TodoMVC/CompletingAllItems/total": 126.98890402013157,
  "Inferno-TodoMVC/DeletingItems/Async": 3.9948318132513054,
  "Inferno-TodoMVC/DeletingItems/Sync": 241.71511641360877,
  "Inferno-TodoMVC/DeletingItems/total": 245.73696179734355,
  "Inferno-TodoMVC/total": 473.6398354609335,
  "Preact-TodoMVC/Adding100Items/Async": 56.45804942364558,
  "Preact-TodoMVC/Adding100Items/Sync": 9.171718852020135,
  "Preact-TodoMVC/Adding100Items/total": 65.64376346272964,
  "Preact-TodoMVC/CompletingAllItems/Async": 26.26702675614487,
  "Preact-TodoMVC/CompletingAllItems/Sync": 3.857536765493676,
  "Preact-TodoMVC/CompletingAllItems/total": 30.19236601774421,
  "Preact-TodoMVC/DeletingItems/Async": 7.867123408035836,
  "Preact-TodoMVC/DeletingItems/Sync": 2.1455983436496693,
  "Preact-TodoMVC/DeletingItems/total": 10.018133961282095,
  "Preact-TodoMVC/total": 107.08850530635905,
  "React-Redux-TodoMVC/Adding100Items/Async": 42.191761092697035,
  "React-Redux-TodoMVC/Adding100Items/Sync": 189.3864478102817,
  "React-Redux-TodoMVC/Adding100Items/total": 231.68549028584974,
  "React-Redux-TodoMVC/CompletingAllItems/Async": 32.24705509975606,
  "React-Redux-TodoMVC/CompletingAllItems/Sync": 168.03132036732538,
  "React-Redux-TodoMVC/CompletingAllItems/total": 200.36077365066078,
  "React-Redux-TodoMVC/DeletingItems/Async": 4.43930514778433,
  "React-Redux-TodoMVC/DeletingItems/Sync": 111.1031107454218,
  "React-Redux-TodoMVC/DeletingItems/total": 115.60143996290378,
  "React-Redux-TodoMVC/total": 547.8535819905273,
  "React-TodoMVC/Adding100Items/Async": 43.43576505515304,
  "React-TodoMVC/Adding100Items/Sync": 145.14828482900364,
  "React-TodoMVC/Adding100Items/total": 188.61395696447786,
  "React-TodoMVC/CompletingAllItems/Async": 33.07330912922973,
  "React-TodoMVC/CompletingAllItems/Sync": 84.70251515193719,
  "React-TodoMVC/CompletingAllItems/total": 117.84218872292574,
  "React-TodoMVC/DeletingAllItems/Async": 4.2210031011621085,
  "React-TodoMVC/DeletingAllItems/Sync": 55.56578732535289,
  "React-TodoMVC/DeletingAllItems/total": 59.850673453988826,
  "React-TodoMVC/total": 366.3739796322803,
  "Vanilla-ES2015-Babel-Webpack-TodoMVC/Adding100Items/Async": 38.89654423654159,
  "Vanilla-ES2015-Babel-Webpack-TodoMVC/Adding100Items/Sync": 335.9458804538599,
  "Vanilla-ES2015-Babel-Webpack-TodoMVC/Adding100Items/total": 374.88486974431214,
  "Vanilla-ES2015-Babel-Webpack-TodoMVC/CompletingAllItems/Async": 31.066601526931084,
  "Vanilla-ES2015-Babel-Webpack-TodoMVC/CompletingAllItems/Sync": 78.01615113262017,
  "Vanilla-ES2015-Babel-Webpack-TodoMVC/CompletingAllItems/total": 109.0912381898177,
  "Vanilla-ES2015-Babel-Webpack-TodoMVC/DeletingItems/Async": 4.614890626328159,
  "Vanilla-ES2015-Babel-Webpack-TodoMVC/DeletingItems/Sync": 51.268334284725626,
  "Vanilla-ES2015-Babel-Webpack-TodoMVC/DeletingItems/total": 55.93898888076883,
  "Vanilla-ES2015-Babel-Webpack-TodoMVC/total": 540.0596820811352,
  "Vanilla-ES2015-TodoMVC/Adding100Items/Async": 38.18545358539402,
  "Vanilla-ES2015-TodoMVC/Adding100Items/Sync": 344.9647894697104,
  "Vanilla-ES2015-TodoMVC/Adding100Items/total": 383.17606033564294,
  "Vanilla-ES2015-TodoMVC/CompletingAllItems/Async": 31.642629436033737,