{
  "browser-setup": 4.159746,
  "browser-tear_down": 0.288132,
  "probes-creation": 0.000129,
  "probes-setup": 0.000101,
  "probes-start": 5.7e-05,
  "run": 131.853715,
  "runner-cooldown": 2.000457
}