{
  "Angular2-TypeScript-TodoMVC/Adding100Items/Async": 37.83128025006882,
  "Angular2-TypeScript-TodoMVC/Adding100Items/Sync": 58.79860284400972,
  "Angular2-TypeScript-TodoMVC/Adding100Items/total": 96.6763556091848,
  "Angular2-TypeScript-TodoMVC/CompletingAllItems/Async": 17.710038468929557,
  "Angular2-TypeScript-TodoMVC/CompletingAllItems/Sync": 10.084739750067522,
  "Angular2-TypeScript-TodoMVC/CompletingAllItems/total": 27.815865506053264,
  "Angular2-TypeScript-TodoMVC/DeletingItems/Async": 3.768221933419675,
  "Angular2-TypeScript-TodoMVC/DeletingItems/Sync": 18.45123260625885,
  "Angular2-TypeScript-TodoMVC/DeletingItems/total": 22.23636232465394,
  "Angular2-TypeScript-TodoMVC/total": 146.77538654715164,
  "AngularJS-TodoMVC/Adding100Items/Async": 54.9012983591738,
  "AngularJS-TodoMVC/Adding100Items/Sync": 265.455524875579,
  "AngularJS-TodoMVC/Adding100Items/total": 321.2020655973149,
  "AngularJS-TodoMVC/CompletingAllItems/Async": 33.91143411946728,
  "AngularJS-TodoMVC/CompletingAllItems/Sync": 80.85704953294136,
  "AngularJS-TodoMVC/CompletingAllItems/total": 114.88160910390711,
  "AngularJS-TodoMVC/DeletingAllItems/Async": 17.42319272562291,
  "AngularJS-TodoMVC/DeletingAllItems/Sync": 247.61435099971953,
  "AngularJS-TodoMVC/DeletingAllItems/total": 265.3858664458408,
  "AngularJS-TodoMVC/total": 702.3001697155677,
  "BackboneJS-TodoMVC/Adding100Items/Async": 45.229342507053794,
  "BackboneJS-TodoMVC/Adding100Items/Sync": 97.69393490910038,
  "BackboneJS-TodoMVC/Adding100Items/total": 143.24854646681618,
  "BackboneJS-TodoMVC/CompletingAllItems/Async": 33.83691039081965,
  "BackboneJS-TodoMVC/CompletingAllItems/Sync": 55.26124671274562,
  "BackboneJS-TodoMVC/CompletingAllItems/total": 89.18870733409561,
  "BackboneJS-TodoMVC/DeletingAllItems/Async": 4.910787240211484,
  "BackboneJS-TodoMVC/DeletingAllItems/Sync": 30.673965306818054,
  "BackboneJS-TodoMVC/DeletingAllItems/total": 35.60527374865371,
  "BackboneJS-TodoMVC/total": 268.190965231794,
  "Elm-TodoMVC/Adding100Items/Async": 51.88100693771727,
  "Elm-TodoMVC/Adding100Items/Sync": 145.59693123682166,
  "Elm-TodoMVC/Adding100Items/total": 197.5426583725302,
  "Elm-TodoMVC/CompletingAllItems/Async": 41.18445522796604,
  "Elm-TodoMVC/CompletingAllItems/Sync": 171.18219143455676,
  "Elm-TodoMVC/CompletingAllItems/total": 219.4522741450196,
  "Elm-TodoMVC/DeletingItems/Async": 11.519675585019097,
  "Elm-TodoMVC/DeletingItems/Sync": 260.40003156180256,
  "Elm-TodoMVC/DeletingItems/total": 274.07285653138075,
  "Elm-TodoMVC/total": 769.6462521739719,
  "EmberJS-Debug-TodoMVC/Adding100Items/Async": 45.35610930403767,
  "EmberJS-Debug-TodoMVC/Adding100Items/Sync": 599.8173243910991,
  "EmberJS-Debug-TodoMVC/Adding100Items/total": 645.2707088821343,
  "EmberJS-Debug-TodoMVC/CompletingAllItems/Async": 31.991608950363904,
  "EmberJS-Debug-TodoMVC/CompletingAllItems/Sync": 358.5921268611815,
  "EmberJS-Debug-TodoMVC/CompletingAllItems/total": 390.60189487524843,
  "EmberJS-Debug-TodoMVC/DeletingItems/Async": 5.532118125615056,
  "EmberJS-Debug-TodoMVC/DeletingItems/Sync": 380.48193835473484,
  "EmberJS-Debug-TodoMVC/DeletingItems/total": 386.29437795500667,
  "EmberJS-Debug-TodoMVC/total": 1422.6563576089652,
  "EmberJS-TodoMVC/Adding100Items/Async": 42.87522307909636,
  "EmberJS-TodoMVC/Adding100Items/Sync": 220.72748406424495,
  "EmberJS-TodoMVC/Adding100Items/total": 263.78455994018276,
  "EmberJS-TodoMVC/CompletingAllItems/Async": 34.478789286338404,
  "EmberJS-TodoMVC/CompletingAllItems/Sync": 128.21577259510076,
  "EmberJS-TodoMVC/CompletingAllItems/total": 162.89135564756776,
  "EmberJS-TodoMVC/DeletingItems/Async": 4.893489837517516,
  "EmberJS-TodoMVC/DeletingItems/Sync": 83.48769825711972,
  "EmberJS-TodoMVC/DeletingItems/total": 88.59677414318821,
  "EmberJS-TodoMVC/total": 516.4553002965462,
  "Flight-TodoMVC/Adding100Items/Async": 40.67033547140852,
  "Flight-TodoMVC/Adding100Items/Sync": 112.99716931131165,
  "Flight-TodoMVC/Adding100Items/total": 153.77184606168876,
  "Flight-TodoMVC/CompletingAllItems/Async": 32.86165048010197,
  "Flight-TodoMVC/CompletingAllItems/Sync": 121.80718143781468,
  "Flight-TodoMVC/CompletingAllItems/total": 154.73747031129375,
  "Flight-TodoMVC/DeletingItems/Async": 4.8601078679922995,
  "Flight-TodoMVC/DeletingItems/Sync": 105.94654064190811,
  "Flight-TodoMVC/DeletingItems/total": 111.04839187284304,
  "Flight-TodoMVC/total": 419.6442679121502,
  "Inferno-TodoMVC/Adding100Items/Async": 44.39520817310353,
  "Inferno-TodoMVC/Adding100Items/Sync": 54.03376265597481,
  "Inferno-TodoMVC/Adding100Items/total": 98.49772737232199,
  "Inferno-TodoMVC/CompletingAllItems/Async": 9.753901771748225,
  "Inferno-TodoMVC/CompletingAllItems/Sync": 115.32660864080133,
  "Inferno-TodoMVC/CompletingAllItems/total": 125.60032711764705,
  "Inferno-TodoMVC/DeletingItems/Async": 3.905996219589014,
  "Inferno-TodoMVC/DeletingItems/Sync": 241.26137947051288,
  "Inferno-TodoMVC/DeletingItems/total": 245.17872811659714,
  "Inferno-TodoMVC/total": 469.45992814453507,
  "Preact-TodoMVC/Adding100Items/Async": 55.32941945515319,
  "Preact-TodoMVC/Adding100Items/Sync": 9.107252639670788,
  "Preact-TodoMVC/Adding100Items/total": 64.47919263523222,
  "Preact-TodoMVC/CompletingAllItems/Async": 28.579188468062927,
  "Preact-TodoMVC/CompletingAllItems/Sync": 3.833156059240758,
  "Preact-TodoMVC/CompletingAllItems/total": 32.55053993926425,
  "Preact-TodoMVC/DeletingItems/Async": 7.420852184952952,
  "Preact-TodoMVC/DeletingItems/Sync": 2.1838417025747843,
  "Preact-TodoMVC/DeletingItems/total": 9.622286292352817,
  "Preact-TodoMVC/total": 107.79788812430063,
  "React-Redux-TodoMVC/Adding100Items/Async": 42.089335887634256,
  "React-Redux-TodoMVC/Adding100Items/Sync": 198.40019230325487,
  "React-Redux-TodoMVC/Adding100Items/total": 240.73234069026765,
  "React-Redux-TodoMVC/CompletingAllItems/Async": 31.508974960444508,
  "React-Redux-TodoMVC/CompletingAllItems/Sync": 171.30735321718865,
  "React-Redux-TodoMVC/CompletingAllItems/total": 202.83484257067875,
  "React-Redux-TodoMVC/DeletingItems/Async": 4.4346844159699135,
  "React-Redux-TodoMVC/DeletingItems/Sync": 113.0305033438258,
  "React-Redux-TodoMVC/DeletingItems/total": 117.55193027844678,
  "React-Redux-TodoMVC/total": 561.3677328275354,
  "React-TodoMVC/Adding100Items/Async": 43.3623118573873,
  "React-TodoMVC/Adding100Items/Sync": 147.62201646942145,
  "React-TodoMVC/Adding100Items/total": 191.1412781061912,
  "React-TodoMVC/CompletingAllItems/Async": 33.368685866898765,
  "React-TodoMVC/CompletingAllItems/Sync": 83.50213673300365,
  "React-TodoMVC/CompletingAllItems/total": 116.93539823837155,
  "React-TodoMVC/DeletingAllItems/Async": 4.3000199387159554,
  "React-TodoMVC/DeletingAllItems/Sync": 56.08122193431278,
  "React-TodoMVC/DeletingAllItems/total": 60.513583314933584,
  "React-TodoMVC/total": 368.7993025432482,
  "Vanilla-ES2015-Babel-Webpack-TodoMVC/Adding100Items/Async": 38.81713751245256,
  "Vanilla-ES2015-Babel-Webpack-TodoMVC/Adding100Items/Sync": 341.46332831608925,
  "Vanilla-ES2015-Babel-Webpack-TodoMVC/Adding100Items/total": 380.32095105388044,
  "Vanilla-ES2015-Babel-Webpack-TodoMVC/CompletingAllItems/Async": 31.054923624392394,
  "Vanilla-ES2015-Babel-Webpack-TodoMVC/CompletingAllItems/Sync": 79.87984989976692,
  "Vanilla-ES2015-Babel-Webpack-TodoMVC/CompletingAllItems/total": 110.94010367636773,
  "Vanilla-ES2015-Babel-Webpack-TodoMVC/DeletingItems/Async": 4.4438932897539996,
  "Vanilla-ES2015-Babel-Webpack-TodoMVC/DeletingItems/Sync": 52.06306891757638,
  "Vanilla-ES2015-Babel-Webpack-TodoMVC/DeletingItems/total": 56.546289889378144,
  "Vanilla-ES2015-Babel-Webpack-TodoMVC/total": 547.9447766270396,
  "Vanilla-ES2015-TodoMVC/Adding100Items/Async": 39.53361389149507,
  "Vanilla-ES2015-TodoMVC/Adding100Items/Sync": 350.64230336286266,
  "Vanilla-ES2015-TodoMVC/Adding100Items/total": 390.2524759666604,
  "Vanilla-ES2015-TodoMVC/CompletingAllItems/Async": 31.02571022427776,