{
  "browser-setup": 3.291942,
  "browser-tear_down": 0.285658,
  "probes-creation": 0.000197,
  "probes-setup": 0.000169,
  "probes-start": 7.8e-05,
  "run": 108.932118,
  "runner-cooldown": 2.00222
}