{
  "Angular2-TypeScript-TodoMVC/Adding100Items/Async": 30.979004016956754,
  "Angular2-TypeScript-TodoMVC/Adding100Items/Sync": 41.67096478426919,
  "Angular2-TypeScript-TodoMVC/Adding100Items/total": 72.68704625530341,
  "Angular2-TypeScript-TodoMVC/CompletingAllItems/Async": 12.836908315246227,
  "Angular2-TypeScript-TodoMVC/CompletingAllItems/Sync": 8.470856771897013,
  "Angular2-TypeScript-TodoMVC/CompletingAllItems/total": 21.313155678745925,
  "Angular2-TypeScript-TodoMVC/DeletingItems/Async": 2.5853033539925794,
  "Angular2-TypeScript-TodoMVC/DeletingItems/Sync": 16.13530364213614,
  "Angular2-TypeScript-TodoMVC/DeletingItems/total": 18.72327534831281,
  "Angular2-TypeScript-TodoMVC/total": 112.73215640043612,
  "AngularJS-TodoMVC/Adding100Items/Async": 40.4091774282549,
  "AngularJS-TodoMVC/Adding100Items/Sync": 151.607770959792,
  "AngularJS-TodoMVC/Adding100Items/total": 192.0245997116808,
  "AngularJS-TodoMVC/CompletingAllItems/Async": 22.820961239629927,
  "AngularJS-TodoMVC/CompletingAllItems/Sync": 53.977290338669384,
  "AngularJS-TodoMVC/CompletingAllItems/total": 76.94473408133352,
  "AngularJS-TodoMVC/DeletingAllItems/Async": 15.477191920954365,
  "AngularJS-TodoMVC/DeletingAllItems/Sync": 164.94734575529233,
  "AngularJS-TodoMVC/DeletingAllItems/total": 180.80218542040936,
  "AngularJS-TodoMVC/total": 451.56825690356607,
  "BackboneJS-TodoMVC/Adding100Items/Async": 36.50159881664234,
  "BackboneJS-TodoMVC/Adding100Items/Sync": 54.620617487420475,
  "BackboneJS-TodoMVC/Adding100Items/total": 91.13666714891056,
  "BackboneJS-TodoMVC/CompletingAllItems/Async": 27.46600287405644,
  "BackboneJS-TodoMVC/CompletingAllItems/Sync": 37.89026543119529,
  "BackboneJS-TodoMVC/CompletingAllItems/total": 65.35727826697011,
  "BackboneJS-TodoMVC/DeletingAllItems/Async": 3.3405272839983713,
  "BackboneJS-TodoMVC/DeletingAllItems/Sync": 25.65994891935579,
  "BackboneJS-TodoMVC/DeletingAllItems/total": 29.02293213282614,
  "BackboneJS-TodoMVC/total": 185.54321401383797,
  "Elm-TodoMVC/Adding100Items/Async": 48.36694081100568,
  "Elm-TodoMVC/Adding100Items/Sync": 97.96212420155118,
  "Elm-TodoMVC/Adding100Items/total": 147.33156663513213,
  "Elm-TodoMVC/CompletingAllItems/Async": 32.69331046941226,
  "Elm-TodoMVC/CompletingAllItems/Sync": 93.82949875811616,
  "Elm-TodoMVC/CompletingAllItems/total": 127.39682098796914,
  "Elm-TodoMVC/DeletingItems/Async": 9.278984278441854,
  "Elm-TodoMVC/DeletingItems/Sync": 110.7623270374601,
  "Elm-TodoMVC/DeletingItems/total": 120.3295108817837,
  "Elm-TodoMVC/total": 406.1863768738979,
  "EmberJS-Debug-TodoMVC/Adding100Items/Async": 38.63930289776516,
  "EmberJS-Debug-TodoMVC/Adding100Items/Sync": 399.5136692466374,
  "EmberJS-Debug-TodoMVC/Adding100Items/total": 438.1723459183541,
  "EmberJS-Debug-TodoMVC/CompletingAllItems/Async": 26.513613579130052,
  "EmberJS-Debug-TodoMVC/CompletingAllItems/Sync": 288.3590159180219,
  "EmberJS-Debug-TodoMVC/CompletingAllItems/total": 314.9595830336474,
  "EmberJS-Debug-TodoMVC/DeletingItems/Async": 5.942453081453618,
  "EmberJS-Debug-TodoMVC/DeletingItems/Sync": 297.63913648679636,
  "EmberJS-Debug-TodoMVC/DeletingItems/total": 304.4941750261836,
  "EmberJS-Debug-TodoMVC/total": 1065.4164302519077,
  "EmberJS-TodoMVC/Adding100Items/Async": 34.65456565312369,
  "EmberJS-TodoMVC/Adding100Items/Sync": 148.90305902604393,
  "EmberJS-TodoMVC/Adding100Items/total": 183.73699363144001,
  "EmberJS-TodoMVC/CompletingAllItems/Async": 25.900604468322545,
  "EmberJS-TodoMVC/CompletingAllItems/Sync": 93.32663304390977,
  "EmberJS-TodoMVC/CompletingAllItems/total": 119.23886410417211,
  "EmberJS-TodoMVC/DeletingItems/Async": 3.205950064376109,
  "EmberJS-TodoMVC/DeletingItems/Sync": 62.16132126020007,
  "EmberJS-TodoMVC/DeletingItems/total": 65.66097587115969,
  "EmberJS-TodoMVC/total": 369.28554475812086,
  "Flight-TodoMVC/Adding100Items/Async": 32.59361943243555,
  "Flight-TodoMVC/Adding100Items/Sync": 78.67176135372523,
  "Flight-TodoMVC/Adding100Items/total": 111.27164298264995,
  "Flight-TodoMVC/CompletingAllItems/Async": 24.636102589284288,
  "Flight-TodoMVC/CompletingAllItems/Sync": 85.92431206479965,
  "Flight-TodoMVC/CompletingAllItems/total": 110.56480420432666,
  "Flight-TodoMVC/DeletingItems/Async": 2.8877766404524,
  "Flight-TodoMVC/DeletingItems/Sync": 69.52347082158236,
  "Flight-TodoMVC/DeletingItems/total": 72.413361458598,
  "Flight-TodoMVC/total": 294.2596497723516,
  "Inferno-TodoMVC/Adding100Items/Async": 38.36132262733026,
  "Inferno-TodoMVC/Adding100Items/Sync": 42.28852989142007,
  "Inferno-TodoMVC/Adding100Items/total": 80.71647397351042,
  "Inferno-TodoMVC/CompletingAllItems/Async": 6.197917759415993,
  "Inferno-TodoMVC/CompletingAllItems/Sync": 84.66923681922292,
  "Inferno-TodoMVC/CompletingAllItems/total": 90.87126722977328,
  "Inferno-TodoMVC/DeletingItems/Async": 3.176126379855506,
  "Inferno-TodoMVC/DeletingItems/Sync": 217.4629526925714,
  "Inferno-TodoMVC/DeletingItems/total": 220.7055153200982,
  "Inferno-TodoMVC/total": 393.559613486455,
  "Preact-TodoMVC/Adding100Items/Async": 36.88727096276377,
  "Preact-TodoMVC/Adding100Items/Sync": 4.993280615210833,
  "Preact-TodoMVC/Adding100Items/total": 41.89371747258864,
  "Preact-TodoMVC/CompletingAllItems/Async": 16.11639971802436,
  "Preact-TodoMVC/CompletingAllItems/Sync": 3.0329797555092015,
  "Preact-TodoMVC/CompletingAllItems/total": 19.161420650492445,
  "Preact-TodoMVC/DeletingItems/Async": 4.46276607289552,
  "Preact-TodoMVC/DeletingItems/Sync": 1.613365778639618,
  "Preact-TodoMVC/DeletingItems/total": 6.084687879277646,
  "Preact-TodoMVC/total": 67.15802684305964,
  "React-Redux-TodoMVC/Adding100Items/Async": 33.93268138009252,
  "React-Redux-TodoMVC/Adding100Items/Sync": 128.97738240283175,
  "React-Redux-TodoMVC/Adding100Items/total": 162.95020550732298,
  "React-Redux-TodoMVC/CompletingAllItems/Async": 26.3702226403751,
  "React-Redux-TodoMVC/CompletingAllItems/Sync": 152.63633172595297,
  "React-Redux-TodoMVC/CompletingAllItems/total": 179.45386036165561,
  "React-Redux-TodoMVC/DeletingItems/Async": 4.6459004664946875,
  "React-Redux-TodoMVC/DeletingItems/Sync": 88.82038044464085,
  "React-Redux-TodoMVC/DeletingItems/total": 94.53973917923022,
  "React-Redux-TodoMVC/total": 440.5634143368923,
  "React-TodoMVC/Adding100Items/Async": 34.16617089442142,
  "React-TodoMVC/Adding100Items/Sync": 107.17019879300123,
  "React-TodoMVC/Adding100Items/total": 141.37955301031886,
  "React-TodoMVC/CompletingAllItems/Async": 28.438881378683202,
  "React-TodoMVC/CompletingAllItems/Sync": 78.98990031966022,
  "React-TodoMVC/CompletingAllItems/total": 108.69204788908442,
  "React-TodoMVC/DeletingAllItems/Async": 3.295269588785323,
  "React-TodoMVC/DeletingAllItems/Sync": 45.94964310702503,
  "React-TodoMVC/DeletingAllItems/total": 49.55997654532289,
  "React-TodoMVC/total": 303.91071448356934,
  "Vanilla-ES2015-Babel-Webpack-TodoMVC/Adding100Items/Async": 33.91087846603034,
  "Vanilla-ES2015-Babel-Webpack-TodoMVC/Adding100Items/Sync": 299.1701837659793,
  "Vanilla-ES2015-Babel-Webpack-TodoMVC/Adding100Items/total": 333.1067016285595,
  "Vanilla-ES2015-Babel-Webpack-TodoMVC/CompletingAllItems/Async": 24.25342211706017,
  "Vanilla-ES2015-Babel-Webpack-TodoMVC/CompletingAllItems/Sync": 62.707498349124336,
  "Vanilla-ES2015-Babel-Webpack-TodoMVC/CompletingAllItems/total": 86.97915017437951,
  "Vanilla-ES2015-Babel-Webpack-TodoMVC/DeletingItems/Async": 2.8786657188954194,
  "Vanilla-ES2015-Babel-Webpack-TodoMVC/DeletingItems/Sync": 39.59359096488417,
  "Vanilla-ES2015-Babel-Webpack-TodoMVC/DeletingItems/total": 42.47380695745344,
  "Vanilla-ES2015-Babel-Webpack-TodoMVC/total": 462.5696108755396,
  "Vanilla-ES2015-TodoMVC/Adding100Items/Async": 35.07301158853188,
  "Vanilla-ES2015-TodoMVC/Adding100Items/Sync": 318.8430455880189,
  "Vanilla-ES2015-TodoMVC/Adding100Items/total": 354.0232357914765,
  "Vanilla-ES2015-TodoMVC/CompletingAllItems/Async": 27.45484928587138,