{
  "browser-setup": 4.019677,
  "browser-tear_down": 0.248758,
  "probes-creation": 0.000118,
  "probes-setup": 9.9e-05,
  "probes-start": 6e-05,
  "run": 126.33131,
  "runner-cooldown": 2.00205
}