{
  "Angular2-TypeScript-TodoMVC/Adding100Items/Async": 37.288973929004236,
  "Angular2-TypeScript-TodoMVC/Adding100Items/Sync": 54.11547708335535,
  "Angular2-TypeScript-TodoMVC/Adding100Items/total": 91.4616785162071,
  "Angular2-TypeScript-TodoMVC/CompletingAllItems/Async": 14.356939453835421,
  "Angular2-TypeScript-TodoMVC/CompletingAllItems/Sync": 10.002009343945884,
  "Angular2-TypeScript-TodoMVC/CompletingAllItems/total": 24.362103563238147,
  "Angular2-TypeScript-TodoMVC/DeletingItems/Async": 4.129150243818716,
  "Angular2-TypeScript-TodoMVC/DeletingItems/Sync": 17.913944321889037,
  "Angular2-TypeScript-TodoMVC/DeletingItems/total": 22.35137575930452,
  "Angular2-TypeScript-TodoMVC/total": 138.3103537709188,
  "AngularJS-TodoMVC/Adding100Items/Async": 48.84658686575652,
  "AngularJS-TodoMVC/Adding100Items/Sync": 236.57879740216282,
  "AngularJS-TodoMVC/Adding100Items/total": 285.8233409331945,
  "AngularJS-TodoMVC/CompletingAllItems/Async": 37.221241736618545,
  "AngularJS-TodoMVC/CompletingAllItems/Sync": 81.75147811095424,
  "AngularJS-TodoMVC/CompletingAllItems/total": 119.99846896998041,
  "AngularJS-TodoMVC/DeletingAllItems/Async": 16.90336806395655,
  "AngularJS-TodoMVC/DeletingAllItems/Sync": 278.56154879841006,
  "AngularJS-TodoMVC/DeletingAllItems/total": 295.6484638876484,
  "AngularJS-TodoMVC/total": 717.5838767556326,
  "BackboneJS-TodoMVC/Adding100Items/Async": 43.700283718559284,
  "BackboneJS-TodoMVC/Adding100Items/Sync": 69.78922338288405,
  "BackboneJS-TodoMVC/Adding100Items/total": 113.50490059699085,
  "BackboneJS-TodoMVC/CompletingAllItems/Async": 33.13741259045114,
  "BackboneJS-TodoMVC/CompletingAllItems/Sync": 45.394464060885774,
  "BackboneJS-TodoMVC/CompletingAllItems/total": 78.53343825000843,
  "BackboneJS-TodoMVC/DeletingAllItems/Async": 4.871560810833241,
  "BackboneJS-TodoMVC/DeletingAllItems/Sync": 28.909961955890893,
  "BackboneJS-TodoMVC/DeletingAllItems/total": 33.828046956160755,
  "BackboneJS-TodoMVC/total": 225.8902773017613,
  "Elm-TodoMVC/Adding100Items/Async": 51.99697836410219,
  "Elm-TodoMVC/Adding100Items/Sync": 134.71869507952036,
  "Elm-TodoMVC/Adding100Items/total": 188.14669766901875,
  "Elm-TodoMVC/CompletingAllItems/Async": 36.21532278685075,
  "Elm-TodoMVC/CompletingAllItems/Sync": 141.91313552984116,
  "Elm-TodoMVC/CompletingAllItems/total": 179.8564920018779,
  "Elm-TodoMVC/DeletingItems/Async": 10.904873187271376,
  "Elm-TodoMVC/DeletingItems/Sync": 147.50362879242417,
  "Elm-TodoMVC/DeletingItems/total": 158.8216962319944,
  "Elm-TodoMVC/total": 546.1909477100248,
  "EmberJS-Debug-TodoMVC/Adding100Items/Async": 47.63591228260591,
  "EmberJS-Debug-TodoMVC/Adding100Items/Sync": 566.2870621851157,
  "EmberJS-Debug-TodoMVC/Adding100Items/total": 613.9568949011717,
  "EmberJS-Debug-TodoMVC/CompletingAllItems/Async": 31.54322016310558,
  "EmberJS-Debug-TodoMVC/CompletingAllItems/Sync": 366.1153403301448,
  "EmberJS-Debug-TodoMVC/CompletingAllItems/total": 397.94721610858875,
  "EmberJS-Debug-TodoMVC/DeletingItems/Async": 8.143466982079687,
  "EmberJS-Debug-TodoMVC/DeletingItems/Sync": 386.2761804594353,
  "EmberJS-Debug-TodoMVC/DeletingItems/total": 395.27397758955567,
  "EmberJS-Debug-TodoMVC/total": 1415.0750841880686,
  "EmberJS-TodoMVC/Adding100Items/Async": 43.66794598607978,
  "EmberJS-TodoMVC/Adding100Items/Sync": 199.68340801679733,
  "EmberJS-TodoMVC/Adding100Items/total": 243.50668200413799,
  "EmberJS-TodoMVC/CompletingAllItems/Async": 34.13574031509677,
  "EmberJS-TodoMVC/CompletingAllItems/Sync": 115.06292372041563,
  "EmberJS-TodoMVC/CompletingAllItems/total": 149.40847726085045,
  "EmberJS-TodoMVC/DeletingItems/Async": 4.779382909422989,
  "EmberJS-TodoMVC/DeletingItems/Sync": 91.13035453255932,
  "EmberJS-TodoMVC/DeletingItems/total": 96.26687057445018,
  "EmberJS-TodoMVC/total": 498.99441068206033,
  "Flight-TodoMVC/Adding100Items/Async": 39.189275072327405,
  "Flight-TodoMVC/Adding100Items/Sync": 97.08177318865049,
  "Flight-TodoMVC/Adding100Items/total": 136.28213502842613,
  "Flight-TodoMVC/CompletingAllItems/Async": 29.973190374606556,
  "Flight-TodoMVC/CompletingAllItems/Sync": 104.9099821248732,
  "Flight-TodoMVC/CompletingAllItems/total": 135.05027416001857,
  "Flight-TodoMVC/DeletingItems/Async": 3.6893368043035477,
  "Flight-TodoMVC/DeletingItems/Sync": 87.67472912204902,
  "Flight-TodoMVC/DeletingItems/total": 91.36473024725713,
  "Flight-TodoMVC/total": 362.7310544563085,
  "Inferno-TodoMVC/Adding100Items/Async": 43.16656687481193,
  "Inferno-TodoMVC/Adding100Items/Sync": 48.39805488474098,
  "Inferno-TodoMVC/Adding100Items/total": 91.68919319256074,
  "Inferno-TodoMVC/CompletingAllItems/Async": 10.516075242893542,
  "Inferno-TodoMVC/CompletingAllItems/Sync": 108.82407617418254,
  "Inferno-TodoMVC/CompletingAllItems/total": 119.91101879389844,
  "Inferno-TodoMVC/DeletingItems/Async": 4.059342487368507,
  "Inferno-TodoMVC/DeletingItems/Sync": 250.1399222314012,
  "Inferno-TodoMVC/DeletingItems/total": 254.24598518496128,
  "Inferno-TodoMVC/total": 467.4634148347268,
  "Preact-TodoMVC/Adding100Items/Async": 42.990467562875764,
  "Preact-TodoMVC/Adding100Items/Sync": 6.20434667661919,
  "Preact-TodoMVC/Adding100Items/total": 49.19622566630494,
  "Preact-TodoMVC/CompletingAllItems/Async": 31.09724631967622,
  "Preact-TodoMVC/CompletingAllItems/Sync": 3.7625096200138533,
  "Preact-TodoMVC/CompletingAllItems/total": 34.864452799332014,
  "Preact-TodoMVC/DeletingItems/Async": 7.648654733726804,
  "Preact-TodoMVC/DeletingItems/Sync": 2.0253638141724837,
  "Preact-TodoMVC/DeletingItems/total": 9.67747795148771,
  "Preact-TodoMVC/total": 93.74037146195725,
  "React-Redux-TodoMVC/Adding100Items/Async": 45.675079341813344,
  "React-Redux-TodoMVC/Adding100Items/Sync": 202.11876304601066,
  "React-Redux-TodoMVC/Adding100Items/total": 249.0469576219586,
  "React-Redux-TodoMVC/CompletingAllItems/Async": 31.36884411511949,
  "React-Redux-TodoMVC/CompletingAllItems/Sync": 179.8097012085582,
  "React-Redux-TodoMVC/CompletingAllItems/total": 211.44351156636063,
  "React-Redux-TodoMVC/DeletingItems/Async": 5.0771959431190705,
  "React-Redux-TodoMVC/DeletingItems/Sync": 110.38466978158164,
  "React-Redux-TodoMVC/DeletingItems/total": 115.83345701132767,
  "React-Redux-TodoMVC/total": 582.3222368870802,
  "React-TodoMVC/Adding100Items/Async": 43.44026768085288,
  "React-TodoMVC/Adding100Items/Sync": 168.33159006580823,
  "React-TodoMVC/Adding100Items/total": 213.7475609691684,
  "React-TodoMVC/CompletingAllItems/Async": 31.48229935843003,
  "React-TodoMVC/CompletingAllItems/Sync": 88.70201333949491,
  "React-TodoMVC/CompletingAllItems/total": 120.41095306991289,
  "React-TodoMVC/DeletingAllItems/Async": 4.613907272137189,
  "React-TodoMVC/DeletingAllItems/Sync": 56.17828473676356,
  "React-TodoMVC/DeletingAllItems/total": 61.20805530813186,
  "React-TodoMVC/total": 399.00437905180036,
  "Vanilla-ES2015-Babel-Webpack-TodoMVC/Adding100Items/Async": 38.96287029433318,
  "Vanilla-ES2015-Babel-Webpack-TodoMVC/Adding100Items/Sync": 325.9372421567428,
  "Vanilla-ES2015-Babel-Webpack-TodoMVC/Adding100Items/total": 365.01868624607926,
  "Vanilla-ES2015-Babel-Webpack-TodoMVC/CompletingAllItems/Async": 30.795218010725097,
  "Vanilla-ES2015-Babel-Webpack-TodoMVC/CompletingAllItems/Sync": 73.09156347321071,
  "Vanilla-ES2015-Babel-Webpack-TodoMVC/CompletingAllItems/total": 103.91600502389905,
  "Vanilla-ES2015-Babel-Webpack-TodoMVC/DeletingItems/Async": 4.221907287547808,
  "Vanilla-ES2015-Babel-Webpack-TodoMVC/DeletingItems/Sync": 46.11691789899242,
  "Vanilla-ES2015-Babel-Webpack-TodoMVC/DeletingItems/total": 50.494563854566756,
  "Vanilla-ES2015-Babel-Webpack-TodoMVC/total": 519.4991618454503,
  "Vanilla-ES2015-TodoMVC/Adding100Items/Async": 37.17512329463199,
  "Vanilla-ES2015-TodoMVC/Adding100Items/Sync": 348.15300031651566,
  "Vanilla-ES2015-TodoMVC/Adding100Items/total": 385.39090487408447,
  "Vanilla-ES2015-TodoMVC/CompletingAllItems/Async": 30.950942409978488,