{
  "browser-setup": 3.281367,
  "browser-tear_down": 0.280198,
  "probes-creation": 0.000227,
  "probes-setup": 0.000182,
  "probes-start": 8.3e-05,
  "run": 115.194171,
  "runner-cooldown": 2.002425
}