{
  "Angular2-TypeScript-TodoMVC/Adding100Items/Async": 32.29732463655563,
  "Angular2-TypeScript-TodoMVC/Adding100Items/Sync": 43.114565089000656,
  "Angular2-TypeScript-TodoMVC/Adding100Items/total": 75.46199200290522,
  "Angular2-TypeScript-TodoMVC/CompletingAllItems/Async": 12.735833065957898,
  "Angular2-TypeScript-TodoMVC/CompletingAllItems/Sync": 8.555250412236338,
  "Angular2-TypeScript-TodoMVC/CompletingAllItems/total": 21.29319633878089,
  "Angular2-TypeScript-TodoMVC/DeletingItems/Async": 2.816216095675874,
  "Angular2-TypeScript-TodoMVC/DeletingItems/Sync": 16.66133038986995,
  "Angular2-TypeScript-TodoMVC/DeletingItems/total": 19.47913170079571,
  "Angular2-TypeScript-TodoMVC/total": 116.25153611706921,
  "AngularJS-TodoMVC/Adding100Items/Async": 42.56874948680442,
  "AngularJS-TodoMVC/Adding100Items/Sync": 155.70268948948777,
  "AngularJS-TodoMVC/Adding100Items/total": 198.39033301268154,
  "AngularJS-TodoMVC/CompletingAllItems/Async": 28.622427034948764,
  "AngularJS-TodoMVC/CompletingAllItems/Sync": 56.385069699623855,
  "AngularJS-TodoMVC/CompletingAllItems/total": 85.80323787187709,
  "AngularJS-TodoMVC/DeletingAllItems/Async": 15.458089944898155,
  "AngularJS-TodoMVC/DeletingAllItems/Sync": 158.54063567122958,
  "AngularJS-TodoMVC/DeletingAllItems/total": 174.10762280609396,
  "AngularJS-TodoMVC/total": 459.05023775674044,
  "BackboneJS-TodoMVC/Adding100Items/Async": 40.508865674148815,
  "BackboneJS-TodoMVC/Adding100Items/Sync": 54.972969498634434,
  "BackboneJS-TodoMVC/Adding100Items/total": 95.60402344547799,
  "BackboneJS-TodoMVC/CompletingAllItems/Async": 30.639593768057317,
  "BackboneJS-TodoMVC/CompletingAllItems/Sync": 36.91344227463021,
  "BackboneJS-TodoMVC/CompletingAllItems/total": 67.65531366868483,
  "BackboneJS-TodoMVC/DeletingAllItems/Async": 5.116599979813655,
  "BackboneJS-TodoMVC/DeletingAllItems/Sync": 25.48317138457714,
  "BackboneJS-TodoMVC/DeletingAllItems/total": 31.003921611607023,
  "BackboneJS-TodoMVC/total": 194.3253616306259,
  "Elm-TodoMVC/Adding100Items/Async": 47.819781335070935,
  "Elm-TodoMVC/Adding100Items/Sync": 84.50321759173237,
  "Elm-TodoMVC/Adding100Items/total": 132.37187507247762,
  "Elm-TodoMVC/CompletingAllItems/Async": 29.58344949103194,
  "Elm-TodoMVC/CompletingAllItems/Sync": 80.88717896936942,
  "Elm-TodoMVC/CompletingAllItems/total": 110.4941977520631,
  "Elm-TodoMVC/DeletingItems/Async": 8.875543940029651,
  "Elm-TodoMVC/DeletingItems/Sync": 100.65307521110817,
  "Elm-TodoMVC/DeletingItems/total": 109.65161669487725,
  "Elm-TodoMVC/total": 352.56732035563306,
  "EmberJS-Debug-TodoMVC/Adding100Items/Async": 45.381083152365804,
  "EmberJS-Debug-TodoMVC/Adding100Items/Sync": 715.708536021958,
  "EmberJS-Debug-TodoMVC/Adding100Items/total": 761.673633980743,
  "EmberJS-Debug-TodoMVC/CompletingAllItems/Async": 36.13732672597745,
  "EmberJS-Debug-TodoMVC/CompletingAllItems/Sync": 301.1890043061134,
  "EmberJS-Debug-TodoMVC/CompletingAllItems/total": 338.8872313550458,
  "EmberJS-Debug-TodoMVC/DeletingItems/Async": 12.388763013918949,
  "EmberJS-Debug-TodoMVC/DeletingItems/Sync": 282.75217073377775,
  "EmberJS-Debug-TodoMVC/DeletingItems/total": 299.49256195143863,
  "EmberJS-Debug-TodoMVC/total": 1406.4292903883238,
  "EmberJS-TodoMVC/Adding100Items/Async": 34.29040201110491,
  "EmberJS-TodoMVC/Adding100Items/Sync": 147.9357471036328,
  "EmberJS-TodoMVC/Adding100Items/total": 182.3184343370551,
  "EmberJS-TodoMVC/CompletingAllItems/Async": 28.266008573594004,
  "EmberJS-TodoMVC/CompletingAllItems/Sync": 110.08099263168364,
  "EmberJS-TodoMVC/CompletingAllItems/total": 138.70078322733696,
  "EmberJS-TodoMVC/DeletingItems/Async": 3.476847652263921,
  "EmberJS-TodoMVC/DeletingItems/Sync": 73.10301880386118,
  "EmberJS-TodoMVC/DeletingItems/total": 76.61712128514583,
  "EmberJS-TodoMVC/total": 398.88213390837166,
  "Flight-TodoMVC/Adding100Items/Async": 33.23490124371328,
  "Flight-TodoMVC/Adding100Items/Sync": 77.49384164771118,
  "Flight-TodoMVC/Adding100Items/total": 110.74049138224449,
  "Flight-TodoMVC/CompletingAllItems/Async": 25.39730838127573,
  "Flight-TodoMVC/CompletingAllItems/Sync": 84.91069759466569,
  "Flight-TodoMVC/CompletingAllItems/total": 110.41420622193114,
  "Flight-TodoMVC/DeletingItems/Async": 3.4799044156561263,
  "Flight-TodoMVC/DeletingItems/Sync": 69.25536246357831,
  "Flight-TodoMVC/DeletingItems/total": 72.78466171491816,
  "Flight-TodoMVC/total": 293.971305344473,
  "Inferno-TodoMVC/Adding100Items/Async": 38.47428966489275,
  "Inferno-TodoMVC/Adding100Items/Sync": 44.55400384112845,
  "Inferno-TodoMVC/Adding100Items/total": 83.11569063879081,
  "Inferno-TodoMVC/CompletingAllItems/Async": 6.695634957983282,
  "Inferno-TodoMVC/CompletingAllItems/Sync": 86.0318702180315,
  "Inferno-TodoMVC/CompletingAllItems/total": 92.89376941492611,
  "Inferno-TodoMVC/DeletingItems/Async": 3.3064398796775887,
  "Inferno-TodoMVC/DeletingItems/Sync": 201.6930243733602,
  "Inferno-TodoMVC/DeletingItems/total": 205.04321941260687,
  "Inferno-TodoMVC/total": 381.13075446440837,
  "Preact-TodoMVC/Adding100Items/Async": 37.17873183905754,
  "Preact-TodoMVC/Adding100Items/Sync": 4.81549509133033,
  "Preact-TodoMVC/Adding100Items/total": 41.996229376711675,
  "Preact-TodoMVC/CompletingAllItems/Async": 16.202202094259796,
  "Preact-TodoMVC/CompletingAllItems/Sync": 2.997565320749273,
  "Preact-TodoMVC/CompletingAllItems/total": 19.207625501474233,
  "Preact-TodoMVC/DeletingItems/Async": 4.106256123916927,
  "Preact-TodoMVC/DeletingItems/Sync": 1.560782249380143,
  "Preact-TodoMVC/DeletingItems/total": 5.671663563737798,
  "Preact-TodoMVC/total": 66.88502088834136,
  "React-Redux-TodoMVC/Adding100Items/Async": 33.04430080936838,
  "React-Redux-TodoMVC/Adding100Items/Sync": 134.0021641224375,
  "React-Redux-TodoMVC/Adding100Items/total": 167.1273189636172,
  "React-Redux-TodoMVC/CompletingAllItems/Async": 27.411955732635132,
  "React-Redux-TodoMVC/CompletingAllItems/Sync": 139.2937840250035,
  "React-Redux-TodoMVC/CompletingAllItems/total": 166.83281017861867,
  "React-Redux-TodoMVC/DeletingItems/Async": 3.6664502317934335,
  "React-Redux-TodoMVC/DeletingItems/Sync": 104.28906351609821,
  "React-Redux-TodoMVC/DeletingItems/total": 108.16034123743165,
  "React-Redux-TodoMVC/total": 444.3542470879454,
  "React-TodoMVC/Adding100Items/Async": 35.131274064327634,
  "React-TodoMVC/Adding100Items/Sync": 112.56809529182118,
  "React-TodoMVC/Adding100Items/total": 147.88786985929116,
  "React-TodoMVC/CompletingAllItems/Async": 27.61450789159713,
  "React-TodoMVC/CompletingAllItems/Sync": 63.5827232579187,
  "React-TodoMVC/CompletingAllItems/total": 91.21956782485725,
  "React-TodoMVC/DeletingAllItems/Async": 3.0028205321327124,
  "React-TodoMVC/DeletingAllItems/Sync": 46.59209129720043,
  "React-TodoMVC/DeletingAllItems/total": 49.627218473527535,
  "React-TodoMVC/total": 288.94651748029355,
  "Vanilla-ES2015-Babel-Webpack-TodoMVC/Adding100Items/Async": 34.76018330824385,
  "Vanilla-ES2015-Babel-Webpack-TodoMVC/Adding100Items/Sync": 294.5019424325807,
  "Vanilla-ES2015-Babel-Webpack-TodoMVC/Adding100Items/total": 329.37945202289535,
  "Vanilla-ES2015-Babel-Webpack-TodoMVC/CompletingAllItems/Async": 25.845911810332076,
  "Vanilla-ES2015-Babel-Webpack-TodoMVC/CompletingAllItems/Sync": 64.56126315831582,
  "Vanilla-ES2015-Babel-Webpack-TodoMVC/CompletingAllItems/total": 90.47578805119291,
  "Vanilla-ES2015-Babel-Webpack-TodoMVC/DeletingItems/Async": 4.144242621673813,
  "Vanilla-ES2015-Babel-Webpack-TodoMVC/DeletingItems/Sync": 40.48909263657885,
  "Vanilla-ES2015-Babel-Webpack-TodoMVC/DeletingItems/total": 46.616995916639304,
  "Vanilla-ES2015-Babel-Webpack-TodoMVC/total": 467.51753010611407,
  "Vanilla-ES2015-TodoMVC/Adding100Items/Async": 34.572141807393294,
  "Vanilla-ES2015-TodoMVC/Adding100Items/Sync": 296.2551740561346,
  "Vanilla-ES2015-TodoMVC/Adding100Items/total": 330.8724122554235,
  "Vanilla-ES2015-TodoMVC/CompletingAllItems/Async": 27.271208738482315,