{
  "browser-setup": {
    "values": [
      4.173656,
      3.991137,
      4.122785,
      4.007683,
      3.991738,
      3.880947,
      4.0751,
      4.076542,
      4.034392,
      4.116823,
      3.936036,
      4.022664,
      3.979362,
      4.038126,
      3.988028,
      3.959835,
      4.026442,
      3.954181,
      4.049128,
      4.197262,
      4.129564,
      4.075743,
      4.051562,
      4.023913,
      3.942177,
      3.85743,
      3.955775,
      3.79705,
      4.119116,
      4.253984
    ],
    "min": 3.79705,
    "average": 4.027606033333333,
    "geomean": 4.026418865857383,
    "max": 4.253984,
    "stddev": 0.09775972869489204,
    "stddevPercent": 2.427241589316619
  },
  "browser-tear_down": {
    "values": [
      0.299848,
      0.223654,
      0.282615,
      0.285199,
      0.297474,
      0.298672,
      0.299899,
      0.305772,
      0.299771,
      0.253191,
      0.196834,
      0.292522,
      0.286896,
      0.2958,
      0.284653,
      0.2423,
      0.289544,
      0.298098,
      0.294444,
      0.297089,
      0.28526,
      0.288687,
      0.29205,
      0.29581,
      0.199686,
      0.193343,
      0.302569,
      0.289635,
      0.24749,
      0.251006
    ],
    "min": 0.193343,
    "average": 0.2756603666666667,
    "geomean": 0.273409752327891,
    "max": 0.305772,
    "stddev": 0.032940397127218864,
    "stddevPercent": 11.949631180405039
  },
  "probes-creation": {
    "values": [
      0.000225,
      0.000132,
      0.000138,
      0.000127,
      0.000129,
      0.000134,
      0.000129,
      0.000131,
      0.000132,
      0.00013,
      0.000129,
      0.000131,
      0.00013,
      0.000126,
      0.00013,
      0.000135,
      0.000132,
      0.000135,
      0.000131,
      0.000128,
      0.000127,
      0.000131,
      0.000125,
      0.000132,
      0.000132,
      0.00013,
      0.000129,
      0.000132,
      0.000128,
      0.000129
    ],
    "min": 0.000125,
    "average": 0.00013363333333333337,
    "geomean": 0.00013284536926173797,
    "max": 0.000225,
    "stddev": 1.7184262826460987e-05,
    "stddevPercent": 12.85926377634895
  },
  "probes-setup": {
    "values": [
      0.00016,
      0.000107,
      0.000101,
      9.9e-05,
      0.000103,
      0.000103,
      0.0001,
      0.000101,
      0.0001,
      0.000105,
      9.8e-05,
      9.9e-05,
      0.0001,
      0.0001,
      9.9e-05,
      0.0001,
      0.000102,
      0.000109,
      9.9e-05,
      0.000102,
      9.9e-05,
      0.0001,
      9.8e-05,
      0.000101,
      0.0001,
      0.000106,
      9.9e-05,
      9.9e-05,
      9.9e-05,
      0.0001
    ],
    "min": 9.8e-05,
    "average": 0.00010293333333333335,
    "geomean": 0.00010249277885165318,
    "max": 0.00016,
    "stddev": 1.0920724436694766e-05,
    "stddevPercent": 10.609512082281183
  },
  "probes-start": {
    "values": [
      7.1e-05,
      7.3e-05,
      6.9e-05,
      6.4e-05,
      7.3e-05,
      5.8e-05,
      5.8e-05,
      5.8e-05,
      5.7e-05,
      5.8e-05,
      5.9e-05,
      5.8e-05,
      5.8e-05,
      5.7e-05,
      6e-05,
      5.6e-05,
      6.1e-05,
      5.9e-05,
      6e-05,
      5.8e-05,
      5.6e-05,
      5.8e-05,
      5.7e-05,
      6.2e-05,
      6e-05,
      5.8e-05,
      5.7e-05,
      5.8e-05,
      5.8e-05,
      5.7e-05
    ],
    "min": 5.6e-05,
    "average": 6.0199999999999986e-05,
    "geomean": 6.0026408091819896e-05,
    "max": 7.3e-05,
    "stddev": 4.7707441767506246e-06,
    "stddevPercent": 7.924824213871472
  },
  "run": {
    "values": [
      136.853601,
      135.75167,
      134.753364,
      141.376393,
      131.110331,
      130.278522,
      136.783554,
      136.48473,
      131.557688,
      136.560501,
      136.495242,
      134.758306,
      130.15477,
      133.81028,
      136.245222,
      137.842312,
      133.006316,
      136.060152,
      137.949897,
      136.804402,
      136.918015,
      131.468415,
      137.633886,
      129.929404,
      135.447846,
      135.600059,
      134.549017,
      138.844377,
      130.169394,
      130.99711
    ],
    "min": 129.929404,
    "average": 134.87315919999998,
    "geomean": 134.8410555761858,
    "max": 141.376393,
    "stddev": 2.9376940169336128,
    "stddevPercent": 2.1781161161780016
  },
  "runner-cooldown": {
    "values": [
      2.000746,
      2.002052,
      2.002051,
      2.00205,
      2.001017,
      2.002056,
      2.001972,
      2.002052,
      2.002051,
      2.002047,
      2.00205,
      2.002054,
      2.002051,
      2.001813,
      2.002049,
      2.00205,
      2.002051,
      2.002052,
      2.002052,
      2.00205,
      2.002057,
      2.002054,
      2.002051,
      2.00205,
      2.002049,
      2.002054,
      2.002055,
      2.002051,
      2.002051,
      2.00205
    ],
    "min": 2.000746,
    "average": 2.001962933333333,
    "geomean": 2.0019629116595277,
    "max": 2.002057,
    "stddev": 0.0002945353327229512,
    "stddevPercent": 0.014712326977629918
  }
}