{
  "browser-setup": 3.98014,
  "browser-tear_down": 0.227023,
  "probes-creation": 0.000121,
  "probes-setup": 9.9e-05,
  "probes-start": 5.4e-05,
  "run": 130.478927,
  "runner-cooldown": 2.002049
}