{
  "Angular2-TypeScript-TodoMVC/Adding100Items/Async": 37.11389179574103,
  "Angular2-TypeScript-TodoMVC/Adding100Items/Sync": 54.14934979102432,
  "Angular2-TypeScript-TodoMVC/Adding100Items/total": 91.29585688862518,
  "Angular2-TypeScript-TodoMVC/CompletingAllItems/Async": 14.117649158485337,
  "Angular2-TypeScript-TodoMVC/CompletingAllItems/Sync": 9.924825631148053,
  "Angular2-TypeScript-TodoMVC/CompletingAllItems/total": 24.04360856329614,
  "Angular2-TypeScript-TodoMVC/DeletingItems/Async": 3.8784038730023567,
  "Angular2-TypeScript-TodoMVC/DeletingItems/Sync": 17.718143055455375,
  "Angular2-TypeScript-TodoMVC/DeletingItems/total": 21.67971810954522,
  "Angular2-TypeScript-TodoMVC/total": 137.0543447445657,
  "AngularJS-TodoMVC/Adding100Items/Async": 50.567940709521174,
  "AngularJS-TodoMVC/Adding100Items/Sync": 221.03746760728922,
  "AngularJS-TodoMVC/Adding100Items/total": 272.1230537509862,
  "AngularJS-TodoMVC/CompletingAllItems/Async": 39.39417165403441,
  "AngularJS-TodoMVC/CompletingAllItems/Sync": 78.3538526596674,
  "AngularJS-TodoMVC/CompletingAllItems/total": 119.72085196933183,
  "AngularJS-TodoMVC/DeletingAllItems/Async": 19.718115266711784,
  "AngularJS-TodoMVC/DeletingAllItems/Sync": 267.81003499676615,
  "AngularJS-TodoMVC/DeletingAllItems/total": 293.1227999198237,
  "AngularJS-TodoMVC/total": 692.5171932821186,
  "BackboneJS-TodoMVC/Adding100Items/Async": 43.08750019628221,
  "BackboneJS-TodoMVC/Adding100Items/Sync": 70.37156102393243,
  "BackboneJS-TodoMVC/Adding100Items/total": 113.47462086178562,
  "BackboneJS-TodoMVC/CompletingAllItems/Async": 32.878477544359306,
  "BackboneJS-TodoMVC/CompletingAllItems/Sync": 46.06074980622928,
  "BackboneJS-TodoMVC/CompletingAllItems/total": 78.94081905664525,
  "BackboneJS-TodoMVC/DeletingAllItems/Async": 5.149344759916895,
  "BackboneJS-TodoMVC/DeletingAllItems/Sync": 29.37851009540942,
  "BackboneJS-TodoMVC/DeletingAllItems/total": 34.600316321782046,
  "BackboneJS-TodoMVC/total": 227.06007959057092,
  "Elm-TodoMVC/Adding100Items/Async": 49.72748439323361,
  "Elm-TodoMVC/Adding100Items/Sync": 128.44198054109225,
  "Elm-TodoMVC/Adding100Items/total": 179.17216456496334,
  "Elm-TodoMVC/CompletingAllItems/Async": 35.19992630286144,
  "Elm-TodoMVC/CompletingAllItems/Sync": 143.89269027800108,
  "Elm-TodoMVC/CompletingAllItems/total": 180.04091770850812,
  "Elm-TodoMVC/DeletingItems/Async": 10.25306382731194,
  "Elm-TodoMVC/DeletingItems/Sync": 149.87070755107078,
  "Elm-TodoMVC/DeletingItems/total": 160.58056743222076,
  "Elm-TodoMVC/total": 530.5382626693336,
  "EmberJS-Debug-TodoMVC/Adding100Items/Async": 49.78110414817571,
  "EmberJS-Debug-TodoMVC/Adding100Items/Sync": 587.430654317858,
  "EmberJS-Debug-TodoMVC/Adding100Items/total": 637.5920114243851,
  "EmberJS-Debug-TodoMVC/CompletingAllItems/Async": 32.44169610162074,
  "EmberJS-Debug-TodoMVC/CompletingAllItems/Sync": 349.0548188024419,
  "EmberJS-Debug-TodoMVC/CompletingAllItems/total": 381.7744774564368,
  "EmberJS-Debug-TodoMVC/DeletingItems/Async": 9.513175476841718,
  "EmberJS-Debug-TodoMVC/DeletingItems/Sync": 378.50819339751683,
  "EmberJS-Debug-TodoMVC/DeletingItems/total": 388.90562248684495,
  "EmberJS-Debug-TodoMVC/total": 1414.0447302649698,
  "EmberJS-TodoMVC/Adding100Items/Async": 42.646021613077444,
  "EmberJS-TodoMVC/Adding100Items/Sync": 220.6254717608168,
  "EmberJS-TodoMVC/Adding100Items/total": 263.4710155922523,
  "EmberJS-TodoMVC/CompletingAllItems/Async": 32.46602141158216,
  "EmberJS-TodoMVC/CompletingAllItems/Sync": 114.38630126823986,
  "EmberJS-TodoMVC/CompletingAllItems/total": 147.12988136940675,
  "EmberJS-TodoMVC/DeletingItems/Async": 4.544097417038789,
  "EmberJS-TodoMVC/DeletingItems/Sync": 80.25617645395822,
  "EmberJS-TodoMVC/DeletingItems/total": 85.07070021391822,
  "EmberJS-TodoMVC/total": 496.9900391932673,
  "Flight-TodoMVC/Adding100Items/Async": 38.56896522722946,
  "Flight-TodoMVC/Adding100Items/Sync": 99.03310663584018,
  "Flight-TodoMVC/Adding100Items/total": 137.60972830951437,
  "Flight-TodoMVC/CompletingAllItems/Async": 28.627748221773462,
  "Flight-TodoMVC/CompletingAllItems/Sync": 106.60211650134949,
  "Flight-TodoMVC/CompletingAllItems/total": 135.23231571757503,
  "Flight-TodoMVC/DeletingItems/Async": 3.608777540117085,
  "Flight-TodoMVC/DeletingItems/Sync": 88.67773727239822,
  "Flight-TodoMVC/DeletingItems/total": 92.28815329637588,
  "Flight-TodoMVC/total": 365.1358289039293,
  "Inferno-TodoMVC/Adding100Items/Async": 42.3381817973928,
  "Inferno-TodoMVC/Adding100Items/Sync": 48.33004783459527,
  "Inferno-TodoMVC/Adding100Items/total": 90.75160473972916,
  "Inferno-TodoMVC/CompletingAllItems/Async": 9.003075195289666,
  "Inferno-TodoMVC/CompletingAllItems/Sync": 108.18169945340001,
  "Inferno-TodoMVC/CompletingAllItems/total": 117.665973083551,
  "Inferno-TodoMVC/DeletingItems/Async": 3.398233172800021,
  "Inferno-TodoMVC/DeletingItems/Sync": 242.99906697264032,
  "Inferno-TodoMVC/DeletingItems/total": 246.39874515215786,
  "Inferno-TodoMVC/total": 454.9991325285667,
  "Preact-TodoMVC/Adding100Items/Async": 43.07132721324064,
  "Preact-TodoMVC/Adding100Items/Sync": 6.432626142074274,
  "Preact-TodoMVC/Adding100Items/total": 49.505268245633715,
  "Preact-TodoMVC/CompletingAllItems/Async": 30.928297319958677,
  "Preact-TodoMVC/CompletingAllItems/Sync": 3.93231262550035,
  "Preact-TodoMVC/CompletingAllItems/total": 34.86608447476414,
  "Preact-TodoMVC/DeletingItems/Async": 7.708634674877008,
  "Preact-TodoMVC/DeletingItems/Sync": 2.1131515465532615,
  "Preact-TodoMVC/DeletingItems/total": 9.826205345456966,
  "Preact-TodoMVC/total": 94.20373081975906,
  "React-Redux-TodoMVC/Adding100Items/Async": 42.498931275975316,
  "React-Redux-TodoMVC/Adding100Items/Sync": 204.03655257906567,
  "React-Redux-TodoMVC/Adding100Items/total": 247.36183625312313,
  "React-Redux-TodoMVC/CompletingAllItems/Async": 29.29571597842971,
  "React-Redux-TodoMVC/CompletingAllItems/Sync": 169.67454894103366,
  "React-Redux-TodoMVC/CompletingAllItems/total": 199.0033254522131,
  "React-Redux-TodoMVC/DeletingItems/Async": 4.471906583591692,
  "React-Redux-TodoMVC/DeletingItems/Sync": 108.87474716159419,
  "React-Redux-TodoMVC/DeletingItems/total": 113.61373098706413,
  "React-Redux-TodoMVC/total": 561.9313828619381,
  "React-TodoMVC/Adding100Items/Async": 50.827402072467535,
  "React-TodoMVC/Adding100Items/Sync": 138.59436264377788,
  "React-TodoMVC/Adding100Items/total": 193.44092026846917,
  "React-TodoMVC/CompletingAllItems/Async": 31.92899843712827,
  "React-TodoMVC/CompletingAllItems/Sync": 86.15896159073003,
  "React-TodoMVC/CompletingAllItems/total": 118.3702556427719,
  "React-TodoMVC/DeletingAllItems/Async": 3.880335676555918,
  "React-TodoMVC/DeletingAllItems/Sync": 54.822609207054015,
  "React-TodoMVC/DeletingAllItems/total": 58.95459359867243,
  "React-TodoMVC/total": 371.15152028329527,
  "Vanilla-ES2015-Babel-Webpack-TodoMVC/Adding100Items/Async": 37.19577261498435,
  "Vanilla-ES2015-Babel-Webpack-TodoMVC/Adding100Items/Sync": 339.6823731309908,
  "Vanilla-ES2015-Babel-Webpack-TodoMVC/Adding100Items/total": 376.928935351304,
  "Vanilla-ES2015-Babel-Webpack-TodoMVC/CompletingAllItems/Async": 29.532443066191533,
  "Vanilla-ES2015-Babel-Webpack-TodoMVC/CompletingAllItems/Sync": 76.61473018424785,
  "Vanilla-ES2015-Babel-Webpack-TodoMVC/CompletingAllItems/total": 106.46773684731401,
  "Vanilla-ES2015-Babel-Webpack-TodoMVC/DeletingItems/Async": 4.581098137345707,
  "Vanilla-ES2015-Babel-Webpack-TodoMVC/DeletingItems/Sync": 45.90486931438792,
  "Vanilla-ES2015-Babel-Webpack-TodoMVC/DeletingItems/total": 50.712996395560694,
  "Vanilla-ES2015-Babel-Webpack-TodoMVC/total": 535.9992139524485,
  "Vanilla-ES2015-TodoMVC/Adding100Items/Async": 37.0150831996894,
  "Vanilla-ES2015-TodoMVC/Adding100Items/Sync": 348.7647193180966,
  "Vanilla-ES2015-TodoMVC/Adding100Items/total": 385.8141765601324,
  "Vanilla-ES2015-TodoMVC/CompletingAllItems/Async": 29.98465414073261,