{
  "browser-setup": 4.146101,
  "browser-tear_down": 0.283292,
  "probes-creation": 0.00013,
  "probes-setup": 0.0001,
  "probes-start": 5.7e-05,
  "run": 131.825621,
  "runner-cooldown": 2.002053
}