{
  "Angular2-TypeScript-TodoMVC/Adding100Items/Async": 37.85156579411727,
  "Angular2-TypeScript-TodoMVC/Adding100Items/Sync": 59.91698757411842,
  "Angular2-TypeScript-TodoMVC/Adding100Items/total": 97.7980513365338,
  "Angular2-TypeScript-TodoMVC/CompletingAllItems/Async": 17.823181820797032,
  "Angular2-TypeScript-TodoMVC/CompletingAllItems/Sync": 10.26530762839217,
  "Angular2-TypeScript-TodoMVC/CompletingAllItems/total": 28.105049588047514,
  "Angular2-TypeScript-TodoMVC/DeletingItems/Async": 3.713447953206972,
  "Angular2-TypeScript-TodoMVC/DeletingItems/Sync": 19.082609614584396,
  "Angular2-TypeScript-TodoMVC/DeletingItems/total": 22.80920885114409,
  "Angular2-TypeScript-TodoMVC/total": 148.77440504461197,
  "AngularJS-TodoMVC/Adding100Items/Async": 54.57487931252351,
  "AngularJS-TodoMVC/Adding100Items/Sync": 266.98864195665107,
  "AngularJS-TodoMVC/Adding100Items/total": 322.4808616692225,
  "AngularJS-TodoMVC/CompletingAllItems/Async": 37.40693195769974,
  "AngularJS-TodoMVC/CompletingAllItems/Sync": 83.23121292035191,
  "AngularJS-TodoMVC/CompletingAllItems/total": 121.07800453010194,
  "AngularJS-TodoMVC/DeletingAllItems/Async": 17.451594357132823,
  "AngularJS-TodoMVC/DeletingAllItems/Sync": 239.47912952488647,
  "AngularJS-TodoMVC/DeletingAllItems/total": 257.2107693426132,
  "AngularJS-TodoMVC/total": 701.8809026487322,
  "BackboneJS-TodoMVC/Adding100Items/Async": 45.56406917223965,
  "BackboneJS-TodoMVC/Adding100Items/Sync": 98.37689968740945,
  "BackboneJS-TodoMVC/Adding100Items/total": 144.27313287481127,
  "BackboneJS-TodoMVC/CompletingAllItems/Async": 34.02757128201803,
  "BackboneJS-TodoMVC/CompletingAllItems/Sync": 55.7742467383152,
  "BackboneJS-TodoMVC/CompletingAllItems/total": 89.89794091389234,
  "BackboneJS-TodoMVC/DeletingAllItems/Async": 4.739310820923814,
  "BackboneJS-TodoMVC/DeletingAllItems/Sync": 31.02034853646896,
  "BackboneJS-TodoMVC/DeletingAllItems/total": 35.76683026099724,
  "BackboneJS-TodoMVC/total": 270.11364499280535,
  "Elm-TodoMVC/Adding100Items/Async": 53.477317995414275,
  "Elm-TodoMVC/Adding100Items/Sync": 202.14630587997283,
  "Elm-TodoMVC/Adding100Items/total": 264.4779801964525,
  "Elm-TodoMVC/CompletingAllItems/Async": 41.392240194765506,
  "Elm-TodoMVC/CompletingAllItems/Sync": 138.63890433043855,
  "Elm-TodoMVC/CompletingAllItems/total": 180.22965040869983,
  "Elm-TodoMVC/DeletingItems/Async": 10.905220895109863,
  "Elm-TodoMVC/DeletingItems/Sync": 256.9896584945881,
  "Elm-TodoMVC/DeletingItems/total": 268.7998231212144,
  "Elm-TodoMVC/total": 781.5297562745096,
  "EmberJS-Debug-TodoMVC/Adding100Items/Async": 46.083658062076516,
  "EmberJS-Debug-TodoMVC/Adding100Items/Sync": 594.3589565842515,
  "EmberJS-Debug-TodoMVC/Adding100Items/total": 640.500478921391,
  "EmberJS-Debug-TodoMVC/CompletingAllItems/Async": 33.27080034430375,
  "EmberJS-Debug-TodoMVC/CompletingAllItems/Sync": 360.85974447617934,
  "EmberJS-Debug-TodoMVC/CompletingAllItems/total": 394.2865578129368,
  "EmberJS-Debug-TodoMVC/DeletingItems/Async": 5.392095390278146,
  "EmberJS-Debug-TodoMVC/DeletingItems/Sync": 384.4727452186591,
  "EmberJS-Debug-TodoMVC/DeletingItems/total": 390.00750973687286,
  "EmberJS-Debug-TodoMVC/total": 1424.9830259851863,
  "EmberJS-TodoMVC/Adding100Items/Async": 43.68373512848289,
  "EmberJS-TodoMVC/Adding100Items/Sync": 219.39082746566558,
  "EmberJS-TodoMVC/Adding100Items/total": 263.2445773894785,
  "EmberJS-TodoMVC/CompletingAllItems/Async": 37.18223140524453,
  "EmberJS-TodoMVC/CompletingAllItems/Sync": 123.01658010148974,
  "EmberJS-TodoMVC/CompletingAllItems/total": 160.50985255624144,
  "EmberJS-TodoMVC/DeletingItems/Async": 4.581664243495672,
  "EmberJS-TodoMVC/DeletingItems/Sync": 80.89318982034298,
  "EmberJS-TodoMVC/DeletingItems/total": 85.5358245680948,
  "EmberJS-TodoMVC/total": 509.81419239941397,
  "Flight-TodoMVC/Adding100Items/Async": 40.91732711994589,
  "Flight-TodoMVC/Adding100Items/Sync": 111.6905551921115,
  "Flight-TodoMVC/Adding100Items/total": 152.75333838421622,
  "Flight-TodoMVC/CompletingAllItems/Async": 32.96849010817076,
  "Flight-TodoMVC/CompletingAllItems/Sync": 120.00461551416275,
  "Flight-TodoMVC/CompletingAllItems/total": 153.04500308844365,
  "Flight-TodoMVC/DeletingItems/Async": 5.035349566322974,
  "Flight-TodoMVC/DeletingItems/Sync": 105.38459965607811,
  "Flight-TodoMVC/DeletingItems/total": 110.83049433888561,
  "Flight-TodoMVC/total": 416.71913604500406,
  "Inferno-TodoMVC/Adding100Items/Async": 43.757675397786734,
  "Inferno-TodoMVC/Adding100Items/Sync": 54.89010589369892,
  "Inferno-TodoMVC/Adding100Items/total": 98.81484560550645,
  "Inferno-TodoMVC/CompletingAllItems/Async": 11.240151056379423,
  "Inferno-TodoMVC/CompletingAllItems/Sync": 113.6463054217778,
  "Inferno-TodoMVC/CompletingAllItems/total": 125.44216831774945,
  "Inferno-TodoMVC/DeletingItems/Async": 4.126543428604588,
  "Inferno-TodoMVC/DeletingItems/Sync": 243.24753363796887,
  "Inferno-TodoMVC/DeletingItems/total": 247.42396249540732,
  "Inferno-TodoMVC/total": 472.0127628631678,
  "Preact-TodoMVC/Adding100Items/Async": 53.719579413826324,
  "Preact-TodoMVC/Adding100Items/Sync": 9.182585118793382,
  "Preact-TodoMVC/Adding100Items/total": 62.93820198932737,
  "Preact-TodoMVC/CompletingAllItems/Async": 32.05099101095422,
  "Preact-TodoMVC/CompletingAllItems/Sync": 3.9116382234077447,
  "Preact-TodoMVC/CompletingAllItems/total": 36.018868031313694,
  "Preact-TodoMVC/DeletingItems/Async": 7.421963397622984,
  "Preact-TodoMVC/DeletingItems/Sync": 2.205680168349345,
  "Preact-TodoMVC/DeletingItems/total": 9.650121358384606,
  "Preact-TodoMVC/total": 109.17508887230422,
  "React-Redux-TodoMVC/Adding100Items/Async": 42.968950744660646,
  "React-Redux-TodoMVC/Adding100Items/Sync": 192.76119616442875,
  "React-Redux-TodoMVC/Adding100Items/total": 235.92129054403196,
  "React-Redux-TodoMVC/CompletingAllItems/Async": 31.722263220080933,
  "React-Redux-TodoMVC/CompletingAllItems/Sync": 173.37566768172812,
  "React-Redux-TodoMVC/CompletingAllItems/total": 205.11963972519095,
  "React-Redux-TodoMVC/DeletingItems/Async": 4.588162812939418,
  "React-Redux-TodoMVC/DeletingItems/Sync": 114.50665183373536,
  "React-Redux-TodoMVC/DeletingItems/total": 119.17603760420148,
  "React-Redux-TodoMVC/total": 560.4918868135564,
  "React-TodoMVC/Adding100Items/Async": 43.50257908567085,
  "React-TodoMVC/Adding100Items/Sync": 147.80304879566617,
  "React-TodoMVC/Adding100Items/total": 191.4047999284964,
  "React-TodoMVC/CompletingAllItems/Async": 33.11246315179801,
  "React-TodoMVC/CompletingAllItems/Sync": 88.04039767166759,
  "React-TodoMVC/CompletingAllItems/total": 121.38170017228646,
  "React-TodoMVC/DeletingAllItems/Async": 4.278839625192145,
  "React-TodoMVC/DeletingAllItems/Sync": 55.88355373595766,
  "React-TodoMVC/DeletingAllItems/total": 60.32168442588666,
  "React-TodoMVC/total": 373.3957953508825,
  "Vanilla-ES2015-Babel-Webpack-TodoMVC/Adding100Items/Async": 39.02209196091825,
  "Vanilla-ES2015-Babel-Webpack-TodoMVC/Adding100Items/Sync": 334.5896924736134,
  "Vanilla-ES2015-Babel-Webpack-TodoMVC/Adding100Items/total": 373.6505396276142,
  "Vanilla-ES2015-Babel-Webpack-TodoMVC/CompletingAllItems/Async": 31.997563270703488,
  "Vanilla-ES2015-Babel-Webpack-TodoMVC/CompletingAllItems/Sync": 77.95010931554272,
  "Vanilla-ES2015-Babel-Webpack-TodoMVC/CompletingAllItems/total": 109.97901757158199,
  "Vanilla-ES2015-Babel-Webpack-TodoMVC/DeletingItems/Async": 4.5778939343981415,
  "Vanilla-ES2015-Babel-Webpack-TodoMVC/DeletingItems/Sync": 51.10218052832103,
  "Vanilla-ES2015-Babel-Webpack-TodoMVC/DeletingItems/total": 55.72761805652315,
  "Vanilla-ES2015-Babel-Webpack-TodoMVC/total": 539.52303610034,
  "Vanilla-ES2015-TodoMVC/Adding100Items/Async": 38.72402348251378,
  "Vanilla-ES2015-TodoMVC/Adding100Items/Sync": 344.3313301739718,
  "Vanilla-ES2015-TodoMVC/Adding100Items/total": 383.1001541772724,
  "Vanilla-ES2015-TodoMVC/CompletingAllItems/Async": 31.28485869887283,