{
  "browser-setup": 3.27693,
  "browser-tear_down": 0.281328,
  "probes-creation": 0.000208,
  "probes-setup": 0.000168,
  "probes-start": 7.8e-05,
  "run": 109.667312,
  "runner-cooldown": 2.002629
}