{
  "Angular2-TypeScript-TodoMVC/Adding100Items/Async": 31.851453781005837,
  "Angular2-TypeScript-TodoMVC/Adding100Items/Sync": 42.35005521827638,
  "Angular2-TypeScript-TodoMVC/Adding100Items/total": 74.23042755136653,
  "Angular2-TypeScript-TodoMVC/CompletingAllItems/Async": 12.711884529415284,
  "Angular2-TypeScript-TodoMVC/CompletingAllItems/Sync": 8.418120652943225,
  "Angular2-TypeScript-TodoMVC/CompletingAllItems/total": 21.131738261466356,
  "Angular2-TypeScript-TodoMVC/DeletingItems/Async": 2.791295376962985,
  "Angular2-TypeScript-TodoMVC/DeletingItems/Sync": 16.276249570779132,
  "Angular2-TypeScript-TodoMVC/DeletingItems/total": 19.071934885534557,
  "Angular2-TypeScript-TodoMVC/total": 114.44636384089493,
  "AngularJS-TodoMVC/Adding100Items/Async": 41.074539627595684,
  "AngularJS-TodoMVC/Adding100Items/Sync": 154.89219947256785,
  "AngularJS-TodoMVC/Adding100Items/total": 195.9791712062357,
  "AngularJS-TodoMVC/CompletingAllItems/Async": 25.280200296687884,
  "AngularJS-TodoMVC/CompletingAllItems/Sync": 55.98418132661027,
  "AngularJS-TodoMVC/CompletingAllItems/total": 81.36862520342633,
  "AngularJS-TodoMVC/DeletingAllItems/Async": 18.339930262422328,
  "AngularJS-TodoMVC/DeletingAllItems/Sync": 158.97263607472271,
  "AngularJS-TodoMVC/DeletingAllItems/total": 179.84042595519242,
  "AngularJS-TodoMVC/total": 457.62881177177184,
  "BackboneJS-TodoMVC/Adding100Items/Async": 41.339247481726524,
  "BackboneJS-TodoMVC/Adding100Items/Sync": 54.98291128335344,
  "BackboneJS-TodoMVC/Adding100Items/total": 96.5367871241936,
  "BackboneJS-TodoMVC/CompletingAllItems/Async": 32.71767629402048,
  "BackboneJS-TodoMVC/CompletingAllItems/Sync": 37.29358395451073,
  "BackboneJS-TodoMVC/CompletingAllItems/total": 70.70269268054912,
  "BackboneJS-TodoMVC/DeletingAllItems/Async": 4.90959659610052,
  "BackboneJS-TodoMVC/DeletingAllItems/Sync": 25.757419526634134,
  "BackboneJS-TodoMVC/DeletingAllItems/total": 31.137412052961693,
  "BackboneJS-TodoMVC/total": 198.95799605298302,
  "Elm-TodoMVC/Adding100Items/Async": 47.879772326267556,
  "Elm-TodoMVC/Adding100Items/Sync": 84.96856909938074,
  "Elm-TodoMVC/Adding100Items/total": 132.8909672301188,
  "Elm-TodoMVC/CompletingAllItems/Async": 30.074598549450013,
  "Elm-TodoMVC/CompletingAllItems/Sync": 82.64131787433689,
  "Elm-TodoMVC/CompletingAllItems/total": 112.7524709392342,
  "Elm-TodoMVC/DeletingItems/Async": 9.175148354989336,
  "Elm-TodoMVC/DeletingItems/Sync": 99.65304941021961,
  "Elm-TodoMVC/DeletingItems/total": 108.94478986198752,
  "Elm-TodoMVC/total": 354.63129260491786,
  "EmberJS-Debug-TodoMVC/Adding100Items/Async": 44.83874833496501,
  "EmberJS-Debug-TodoMVC/Adding100Items/Sync": 724.8533191527375,
  "EmberJS-Debug-TodoMVC/Adding100Items/total": 770.4617389574377,
  "EmberJS-Debug-TodoMVC/CompletingAllItems/Async": 34.034579570316296,
  "EmberJS-Debug-TodoMVC/CompletingAllItems/Sync": 299.3300054985277,
  "EmberJS-Debug-TodoMVC/CompletingAllItems/total": 333.85346137459567,
  "EmberJS-Debug-TodoMVC/DeletingItems/Async": 11.079384131528133,
  "EmberJS-Debug-TodoMVC/DeletingItems/Sync": 285.13564888424446,
  "EmberJS-Debug-TodoMVC/DeletingItems/total": 299.499475321313,
  "EmberJS-Debug-TodoMVC/total": 1410.510788955799,
  "EmberJS-TodoMVC/Adding100Items/Async": 33.76737335428937,
  "EmberJS-TodoMVC/Adding100Items/Sync": 149.91214893545273,
  "EmberJS-TodoMVC/Adding100Items/total": 183.82557225259924,
  "EmberJS-TodoMVC/CompletingAllItems/Async": 28.138921067389905,
  "EmberJS-TodoMVC/CompletingAllItems/Sync": 106.56678041676216,
  "EmberJS-TodoMVC/CompletingAllItems/total": 134.93792774442755,
  "EmberJS-TodoMVC/DeletingItems/Async": 3.747949826515405,
  "EmberJS-TodoMVC/DeletingItems/Sync": 70.90395635087876,
  "EmberJS-TodoMVC/DeletingItems/total": 74.72597845940892,
  "EmberJS-TodoMVC/total": 394.3091209289542,
  "Flight-TodoMVC/Adding100Items/Async": 34.793931001781246,
  "Flight-TodoMVC/Adding100Items/Sync": 81.5076349477364,
  "Flight-TodoMVC/Adding100Items/total": 116.32214559413156,
  "Flight-TodoMVC/CompletingAllItems/Async": 24.867220621397966,
  "Flight-TodoMVC/CompletingAllItems/Sync": 85.63049877157495,
  "Flight-TodoMVC/CompletingAllItems/total": 110.49917850437672,
  "Flight-TodoMVC/DeletingItems/Async": 4.493490640634613,
  "Flight-TodoMVC/DeletingItems/Sync": 69.58790775317868,
  "Flight-TodoMVC/DeletingItems/total": 77.11963970814641,
  "Flight-TodoMVC/total": 305.245175090382,
  "Inferno-TodoMVC/Adding100Items/Async": 38.72053534084618,
  "Inferno-TodoMVC/Adding100Items/Sync": 43.96565518263082,
  "Inferno-TodoMVC/Adding100Items/total": 82.7887701847378,
  "Inferno-TodoMVC/CompletingAllItems/Async": 6.164903551276894,
  "Inferno-TodoMVC/CompletingAllItems/Sync": 85.2056080173411,
  "Inferno-TodoMVC/CompletingAllItems/total": 91.37516714110279,
  "Inferno-TodoMVC/DeletingItems/Async": 3.309396938402303,
  "Inferno-TodoMVC/DeletingItems/Sync": 198.66138908339698,
  "Inferno-TodoMVC/DeletingItems/total": 202.00378785100222,
  "Inferno-TodoMVC/total": 376.1940082498504,
  "Preact-TodoMVC/Adding100Items/Async": 37.15753087104652,
  "Preact-TodoMVC/Adding100Items/Sync": 4.804360708012681,
  "Preact-TodoMVC/Adding100Items/total": 41.96349428627317,
  "Preact-TodoMVC/CompletingAllItems/Async": 15.892706038550672,
  "Preact-TodoMVC/CompletingAllItems/Sync": 3.0188045430509596,
  "Preact-TodoMVC/CompletingAllItems/total": 18.917968061288317,
  "Preact-TodoMVC/DeletingItems/Async": 4.582422236364286,
  "Preact-TodoMVC/DeletingItems/Sync": 1.5806883442835662,
  "Preact-TodoMVC/DeletingItems/total": 6.175965303154991,
  "Preact-TodoMVC/total": 67.10358814395506,
  "React-Redux-TodoMVC/Adding100Items/Async": 36.84986794020139,
  "React-Redux-TodoMVC/Adding100Items/Sync": 137.27559171882322,
  "React-Redux-TodoMVC/Adding100Items/total": 175.59338180784886,
  "React-Redux-TodoMVC/CompletingAllItems/Async": 27.504096983133294,
  "React-Redux-TodoMVC/CompletingAllItems/Sync": 149.15970346119946,
  "React-Redux-TodoMVC/CompletingAllItems/total": 176.9724663959649,
  "React-Redux-TodoMVC/DeletingItems/Async": 4.377008276655961,
  "React-Redux-TodoMVC/DeletingItems/Sync": 107.17728579646713,
  "React-Redux-TodoMVC/DeletingItems/total": 111.86781393086137,
  "React-Redux-TodoMVC/total": 467.47377125693407,
  "React-TodoMVC/Adding100Items/Async": 35.58513667405398,
  "React-TodoMVC/Adding100Items/Sync": 109.05385418760622,
  "React-TodoMVC/Adding100Items/total": 144.81519637264321,
  "React-TodoMVC/CompletingAllItems/Async": 27.916453865595837,
  "React-TodoMVC/CompletingAllItems/Sync": 64.07504838119549,
  "React-TodoMVC/CompletingAllItems/total": 92.00955853393408,
  "React-TodoMVC/DeletingAllItems/Async": 3.099262233927437,
  "React-TodoMVC/DeletingAllItems/Sync": 48.05752654309509,
  "React-TodoMVC/DeletingAllItems/total": 51.214447978938914,
  "React-TodoMVC/total": 288.4914359730157,
  "Vanilla-ES2015-Babel-Webpack-TodoMVC/Adding100Items/Async": 35.49447168309964,
  "Vanilla-ES2015-Babel-Webpack-TodoMVC/Adding100Items/Sync": 292.5093197421027,
  "Vanilla-ES2015-Babel-Webpack-TodoMVC/Adding100Items/total": 328.03555476564617,
  "Vanilla-ES2015-Babel-Webpack-TodoMVC/CompletingAllItems/Async": 26.62408012842312,
  "Vanilla-ES2015-Babel-Webpack-TodoMVC/CompletingAllItems/Sync": 65.40861377506141,
  "Vanilla-ES2015-Babel-Webpack-TodoMVC/CompletingAllItems/total": 92.13932913106315,
  "Vanilla-ES2015-Babel-Webpack-TodoMVC/DeletingItems/Async": 3.4353509321217848,
  "Vanilla-ES2015-Babel-Webpack-TodoMVC/DeletingItems/Sync": 40.99224252219142,
  "Vanilla-ES2015-Babel-Webpack-TodoMVC/DeletingItems/total": 44.47869241468134,
  "Vanilla-ES2015-Babel-Webpack-TodoMVC/total": 464.7105485647901,
  "Vanilla-ES2015-TodoMVC/Adding100Items/Async": 34.754269920292884,
  "Vanilla-ES2015-TodoMVC/Adding100Items/Sync": 297.7906487432927,
  "Vanilla-ES2015-TodoMVC/Adding100Items/total": 332.60187686620526,
  "Vanilla-ES2015-TodoMVC/CompletingAllItems/Async": 26.38749019200158,