{
  "Angular2-TypeScript-TodoMVC/Adding100Items/Async": 37.126887005526996,
  "Angular2-TypeScript-TodoMVC/Adding100Items/Sync": 53.42752123522649,
  "Angular2-TypeScript-TodoMVC/Adding100Items/total": 90.59150795380526,
  "Angular2-TypeScript-TodoMVC/CompletingAllItems/Async": 14.350911457496798,
  "Angular2-TypeScript-TodoMVC/CompletingAllItems/Sync": 9.746310631230042,
  "Angular2-TypeScript-TodoMVC/CompletingAllItems/total": 24.11036074351434,
  "Angular2-TypeScript-TodoMVC/DeletingItems/Async": 4.01481927049224,
  "Angular2-TypeScript-TodoMVC/DeletingItems/Sync": 17.256936057167756,
  "Angular2-TypeScript-TodoMVC/DeletingItems/total": 21.545139082436485,
  "Angular2-TypeScript-TodoMVC/total": 136.3751244250724,
  "AngularJS-TodoMVC/Adding100Items/Async": 51.15584023581129,
  "AngularJS-TodoMVC/Adding100Items/Sync": 240.21119955677293,
  "AngularJS-TodoMVC/Adding100Items/total": 291.99161590597413,
  "AngularJS-TodoMVC/CompletingAllItems/Async": 30.133977773384444,
  "AngularJS-TodoMVC/CompletingAllItems/Sync": 67.26975102249258,
  "AngularJS-TodoMVC/CompletingAllItems/total": 97.42753584488953,
  "AngularJS-TodoMVC/DeletingAllItems/Async": 15.858974795265837,
  "AngularJS-TodoMVC/DeletingAllItems/Sync": 259.0237446776799,
  "AngularJS-TodoMVC/DeletingAllItems/total": 275.23370404934104,
  "AngularJS-TodoMVC/total": 666.4038740563785,
  "BackboneJS-TodoMVC/Adding100Items/Async": 44.3692209501835,
  "BackboneJS-TodoMVC/Adding100Items/Sync": 77.39506802955172,
  "BackboneJS-TodoMVC/Adding100Items/total": 122.13423725065049,
  "BackboneJS-TodoMVC/CompletingAllItems/Async": 33.706667452640986,
  "BackboneJS-TodoMVC/CompletingAllItems/Sync": 46.92462106719648,
  "BackboneJS-TodoMVC/CompletingAllItems/total": 80.64361802804991,
  "BackboneJS-TodoMVC/DeletingAllItems/Async": 4.651483118306033,
  "BackboneJS-TodoMVC/DeletingAllItems/Sync": 31.46541232255284,
  "BackboneJS-TodoMVC/DeletingAllItems/total": 36.148195606513056,
  "BackboneJS-TodoMVC/total": 239.7560108504062,
  "Elm-TodoMVC/Adding100Items/Async": 51.216926837926025,
  "Elm-TodoMVC/Adding100Items/Sync": 143.667697895563,
  "Elm-TodoMVC/Adding100Items/total": 196.62961061488954,
  "Elm-TodoMVC/CompletingAllItems/Async": 37.34885235153807,
  "Elm-TodoMVC/CompletingAllItems/Sync": 168.64179511718692,
  "Elm-TodoMVC/CompletingAllItems/total": 207.26317642520178,
  "Elm-TodoMVC/DeletingItems/Async": 12.563535685592058,
  "Elm-TodoMVC/DeletingItems/Sync": 149.78694594831208,
  "Elm-TodoMVC/DeletingItems/total": 162.81539740158644,
  "Elm-TodoMVC/total": 586.5859818757815,
  "EmberJS-Debug-TodoMVC/Adding100Items/Async": 49.809780234436786,
  "EmberJS-Debug-TodoMVC/Adding100Items/Sync": 611.410274550207,
  "EmberJS-Debug-TodoMVC/Adding100Items/total": 661.3022933934104,
  "EmberJS-Debug-TodoMVC/CompletingAllItems/Async": 34.29570257560929,
  "EmberJS-Debug-TodoMVC/CompletingAllItems/Sync": 370.8325925610493,
  "EmberJS-Debug-TodoMVC/CompletingAllItems/total": 405.5975156062911,
  "EmberJS-Debug-TodoMVC/DeletingItems/Async": 6.191640585488702,
  "EmberJS-Debug-TodoMVC/DeletingItems/Sync": 381.1484316518299,
  "EmberJS-Debug-TodoMVC/DeletingItems/total": 389.0950689628064,
  "EmberJS-Debug-TodoMVC/total": 1461.705949413373,
  "EmberJS-TodoMVC/Adding100Items/Async": 42.26852147910251,
  "EmberJS-TodoMVC/Adding100Items/Sync": 202.5861587429164,
  "EmberJS-TodoMVC/Adding100Items/total": 245.09524998671623,
  "EmberJS-TodoMVC/CompletingAllItems/Async": 32.747971912156764,
  "EmberJS-TodoMVC/CompletingAllItems/Sync": 114.7444086121534,
  "EmberJS-TodoMVC/CompletingAllItems/total": 147.67808737238897,
  "EmberJS-TodoMVC/DeletingItems/Async": 4.074964133938376,
  "EmberJS-TodoMVC/DeletingItems/Sync": 75.62679901708199,
  "EmberJS-TodoMVC/DeletingItems/total": 79.77975878462011,
  "EmberJS-TodoMVC/total": 472.9251315601421,
  "Flight-TodoMVC/Adding100Items/Async": 38.649193580642994,
  "Flight-TodoMVC/Adding100Items/Sync": 97.62362129862561,
  "Flight-TodoMVC/Adding100Items/total": 136.27979917208154,
  "Flight-TodoMVC/CompletingAllItems/Async": 28.388349746445744,
  "Flight-TodoMVC/CompletingAllItems/Sync": 108.40549464168055,
  "Flight-TodoMVC/CompletingAllItems/total": 136.83256900434085,
  "Flight-TodoMVC/DeletingItems/Async": 3.787791921345625,
  "Flight-TodoMVC/DeletingItems/Sync": 90.00793936770984,
  "Flight-TodoMVC/DeletingItems/total": 93.79961505427238,
  "Flight-TodoMVC/total": 367.0038220973319,
  "Inferno-TodoMVC/Adding100Items/Async": 45.08100199428988,
  "Inferno-TodoMVC/Adding100Items/Sync": 47.578661038696076,
  "Inferno-TodoMVC/Adding100Items/total": 92.79785356181779,
  "Inferno-TodoMVC/CompletingAllItems/Async": 9.79241672368213,
  "Inferno-TodoMVC/CompletingAllItems/Sync": 107.96612189599588,
  "Inferno-TodoMVC/CompletingAllItems/total": 118.30920115991997,
  "Inferno-TodoMVC/DeletingItems/Async": 3.4479294773386178,
  "Inferno-TodoMVC/DeletingItems/Sync": 237.11582789367304,
  "Inferno-TodoMVC/DeletingItems/total": 240.5663308084308,
  "Inferno-TodoMVC/total": 451.94683929644896,
  "Preact-TodoMVC/Adding100Items/Async": 42.71388103788084,
  "Preact-TodoMVC/Adding100Items/Sync": 6.352072233118,
  "Preact-TodoMVC/Adding100Items/total": 49.06800764326572,
  "Preact-TodoMVC/CompletingAllItems/Async": 30.886566920587907,
  "Preact-TodoMVC/CompletingAllItems/Sync": 3.989555663502119,
  "Preact-TodoMVC/CompletingAllItems/total": 34.88229044356473,
  "Preact-TodoMVC/DeletingItems/Async": 7.608110155738088,
  "Preact-TodoMVC/DeletingItems/Sync": 2.0357792003940696,
  "Preact-TodoMVC/DeletingItems/total": 9.646496645924731,
  "Preact-TodoMVC/total": 93.60359164838154,
  "React-Redux-TodoMVC/Adding100Items/Async": 43.94007845102121,
  "React-Redux-TodoMVC/Adding100Items/Sync": 189.0655456131829,
  "React-Redux-TodoMVC/Adding100Items/total": 233.5972402874891,
  "React-Redux-TodoMVC/CompletingAllItems/Async": 30.172415431736717,
  "React-Redux-TodoMVC/CompletingAllItems/Sync": 189.2237118840106,
  "React-Redux-TodoMVC/CompletingAllItems/total": 219.54807918645818,
  "React-Redux-TodoMVC/DeletingItems/Async": 5.603340358525284,
  "React-Redux-TodoMVC/DeletingItems/Sync": 110.47731724676734,
  "React-Redux-TodoMVC/DeletingItems/total": 116.93067581254523,
  "React-Redux-TodoMVC/total": 573.8825090931,
  "React-TodoMVC/Adding100Items/Async": 45.14725036292631,
  "React-TodoMVC/Adding100Items/Sync": 161.83420674950528,
  "React-TodoMVC/Adding100Items/total": 207.7926723363672,
  "React-TodoMVC/CompletingAllItems/Async": 33.98874459706934,
  "React-TodoMVC/CompletingAllItems/Sync": 104.23287526145265,
  "React-TodoMVC/CompletingAllItems/total": 139.14479998745304,
  "React-TodoMVC/DeletingAllItems/Async": 5.655377136871562,
  "React-TodoMVC/DeletingAllItems/Sync": 56.079193517512046,
  "React-TodoMVC/DeletingAllItems/total": 62.77990534060615,
  "React-TodoMVC/total": 419.1774538098712,
  "Vanilla-ES2015-Babel-Webpack-TodoMVC/Adding100Items/Async": 39.986097492993956,
  "Vanilla-ES2015-Babel-Webpack-TodoMVC/Adding100Items/Sync": 347.66830267862247,
  "Vanilla-ES2015-Babel-Webpack-TodoMVC/Adding100Items/total": 387.70541673097836,
  "Vanilla-ES2015-Babel-Webpack-TodoMVC/CompletingAllItems/Async": 28.92129377402055,
  "Vanilla-ES2015-Babel-Webpack-TodoMVC/CompletingAllItems/Sync": 70.54628022436874,
  "Vanilla-ES2015-Babel-Webpack-TodoMVC/CompletingAllItems/total": 99.48028526599393,
  "Vanilla-ES2015-Babel-Webpack-TodoMVC/DeletingItems/Async": 4.753266179365836,
  "Vanilla-ES2015-Babel-Webpack-TodoMVC/DeletingItems/Sync": 45.00154942172668,
  "Vanilla-ES2015-Babel-Webpack-TodoMVC/DeletingItems/total": 50.17909998552187,
  "Vanilla-ES2015-Babel-Webpack-TodoMVC/total": 537.5494430669784,
  "Vanilla-ES2015-TodoMVC/Adding100Items/Async": 36.50799322160275,
  "Vanilla-ES2015-TodoMVC/Adding100Items/Sync": 342.4662189263399,
  "Vanilla-ES2015-TodoMVC/Adding100Items/total": 379.00530160041484,
  "Vanilla-ES2015-TodoMVC/CompletingAllItems/Async": 29.484782967091153,