{
  "browser-setup": 3.954771,
  "browser-tear_down": 0.277093,
  "probes-creation": 0.000121,
  "probes-setup": 0.000104,
  "probes-start": 5.5e-05,
  "run": 126.141241,
  "runner-cooldown": 2.002052
}