{
  "Angular2-TypeScript-TodoMVC/Adding100Items/Async": 37.916255541925416,
  "Angular2-TypeScript-TodoMVC/Adding100Items/Sync": 55.0876666283899,
  "Angular2-TypeScript-TodoMVC/Adding100Items/total": 93.12505308561596,
  "Angular2-TypeScript-TodoMVC/CompletingAllItems/Async": 14.25712942279787,
  "Angular2-TypeScript-TodoMVC/CompletingAllItems/Sync": 9.923598425455825,
  "Angular2-TypeScript-TodoMVC/CompletingAllItems/total": 24.18387700325788,
  "Angular2-TypeScript-TodoMVC/DeletingItems/Async": 3.5663307832554625,
  "Angular2-TypeScript-TodoMVC/DeletingItems/Sync": 17.58337682799,
  "Angular2-TypeScript-TodoMVC/DeletingItems/total": 21.162323558325,
  "Angular2-TypeScript-TodoMVC/total": 138.4862816449933,
  "AngularJS-TodoMVC/Adding100Items/Async": 55.50388794556145,
  "AngularJS-TodoMVC/Adding100Items/Sync": 238.53026858897186,
  "AngularJS-TodoMVC/Adding100Items/total": 297.2323726523352,
  "AngularJS-TodoMVC/CompletingAllItems/Async": 33.57346132549391,
  "AngularJS-TodoMVC/CompletingAllItems/Sync": 69.73646861294462,
  "AngularJS-TodoMVC/CompletingAllItems/total": 103.61469587936132,
  "AngularJS-TodoMVC/DeletingAllItems/Async": 16.48884454767299,
  "AngularJS-TodoMVC/DeletingAllItems/Sync": 260.54043638299123,
  "AngularJS-TodoMVC/DeletingAllItems/total": 277.56141219051864,
  "AngularJS-TodoMVC/total": 683.8362290454697,
  "BackboneJS-TodoMVC/Adding100Items/Async": 43.509498480053246,
  "BackboneJS-TodoMVC/Adding100Items/Sync": 70.75906073564387,
  "BackboneJS-TodoMVC/Adding100Items/total": 114.29255257151716,
  "BackboneJS-TodoMVC/CompletingAllItems/Async": 32.92829389152555,
  "BackboneJS-TodoMVC/CompletingAllItems/Sync": 45.927657874414386,
  "BackboneJS-TodoMVC/CompletingAllItems/total": 78.85992218800052,
  "BackboneJS-TodoMVC/DeletingAllItems/Async": 4.7000200265772545,
  "BackboneJS-TodoMVC/DeletingAllItems/Sync": 29.686804725863254,
  "BackboneJS-TodoMVC/DeletingAllItems/total": 34.40571384709458,
  "BackboneJS-TodoMVC/total": 227.59752000021774,
  "Elm-TodoMVC/Adding100Items/Async": 51.30344234397397,
  "Elm-TodoMVC/Adding100Items/Sync": 146.5036841601274,
  "Elm-TodoMVC/Adding100Items/total": 199.6745569249116,
  "Elm-TodoMVC/CompletingAllItems/Async": 33.99490311293898,
  "Elm-TodoMVC/CompletingAllItems/Sync": 115.24005403253244,
  "Elm-TodoMVC/CompletingAllItems/total": 149.28720289389923,
  "Elm-TodoMVC/DeletingItems/Async": 10.143162179768089,
  "Elm-TodoMVC/DeletingItems/Sync": 149.53868998513124,
  "Elm-TodoMVC/DeletingItems/total": 160.02080628967138,
  "Elm-TodoMVC/total": 519.7988427988082,
  "EmberJS-Debug-TodoMVC/Adding100Items/Async": 46.515941950674566,
  "EmberJS-Debug-TodoMVC/Adding100Items/Sync": 592.7600433678722,
  "EmberJS-Debug-TodoMVC/Adding100Items/total": 639.6135855593335,
  "EmberJS-Debug-TodoMVC/CompletingAllItems/Async": 30.152863500525207,
  "EmberJS-Debug-TodoMVC/CompletingAllItems/Sync": 360.46021386568293,
  "EmberJS-Debug-TodoMVC/CompletingAllItems/total": 390.6557824671853,
  "EmberJS-Debug-TodoMVC/DeletingItems/Async": 7.881591419589601,
  "EmberJS-Debug-TodoMVC/DeletingItems/Sync": 367.9628614460286,
  "EmberJS-Debug-TodoMVC/DeletingItems/total": 377.7730402816586,
  "EmberJS-Debug-TodoMVC/total": 1414.8823472101715,
  "EmberJS-TodoMVC/Adding100Items/Async": 43.499273847785716,
  "EmberJS-TodoMVC/Adding100Items/Sync": 207.18753580260642,
  "EmberJS-TodoMVC/Adding100Items/total": 250.91436874157475,
  "EmberJS-TodoMVC/CompletingAllItems/Async": 36.5678678833753,
  "EmberJS-TodoMVC/CompletingAllItems/Sync": 129.94529571568435,
  "EmberJS-TodoMVC/CompletingAllItems/total": 167.07292017042758,
  "EmberJS-TodoMVC/DeletingItems/Async": 4.478111595495015,
  "EmberJS-TodoMVC/DeletingItems/Sync": 86.37606214267791,
  "EmberJS-TodoMVC/DeletingItems/total": 91.39463473747468,
  "EmberJS-TodoMVC/total": 513.1336356996145,
  "Flight-TodoMVC/Adding100Items/Async": 39.59216622573965,
  "Flight-TodoMVC/Adding100Items/Sync": 105.04180192177375,
  "Flight-TodoMVC/Adding100Items/total": 145.2337462298488,
  "Flight-TodoMVC/CompletingAllItems/Async": 29.254518903288936,
  "Flight-TodoMVC/CompletingAllItems/Sync": 104.20992526449514,
  "Flight-TodoMVC/CompletingAllItems/total": 133.47845410792522,
  "Flight-TodoMVC/DeletingItems/Async": 4.70758655916952,
  "Flight-TodoMVC/DeletingItems/Sync": 87.58959258893029,
  "Flight-TodoMVC/DeletingItems/total": 92.992268034001,
  "Flight-TodoMVC/total": 373.4031778699245,
  "Inferno-TodoMVC/Adding100Items/Async": 46.08788100537168,
  "Inferno-TodoMVC/Adding100Items/Sync": 49.13843903745323,
  "Inferno-TodoMVC/Adding100Items/total": 95.43431084947369,
  "Inferno-TodoMVC/CompletingAllItems/Async": 11.115074086684759,
  "Inferno-TodoMVC/CompletingAllItems/Sync": 108.649476531996,
  "Inferno-TodoMVC/CompletingAllItems/total": 120.22302207024511,
  "Inferno-TodoMVC/DeletingItems/Async": 3.47446924337026,
  "Inferno-TodoMVC/DeletingItems/Sync": 240.22477870763637,
  "Inferno-TodoMVC/DeletingItems/total": 243.70320669490877,
  "Inferno-TodoMVC/total": 459.6768850338482,
  "Preact-TodoMVC/Adding100Items/Async": 43.06011269676827,
  "Preact-TodoMVC/Adding100Items/Sync": 6.131484678290125,
  "Preact-TodoMVC/Adding100Items/total": 49.196971123945055,
  "Preact-TodoMVC/CompletingAllItems/Async": 30.53933764002629,
  "Preact-TodoMVC/CompletingAllItems/Sync": 3.8226982934651206,
  "Preact-TodoMVC/CompletingAllItems/total": 34.3699259548586,
  "Preact-TodoMVC/DeletingItems/Async": 7.719509755893557,
  "Preact-TodoMVC/DeletingItems/Sync": 2.047523659331948,
  "Preact-TodoMVC/DeletingItems/total": 9.768791446137916,
  "Preact-TodoMVC/total": 93.37748817100062,
  "React-Redux-TodoMVC/Adding100Items/Async": 44.135059001771545,
  "React-Redux-TodoMVC/Adding100Items/Sync": 194.75063088578807,
  "React-Redux-TodoMVC/Adding100Items/total": 239.888846316311,
  "React-Redux-TodoMVC/CompletingAllItems/Async": 29.917689390857124,
  "React-Redux-TodoMVC/CompletingAllItems/Sync": 178.98432233053435,
  "React-Redux-TodoMVC/CompletingAllItems/total": 209.10672213597437,
  "React-Redux-TodoMVC/DeletingItems/Async": 5.454013523062288,
  "React-Redux-TodoMVC/DeletingItems/Sync": 117.50037959765201,
  "React-Redux-TodoMVC/DeletingItems/total": 123.36628853668306,
  "React-Redux-TodoMVC/total": 580.9037973166066,
  "React-TodoMVC/Adding100Items/Async": 41.73365273394632,
  "React-TodoMVC/Adding100Items/Sync": 136.19216166764815,
  "React-TodoMVC/Adding100Items/total": 177.9997674825909,
  "React-TodoMVC/CompletingAllItems/Async": 34.01648886726975,
  "React-TodoMVC/CompletingAllItems/Sync": 94.4239770921199,
  "React-TodoMVC/CompletingAllItems/total": 129.30483074973588,
  "React-TodoMVC/DeletingAllItems/Async": 4.909312326313966,
  "React-TodoMVC/DeletingAllItems/Sync": 55.981779143207575,
  "React-TodoMVC/DeletingAllItems/total": 61.550299492178006,
  "React-TodoMVC/total": 373.65629358918176,
  "Vanilla-ES2015-Babel-Webpack-TodoMVC/Adding100Items/Async": 37.986361355357744,
  "Vanilla-ES2015-Babel-Webpack-TodoMVC/Adding100Items/Sync": 331.88122144569087,
  "Vanilla-ES2015-Babel-Webpack-TodoMVC/Adding100Items/total": 369.9297558208458,
  "Vanilla-ES2015-Babel-Webpack-TodoMVC/CompletingAllItems/Async": 28.097114558738006,
  "Vanilla-ES2015-Babel-Webpack-TodoMVC/CompletingAllItems/Sync": 71.82464090454663,
  "Vanilla-ES2015-Babel-Webpack-TodoMVC/CompletingAllItems/total": 99.93092988468815,
  "Vanilla-ES2015-Babel-Webpack-TodoMVC/DeletingItems/Async": 3.896202066226582,
  "Vanilla-ES2015-Babel-Webpack-TodoMVC/DeletingItems/Sync": 45.305908657594436,
  "Vanilla-ES2015-Babel-Webpack-TodoMVC/DeletingItems/total": 49.20568368089405,
  "Vanilla-ES2015-Babel-Webpack-TodoMVC/total": 519.0751597177971,
  "Vanilla-ES2015-TodoMVC/Adding100Items/Async": 36.63760792530126,
  "Vanilla-ES2015-TodoMVC/Adding100Items/Sync": 338.1619897245629,
  "Vanilla-ES2015-TodoMVC/Adding100Items/total": 374.83218885904745,
  "Vanilla-ES2015-TodoMVC/CompletingAllItems/Async": 30.138576307404485,