{
  "browser-setup": 3.338146,
  "browser-tear_down": 0.273423,
  "probes-creation": 0.000204,
  "probes-setup": 0.000174,
  "probes-start": 7.9e-05,
  "run": 110.111711,
  "runner-cooldown": 2.002199
}