{
  "Angular2-TypeScript-TodoMVC/Adding100Items/Async": 31.308182358027008,
  "Angular2-TypeScript-TodoMVC/Adding100Items/Sync": 41.73958385935639,
  "Angular2-TypeScript-TodoMVC/Adding100Items/total": 73.08073773818961,
  "Angular2-TypeScript-TodoMVC/CompletingAllItems/Async": 12.86740306717047,
  "Angular2-TypeScript-TodoMVC/CompletingAllItems/Sync": 8.53543189461286,
  "Angular2-TypeScript-TodoMVC/CompletingAllItems/total": 21.40519410471295,
  "Angular2-TypeScript-TodoMVC/DeletingItems/Async": 2.7873145204100775,
  "Angular2-TypeScript-TodoMVC/DeletingItems/Sync": 16.270677913171454,
  "Angular2-TypeScript-TodoMVC/DeletingItems/total": 19.062057761714303,
  "Angular2-TypeScript-TodoMVC/total": 113.5588336825061,
  "AngularJS-TodoMVC/Adding100Items/Async": 42.639852548840395,
  "AngularJS-TodoMVC/Adding100Items/Sync": 171.50170208093004,
  "AngularJS-TodoMVC/Adding100Items/total": 214.5313289255602,
  "AngularJS-TodoMVC/CompletingAllItems/Async": 24.85696778448182,
  "AngularJS-TodoMVC/CompletingAllItems/Sync": 54.789608062463095,
  "AngularJS-TodoMVC/CompletingAllItems/total": 79.77859471946445,
  "AngularJS-TodoMVC/DeletingAllItems/Async": 14.060767105010036,
  "AngularJS-TodoMVC/DeletingAllItems/Sync": 170.4841523422863,
  "AngularJS-TodoMVC/DeletingAllItems/total": 184.56441224308372,
  "AngularJS-TodoMVC/total": 483.2507769001542,
  "BackboneJS-TodoMVC/Adding100Items/Async": 36.49424376057486,
  "BackboneJS-TodoMVC/Adding100Items/Sync": 56.12548906648823,
  "BackboneJS-TodoMVC/Adding100Items/total": 92.72551995311603,
  "BackboneJS-TodoMVC/CompletingAllItems/Async": 27.423682132237655,
  "BackboneJS-TodoMVC/CompletingAllItems/Sync": 38.34298916920272,
  "BackboneJS-TodoMVC/CompletingAllItems/total": 65.81445566557261,
  "BackboneJS-TodoMVC/DeletingAllItems/Async": 3.3866739500082477,
  "BackboneJS-TodoMVC/DeletingAllItems/Sync": 26.549137149644686,
  "BackboneJS-TodoMVC/DeletingAllItems/total": 29.96617687533362,
  "BackboneJS-TodoMVC/total": 188.54137763309961,
  "Elm-TodoMVC/Adding100Items/Async": 49.21127055891926,
  "Elm-TodoMVC/Adding100Items/Sync": 97.41222799582788,
  "Elm-TodoMVC/Adding100Items/total": 147.50898768261732,
  "Elm-TodoMVC/CompletingAllItems/Async": 30.86780679197848,
  "Elm-TodoMVC/CompletingAllItems/Sync": 113.07014067310834,
  "Elm-TodoMVC/CompletingAllItems/total": 145.0369207741185,
  "Elm-TodoMVC/DeletingItems/Async": 9.299121988795054,
  "Elm-TodoMVC/DeletingItems/Sync": 106.91842219586545,
  "Elm-TodoMVC/DeletingItems/total": 116.75195711766679,
  "Elm-TodoMVC/total": 419.6219676110631,
  "EmberJS-Debug-TodoMVC/Adding100Items/Async": 38.0487951978609,
  "EmberJS-Debug-TodoMVC/Adding100Items/Sync": 387.74249245146694,
  "EmberJS-Debug-TodoMVC/Adding100Items/total": 425.8062624615168,
  "EmberJS-Debug-TodoMVC/CompletingAllItems/Async": 27.88929367207729,
  "EmberJS-Debug-TodoMVC/CompletingAllItems/Sync": 309.7872276711306,
  "EmberJS-Debug-TodoMVC/CompletingAllItems/total": 337.7188308212076,
  "EmberJS-Debug-TodoMVC/DeletingItems/Async": 7.951956295282609,
  "EmberJS-Debug-TodoMVC/DeletingItems/Sync": 291.9461680332095,
  "EmberJS-Debug-TodoMVC/DeletingItems/total": 302.1804925576899,
  "EmberJS-Debug-TodoMVC/total": 1072.8565645478209,
  "EmberJS-TodoMVC/Adding100Items/Async": 33.52535240902854,
  "EmberJS-TodoMVC/Adding100Items/Sync": 138.46359776424634,
  "EmberJS-TodoMVC/Adding100Items/total": 172.06969407769014,
  "EmberJS-TodoMVC/CompletingAllItems/Async": 27.628352279218362,
  "EmberJS-TodoMVC/CompletingAllItems/Sync": 110.73340969948758,
  "EmberJS-TodoMVC/CompletingAllItems/total": 138.87103941689247,
  "EmberJS-TodoMVC/DeletingItems/Async": 3.6197105072470293,
  "EmberJS-TodoMVC/DeletingItems/Sync": 63.53420993136365,
  "EmberJS-TodoMVC/DeletingItems/total": 67.62204202212172,
  "EmberJS-TodoMVC/total": 383.3509942165631,
  "Flight-TodoMVC/Adding100Items/Async": 32.844227256112845,
  "Flight-TodoMVC/Adding100Items/Sync": 79.2178316268344,
  "Flight-TodoMVC/Adding100Items/total": 112.07042731200754,
  "Flight-TodoMVC/CompletingAllItems/Async": 24.746103653672492,
  "Flight-TodoMVC/CompletingAllItems/Sync": 90.63991242985307,
  "Flight-TodoMVC/CompletingAllItems/total": 115.50131127853912,
  "Flight-TodoMVC/DeletingItems/Async": 4.432533808860464,
  "Flight-TodoMVC/DeletingItems/Sync": 77.93867162012593,
  "Flight-TodoMVC/DeletingItems/total": 83.50592154397827,
  "Flight-TodoMVC/total": 314.5849254763119,
  "Inferno-TodoMVC/Adding100Items/Async": 38.33447300120703,
  "Inferno-TodoMVC/Adding100Items/Sync": 43.214650018639894,
  "Inferno-TodoMVC/Adding100Items/total": 81.65985356740747,
  "Inferno-TodoMVC/CompletingAllItems/Async": 7.362312929953722,
  "Inferno-TodoMVC/CompletingAllItems/Sync": 92.44859209776162,
  "Inferno-TodoMVC/CompletingAllItems/total": 100.0077164748216,
  "Inferno-TodoMVC/DeletingItems/Async": 3.1701737293074608,
  "Inferno-TodoMVC/DeletingItems/Sync": 202.96607593305615,
  "Inferno-TodoMVC/DeletingItems/total": 206.30637560302762,
  "Inferno-TodoMVC/total": 390.6350901688928,
  "Preact-TodoMVC/Adding100Items/Async": 36.9949192801369,
  "Preact-TodoMVC/Adding100Items/Sync": 5.045624509383244,
  "Preact-TodoMVC/Adding100Items/total": 42.04380363796914,
  "Preact-TodoMVC/CompletingAllItems/Async": 16.186809808620648,
  "Preact-TodoMVC/CompletingAllItems/Sync": 3.0592826368762496,
  "Preact-TodoMVC/CompletingAllItems/total": 19.25405347857389,
  "Preact-TodoMVC/DeletingItems/Async": 4.488095858826637,
  "Preact-TodoMVC/DeletingItems/Sync": 1.5809163103961135,
  "Preact-TodoMVC/DeletingItems/total": 6.072388061283965,
  "Preact-TodoMVC/total": 67.39495346722208,
  "React-Redux-TodoMVC/Adding100Items/Async": 34.0722775727537,
  "React-Redux-TodoMVC/Adding100Items/Sync": 139.74771859037133,
  "React-Redux-TodoMVC/Adding100Items/total": 174.06636147554826,
  "React-Redux-TodoMVC/CompletingAllItems/Async": 25.637732091657515,
  "React-Redux-TodoMVC/CompletingAllItems/Sync": 136.6503828789616,
  "React-Redux-TodoMVC/CompletingAllItems/total": 162.46435199595783,
  "React-Redux-TodoMVC/DeletingItems/Async": 4.443578541799176,
  "React-Redux-TodoMVC/DeletingItems/Sync": 95.73229991865738,
  "React-Redux-TodoMVC/DeletingItems/total": 100.72306632216898,
  "React-Redux-TodoMVC/total": 441.67292867042414,
  "React-TodoMVC/Adding100Items/Async": 34.043462314727066,
  "React-TodoMVC/Adding100Items/Sync": 105.25555182011843,
  "React-TodoMVC/Adding100Items/total": 139.31138866038955,
  "React-TodoMVC/CompletingAllItems/Async": 28.51695695170326,
  "React-TodoMVC/CompletingAllItems/Sync": 70.68095173042508,
  "React-TodoMVC/CompletingAllItems/total": 99.9894152596905,
  "React-TodoMVC/DeletingAllItems/Async": 3.1697027892015055,
  "React-TodoMVC/DeletingAllItems/Sync": 46.82909518918409,
  "React-TodoMVC/DeletingAllItems/total": 50.171109214976404,
  "React-TodoMVC/total": 292.3482050113477,
  "Vanilla-ES2015-Babel-Webpack-TodoMVC/Adding100Items/Async": 35.02703466267878,
  "Vanilla-ES2015-Babel-Webpack-TodoMVC/Adding100Items/Sync": 304.8122515476459,
  "Vanilla-ES2015-Babel-Webpack-TodoMVC/Adding100Items/total": 339.91116402354095,
  "Vanilla-ES2015-Babel-Webpack-TodoMVC/CompletingAllItems/Async": 24.645798650459103,
  "Vanilla-ES2015-Babel-Webpack-TodoMVC/CompletingAllItems/Sync": 62.53928728988074,
  "Vanilla-ES2015-Babel-Webpack-TodoMVC/CompletingAllItems/total": 87.19709707246167,
  "Vanilla-ES2015-Babel-Webpack-TodoMVC/DeletingItems/Async": 3.2797133483519505,
  "Vanilla-ES2015-Babel-Webpack-TodoMVC/DeletingItems/Sync": 39.38414568218439,
  "Vanilla-ES2015-Babel-Webpack-TodoMVC/DeletingItems/total": 43.055865609673994,
  "Vanilla-ES2015-Babel-Webpack-TodoMVC/total": 470.3978022358337,
  "Vanilla-ES2015-TodoMVC/Adding100Items/Async": 34.71961826242515,
  "Vanilla-ES2015-TodoMVC/Adding100Items/Sync": 298.03678970411477,
  "Vanilla-ES2015-TodoMVC/Adding100Items/total": 332.89546120110333,
  "Vanilla-ES2015-TodoMVC/CompletingAllItems/Async": 26.034355620649837,