{
  "browser-setup": 4.083996,
  "browser-tear_down": 0.283349,
  "probes-creation": 0.000118,
  "probes-setup": 9.8e-05,
  "probes-start": 5.3e-05,
  "run": 125.742993,
  "runner-cooldown": 2.00205
}