{
  "Angular2-TypeScript-TodoMVC/Adding100Items/Async": 37.52493450029875,
  "Angular2-TypeScript-TodoMVC/Adding100Items/Sync": 54.94902640015784,
  "Angular2-TypeScript-TodoMVC/Adding100Items/total": 92.49818725868268,
  "Angular2-TypeScript-TodoMVC/CompletingAllItems/Async": 14.247702542929977,
  "Angular2-TypeScript-TodoMVC/CompletingAllItems/Sync": 9.975678184645693,
  "Angular2-TypeScript-TodoMVC/CompletingAllItems/total": 24.224632103338354,
  "Angular2-TypeScript-TodoMVC/DeletingItems/Async": 3.567191285239545,
  "Angular2-TypeScript-TodoMVC/DeletingItems/Sync": 17.70394870548724,
  "Angular2-TypeScript-TodoMVC/DeletingItems/total": 21.277483510606164,
  "Angular2-TypeScript-TodoMVC/total": 138.00850242481718,
  "AngularJS-TodoMVC/Adding100Items/Async": 52.99875740200244,
  "AngularJS-TodoMVC/Adding100Items/Sync": 248.62739732071344,
  "AngularJS-TodoMVC/Adding100Items/total": 302.2141919177629,
  "AngularJS-TodoMVC/CompletingAllItems/Async": 34.54732170401911,
  "AngularJS-TodoMVC/CompletingAllItems/Sync": 68.86687723700571,
  "AngularJS-TodoMVC/CompletingAllItems/total": 104.07964092818617,
  "AngularJS-TodoMVC/DeletingAllItems/Async": 16.910976425027812,
  "AngularJS-TodoMVC/DeletingAllItems/Sync": 284.47709302846675,
  "AngularJS-TodoMVC/DeletingAllItems/total": 301.40826957983046,
  "AngularJS-TodoMVC/total": 715.7075979199481,
  "BackboneJS-TodoMVC/Adding100Items/Async": 45.380381441445934,
  "BackboneJS-TodoMVC/Adding100Items/Sync": 76.8852405435172,
  "BackboneJS-TodoMVC/Adding100Items/total": 122.68618830748913,
  "BackboneJS-TodoMVC/CompletingAllItems/Async": 33.548658610643635,
  "BackboneJS-TodoMVC/CompletingAllItems/Sync": 47.47775716860081,
  "BackboneJS-TodoMVC/CompletingAllItems/total": 81.09549941364118,
  "BackboneJS-TodoMVC/DeletingAllItems/Async": 4.653295351924241,
  "BackboneJS-TodoMVC/DeletingAllItems/Sync": 30.2952914430491,
  "BackboneJS-TodoMVC/DeletingAllItems/total": 34.98889321198798,
  "BackboneJS-TodoMVC/total": 239.52773702157384,
  "Elm-TodoMVC/Adding100Items/Async": 51.545613868859164,
  "Elm-TodoMVC/Adding100Items/Sync": 132.21587428895165,
  "Elm-TodoMVC/Adding100Items/total": 185.25602315054297,
  "Elm-TodoMVC/CompletingAllItems/Async": 37.711616043163794,
  "Elm-TodoMVC/CompletingAllItems/Sync": 157.78413348482522,
  "Elm-TodoMVC/CompletingAllItems/total": 196.91471916972802,
  "Elm-TodoMVC/DeletingItems/Async": 11.872863157712123,
  "Elm-TodoMVC/DeletingItems/Sync": 142.81026922986325,
  "Elm-TodoMVC/DeletingItems/total": 155.7051647522661,
  "Elm-TodoMVC/total": 554.5310777351934,
  "EmberJS-Debug-TodoMVC/Adding100Items/Async": 49.149566527759184,
  "EmberJS-Debug-TodoMVC/Adding100Items/Sync": 616.3614234429043,
  "EmberJS-Debug-TodoMVC/Adding100Items/total": 665.5796733689017,
  "EmberJS-Debug-TodoMVC/CompletingAllItems/Async": 33.28916498487254,
  "EmberJS-Debug-TodoMVC/CompletingAllItems/Sync": 381.57041484435484,
  "EmberJS-Debug-TodoMVC/CompletingAllItems/total": 415.01256715956305,
  "EmberJS-Debug-TodoMVC/DeletingItems/Async": 6.908280010125324,
  "EmberJS-Debug-TodoMVC/DeletingItems/Sync": 378.6014342464466,
  "EmberJS-Debug-TodoMVC/DeletingItems/total": 386.67870073213453,
  "EmberJS-Debug-TodoMVC/total": 1474.3521743206945,
  "EmberJS-TodoMVC/Adding100Items/Async": 45.26628953240567,
  "EmberJS-TodoMVC/Adding100Items/Sync": 202.77382030924412,
  "EmberJS-TodoMVC/Adding100Items/total": 248.12114265777265,
  "EmberJS-TodoMVC/CompletingAllItems/Async": 33.03034935401477,
  "EmberJS-TodoMVC/CompletingAllItems/Sync": 116.17592797918925,
  "EmberJS-TodoMVC/CompletingAllItems/total": 149.5866691720383,
  "EmberJS-TodoMVC/DeletingItems/Async": 4.341039910372423,
  "EmberJS-TodoMVC/DeletingItems/Sync": 75.35179864895716,
  "EmberJS-TodoMVC/DeletingItems/total": 80.12589804153602,
  "EmberJS-TodoMVC/total": 478.692382353185,
  "Flight-TodoMVC/Adding100Items/Async": 40.21832058912636,
  "Flight-TodoMVC/Adding100Items/Sync": 106.4824152269572,
  "Flight-TodoMVC/Adding100Items/total": 147.10801351694812,
  "Flight-TodoMVC/CompletingAllItems/Async": 29.450883793357526,
  "Flight-TodoMVC/CompletingAllItems/Sync": 106.21248426002744,
  "Flight-TodoMVC/CompletingAllItems/total": 135.69129827903512,
  "Flight-TodoMVC/DeletingItems/Async": 4.137097713419155,
  "Flight-TodoMVC/DeletingItems/Sync": 89.42933578883697,
  "Flight-TodoMVC/DeletingItems/total": 93.72163531560501,
  "Flight-TodoMVC/total": 377.70431073362437,
  "Inferno-TodoMVC/Adding100Items/Async": 45.26918361072286,
  "Inferno-TodoMVC/Adding100Items/Sync": 49.90017964943861,
  "Inferno-TodoMVC/Adding100Items/total": 95.58388547074317,
  "Inferno-TodoMVC/CompletingAllItems/Async": 9.834509430407582,
  "Inferno-TodoMVC/CompletingAllItems/Sync": 109.27187709771033,
  "Inferno-TodoMVC/CompletingAllItems/total": 119.60687068206411,
  "Inferno-TodoMVC/DeletingItems/Async": 3.8523035179825427,
  "Inferno-TodoMVC/DeletingItems/Sync": 258.3826977133425,
  "Inferno-TodoMVC/DeletingItems/total": 262.2707782649652,
  "Inferno-TodoMVC/total": 478.94139988966725,
  "Preact-TodoMVC/Adding100Items/Async": 44.18848991223286,
  "Preact-TodoMVC/Adding100Items/Sync": 6.3634879116351515,
  "Preact-TodoMVC/Adding100Items/total": 50.56508575051358,
  "Preact-TodoMVC/CompletingAllItems/Async": 31.72757873905257,
  "Preact-TodoMVC/CompletingAllItems/Sync": 4.155005951153446,
  "Preact-TodoMVC/CompletingAllItems/total": 35.8955561425732,
  "Preact-TodoMVC/DeletingItems/Async": 7.66778185719765,
  "Preact-TodoMVC/DeletingItems/Sync": 2.1931145723307557,
  "Preact-TodoMVC/DeletingItems/total": 9.895529757756888,
  "Preact-TodoMVC/total": 96.36404094950255,
  "React-Redux-TodoMVC/Adding100Items/Async": 42.42911999417602,
  "React-Redux-TodoMVC/Adding100Items/Sync": 187.43826860702293,
  "React-Redux-TodoMVC/Adding100Items/total": 230.11077094173348,
  "React-Redux-TodoMVC/CompletingAllItems/Async": 29.224512539108428,
  "React-Redux-TodoMVC/CompletingAllItems/Sync": 178.75974595974225,
  "React-Redux-TodoMVC/CompletingAllItems/total": 208.2025401981668,
  "React-Redux-TodoMVC/DeletingItems/Async": 5.093868383350089,
  "React-Redux-TodoMVC/DeletingItems/Sync": 109.63938525084002,
  "React-Redux-TodoMVC/DeletingItems/total": 115.40167575025372,
  "React-Redux-TodoMVC/total": 554.9272103509018,
  "React-TodoMVC/Adding100Items/Async": 45.137158132658136,
  "React-TodoMVC/Adding100Items/Sync": 170.47069600210642,
  "React-TodoMVC/Adding100Items/total": 216.53717827204443,
  "React-TodoMVC/CompletingAllItems/Async": 33.52590083679015,
  "React-TodoMVC/CompletingAllItems/Sync": 104.92382694649291,
  "React-TodoMVC/CompletingAllItems/total": 140.21812211866916,
  "React-TodoMVC/DeletingAllItems/Async": 6.11225509844751,
  "React-TodoMVC/DeletingAllItems/Sync": 63.64070941887594,
  "React-TodoMVC/DeletingAllItems/total": 70.35696247581998,
  "React-TodoMVC/total": 439.8503902435775,
  "Vanilla-ES2015-Babel-Webpack-TodoMVC/Adding100Items/Async": 39.23052349310116,
  "Vanilla-ES2015-Babel-Webpack-TodoMVC/Adding100Items/Sync": 344.97293798617375,
  "Vanilla-ES2015-Babel-Webpack-TodoMVC/Adding100Items/total": 384.27764877565016,
  "Vanilla-ES2015-Babel-Webpack-TodoMVC/CompletingAllItems/Async": 28.81494652159303,
  "Vanilla-ES2015-Babel-Webpack-TodoMVC/CompletingAllItems/Sync": 71.15837888682911,
  "Vanilla-ES2015-Babel-Webpack-TodoMVC/CompletingAllItems/total": 99.9875881438362,
  "Vanilla-ES2015-Babel-Webpack-TodoMVC/DeletingItems/Async": 4.359658845400949,
  "Vanilla-ES2015-Babel-Webpack-TodoMVC/DeletingItems/Sync": 45.25447215174419,
  "Vanilla-ES2015-Babel-Webpack-TodoMVC/DeletingItems/total": 49.74338367521956,
  "Vanilla-ES2015-Babel-Webpack-TodoMVC/total": 534.1055142362071,
  "Vanilla-ES2015-TodoMVC/Adding100Items/Async": 37.67495606322432,
  "Vanilla-ES2015-TodoMVC/Adding100Items/Sync": 343.4322610216977,
  "Vanilla-ES2015-TodoMVC/Adding100Items/total": 381.1659298848619,
  "Vanilla-ES2015-TodoMVC/CompletingAllItems/Async": 29.892955345764427,