{
  "browser-setup": 3.292437,
  "browser-tear_down": 0.241084,
  "probes-creation": 0.000221,
  "probes-setup": 0.00018,
  "probes-start": 7.8e-05,
  "run": 108.419638,
  "runner-cooldown": 2.002436
}