{
  "Angular2-TypeScript-TodoMVC/Adding100Items/Async": 31.73641788547593,
  "Angular2-TypeScript-TodoMVC/Adding100Items/Sync": 41.72602071182748,
  "Angular2-TypeScript-TodoMVC/Adding100Items/total": 73.49597154741787,
  "Angular2-TypeScript-TodoMVC/CompletingAllItems/Async": 12.642902758686084,
  "Angular2-TypeScript-TodoMVC/CompletingAllItems/Sync": 8.406515558730929,
  "Angular2-TypeScript-TodoMVC/CompletingAllItems/total": 21.050186902162203,
  "Angular2-TypeScript-TodoMVC/DeletingItems/Async": 2.8056992835045804,
  "Angular2-TypeScript-TodoMVC/DeletingItems/Sync": 16.395314354583405,
  "Angular2-TypeScript-TodoMVC/DeletingItems/total": 19.207766603071473,
  "Angular2-TypeScript-TodoMVC/total": 113.7657468662685,
  "AngularJS-TodoMVC/Adding100Items/Async": 41.05967852371718,
  "AngularJS-TodoMVC/Adding100Items/Sync": 156.07619742325375,
  "AngularJS-TodoMVC/Adding100Items/total": 197.16227839397388,
  "AngularJS-TodoMVC/CompletingAllItems/Async": 24.423773857794878,
  "AngularJS-TodoMVC/CompletingAllItems/Sync": 54.61095030017892,
  "AngularJS-TodoMVC/CompletingAllItems/total": 79.12994115854475,
  "AngularJS-TodoMVC/DeletingAllItems/Async": 15.535266444105895,
  "AngularJS-TodoMVC/DeletingAllItems/Sync": 158.63278492974428,
  "AngularJS-TodoMVC/DeletingAllItems/total": 174.27655422220448,
  "AngularJS-TodoMVC/total": 450.664966650044,
  "BackboneJS-TodoMVC/Adding100Items/Async": 41.12289974118863,
  "BackboneJS-TodoMVC/Adding100Items/Sync": 53.57580218556509,
  "BackboneJS-TodoMVC/Adding100Items/total": 94.91517363714345,
  "BackboneJS-TodoMVC/CompletingAllItems/Async": 33.34361311141528,
  "BackboneJS-TodoMVC/CompletingAllItems/Sync": 36.59635133900966,
  "BackboneJS-TodoMVC/CompletingAllItems/total": 70.81701298720527,
  "BackboneJS-TodoMVC/DeletingAllItems/Async": 4.4740841601483465,
  "BackboneJS-TodoMVC/DeletingAllItems/Sync": 25.78248596570308,
  "BackboneJS-TodoMVC/DeletingAllItems/total": 30.66154430288152,
  "BackboneJS-TodoMVC/total": 196.96555535603375,
  "Elm-TodoMVC/Adding100Items/Async": 47.26212203002008,
  "Elm-TodoMVC/Adding100Items/Sync": 84.84276135864908,
  "Elm-TodoMVC/Adding100Items/total": 132.15912809541135,
  "Elm-TodoMVC/CompletingAllItems/Async": 29.409088548604153,
  "Elm-TodoMVC/CompletingAllItems/Sync": 80.87606707887856,
  "Elm-TodoMVC/CompletingAllItems/total": 110.30778683400463,
  "Elm-TodoMVC/DeletingItems/Async": 8.736031868671079,
  "Elm-TodoMVC/DeletingItems/Sync": 98.65266429859447,
  "Elm-TodoMVC/DeletingItems/total": 107.4784457143965,
  "Elm-TodoMVC/total": 349.96964777591035,
  "EmberJS-Debug-TodoMVC/Adding100Items/Async": 44.675299143221764,
  "EmberJS-Debug-TodoMVC/Adding100Items/Sync": 721.5293534203465,
  "EmberJS-Debug-TodoMVC/Adding100Items/total": 766.9292765970838,
  "EmberJS-Debug-TodoMVC/CompletingAllItems/Async": 33.2539100556275,
  "EmberJS-Debug-TodoMVC/CompletingAllItems/Sync": 294.4841454788835,
  "EmberJS-Debug-TodoMVC/CompletingAllItems/total": 327.9863357526719,
  "EmberJS-Debug-TodoMVC/DeletingItems/Async": 9.549742368273233,
  "EmberJS-Debug-TodoMVC/DeletingItems/Sync": 282.1119352256237,
  "EmberJS-Debug-TodoMVC/DeletingItems/total": 292.25770403854585,
  "EmberJS-Debug-TodoMVC/total": 1394.0487322763026,
  "EmberJS-TodoMVC/Adding100Items/Async": 33.36056491483525,
  "EmberJS-TodoMVC/Adding100Items/Sync": 149.84855136789656,
  "EmberJS-TodoMVC/Adding100Items/total": 183.31478156744578,
  "EmberJS-TodoMVC/CompletingAllItems/Async": 27.904184627080003,
  "EmberJS-TodoMVC/CompletingAllItems/Sync": 106.5850620816022,
  "EmberJS-TodoMVC/CompletingAllItems/total": 134.69784628351184,
  "EmberJS-TodoMVC/DeletingItems/Async": 3.6482791959468854,
  "EmberJS-TodoMVC/DeletingItems/Sync": 73.09532292388384,
  "EmberJS-TodoMVC/DeletingItems/total": 76.76740935095405,
  "EmberJS-TodoMVC/total": 395.72120180608727,
  "Flight-TodoMVC/Adding100Items/Async": 33.59431412013271,
  "Flight-TodoMVC/Adding100Items/Sync": 79.88858659721441,
  "Flight-TodoMVC/Adding100Items/total": 113.50871254686537,
  "Flight-TodoMVC/CompletingAllItems/Async": 24.497792605217445,
  "Flight-TodoMVC/CompletingAllItems/Sync": 83.6221782602624,
  "Flight-TodoMVC/CompletingAllItems/total": 108.1231784059819,
  "Flight-TodoMVC/DeletingItems/Async": 3.421271092308024,
  "Flight-TodoMVC/DeletingItems/Sync": 68.80460303160528,
  "Flight-TodoMVC/DeletingItems/total": 72.27466143799587,
  "Flight-TodoMVC/total": 294.31625777065943,
  "Inferno-TodoMVC/Adding100Items/Async": 37.915705691510965,
  "Inferno-TodoMVC/Adding100Items/Sync": 43.27294030221271,
  "Inferno-TodoMVC/Adding100Items/total": 81.26521066381451,
  "Inferno-TodoMVC/CompletingAllItems/Async": 6.876590880523767,
  "Inferno-TodoMVC/CompletingAllItems/Sync": 85.33632707151615,
  "Inferno-TodoMVC/CompletingAllItems/total": 92.35850277197423,
  "Inferno-TodoMVC/DeletingItems/Async": 3.2582624136357072,
  "Inferno-TodoMVC/DeletingItems/Sync": 201.1884069752657,
  "Inferno-TodoMVC/DeletingItems/total": 204.47832387315862,
  "Inferno-TodoMVC/total": 378.15303369991915,
  "Preact-TodoMVC/Adding100Items/Async": 37.229095581886256,
  "Preact-TodoMVC/Adding100Items/Sync": 4.9332640004620325,
  "Preact-TodoMVC/Adding100Items/total": 42.16426171320562,
  "Preact-TodoMVC/CompletingAllItems/Async": 16.879121155927997,
  "Preact-TodoMVC/CompletingAllItems/Sync": 2.9291093713687752,
  "Preact-TodoMVC/CompletingAllItems/total": 19.83749460682871,
  "Preact-TodoMVC/DeletingItems/Async": 4.521454388089126,
  "Preact-TodoMVC/DeletingItems/Sync": 1.5370326232761968,
  "Preact-TodoMVC/DeletingItems/total": 6.089618554041365,
  "Preact-TodoMVC/total": 68.24820680011486,
  "React-Redux-TodoMVC/Adding100Items/Async": 32.82090681480168,
  "React-Redux-TodoMVC/Adding100Items/Sync": 136.8962214155291,
  "React-Redux-TodoMVC/Adding100Items/total": 169.93193828853356,
  "React-Redux-TodoMVC/CompletingAllItems/Async": 27.015290046630543,
  "React-Redux-TodoMVC/CompletingAllItems/Sync": 142.5973656889053,
  "React-Redux-TodoMVC/CompletingAllItems/total": 169.86967571174264,
  "React-Redux-TodoMVC/DeletingItems/Async": 4.279364457067257,
  "React-Redux-TodoMVC/DeletingItems/Sync": 105.24991365409221,
  "React-Redux-TodoMVC/DeletingItems/total": 110.33183239877134,
  "React-Redux-TodoMVC/total": 452.200815556759,
  "React-TodoMVC/Adding100Items/Async": 34.31638303844655,
  "React-TodoMVC/Adding100Items/Sync": 107.9530221985483,
  "React-TodoMVC/Adding100Items/total": 142.45296586653376,
  "React-TodoMVC/CompletingAllItems/Async": 27.267720473876462,
  "React-TodoMVC/CompletingAllItems/Sync": 62.83437885344115,
  "React-TodoMVC/CompletingAllItems/total": 90.11875745121635,
  "React-TodoMVC/DeletingAllItems/Async": 2.8728230511275887,
  "React-TodoMVC/DeletingAllItems/Sync": 48.10825768694479,
  "React-TodoMVC/DeletingAllItems/total": 51.01695047518298,
  "React-TodoMVC/total": 284.07522907074576,
  "Vanilla-ES2015-Babel-Webpack-TodoMVC/Adding100Items/Async": 36.412691785877676,
  "Vanilla-ES2015-Babel-Webpack-TodoMVC/Adding100Items/Sync": 287.4040311415902,
  "Vanilla-ES2015-Babel-Webpack-TodoMVC/Adding100Items/total": 324.2269505590695,
  "Vanilla-ES2015-Babel-Webpack-TodoMVC/CompletingAllItems/Async": 25.634351734121022,
  "Vanilla-ES2015-Babel-Webpack-TodoMVC/CompletingAllItems/Sync": 63.34252465202687,
  "Vanilla-ES2015-Babel-Webpack-TodoMVC/CompletingAllItems/total": 89.01417223985604,
  "Vanilla-ES2015-Babel-Webpack-TodoMVC/DeletingItems/Async": 4.116303831573171,
  "Vanilla-ES2015-Babel-Webpack-TodoMVC/DeletingItems/Sync": 39.71467030352321,
  "Vanilla-ES2015-Babel-Webpack-TodoMVC/DeletingItems/total": 45.50660946732972,
  "Vanilla-ES2015-Babel-Webpack-TodoMVC/total": 459.47642552737767,
  "Vanilla-ES2015-TodoMVC/Adding100Items/Async": 34.062380917012376,
  "Vanilla-ES2015-TodoMVC/Adding100Items/Sync": 292.7922366559577,
  "Vanilla-ES2015-TodoMVC/Adding100Items/total": 326.90051679956025,
  "Vanilla-ES2015-TodoMVC/CompletingAllItems/Async": 27.15325494677859,