{
  "browser-setup": {
    "values": [
      3.280863,
      3.282427,
      3.282647,
      3.302737,
      3.300616,
      3.319414,
      3.305956,
      3.308707,
      3.293525,
      3.293214,
      3.283024,
      3.319424,
      3.293842,
      3.280141,
      3.317419,
      3.327194,
      3.285006,
      3.288916,
      3.358012,
      3.271481
    ],
    "min": 3.271481,
    "average": 3.29972825,
    "geomean": 3.29966620506504,
    "max": 3.358012,
    "stddev": 0.020280326629211375,
    "stddevPercent": 0.6146059642702812
  },
  "browser-tear_down": {
    "values": [
      0.30932,
      0.232206,
      0.283384,
      0.29653,
      0.260547,
      0.239859,
      0.277263,
      0.279788,
      0.294759,
      0.224743,
      0.273936,
      0.298652,
      0.278835,
      0.310102,
      0.296804,
      0.297813,
      0.279047,
      0.2383,
      0.23204,
      0.226228
    ],
    "min": 0.224743,
    "average": 0.27150779999999997,
    "geomean": 0.2699737926718697,
    "max": 0.310102,
    "stddev": 0.02835305390535559,
    "stddevPercent": 10.442813762755836
  },
  "probes-creation": {
    "values": [
      0.000286,
      0.000211,
      0.000236,
      0.000196,
      0.000197,
      0.000198,
      0.000195,
      0.000193,
      0.000199,
      0.000196,
      0.000213,
      0.000198,
      0.00019,
      0.00019,
      0.000196,
      0.000198,
      0.000195,
      0.000197,
      0.000202,
      0.000229
    ],
    "min": 0.00019,
    "average": 0.00020575,
    "geomean": 0.0002047578212272626,
    "max": 0.000286,
    "stddev": 2.1844621763720245e-05,
    "stddevPercent": 10.617070116024422
  },
  "probes-setup": {
    "values": [
      0.000214,
      0.00018,
      0.000316,
      0.000168,
      0.000169,
      0.000166,
      0.000169,
      0.00016,
      0.000169,
      0.000165,
      0.00017,
      0.000168,
      0.000171,
      0.000163,
      0.000164,
      0.000166,
      0.000166,
      0.000163,
      0.000175,
      0.000179
    ],
    "min": 0.00016,
    "average": 0.00017805,
    "geomean": 0.00017579510170899801,
    "max": 0.000316,
    "stddev": 3.3526817624105035e-05,
    "stddevPercent": 18.830001473802323
  },
  "probes-start": {
    "values": [
      8.2e-05,
      8.6e-05,
      8.1e-05,
      0.000107,
      7.8e-05,
      8e-05,
      7.9e-05,
      7.5e-05,
      7.8e-05,
      7.9e-05,
      8.6e-05,
      7.7e-05,
      7e-05,
      7.8e-05,
      0.0001,
      8.1e-05,
      7.8e-05,
      7.7e-05,
      8.1e-05,
      9.6e-05
    ],
    "min": 7e-05,
    "average": 8.244999999999998e-05,
    "geomean": 8.203311589109584e-05,
    "max": 0.000107,
    "stddev": 8.674531687647467e-06,
    "stddevPercent": 10.520960203332285
  },
  "run": {
    "values": [
      109.585817,
      115.527928,
      110.553948,
      111.592691,
      112.181698,
      110.35558,
      112.263622,
      112.241137,
      107.728796,
      109.366869,
      110.367945,
      110.786777,
      113.511625,
      114.432741,
      109.925751,
      112.254156,
      115.534107,
      114.260154,
      110.71236,
      113.56618
    ],
    "min": 107.728796,
    "average": 111.8374941,
    "geomean": 111.8181992525929,
    "max": 115.534107,
    "stddev": 2.079178902790206,
    "stddevPercent": 1.8591071979233535
  },
  "runner-cooldown": {
    "values": [
      2.002434,
      2.002071,
      2.002435,
      2.002076,
      2.002068,
      2.002071,
      2.002075,
      2.000763,
      2.002074,
      2.002073,
      2.002069,
      2.002055,
      2.002068,
      2.002057,
      2.002067,
      2.002073,
      2.002068,
      2.002069,
      2.002648,
      2.001368
    ],
    "min": 2.000763,
    "average": 2.0020341000000004,
    "geomean": 2.0020340653320288,
    "max": 2.002648,
    "stddev": 0.00037253159597546543,
    "stddevPercent": 0.018607654883374132
  }
}