{
  "browser-setup": 4.076542,
  "browser-tear_down": 0.305772,
  "probes-creation": 0.000131,
  "probes-setup": 0.000101,
  "probes-start": 5.8e-05,
  "run": 136.48473,
  "runner-cooldown": 2.002052
}