{
  "Angular2-TypeScript-TodoMVC/Adding100Items/Async": 38.086425569839065,
  "Angular2-TypeScript-TodoMVC/Adding100Items/Sync": 60.79419938555218,
  "Angular2-TypeScript-TodoMVC/Adding100Items/total": 98.8949045935481,
  "Angular2-TypeScript-TodoMVC/CompletingAllItems/Async": 17.67921136099303,
  "Angular2-TypeScript-TodoMVC/CompletingAllItems/Sync": 10.27544195494266,
  "Angular2-TypeScript-TodoMVC/CompletingAllItems/total": 27.977485997071696,
  "Angular2-TypeScript-TodoMVC/DeletingItems/Async": 3.7835065472775606,
  "Angular2-TypeScript-TodoMVC/DeletingItems/Sync": 18.645615603628503,
  "Angular2-TypeScript-TodoMVC/DeletingItems/total": 22.450935667419596,
  "Angular2-TypeScript-TodoMVC/total": 149.36211145214938,
  "AngularJS-TodoMVC/Adding100Items/Async": 54.622125981829264,
  "AngularJS-TodoMVC/Adding100Items/Sync": 284.204886373717,
  "AngularJS-TodoMVC/Adding100Items/total": 339.29363417301136,
  "AngularJS-TodoMVC/CompletingAllItems/Async": 41.5579736195321,
  "AngularJS-TodoMVC/CompletingAllItems/Sync": 88.7422919810508,
  "AngularJS-TodoMVC/CompletingAllItems/total": 131.91153914189104,
  "AngularJS-TodoMVC/DeletingAllItems/Async": 16.791081842214773,
  "AngularJS-TodoMVC/DeletingAllItems/Sync": 250.1474746534053,
  "AngularJS-TodoMVC/DeletingAllItems/total": 267.0952457673957,
  "AngularJS-TodoMVC/total": 739.7764411534542,
  "BackboneJS-TodoMVC/Adding100Items/Async": 45.5504391079843,
  "BackboneJS-TodoMVC/Adding100Items/Sync": 108.31901237127357,
  "BackboneJS-TodoMVC/Adding100Items/total": 154.45086468710315,
  "BackboneJS-TodoMVC/CompletingAllItems/Async": 34.07549472560126,
  "BackboneJS-TodoMVC/CompletingAllItems/Sync": 59.434798210641624,
  "BackboneJS-TodoMVC/CompletingAllItems/total": 93.67263956707411,
  "BackboneJS-TodoMVC/DeletingAllItems/Async": 4.84200616793122,
  "BackboneJS-TodoMVC/DeletingAllItems/Sync": 30.80135454667921,
  "BackboneJS-TodoMVC/DeletingAllItems/total": 35.66462897436033,
  "BackboneJS-TodoMVC/total": 284.07252900713235,
  "Elm-TodoMVC/Adding100Items/Async": 53.756748219373954,
  "Elm-TodoMVC/Adding100Items/Sync": 199.39849467213259,
  "Elm-TodoMVC/Adding100Items/total": 261.9650075826465,
  "Elm-TodoMVC/CompletingAllItems/Async": 42.482465674823445,
  "Elm-TodoMVC/CompletingAllItems/Sync": 140.16573998440597,
  "Elm-TodoMVC/CompletingAllItems/total": 182.85899008565002,
  "Elm-TodoMVC/DeletingItems/Async": 10.713069763842167,
  "Elm-TodoMVC/DeletingItems/Sync": 310.510458782639,
  "Elm-TodoMVC/DeletingItems/total": 322.4407812285858,
  "Elm-TodoMVC/total": 849.7433620398871,
  "EmberJS-Debug-TodoMVC/Adding100Items/Async": 43.89882047069686,
  "EmberJS-Debug-TodoMVC/Adding100Items/Sync": 597.0165714938721,
  "EmberJS-Debug-TodoMVC/Adding100Items/total": 640.9674272851805,
  "EmberJS-Debug-TodoMVC/CompletingAllItems/Async": 32.00369180282175,
  "EmberJS-Debug-TodoMVC/CompletingAllItems/Sync": 361.09461556573865,
  "EmberJS-Debug-TodoMVC/CompletingAllItems/total": 393.10586408553394,
  "EmberJS-Debug-TodoMVC/DeletingItems/Async": 4.553344668182967,
  "EmberJS-Debug-TodoMVC/DeletingItems/Sync": 384.7537359073828,
  "EmberJS-Debug-TodoMVC/DeletingItems/total": 389.3476086388621,
  "EmberJS-Debug-TodoMVC/total": 1423.9082489181967,
  "EmberJS-TodoMVC/Adding100Items/Async": 42.30524768931838,
  "EmberJS-TodoMVC/Adding100Items/Sync": 220.98054680228464,
  "EmberJS-TodoMVC/Adding100Items/total": 263.39500543899635,
  "EmberJS-TodoMVC/CompletingAllItems/Async": 34.755814184752964,
  "EmberJS-TodoMVC/CompletingAllItems/Sync": 121.97339244101603,
  "EmberJS-TodoMVC/CompletingAllItems/total": 156.89071152476572,
  "EmberJS-TodoMVC/DeletingItems/Async": 4.842086099596306,
  "EmberJS-TodoMVC/DeletingItems/Sync": 84.33043994011516,
  "EmberJS-TodoMVC/DeletingItems/total": 89.32653902226087,
  "EmberJS-TodoMVC/total": 510.1155336699949,
  "Flight-TodoMVC/Adding100Items/Async": 40.67893293651759,
  "Flight-TodoMVC/Adding100Items/Sync": 117.27263678530294,
  "Flight-TodoMVC/Adding100Items/total": 158.1830677721698,
  "Flight-TodoMVC/CompletingAllItems/Async": 32.5062878723099,
  "Flight-TodoMVC/CompletingAllItems/Sync": 124.04526179474887,
  "Flight-TodoMVC/CompletingAllItems/total": 156.6846559475926,
  "Flight-TodoMVC/DeletingItems/Async": 4.830339266769987,
  "Flight-TodoMVC/DeletingItems/Sync": 109.93275082528191,
  "Flight-TodoMVC/DeletingItems/total": 115.15052742831614,
  "Flight-TodoMVC/total": 430.12352311621197,
  "Inferno-TodoMVC/Adding100Items/Async": 45.42450610104468,
  "Inferno-TodoMVC/Adding100Items/Sync": 57.66410300816313,
  "Inferno-TodoMVC/Adding100Items/total": 103.19101795620281,
  "Inferno-TodoMVC/CompletingAllItems/Async": 9.955737280525335,
  "Inferno-TodoMVC/CompletingAllItems/Sync": 116.70700121527472,
  "Inferno-TodoMVC/CompletingAllItems/total": 127.11905064121221,
  "Inferno-TodoMVC/DeletingItems/Async": 4.029957197489338,
  "Inferno-TodoMVC/DeletingItems/Sync": 245.72055228218954,
  "Inferno-TodoMVC/DeletingItems/total": 249.77060054850034,
  "Inferno-TodoMVC/total": 480.387388857147,
  "Preact-TodoMVC/Adding100Items/Async": 60.40735252178192,
  "Preact-TodoMVC/Adding100Items/Sync": 10.547810758682724,
  "Preact-TodoMVC/Adding100Items/total": 70.97485892073814,
  "Preact-TodoMVC/CompletingAllItems/Async": 28.647220209985303,
  "Preact-TodoMVC/CompletingAllItems/Sync": 3.895854570910482,
  "Preact-TodoMVC/CompletingAllItems/total": 32.62653557227078,
  "Preact-TodoMVC/DeletingItems/Async": 6.943550976939035,
  "Preact-TodoMVC/DeletingItems/Sync": 2.1714911743037084,
  "Preact-TodoMVC/DeletingItems/total": 9.155204447912995,
  "Preact-TodoMVC/total": 114.53957530419589,
  "React-Redux-TodoMVC/Adding100Items/Async": 41.91439121842433,
  "React-Redux-TodoMVC/Adding100Items/Sync": 190.23717592425464,
  "React-Redux-TodoMVC/Adding100Items/total": 232.27857154509528,
  "React-Redux-TodoMVC/CompletingAllItems/Async": 31.55351360949122,
  "React-Redux-TodoMVC/CompletingAllItems/Sync": 173.30019672303527,
  "React-Redux-TodoMVC/CompletingAllItems/total": 204.8880577875438,
  "React-Redux-TodoMVC/DeletingItems/Async": 4.402704130259381,
  "React-Redux-TodoMVC/DeletingItems/Sync": 113.79582751239498,
  "React-Redux-TodoMVC/DeletingItems/total": 118.27196590778543,
  "React-Redux-TodoMVC/total": 555.7386231652404,
  "React-TodoMVC/Adding100Items/Async": 43.2610384221142,
  "React-TodoMVC/Adding100Items/Sync": 148.07433201551095,
  "React-TodoMVC/Adding100Items/total": 191.4590859951451,
  "React-TodoMVC/CompletingAllItems/Async": 33.97716776052567,
  "React-TodoMVC/CompletingAllItems/Sync": 84.95062702595862,
  "React-TodoMVC/CompletingAllItems/total": 119.13651067091882,
  "React-TodoMVC/DeletingAllItems/Async": 4.014343618059793,
  "React-TodoMVC/DeletingAllItems/Sync": 56.196860696724066,
  "React-TodoMVC/DeletingAllItems/total": 60.240182714431654,
  "React-TodoMVC/total": 370.98305510046214,
  "Vanilla-ES2015-Babel-Webpack-TodoMVC/Adding100Items/Async": 39.28703587124384,
  "Vanilla-ES2015-Babel-Webpack-TodoMVC/Adding100Items/Sync": 346.0517581756851,
  "Vanilla-ES2015-Babel-Webpack-TodoMVC/Adding100Items/total": 385.3939717332293,
  "Vanilla-ES2015-Babel-Webpack-TodoMVC/CompletingAllItems/Async": 31.106255415310127,
  "Vanilla-ES2015-Babel-Webpack-TodoMVC/CompletingAllItems/Sync": 78.53143737862142,
  "Vanilla-ES2015-Babel-Webpack-TodoMVC/CompletingAllItems/total": 109.65423513943651,
  "Vanilla-ES2015-Babel-Webpack-TodoMVC/DeletingItems/Async": 4.466338898899195,
  "Vanilla-ES2015-Babel-Webpack-TodoMVC/DeletingItems/Sync": 52.764477202485956,
  "Vanilla-ES2015-Babel-Webpack-TodoMVC/DeletingItems/total": 57.258337344959436,
  "Vanilla-ES2015-Babel-Webpack-TodoMVC/total": 552.5083376707752,
  "Vanilla-ES2015-TodoMVC/Adding100Items/Async": 38.54236683844127,
  "Vanilla-ES2015-TodoMVC/Adding100Items/Sync": 356.7776912828755,
  "Vanilla-ES2015-TodoMVC/Adding100Items/total": 395.366024660882,
  "Vanilla-ES2015-TodoMVC/CompletingAllItems/Async": 31.14005425529681,