{
  "browser-setup": 4.080232,
  "browser-tear_down": 0.299519,
  "probes-creation": 0.000129,
  "probes-setup": 9.9e-05,
  "probes-start": 5.9e-05,
  "run": 136.237421,
  "runner-cooldown": 2.00205
}