{
  "Angular2-TypeScript-TodoMVC/Adding100Items/Async": 38.402858083897584,
  "Angular2-TypeScript-TodoMVC/Adding100Items/Sync": 58.27872941982195,
  "Angular2-TypeScript-TodoMVC/Adding100Items/total": 96.71263983317262,
  "Angular2-TypeScript-TodoMVC/CompletingAllItems/Async": 18.618565560531138,
  "Angular2-TypeScript-TodoMVC/CompletingAllItems/Sync": 10.232367852583724,
  "Angular2-TypeScript-TodoMVC/CompletingAllItems/total": 28.932297781384108,
  "Angular2-TypeScript-TodoMVC/DeletingItems/Async": 4.213524860672526,
  "Angular2-TypeScript-TodoMVC/DeletingItems/Sync": 18.677493958071622,
  "Angular2-TypeScript-TodoMVC/DeletingItems/total": 23.09249413811487,
  "Angular2-TypeScript-TodoMVC/total": 149.00476285301096,
  "AngularJS-TodoMVC/Adding100Items/Async": 49.57721005980155,
  "AngularJS-TodoMVC/Adding100Items/Sync": 270.2241980019015,
  "AngularJS-TodoMVC/Adding100Items/total": 319.9041554080152,
  "AngularJS-TodoMVC/CompletingAllItems/Async": 33.82676482557926,
  "AngularJS-TodoMVC/CompletingAllItems/Sync": 86.06756139494618,
  "AngularJS-TodoMVC/CompletingAllItems/total": 119.96282711483711,
  "AngularJS-TodoMVC/DeletingAllItems/Async": 16.824729436187297,
  "AngularJS-TodoMVC/DeletingAllItems/Sync": 246.00855035125858,
  "AngularJS-TodoMVC/DeletingAllItems/total": 262.93538872643717,
  "AngularJS-TodoMVC/total": 703.378640777381,
  "BackboneJS-TodoMVC/Adding100Items/Async": 45.53894709604582,
  "BackboneJS-TodoMVC/Adding100Items/Sync": 97.56573316127012,
  "BackboneJS-TodoMVC/Adding100Items/total": 143.42529009226928,
  "BackboneJS-TodoMVC/CompletingAllItems/Async": 34.035389752653934,
  "BackboneJS-TodoMVC/CompletingAllItems/Sync": 55.45501323840649,
  "BackboneJS-TodoMVC/CompletingAllItems/total": 89.5751975489173,
  "BackboneJS-TodoMVC/DeletingAllItems/Async": 5.159931331172793,
  "BackboneJS-TodoMVC/DeletingAllItems/Sync": 30.643734398054885,
  "BackboneJS-TodoMVC/DeletingAllItems/total": 35.83114702456726,
  "BackboneJS-TodoMVC/total": 268.97802703606885,
  "Elm-TodoMVC/Adding100Items/Async": 52.08185887250469,
  "Elm-TodoMVC/Adding100Items/Sync": 143.815199551985,
  "Elm-TodoMVC/Adding100Items/total": 195.9798212900079,
  "Elm-TodoMVC/CompletingAllItems/Async": 42.19582166810813,
  "Elm-TodoMVC/CompletingAllItems/Sync": 185.84201639018232,
  "Elm-TodoMVC/CompletingAllItems/total": 234.76161848575916,
  "Elm-TodoMVC/DeletingItems/Async": 11.72523446199716,
  "Elm-TodoMVC/DeletingItems/Sync": 259.38944849801027,
  "Elm-TodoMVC/DeletingItems/total": 273.33479981502313,
  "Elm-TodoMVC/total": 786.3905178623158,
  "EmberJS-Debug-TodoMVC/Adding100Items/Async": 45.78724798390855,
  "EmberJS-Debug-TodoMVC/Adding100Items/Sync": 586.4447153254785,
  "EmberJS-Debug-TodoMVC/Adding100Items/total": 632.3029613148232,
  "EmberJS-Debug-TodoMVC/CompletingAllItems/Async": 32.182122976713075,
  "EmberJS-Debug-TodoMVC/CompletingAllItems/Sync": 355.81879508414175,
  "EmberJS-Debug-TodoMVC/CompletingAllItems/total": 388.0242690855881,
  "EmberJS-Debug-TodoMVC/DeletingItems/Async": 5.6080376403369225,
  "EmberJS-Debug-TodoMVC/DeletingItems/Sync": 391.33663347088435,
  "EmberJS-Debug-TodoMVC/DeletingItems/total": 397.3470642962715,
  "EmberJS-Debug-TodoMVC/total": 1418.234091819499,
  "EmberJS-TodoMVC/Adding100Items/Async": 44.001478678396325,
  "EmberJS-TodoMVC/Adding100Items/Sync": 223.65882924446808,
  "EmberJS-TodoMVC/Adding100Items/total": 268.08695753608947,
  "EmberJS-TodoMVC/CompletingAllItems/Async": 35.73900831431166,
  "EmberJS-TodoMVC/CompletingAllItems/Sync": 124.9879620156458,
  "EmberJS-TodoMVC/CompletingAllItems/total": 160.91854235675373,
  "EmberJS-TodoMVC/DeletingItems/Async": 4.787849476856722,
  "EmberJS-TodoMVC/DeletingItems/Sync": 80.98272109899001,
  "EmberJS-TodoMVC/DeletingItems/total": 85.81091154401476,
  "EmberJS-TodoMVC/total": 514.9721455784376,
  "Flight-TodoMVC/Adding100Items/Async": 40.90576512984638,
  "Flight-TodoMVC/Adding100Items/Sync": 110.33000499654511,
  "Flight-TodoMVC/Adding100Items/total": 151.41856091166866,
  "Flight-TodoMVC/CompletingAllItems/Async": 32.97427000076578,
  "Flight-TodoMVC/CompletingAllItems/Sync": 117.82760823652613,
  "Flight-TodoMVC/CompletingAllItems/total": 150.944961774426,
  "Flight-TodoMVC/DeletingItems/Async": 5.0568858700576635,
  "Flight-TodoMVC/DeletingItems/Sync": 102.67578323884665,
  "Flight-TodoMVC/DeletingItems/total": 108.12913073897712,
  "Flight-TodoMVC/total": 410.57494779547807,
  "Inferno-TodoMVC/Adding100Items/Async": 45.147314965267135,
  "Inferno-TodoMVC/Adding100Items/Sync": 57.60796987408333,
  "Inferno-TodoMVC/Adding100Items/total": 103.30586939592992,
  "Inferno-TodoMVC/CompletingAllItems/Async": 11.138913966584425,
  "Inferno-TodoMVC/CompletingAllItems/Sync": 117.33656525900057,
  "Inferno-TodoMVC/CompletingAllItems/total": 129.05366344470133,
  "Inferno-TodoMVC/DeletingItems/Async": 4.108873907272857,
  "Inferno-TodoMVC/DeletingItems/Sync": 247.0643782348328,
  "Inferno-TodoMVC/DeletingItems/total": 251.21429576366867,
  "Inferno-TodoMVC/total": 484.2697809937965,
  "Preact-TodoMVC/Adding100Items/Async": 55.84647825279238,
  "Preact-TodoMVC/Adding100Items/Sync": 9.168192384101921,
  "Preact-TodoMVC/Adding100Items/total": 65.03718604763037,
  "Preact-TodoMVC/CompletingAllItems/Async": 28.932187848241146,
  "Preact-TodoMVC/CompletingAllItems/Sync": 3.8050958287375787,
  "Preact-TodoMVC/CompletingAllItems/total": 32.80143540025732,
  "Preact-TodoMVC/DeletingItems/Async": 7.4636894723432645,
  "Preact-TodoMVC/DeletingItems/Sync": 2.060676567583308,
  "Preact-TodoMVC/DeletingItems/total": 9.542174618343662,
  "Preact-TodoMVC/total": 108.4450381123664,
  "React-Redux-TodoMVC/Adding100Items/Async": 43.5435261579071,
  "React-Redux-TodoMVC/Adding100Items/Sync": 188.39209980895856,
  "React-Redux-TodoMVC/Adding100Items/total": 232.04720459530586,
  "React-Redux-TodoMVC/CompletingAllItems/Async": 32.30638807711603,
  "React-Redux-TodoMVC/CompletingAllItems/Sync": 173.17714064608373,
  "React-Redux-TodoMVC/CompletingAllItems/total": 205.5831098264793,
  "React-Redux-TodoMVC/DeletingItems/Async": 4.574923064369776,
  "React-Redux-TodoMVC/DeletingItems/Sync": 115.61911001590273,
  "React-Redux-TodoMVC/DeletingItems/total": 120.26014856234119,
  "React-Redux-TodoMVC/total": 558.0230323898592,
  "React-TodoMVC/Adding100Items/Async": 43.45360345926389,
  "React-TodoMVC/Adding100Items/Sync": 147.90962850269173,
  "React-TodoMVC/Adding100Items/total": 191.49694609424373,
  "React-TodoMVC/CompletingAllItems/Async": 34.33122131913522,
  "React-TodoMVC/CompletingAllItems/Sync": 84.50694129911696,
  "React-TodoMVC/CompletingAllItems/total": 118.95015518862691,
  "React-TodoMVC/DeletingAllItems/Async": 4.641926314806383,
  "React-TodoMVC/DeletingAllItems/Sync": 55.91804119493525,
  "React-TodoMVC/DeletingAllItems/total": 60.77668538701949,
  "React-TodoMVC/total": 371.38395491996715,
  "Vanilla-ES2015-Babel-Webpack-TodoMVC/Adding100Items/Async": 39.02369165117981,
  "Vanilla-ES2015-Babel-Webpack-TodoMVC/Adding100Items/Sync": 337.81896133795567,
  "Vanilla-ES2015-Babel-Webpack-TodoMVC/Adding100Items/total": 376.89751627515676,
  "Vanilla-ES2015-Babel-Webpack-TodoMVC/CompletingAllItems/Async": 31.352383711964126,
  "Vanilla-ES2015-Babel-Webpack-TodoMVC/CompletingAllItems/Sync": 78.25401245689619,
  "Vanilla-ES2015-Babel-Webpack-TodoMVC/CompletingAllItems/total": 109.6180290972198,
  "Vanilla-ES2015-Babel-Webpack-TodoMVC/DeletingItems/Async": 4.151168936242255,
  "Vanilla-ES2015-Babel-Webpack-TodoMVC/DeletingItems/Sync": 51.095304065376105,
  "Vanilla-ES2015-Babel-Webpack-TodoMVC/DeletingItems/total": 55.25947286150339,
  "Vanilla-ES2015-Babel-Webpack-TodoMVC/total": 541.880194928969,
  "Vanilla-ES2015-TodoMVC/Adding100Items/Async": 38.87301152834785,
  "Vanilla-ES2015-TodoMVC/Adding100Items/Sync": 347.5853290266703,
  "Vanilla-ES2015-TodoMVC/Adding100Items/total": 386.5004634301568,
  "Vanilla-ES2015-TodoMVC/CompletingAllItems/Async": 32.27949994978855,