{
  "browser-setup": {
    "values": [
      4.050688,
      4.129107,
      4.013514,
      3.912809,
      4.136556,
      4.020574,
      3.998834,
      3.991522,
      4.080232,
      4.113671,
      4.148925,
      4.081874,
      4.043927,
      4.020879,
      4.008677,
      4.149661,
      4.00582,
      4.055724,
      4.146101,
      4.123213,
      4.041408,
      3.966838,
      4.083273,
      4.021282,
      4.11545,
      4.086244,
      4.071532,
      4.008388,
      4.159746,
      4.003741
    ],
    "min": 3.912809,
    "average": 4.059673666666666,
    "geomean": 4.05920589528035,
    "max": 4.159746,
    "stddev": 0.06158254412105936,
    "stddevPercent": 1.5169333591195722
  },
  "browser-tear_down": {
    "values": [
      0.294141,
      0.298043,
      0.288152,
      0.297399,
      0.291161,
      0.216133,
      0.29878,
      0.253645,
      0.299519,
      0.283648,
      0.207194,
      0.299174,
      0.296458,
      0.298992,
      0.189279,
      0.254987,
      0.291633,
      0.295606,
      0.283292,
      0.283708,
      0.285708,
      0.303561,
      0.285085,
      0.198224,
      0.240036,
      0.286022,
      0.287597,
      0.283761,
      0.288132,
      0.295401
    ],
    "min": 0.189279,
    "average": 0.27581569999999994,
    "geomean": 0.27366015797841925,
    "max": 0.303561,
    "stddev": 0.032084965048186254,
    "stddevPercent": 11.632755150698912
  },
  "probes-creation": {
    "values": [
      0.000128,
      0.000128,
      0.00013,
      0.000129,
      0.000136,
      0.000128,
      0.000127,
      0.000129,
      0.000129,
      0.00013,
      0.00013,
      0.00013,
      0.000131,
      0.00013,
      0.00013,
      0.000132,
      0.000132,
      0.000133,
      0.00013,
      0.000132,
      0.00013,
      0.00013,
      0.000131,
      0.000128,
      0.000145,
      0.00013,
      0.00013,
      0.000133,
      0.000129,
      0.000131
    ],
    "min": 0.000127,
    "average": 0.00013069999999999998,
    "geomean": 0.00013066246276464705,
    "max": 0.000145,
    "stddev": 3.205724047179777e-06,
    "stddevPercent": 2.452734542601207
  },
  "probes-setup": {
    "values": [
      0.000105,
      0.000101,
      0.000102,
      0.000102,
      0.000105,
      9.9e-05,
      0.0001,
      9.7e-05,
      9.9e-05,
      0.0001,
      9.9e-05,
      9.9e-05,
      9.9e-05,
      0.0001,
      0.000101,
      0.0001,
      0.000102,
      0.000101,
      0.0001,
      0.0001,
      0.0001,
      9.9e-05,
      9.9e-05,
      0.0001,
      0.0001,
      0.000102,
      9.9e-05,
      0.0001,
      0.000101,
      9.9e-05
    ],
    "min": 9.7e-05,
    "average": 0.00010033333333333332,
    "geomean": 0.00010031944223530675,
    "max": 0.000105,
    "stddev": 1.6799470891138887e-06,
    "stddevPercent": 1.6743658695487262
  },
  "probes-start": {
    "values": [
      7e-05,
      7.4e-05,
      7.2e-05,
      7.1e-05,
      6.9e-05,
      5.7e-05,
      5.7e-05,
      5.8e-05,
      5.9e-05,
      5.9e-05,
      5.9e-05,
      5.9e-05,
      6.2e-05,
      5.9e-05,
      5.8e-05,
      5.8e-05,
      5.7e-05,
      5.9e-05,
      5.7e-05,
      5.9e-05,
      7e-05,
      5.8e-05,
      5.8e-05,
      5.8e-05,
      5.7e-05,
      5.7e-05,
      6e-05,
      5.6e-05,
      5.7e-05,
      5.9e-05
    ],
    "min": 5.6e-05,
    "average": 6.076666666666667e-05,
    "geomean": 6.055317109733878e-05,
    "max": 7.4e-05,
    "stddev": 5.289507433484605e-06,
    "stddevPercent": 8.704620022190792
  },
  "run": {
    "values": [
      132.372471,
      132.096716,
      132.345676,
      132.406407,
      133.659692,
      136.252659,
      135.109692,
      134.674792,
      136.237421,
      133.020423,
      133.056799,
      131.05974,
      133.583134,
      131.812873,
      131.277767,
      135.726922,
      132.664369,
      131.385945,
      131.825621,
      132.805621,
      132.901903,
      132.844577,
      131.72466,
      132.983207,
      132.465896,
      132.074776,
      133.867572,
      131.44636,
      131.853715,
      132.338322
    ],
    "min": 131.05974,
    "average": 132.92919093333333,
    "geomean": 132.92192612657558,
    "max": 136.252659,
    "stddev": 1.3948243768935915,
    "stddevPercent": 1.0492987786205092
  },
  "runner-cooldown": {
    "values": [
      2.002052,
      2.002052,
      2.002054,
      2.001248,
      2.002051,
      2.002053,
      2.002051,
      2.002051,
      2.00205,
      2.002049,
      2.002049,
      2.001606,
      2.002051,
      2.002051,
      2.00205,
      2.002049,
      2.00205,
      2.002054,
      2.002053,
      2.00205,
      2.002052,
      2.00205,
      2.002051,
      2.00205,
      2.00205,
      2.00205,
      2.002048,
      2.002051,
      2.000457,
      2.000086
    ],
    "min": 2.000086,
    "average": 2.001890633333333,
    "geomean": 2.001890579414057,
    "max": 2.002054,
    "stddev": 0.0004645222982328671,
    "stddevPercent": 0.023204179613917998
  }
}