{
  "browser-setup": 4.086244,
  "browser-tear_down": 0.286022,
  "probes-creation": 0.00013,
  "probes-setup": 0.000102,
  "probes-start": 5.7e-05,
  "run": 132.074776,
  "runner-cooldown": 2.00205
}