{
  "browser-setup": 4.071532,
  "browser-tear_down": 0.287597,
  "probes-creation": 0.00013,
  "probes-setup": 9.9e-05,
  "probes-start": 6e-05,
  "run": 133.867572,
  "runner-cooldown": 2.002048
}