{
  "Angular2-TypeScript-TodoMVC/Adding100Items/Async": 37.55173116056539,
  "Angular2-TypeScript-TodoMVC/Adding100Items/Sync": 59.007003018290206,
  "Angular2-TypeScript-TodoMVC/Adding100Items/total": 96.58317291081116,
  "Angular2-TypeScript-TodoMVC/CompletingAllItems/Async": 17.862452814288133,
  "Angular2-TypeScript-TodoMVC/CompletingAllItems/Sync": 10.096885654405014,
  "Angular2-TypeScript-TodoMVC/CompletingAllItems/total": 27.974867086029008,
  "Angular2-TypeScript-TodoMVC/DeletingItems/Async": 4.164603001530549,
  "Angular2-TypeScript-TodoMVC/DeletingItems/Sync": 18.327042673872654,
  "Angular2-TypeScript-TodoMVC/DeletingItems/total": 22.723504440497237,
  "Angular2-TypeScript-TodoMVC/total": 147.3708223812935,
  "AngularJS-TodoMVC/Adding100Items/Async": 54.08837738212881,
  "AngularJS-TodoMVC/Adding100Items/Sync": 271.5932540098404,
  "AngularJS-TodoMVC/Adding100Items/total": 326.38581828359486,
  "AngularJS-TodoMVC/CompletingAllItems/Async": 36.27759098464146,
  "AngularJS-TodoMVC/CompletingAllItems/Sync": 83.51490402069251,
  "AngularJS-TodoMVC/CompletingAllItems/total": 120.56862976116842,
  "AngularJS-TodoMVC/DeletingAllItems/Async": 17.370153388400414,
  "AngularJS-TodoMVC/DeletingAllItems/Sync": 245.96864143941485,
  "AngularJS-TodoMVC/DeletingAllItems/total": 263.68255431125715,
  "AngularJS-TodoMVC/total": 712.0124902927148,
  "BackboneJS-TodoMVC/Adding100Items/Async": 45.20377818499361,
  "BackboneJS-TodoMVC/Adding100Items/Sync": 97.71803556464884,
  "BackboneJS-TodoMVC/Adding100Items/total": 143.23214277248795,
  "BackboneJS-TodoMVC/CompletingAllItems/Async": 33.85731433139788,
  "BackboneJS-TodoMVC/CompletingAllItems/Sync": 55.39533342404255,
  "BackboneJS-TodoMVC/CompletingAllItems/total": 89.3545951648623,
  "BackboneJS-TodoMVC/DeletingAllItems/Async": 5.233142141505917,
  "BackboneJS-TodoMVC/DeletingAllItems/Sync": 30.74030715816119,
  "BackboneJS-TodoMVC/DeletingAllItems/total": 36.03680001112857,
  "BackboneJS-TodoMVC/total": 268.77296483500055,
  "Elm-TodoMVC/Adding100Items/Async": 54.55368827805067,
  "Elm-TodoMVC/Adding100Items/Sync": 198.35963806097087,
  "Elm-TodoMVC/Adding100Items/total": 260.9760942245607,
  "Elm-TodoMVC/CompletingAllItems/Async": 41.03379253222384,
  "Elm-TodoMVC/CompletingAllItems/Sync": 135.67451087071805,
  "Elm-TodoMVC/CompletingAllItems/total": 176.88863354575457,
  "Elm-TodoMVC/DeletingItems/Async": 10.818814925336243,
  "Elm-TodoMVC/DeletingItems/Sync": 260.05634219011483,
  "Elm-TodoMVC/DeletingItems/total": 271.650278172619,
  "Elm-TodoMVC/total": 780.6933447578863,
  "EmberJS-Debug-TodoMVC/Adding100Items/Async": 45.33700394481188,
  "EmberJS-Debug-TodoMVC/Adding100Items/Sync": 591.9887380374396,
  "EmberJS-Debug-TodoMVC/Adding100Items/total": 637.4275293842684,
  "EmberJS-Debug-TodoMVC/CompletingAllItems/Async": 32.096323603087704,
  "EmberJS-Debug-TodoMVC/CompletingAllItems/Sync": 358.03481045934853,
  "EmberJS-Debug-TodoMVC/CompletingAllItems/total": 390.15122535516394,
  "EmberJS-Debug-TodoMVC/DeletingItems/Async": 4.5298465016937834,
  "EmberJS-Debug-TodoMVC/DeletingItems/Sync": 376.20150699716686,
  "EmberJS-Debug-TodoMVC/DeletingItems/total": 380.7492684800079,
  "EmberJS-Debug-TodoMVC/total": 1408.6239907611473,
  "EmberJS-TodoMVC/Adding100Items/Async": 42.60426316463815,
  "EmberJS-TodoMVC/Adding100Items/Sync": 225.9786532734334,
  "EmberJS-TodoMVC/Adding100Items/total": 268.7370338208707,
  "EmberJS-TodoMVC/CompletingAllItems/Async": 36.95189578917184,
  "EmberJS-TodoMVC/CompletingAllItems/Sync": 122.98225338036768,
  "EmberJS-TodoMVC/CompletingAllItems/total": 160.20316260804364,
  "EmberJS-TodoMVC/DeletingItems/Async": 6.5443498218794245,
  "EmberJS-TodoMVC/DeletingItems/Sync": 79.24448228455839,
  "EmberJS-TodoMVC/DeletingItems/total": 87.08558780678106,
  "EmberJS-TodoMVC/total": 516.7180716242447,
  "Flight-TodoMVC/Adding100Items/Async": 40.55146770402424,
  "Flight-TodoMVC/Adding100Items/Sync": 110.91341923079858,
  "Flight-TodoMVC/Adding100Items/total": 151.6269652511889,
  "Flight-TodoMVC/CompletingAllItems/Async": 32.67263644145174,
  "Flight-TodoMVC/CompletingAllItems/Sync": 118.24239318222472,
  "Flight-TodoMVC/CompletingAllItems/total": 151.04175530663605,
  "Flight-TodoMVC/DeletingItems/Async": 4.844662039606393,
  "Flight-TodoMVC/DeletingItems/Sync": 104.05907322408382,
  "Flight-TodoMVC/DeletingItems/total": 109.21893687927835,
  "Flight-TodoMVC/total": 411.9813535316092,
  "Inferno-TodoMVC/Adding100Items/Async": 42.322361055593035,
  "Inferno-TodoMVC/Adding100Items/Sync": 55.326974484138994,
  "Inferno-TodoMVC/Adding100Items/total": 97.67824322184109,
  "Inferno-TodoMVC/CompletingAllItems/Async": 12.628345061273812,
  "Inferno-TodoMVC/CompletingAllItems/Sync": 114.66672465223522,
  "Inferno-TodoMVC/CompletingAllItems/total": 127.78059720428443,
  "Inferno-TodoMVC/DeletingItems/Async": 4.277706521426928,
  "Inferno-TodoMVC/DeletingItems/Sync": 248.08885441220335,
  "Inferno-TodoMVC/DeletingItems/total": 252.40526007776958,
  "Inferno-TodoMVC/total": 478.16136649181266,
  "Preact-TodoMVC/Adding100Items/Async": 56.26415554954758,
  "Preact-TodoMVC/Adding100Items/Sync": 9.25991126378396,
  "Preact-TodoMVC/Adding100Items/total": 65.53472108887826,
  "Preact-TodoMVC/CompletingAllItems/Async": 28.653711350971687,
  "Preact-TodoMVC/CompletingAllItems/Sync": 3.862108044295644,
  "Preact-TodoMVC/CompletingAllItems/total": 32.6075939818506,
  "Preact-TodoMVC/DeletingItems/Async": 7.131605743840377,
  "Preact-TodoMVC/DeletingItems/Sync": 2.0808794742988637,
  "Preact-TodoMVC/DeletingItems/total": 9.227942533684939,
  "Preact-TodoMVC/total": 108.79223439004122,
  "React-Redux-TodoMVC/Adding100Items/Async": 42.48922562178692,
  "React-Redux-TodoMVC/Adding100Items/Sync": 192.3169454384995,
  "React-Redux-TodoMVC/Adding100Items/total": 234.99270334336916,
  "React-Redux-TodoMVC/CompletingAllItems/Async": 32.02953626790869,
  "React-Redux-TodoMVC/CompletingAllItems/Sync": 172.6802861158408,
  "React-Redux-TodoMVC/CompletingAllItems/total": 204.81477649243553,
  "React-Redux-TodoMVC/DeletingItems/Async": 4.6026240135257215,
  "React-Redux-TodoMVC/DeletingItems/Sync": 113.68476674958066,
  "React-Redux-TodoMVC/DeletingItems/total": 118.35015016555411,
  "React-Redux-TodoMVC/total": 558.3548366234455,
  "React-TodoMVC/Adding100Items/Async": 43.18542388010523,
  "React-TodoMVC/Adding100Items/Sync": 147.54256782034287,
  "React-TodoMVC/Adding100Items/total": 190.8472096060081,
  "React-TodoMVC/CompletingAllItems/Async": 32.35685899374127,
  "React-TodoMVC/CompletingAllItems/Sync": 85.95736606887664,
  "React-TodoMVC/CompletingAllItems/total": 118.38913766829546,
  "React-TodoMVC/DeletingAllItems/Async": 4.119627803260006,
  "React-TodoMVC/DeletingAllItems/Sync": 55.97522182371772,
  "React-TodoMVC/DeletingAllItems/total": 60.13746620524054,
  "React-TodoMVC/total": 369.65770385347054,
  "Vanilla-ES2015-Babel-Webpack-TodoMVC/Adding100Items/Async": 39.19892964835374,
  "Vanilla-ES2015-Babel-Webpack-TodoMVC/Adding100Items/Sync": 342.1878617405955,
  "Vanilla-ES2015-Babel-Webpack-TodoMVC/Adding100Items/total": 381.4427276163323,
  "Vanilla-ES2015-Babel-Webpack-TodoMVC/CompletingAllItems/Async": 31.083867390284222,
  "Vanilla-ES2015-Babel-Webpack-TodoMVC/CompletingAllItems/Sync": 78.40056813383289,
  "Vanilla-ES2015-Babel-Webpack-TodoMVC/CompletingAllItems/total": 109.48973227116578,
  "Vanilla-ES2015-Babel-Webpack-TodoMVC/DeletingItems/Async": 4.4637310952115286,
  "Vanilla-ES2015-Babel-Webpack-TodoMVC/DeletingItems/Sync": 51.27215931786764,
  "Vanilla-ES2015-Babel-Webpack-TodoMVC/DeletingItems/total": 55.79236791919971,
  "Vanilla-ES2015-Babel-Webpack-TodoMVC/total": 546.8522648300052,
  "Vanilla-ES2015-TodoMVC/Adding100Items/Async": 38.09694610088118,
  "Vanilla-ES2015-TodoMVC/Adding100Items/Sync": 351.0529945159318,
  "Vanilla-ES2015-TodoMVC/Adding100Items/total": 389.1759148795706,
  "Vanilla-ES2015-TodoMVC/CompletingAllItems/Async": 30.995322303113728,