{
  "browser-setup": 3.318172,
  "browser-tear_down": 0.231811,
  "probes-creation": 0.000186,
  "probes-setup": 0.000152,
  "probes-start": 7e-05,
  "run": 110.261637,
  "runner-cooldown": 2.002063
}