{
  "Angular2-TypeScript-TodoMVC/Adding100Items/Async": 32.585829081968406,
  "Angular2-TypeScript-TodoMVC/Adding100Items/Sync": 42.51389364711622,
  "Angular2-TypeScript-TodoMVC/Adding100Items/total": 75.1339002408808,
  "Angular2-TypeScript-TodoMVC/CompletingAllItems/Async": 12.915045017654661,
  "Angular2-TypeScript-TodoMVC/CompletingAllItems/Sync": 8.526313460557592,
  "Angular2-TypeScript-TodoMVC/CompletingAllItems/total": 21.44254803294155,
  "Angular2-TypeScript-TodoMVC/DeletingItems/Async": 2.8601200211532047,
  "Angular2-TypeScript-TodoMVC/DeletingItems/Sync": 16.725444632922166,
  "Angular2-TypeScript-TodoMVC/DeletingItems/total": 19.59019926343001,
  "Angular2-TypeScript-TodoMVC/total": 116.17972102557437,
  "AngularJS-TodoMVC/Adding100Items/Async": 41.990618604845075,
  "AngularJS-TodoMVC/Adding100Items/Sync": 156.48252280150336,
  "AngularJS-TodoMVC/Adding100Items/total": 198.48646884567077,
  "AngularJS-TodoMVC/CompletingAllItems/Async": 27.622377046155563,
  "AngularJS-TodoMVC/CompletingAllItems/Sync": 54.944927609354686,
  "AngularJS-TodoMVC/CompletingAllItems/total": 82.98651838797403,
  "AngularJS-TodoMVC/DeletingAllItems/Async": 16.365668045304183,
  "AngularJS-TodoMVC/DeletingAllItems/Sync": 160.73876771219372,
  "AngularJS-TodoMVC/DeletingAllItems/total": 177.15443389522397,
  "AngularJS-TodoMVC/total": 458.8828940590125,
  "BackboneJS-TodoMVC/Adding100Items/Async": 42.25016701786999,
  "BackboneJS-TodoMVC/Adding100Items/Sync": 55.7619570429375,
  "BackboneJS-TodoMVC/Adding100Items/total": 98.15361225060795,
  "BackboneJS-TodoMVC/CompletingAllItems/Async": 34.79255347061394,
  "BackboneJS-TodoMVC/CompletingAllItems/Sync": 37.829119176839654,
  "BackboneJS-TodoMVC/CompletingAllItems/total": 73.81250628016134,
  "BackboneJS-TodoMVC/DeletingAllItems/Async": 5.655034660607833,
  "BackboneJS-TodoMVC/DeletingAllItems/Sync": 26.198050137076162,
  "BackboneJS-TodoMVC/DeletingAllItems/total": 32.46421720959533,
  "BackboneJS-TodoMVC/total": 205.37392552282554,
  "Elm-TodoMVC/Adding100Items/Async": 48.7460198099726,
  "Elm-TodoMVC/Adding100Items/Sync": 86.6955147710037,
  "Elm-TodoMVC/Adding100Items/total": 135.5191384694819,
  "Elm-TodoMVC/CompletingAllItems/Async": 30.141614713932714,
  "Elm-TodoMVC/CompletingAllItems/Sync": 82.49426028344617,
  "Elm-TodoMVC/CompletingAllItems/total": 112.65305161506014,
  "Elm-TodoMVC/DeletingItems/Async": 9.250227395717975,
  "Elm-TodoMVC/DeletingItems/Sync": 103.03882325633377,
  "Elm-TodoMVC/DeletingItems/total": 112.40464457336212,
  "Elm-TodoMVC/total": 360.63287513757433,
  "EmberJS-Debug-TodoMVC/Adding100Items/Async": 46.77572974123382,
  "EmberJS-Debug-TodoMVC/Adding100Items/Sync": 731.097301718441,
  "EmberJS-Debug-TodoMVC/Adding100Items/total": 778.576947409567,
  "EmberJS-Debug-TodoMVC/CompletingAllItems/Async": 36.8608654342118,
  "EmberJS-Debug-TodoMVC/CompletingAllItems/Sync": 295.58180974149997,
  "EmberJS-Debug-TodoMVC/CompletingAllItems/total": 333.6257190384465,
  "EmberJS-Debug-TodoMVC/DeletingItems/Async": 9.570191341614809,
  "EmberJS-Debug-TodoMVC/DeletingItems/Sync": 289.4728624951159,
  "EmberJS-Debug-TodoMVC/DeletingItems/total": 299.5782536368923,
  "EmberJS-Debug-TodoMVC/total": 1418.5151621989285,
  "EmberJS-TodoMVC/Adding100Items/Async": 35.17482270040262,
  "EmberJS-TodoMVC/Adding100Items/Sync": 153.2953735931809,
  "EmberJS-TodoMVC/Adding100Items/total": 188.6123322905984,
  "EmberJS-TodoMVC/CompletingAllItems/Async": 29.275398597706094,
  "EmberJS-TodoMVC/CompletingAllItems/Sync": 108.10825405717463,
  "EmberJS-TodoMVC/CompletingAllItems/total": 137.7076269932054,
  "EmberJS-TodoMVC/DeletingItems/Async": 3.5390690577517185,
  "EmberJS-TodoMVC/DeletingItems/Sync": 73.61207883858502,
  "EmberJS-TodoMVC/DeletingItems/total": 77.22857302845291,
  "EmberJS-TodoMVC/total": 404.29142161565676,
  "Flight-TodoMVC/Adding100Items/Async": 33.882049482868354,
  "Flight-TodoMVC/Adding100Items/Sync": 79.14309943207289,
  "Flight-TodoMVC/Adding100Items/total": 113.04143926028885,
  "Flight-TodoMVC/CompletingAllItems/Async": 25.16881124203703,
  "Flight-TodoMVC/CompletingAllItems/Sync": 85.86320608970273,
  "Flight-TodoMVC/CompletingAllItems/total": 111.03508494122595,
  "Flight-TodoMVC/DeletingItems/Async": 4.46187729691207,
  "Flight-TodoMVC/DeletingItems/Sync": 69.86768589008754,
  "Flight-TodoMVC/DeletingItems/total": 77.35612793566527,
  "Flight-TodoMVC/total": 302.2639956918722,
  "Inferno-TodoMVC/Adding100Items/Async": 39.22052770168539,
  "Inferno-TodoMVC/Adding100Items/Sync": 42.99317592608704,
  "Inferno-TodoMVC/Adding100Items/total": 82.31068103475558,
  "Inferno-TodoMVC/CompletingAllItems/Async": 6.902349896595485,
  "Inferno-TodoMVC/CompletingAllItems/Sync": 86.34035612113045,
  "Inferno-TodoMVC/CompletingAllItems/total": 93.33576682340488,
  "Inferno-TodoMVC/DeletingItems/Async": 3.391873487367672,
  "Inferno-TodoMVC/DeletingItems/Sync": 206.26682103501554,
  "Inferno-TodoMVC/DeletingItems/total": 209.69268409552498,
  "Inferno-TodoMVC/total": 385.408787285537,
  "Preact-TodoMVC/Adding100Items/Async": 37.69976382589947,
  "Preact-TodoMVC/Adding100Items/Sync": 4.870724064447519,
  "Preact-TodoMVC/Adding100Items/total": 42.57353397683592,
  "Preact-TodoMVC/CompletingAllItems/Async": 17.18576055665513,
  "Preact-TodoMVC/CompletingAllItems/Sync": 3.073952263424953,
  "Preact-TodoMVC/CompletingAllItems/total": 20.265646617214866,
  "Preact-TodoMVC/DeletingItems/Async": 4.373451370447639,
  "Preact-TodoMVC/DeletingItems/Sync": 1.68129683227947,
  "Preact-TodoMVC/DeletingItems/total": 6.060374871929907,
  "Preact-TodoMVC/total": 69.03716901074058,
  "React-Redux-TodoMVC/Adding100Items/Async": 34.340321892047726,
  "React-Redux-TodoMVC/Adding100Items/Sync": 137.31526613772147,
  "React-Redux-TodoMVC/Adding100Items/total": 171.79646084709918,
  "React-Redux-TodoMVC/CompletingAllItems/Async": 27.919807009896967,
  "React-Redux-TodoMVC/CompletingAllItems/Sync": 148.2016979357245,
  "React-Redux-TodoMVC/CompletingAllItems/total": 176.42392544786884,
  "React-Redux-TodoMVC/DeletingItems/Async": 3.8490775978767147,
  "React-Redux-TodoMVC/DeletingItems/Sync": 109.15279075325019,
  "React-Redux-TodoMVC/DeletingItems/total": 113.19285226141704,
  "React-Redux-TodoMVC/total": 463.95869735800403,
  "React-TodoMVC/Adding100Items/Async": 36.520479683953766,
  "React-TodoMVC/Adding100Items/Sync": 109.37121358016726,
  "React-TodoMVC/Adding100Items/total": 146.13552649574743,
  "React-TodoMVC/CompletingAllItems/Async": 29.241464296929326,
  "React-TodoMVC/CompletingAllItems/Sync": 65.31246296025199,
  "React-TodoMVC/CompletingAllItems/total": 94.56860901571805,
  "React-TodoMVC/DeletingAllItems/Async": 3.0814356027570136,
  "React-TodoMVC/DeletingAllItems/Sync": 49.088967106145056,
  "React-TodoMVC/DeletingAllItems/total": 52.20669515765348,
  "React-TodoMVC/total": 293.4106018813,
  "Vanilla-ES2015-Babel-Webpack-TodoMVC/Adding100Items/Async": 35.49802255464836,
  "Vanilla-ES2015-Babel-Webpack-TodoMVC/Adding100Items/Sync": 301.55297874086847,
  "Vanilla-ES2015-Babel-Webpack-TodoMVC/Adding100Items/total": 337.1016797300465,
  "Vanilla-ES2015-Babel-Webpack-TodoMVC/CompletingAllItems/Async": 26.668940890649385,
  "Vanilla-ES2015-Babel-Webpack-TodoMVC/CompletingAllItems/Sync": 64.20779880110028,
  "Vanilla-ES2015-Babel-Webpack-TodoMVC/CompletingAllItems/total": 90.89003297487736,
  "Vanilla-ES2015-Babel-Webpack-TodoMVC/DeletingItems/Async": 3.214336752286291,
  "Vanilla-ES2015-Babel-Webpack-TodoMVC/DeletingItems/Sync": 40.52609925742241,
  "Vanilla-ES2015-Babel-Webpack-TodoMVC/DeletingItems/total": 43.7759314338198,
  "Vanilla-ES2015-Babel-Webpack-TodoMVC/total": 471.78404606748217,
  "Vanilla-ES2015-TodoMVC/Adding100Items/Async": 35.37625237481993,
  "Vanilla-ES2015-TodoMVC/Adding100Items/Sync": 307.16165960623357,
  "Vanilla-ES2015-TodoMVC/Adding100Items/total": 342.59362635371656,
  "Vanilla-ES2015-TodoMVC/CompletingAllItems/Async": 26.9739711311678,