{
  "browser-setup": 3.294927,
  "browser-tear_down": 0.221204,
  "probes-creation": 0.000204,
  "probes-setup": 0.000174,
  "probes-start": 8.3e-05,
  "run": 105.542112,
  "runner-cooldown": 2.00207
}