{
  "Angular2-TypeScript-TodoMVC/Adding100Items/Async": 31.035837938327052,
  "Angular2-TypeScript-TodoMVC/Adding100Items/Sync": 41.697263271256546,
  "Angular2-TypeScript-TodoMVC/Adding100Items/total": 72.78639274111183,
  "Angular2-TypeScript-TodoMVC/CompletingAllItems/Async": 12.687298494984056,
  "Angular2-TypeScript-TodoMVC/CompletingAllItems/Sync": 8.33651691460157,
  "Angular2-TypeScript-TodoMVC/CompletingAllItems/total": 21.025639564871,
  "Angular2-TypeScript-TodoMVC/DeletingItems/Async": 2.567609362753857,
  "Angular2-TypeScript-TodoMVC/DeletingItems/Sync": 15.95032934373644,
  "Angular2-TypeScript-TodoMVC/DeletingItems/total": 18.52721096659291,
  "Angular2-TypeScript-TodoMVC/total": 112.35185668330637,
  "AngularJS-TodoMVC/Adding100Items/Async": 47.27643922664439,
  "AngularJS-TodoMVC/Adding100Items/Sync": 160.1092457929261,
  "AngularJS-TodoMVC/Adding100Items/total": 211.01351747411783,
  "AngularJS-TodoMVC/CompletingAllItems/Async": 26.44046355302953,
  "AngularJS-TodoMVC/CompletingAllItems/Sync": 55.42111162328548,
  "AngularJS-TodoMVC/CompletingAllItems/total": 81.89937825971934,
  "AngularJS-TodoMVC/DeletingAllItems/Async": 14.423870446535451,
  "AngularJS-TodoMVC/DeletingAllItems/Sync": 164.5040192893165,
  "AngularJS-TodoMVC/DeletingAllItems/total": 179.17683155630226,
  "AngularJS-TodoMVC/total": 472.78689786847747,
  "BackboneJS-TodoMVC/Adding100Items/Async": 36.31410257091088,
  "BackboneJS-TodoMVC/Adding100Items/Sync": 54.7389393407391,
  "BackboneJS-TodoMVC/Adding100Items/total": 91.06779386100175,
  "BackboneJS-TodoMVC/CompletingAllItems/Async": 27.57812785788131,
  "BackboneJS-TodoMVC/CompletingAllItems/Sync": 37.762505237344406,
  "BackboneJS-TodoMVC/CompletingAllItems/total": 65.34407144099056,
  "BackboneJS-TodoMVC/DeletingAllItems/Async": 3.1737062124304085,
  "BackboneJS-TodoMVC/DeletingAllItems/Sync": 25.64508165774319,
  "BackboneJS-TodoMVC/DeletingAllItems/total": 28.826925061706415,
  "BackboneJS-TodoMVC/total": 185.2664615501469,
  "Elm-TodoMVC/Adding100Items/Async": 47.29587129168922,
  "Elm-TodoMVC/Adding100Items/Sync": 96.27246926691713,
  "Elm-TodoMVC/Adding100Items/total": 144.46604223776734,
  "Elm-TodoMVC/CompletingAllItems/Async": 31.267992736252896,
  "Elm-TodoMVC/CompletingAllItems/Sync": 102.37960419453593,
  "Elm-TodoMVC/CompletingAllItems/total": 134.70934241734656,
  "Elm-TodoMVC/DeletingItems/Async": 11.92825318525976,
  "Elm-TodoMVC/DeletingItems/Sync": 122.89785567030079,
  "Elm-TodoMVC/DeletingItems/total": 136.47188939474444,
  "Elm-TodoMVC/total": 430.5949749646617,
  "EmberJS-Debug-TodoMVC/Adding100Items/Async": 39.93847624739412,
  "EmberJS-Debug-TodoMVC/Adding100Items/Sync": 419.37373577033986,
  "EmberJS-Debug-TodoMVC/Adding100Items/total": 459.4263595047087,
  "EmberJS-Debug-TodoMVC/CompletingAllItems/Async": 29.195875109923605,
  "EmberJS-Debug-TodoMVC/CompletingAllItems/Sync": 291.2934976957303,
  "EmberJS-Debug-TodoMVC/CompletingAllItems/total": 321.2635814657764,
  "EmberJS-Debug-TodoMVC/DeletingItems/Async": 7.853676026026827,
  "EmberJS-Debug-TodoMVC/DeletingItems/Sync": 292.7974351571062,
  "EmberJS-Debug-TodoMVC/DeletingItems/total": 301.9250219365332,
  "EmberJS-Debug-TodoMVC/total": 1091.2520413981688,
  "EmberJS-TodoMVC/Adding100Items/Async": 33.412984583488196,
  "EmberJS-TodoMVC/Adding100Items/Sync": 138.21130955163187,
  "EmberJS-TodoMVC/Adding100Items/total": 171.72125134457102,
  "EmberJS-TodoMVC/CompletingAllItems/Async": 25.62958021558793,
  "EmberJS-TodoMVC/CompletingAllItems/Sync": 91.53289630133105,
  "EmberJS-TodoMVC/CompletingAllItems/total": 117.17029316837075,
  "EmberJS-TodoMVC/DeletingItems/Async": 3.200572872465483,
  "EmberJS-TodoMVC/DeletingItems/Sync": 68.36967404056398,
  "EmberJS-TodoMVC/DeletingItems/total": 71.57515037588765,
  "EmberJS-TodoMVC/total": 364.2080072091122,
  "Flight-TodoMVC/Adding100Items/Async": 32.326344257315355,
  "Flight-TodoMVC/Adding100Items/Sync": 79.25220210033797,
  "Flight-TodoMVC/Adding100Items/total": 111.58772271560905,
  "Flight-TodoMVC/CompletingAllItems/Async": 24.478253017810413,
  "Flight-TodoMVC/CompletingAllItems/Sync": 86.72373417806546,
  "Flight-TodoMVC/CompletingAllItems/total": 111.20599922298085,
  "Flight-TodoMVC/DeletingItems/Async": 2.798237984015179,
  "Flight-TodoMVC/DeletingItems/Sync": 69.54210903613401,
  "Flight-TodoMVC/DeletingItems/total": 72.34220142678919,
  "Flight-TodoMVC/total": 295.1397231750866,
  "Inferno-TodoMVC/Adding100Items/Async": 38.81271656180514,
  "Inferno-TodoMVC/Adding100Items/Sync": 48.627110587199454,
  "Inferno-TodoMVC/Adding100Items/total": 88.94989208825334,
  "Inferno-TodoMVC/CompletingAllItems/Async": 8.343575737853085,
  "Inferno-TodoMVC/CompletingAllItems/Sync": 94.64674378639782,
  "Inferno-TodoMVC/CompletingAllItems/total": 103.441727956312,
  "Inferno-TodoMVC/DeletingItems/Async": 3.9431623452975044,
  "Inferno-TodoMVC/DeletingItems/Sync": 219.60246096498736,
  "Inferno-TodoMVC/DeletingItems/total": 223.8831316260123,
  "Inferno-TodoMVC/total": 423.9002444941763,
  "Preact-TodoMVC/Adding100Items/Async": 36.87623002197836,
  "Preact-TodoMVC/Adding100Items/Sync": 4.876222844595316,
  "Preact-TodoMVC/Adding100Items/total": 41.757457651201804,
  "Preact-TodoMVC/CompletingAllItems/Async": 16.380073902891617,
  "Preact-TodoMVC/CompletingAllItems/Sync": 3.142059572450871,
  "Preact-TodoMVC/CompletingAllItems/total": 19.53279210114014,
  "Preact-TodoMVC/DeletingItems/Async": 4.686262785750056,
  "Preact-TodoMVC/DeletingItems/Sync": 1.6960063983498106,
  "Preact-TodoMVC/DeletingItems/total": 6.389888551903137,
  "Preact-TodoMVC/total": 67.74850643039723,
  "React-Redux-TodoMVC/Adding100Items/Async": 34.14471249862065,
  "React-Redux-TodoMVC/Adding100Items/Sync": 139.32477712490407,
  "React-Redux-TodoMVC/Adding100Items/total": 173.76900389827009,
  "React-Redux-TodoMVC/CompletingAllItems/Async": 26.234041694131808,
  "React-Redux-TodoMVC/CompletingAllItems/Sync": 143.95372217258242,
  "React-Redux-TodoMVC/CompletingAllItems/total": 170.4415022032025,
  "React-Redux-TodoMVC/DeletingItems/Async": 4.585558728215744,
  "React-Redux-TodoMVC/DeletingItems/Sync": 88.24519046406043,
  "React-Redux-TodoMVC/DeletingItems/total": 93.27801389042082,
  "React-Redux-TodoMVC/total": 441.0948974698501,
  "React-TodoMVC/Adding100Items/Async": 34.52608926036219,
  "React-TodoMVC/Adding100Items/Sync": 103.94850255090469,
  "React-TodoMVC/Adding100Items/total": 138.4935215180317,
  "React-TodoMVC/CompletingAllItems/Async": 27.08594845955859,
  "React-TodoMVC/CompletingAllItems/Sync": 78.26075840489241,
  "React-TodoMVC/CompletingAllItems/total": 106.61324914407764,
  "React-TodoMVC/DeletingAllItems/Async": 3.538295087624145,
  "React-TodoMVC/DeletingAllItems/Sync": 46.344111549911155,
  "React-TodoMVC/DeletingAllItems/total": 50.42319867924153,
  "React-TodoMVC/total": 300.5733069173202,
  "Vanilla-ES2015-Babel-Webpack-TodoMVC/Adding100Items/Async": 34.266927898833515,
  "Vanilla-ES2015-Babel-Webpack-TodoMVC/Adding100Items/Sync": 296.5228328891043,
  "Vanilla-ES2015-Babel-Webpack-TodoMVC/Adding100Items/total": 330.7920652564675,
  "Vanilla-ES2015-Babel-Webpack-TodoMVC/CompletingAllItems/Async": 26.242871592469697,
  "Vanilla-ES2015-Babel-Webpack-TodoMVC/CompletingAllItems/Sync": 62.34408226671608,
  "Vanilla-ES2015-Babel-Webpack-TodoMVC/CompletingAllItems/total": 88.60526696311427,
  "Vanilla-ES2015-Babel-Webpack-TodoMVC/DeletingItems/Async": 2.8208747245672114,
  "Vanilla-ES2015-Babel-Webpack-TodoMVC/DeletingItems/Sync": 39.57786241969044,
  "Vanilla-ES2015-Babel-Webpack-TodoMVC/DeletingItems/total": 42.406332674947315,
  "Vanilla-ES2015-Babel-Webpack-TodoMVC/total": 461.81014639832233,
  "Vanilla-ES2015-TodoMVC/Adding100Items/Async": 34.78111120296041,
  "Vanilla-ES2015-TodoMVC/Adding100Items/Sync": 303.27435820972926,
  "Vanilla-ES2015-TodoMVC/Adding100Items/total": 338.2108106031844,
  "Vanilla-ES2015-TodoMVC/CompletingAllItems/Async": 26.528691569023522,