{
  "browser-setup": 3.998834,
  "browser-tear_down": 0.29878,
  "probes-creation": 0.000127,
  "probes-setup": 0.0001,
  "probes-start": 5.7e-05,
  "run": 135.109692,
  "runner-cooldown": 2.002051
}