{
  "Angular2-TypeScript-TodoMVC/Adding100Items/Async": 38.25271837661363,
  "Angular2-TypeScript-TodoMVC/Adding100Items/Sync": 59.48245109618501,
  "Angular2-TypeScript-TodoMVC/Adding100Items/total": 97.78446836374243,
  "Angular2-TypeScript-TodoMVC/CompletingAllItems/Async": 17.68283770198771,
  "Angular2-TypeScript-TodoMVC/CompletingAllItems/Sync": 10.065923226369375,
  "Angular2-TypeScript-TodoMVC/CompletingAllItems/total": 27.769184471779752,
  "Angular2-TypeScript-TodoMVC/DeletingItems/Async": 3.653333454455452,
  "Angular2-TypeScript-TodoMVC/DeletingItems/Sync": 18.216161723489588,
  "Angular2-TypeScript-TodoMVC/DeletingItems/total": 21.87672560570877,
  "Angular2-TypeScript-TodoMVC/total": 147.47846990837667,
  "AngularJS-TodoMVC/Adding100Items/Async": 51.86958776135364,
  "AngularJS-TodoMVC/Adding100Items/Sync": 273.2578128118228,
  "AngularJS-TodoMVC/Adding100Items/total": 325.6860078855707,
  "AngularJS-TodoMVC/CompletingAllItems/Async": 35.98133945894469,
  "AngularJS-TodoMVC/CompletingAllItems/Sync": 82.84151044823238,
  "AngularJS-TodoMVC/CompletingAllItems/total": 119.4007638039244,
  "AngularJS-TodoMVC/DeletingAllItems/Async": 17.789703259271302,
  "AngularJS-TodoMVC/DeletingAllItems/Sync": 243.16661388429546,
  "AngularJS-TodoMVC/DeletingAllItems/total": 261.26513775665404,
  "AngularJS-TodoMVC/total": 707.2219341076367,
  "BackboneJS-TodoMVC/Adding100Items/Async": 45.43848503311619,
  "BackboneJS-TodoMVC/Adding100Items/Sync": 97.43336634453453,
  "BackboneJS-TodoMVC/Adding100Items/total": 143.19916008055293,
  "BackboneJS-TodoMVC/CompletingAllItems/Async": 33.89718468611367,
  "BackboneJS-TodoMVC/CompletingAllItems/Sync": 55.307104844885096,
  "BackboneJS-TodoMVC/CompletingAllItems/total": 89.2964644403357,
  "BackboneJS-TodoMVC/DeletingAllItems/Async": 4.730571052281348,
  "BackboneJS-TodoMVC/DeletingAllItems/Sync": 30.59975976022251,
  "BackboneJS-TodoMVC/DeletingAllItems/total": 35.33614050885677,
  "BackboneJS-TodoMVC/total": 267.9899467631952,
  "Elm-TodoMVC/Adding100Items/Async": 51.22598646469289,
  "Elm-TodoMVC/Adding100Items/Sync": 152.9038463154188,
  "Elm-TodoMVC/Adding100Items/total": 204.2139610967406,
  "Elm-TodoMVC/CompletingAllItems/Async": 38.75188278889694,
  "Elm-TodoMVC/CompletingAllItems/Sync": 166.97754109962415,
  "Elm-TodoMVC/CompletingAllItems/total": 213.95915505462892,
  "Elm-TodoMVC/DeletingItems/Async": 12.266702720507892,
  "Elm-TodoMVC/DeletingItems/Sync": 255.237335486044,
  "Elm-TodoMVC/DeletingItems/total": 273.77587223750095,
  "Elm-TodoMVC/total": 773.2015003808881,
  "EmberJS-Debug-TodoMVC/Adding100Items/Async": 45.82644220725788,
  "EmberJS-Debug-TodoMVC/Adding100Items/Sync": 589.0689413653853,
  "EmberJS-Debug-TodoMVC/Adding100Items/total": 634.9770447957693,
  "EmberJS-Debug-TodoMVC/CompletingAllItems/Async": 31.963901994635783,
  "EmberJS-Debug-TodoMVC/CompletingAllItems/Sync": 359.14365030919095,
  "EmberJS-Debug-TodoMVC/CompletingAllItems/total": 391.13077855386746,
  "EmberJS-Debug-TodoMVC/DeletingItems/Async": 4.785543827564193,
  "EmberJS-Debug-TodoMVC/DeletingItems/Sync": 383.5834024840717,
  "EmberJS-Debug-TodoMVC/DeletingItems/total": 388.39646050967525,
  "EmberJS-Debug-TodoMVC/total": 1414.9526622387457,
  "EmberJS-TodoMVC/Adding100Items/Async": 42.875894149185235,
  "EmberJS-TodoMVC/Adding100Items/Sync": 220.2894380435855,
  "EmberJS-TodoMVC/Adding100Items/total": 263.2241232721018,
  "EmberJS-TodoMVC/CompletingAllItems/Async": 35.301676033643524,
  "EmberJS-TodoMVC/CompletingAllItems/Sync": 122.54701091413871,
  "EmberJS-TodoMVC/CompletingAllItems/total": 157.94055656467998,
  "EmberJS-TodoMVC/DeletingItems/Async": 5.274687983420651,
  "EmberJS-TodoMVC/DeletingItems/Sync": 89.02726488874906,
  "EmberJS-TodoMVC/DeletingItems/total": 94.60295288813421,
  "EmberJS-TodoMVC/total": 517.3020312749674,
  "Flight-TodoMVC/Adding100Items/Async": 40.61424707879623,
  "Flight-TodoMVC/Adding100Items/Sync": 111.38589142504945,
  "Flight-TodoMVC/Adding100Items/total": 152.1467995904119,
  "Flight-TodoMVC/CompletingAllItems/Async": 32.53041353318433,
  "Flight-TodoMVC/CompletingAllItems/Sync": 119.36744487531313,
  "Flight-TodoMVC/CompletingAllItems/total": 151.9772818386993,
  "Flight-TodoMVC/DeletingItems/Async": 5.056672681839696,
  "Flight-TodoMVC/DeletingItems/Sync": 104.61848614974193,
  "Flight-TodoMVC/DeletingItems/total": 110.03463912941726,
  "Flight-TodoMVC/total": 414.272442659399,
  "Inferno-TodoMVC/Adding100Items/Async": 44.96429672181536,
  "Inferno-TodoMVC/Adding100Items/Sync": 54.31578029442001,
  "Inferno-TodoMVC/Adding100Items/total": 99.51575058629133,
  "Inferno-TodoMVC/CompletingAllItems/Async": 9.43122144092673,
  "Inferno-TodoMVC/CompletingAllItems/Sync": 119.10934979522588,
  "Inferno-TodoMVC/CompletingAllItems/total": 128.85101497381388,
  "Inferno-TodoMVC/DeletingItems/Async": 3.976358632444145,
  "Inferno-TodoMVC/DeletingItems/Sync": 241.11769616760873,
  "Inferno-TodoMVC/DeletingItems/total": 245.1361011363694,
  "Inferno-TodoMVC/total": 473.80992354801515,
  "Preact-TodoMVC/Adding100Items/Async": 57.60648729896495,
  "Preact-TodoMVC/Adding100Items/Sync": 9.18613791457169,
  "Preact-TodoMVC/Adding100Items/total": 66.84385226077201,
  "Preact-TodoMVC/CompletingAllItems/Async": 26.08774482428356,
  "Preact-TodoMVC/CompletingAllItems/Sync": 3.8050958200820775,
  "Preact-TodoMVC/CompletingAllItems/total": 29.99651096889395,
  "Preact-TodoMVC/DeletingItems/Async": 7.467157847035941,
  "Preact-TodoMVC/DeletingItems/Sync": 2.0617548701605357,
  "Preact-TodoMVC/DeletingItems/total": 9.54239166457398,
  "Preact-TodoMVC/total": 107.43203333726659,
  "React-Redux-TodoMVC/Adding100Items/Async": 43.02351342238765,
  "React-Redux-TodoMVC/Adding100Items/Sync": 192.24544435364123,
  "React-Redux-TodoMVC/Adding100Items/total": 235.34649275719735,
  "React-Redux-TodoMVC/CompletingAllItems/Async": 31.409538503139093,
  "React-Redux-TodoMVC/CompletingAllItems/Sync": 172.69731217743276,
  "React-Redux-TodoMVC/CompletingAllItems/total": 204.1249325182673,
  "React-Redux-TodoMVC/DeletingItems/Async": 4.73454255005843,
  "React-Redux-TodoMVC/DeletingItems/Sync": 113.31367017419649,
  "React-Redux-TodoMVC/DeletingItems/total": 118.09363096341005,
  "React-Redux-TodoMVC/total": 557.7062506917422,
  "React-TodoMVC/Adding100Items/Async": 42.50157035192276,
  "React-TodoMVC/Adding100Items/Sync": 152.36228919792316,
  "React-TodoMVC/Adding100Items/total": 195.02888298907422,
  "React-TodoMVC/CompletingAllItems/Async": 32.32737723699238,
  "React-TodoMVC/CompletingAllItems/Sync": 86.60523987159718,
  "React-TodoMVC/CompletingAllItems/total": 119.00607624394033,
  "React-TodoMVC/DeletingAllItems/Async": 4.015813232792338,
  "React-TodoMVC/DeletingAllItems/Sync": 55.787847061570446,
  "React-TodoMVC/DeletingAllItems/total": 59.85100944620724,
  "React-TodoMVC/total": 374.133668546032,
  "Vanilla-ES2015-Babel-Webpack-TodoMVC/Adding100Items/Async": 38.72321107114745,
  "Vanilla-ES2015-Babel-Webpack-TodoMVC/Adding100Items/Sync": 336.5430436520599,
  "Vanilla-ES2015-Babel-Webpack-TodoMVC/Adding100Items/total": 375.3140250039051,
  "Vanilla-ES2015-Babel-Webpack-TodoMVC/CompletingAllItems/Async": 32.03032179739082,
  "Vanilla-ES2015-Babel-Webpack-TodoMVC/CompletingAllItems/Sync": 78.47640760690402,
  "Vanilla-ES2015-Babel-Webpack-TodoMVC/CompletingAllItems/total": 110.58848384610519,
  "Vanilla-ES2015-Babel-Webpack-TodoMVC/DeletingItems/Async": 4.255705539791176,
  "Vanilla-ES2015-Babel-Webpack-TodoMVC/DeletingItems/Sync": 51.20016366017065,
  "Vanilla-ES2015-Babel-Webpack-TodoMVC/DeletingItems/total": 55.47047928642186,
  "Vanilla-ES2015-Babel-Webpack-TodoMVC/total": 541.5147589682066,
  "Vanilla-ES2015-TodoMVC/Adding100Items/Async": 38.1140770542924,
  "Vanilla-ES2015-TodoMVC/Adding100Items/Sync": 346.0471676062363,
  "Vanilla-ES2015-TodoMVC/Adding100Items/total": 384.19045033826796,
  "Vanilla-ES2015-TodoMVC/CompletingAllItems/Async": 30.941843968201038,