{
  "browser-setup": 3.298884,
  "browser-tear_down": 0.277944,
  "probes-creation": 0.000232,
  "probes-setup": 0.000306,
  "probes-start": 7.9e-05,
  "run": 109.475222,
  "runner-cooldown": 2.002417
}