{
  "Angular2-TypeScript-TodoMVC/Adding100Items/Async": 31.709575453218747,
  "Angular2-TypeScript-TodoMVC/Adding100Items/Sync": 42.19876163928642,
  "Angular2-TypeScript-TodoMVC/Adding100Items/total": 73.95165767023772,
  "Angular2-TypeScript-TodoMVC/CompletingAllItems/Async": 12.57827550298066,
  "Angular2-TypeScript-TodoMVC/CompletingAllItems/Sync": 8.437169831909747,
  "Angular2-TypeScript-TodoMVC/CompletingAllItems/total": 21.017389554167867,
  "Angular2-TypeScript-TodoMVC/DeletingItems/Async": 3.779144600613356,
  "Angular2-TypeScript-TodoMVC/DeletingItems/Sync": 16.309705372249805,
  "Angular2-TypeScript-TodoMVC/DeletingItems/total": 21.885219922249256,
  "Angular2-TypeScript-TodoMVC/total": 118.7202607986852,
  "AngularJS-TodoMVC/Adding100Items/Async": 41.083508887839784,
  "AngularJS-TodoMVC/Adding100Items/Sync": 154.5980989774662,
  "AngularJS-TodoMVC/Adding100Items/total": 195.69303265549036,
  "AngularJS-TodoMVC/CompletingAllItems/Async": 23.849501025630424,
  "AngularJS-TodoMVC/CompletingAllItems/Sync": 54.51824348509069,
  "AngularJS-TodoMVC/CompletingAllItems/total": 78.47071221259925,
  "AngularJS-TodoMVC/DeletingAllItems/Async": 15.919579535160592,
  "AngularJS-TodoMVC/DeletingAllItems/Sync": 158.63319384187994,
  "AngularJS-TodoMVC/DeletingAllItems/total": 174.60378553094486,
  "AngularJS-TodoMVC/total": 448.8377633330527,
  "BackboneJS-TodoMVC/Adding100Items/Async": 41.833401589137225,
  "BackboneJS-TodoMVC/Adding100Items/Sync": 56.24418280398229,
  "BackboneJS-TodoMVC/Adding100Items/total": 98.33451498244303,
  "BackboneJS-TodoMVC/CompletingAllItems/Async": 30.7093218299642,
  "BackboneJS-TodoMVC/CompletingAllItems/Sync": 36.8268539703601,
  "BackboneJS-TodoMVC/CompletingAllItems/total": 67.66381273266433,
  "BackboneJS-TodoMVC/DeletingAllItems/Async": 4.854456807604204,
  "BackboneJS-TodoMVC/DeletingAllItems/Sync": 25.423508194640693,
  "BackboneJS-TodoMVC/DeletingAllItems/total": 30.833071779429446,
  "BackboneJS-TodoMVC/total": 197.0331702611142,
  "Elm-TodoMVC/Adding100Items/Async": 47.356590830717764,
  "Elm-TodoMVC/Adding100Items/Sync": 85.5772915854497,
  "Elm-TodoMVC/Adding100Items/total": 133.00185475743837,
  "Elm-TodoMVC/CompletingAllItems/Async": 29.443845345659756,
  "Elm-TodoMVC/CompletingAllItems/Sync": 81.5762849572559,
  "Elm-TodoMVC/CompletingAllItems/total": 111.07995761653922,
  "Elm-TodoMVC/DeletingItems/Async": 9.18289004654008,
  "Elm-TodoMVC/DeletingItems/Sync": 99.35999572995067,
  "Elm-TodoMVC/DeletingItems/total": 108.6442920496023,
  "Elm-TodoMVC/total": 352.76949242821735,
  "EmberJS-Debug-TodoMVC/Adding100Items/Async": 45.125745280900695,
  "EmberJS-Debug-TodoMVC/Adding100Items/Sync": 741.5101018980608,
  "EmberJS-Debug-TodoMVC/Adding100Items/total": 787.2241191966691,
  "EmberJS-Debug-TodoMVC/CompletingAllItems/Async": 32.28026769999421,
  "EmberJS-Debug-TodoMVC/CompletingAllItems/Sync": 301.6761559412335,
  "EmberJS-Debug-TodoMVC/CompletingAllItems/total": 334.08242863590056,
  "EmberJS-Debug-TodoMVC/DeletingItems/Async": 12.355362323134138,
  "EmberJS-Debug-TodoMVC/DeletingItems/Sync": 283.4475942874619,
  "EmberJS-Debug-TodoMVC/DeletingItems/total": 300.9466842618677,
  "EmberJS-Debug-TodoMVC/total": 1427.8075635290218,
  "EmberJS-TodoMVC/Adding100Items/Async": 33.8279009992305,
  "EmberJS-TodoMVC/Adding100Items/Sync": 153.46228166988584,
  "EmberJS-TodoMVC/Adding100Items/total": 187.43171492583468,
  "EmberJS-TodoMVC/CompletingAllItems/Async": 28.162511359185928,
  "EmberJS-TodoMVC/CompletingAllItems/Sync": 106.37980859110137,
  "EmberJS-TodoMVC/CompletingAllItems/total": 134.8411983034346,
  "EmberJS-TodoMVC/DeletingItems/Async": 3.7803534875338465,
  "EmberJS-TodoMVC/DeletingItems/Sync": 71.84114875292003,
  "EmberJS-TodoMVC/DeletingItems/total": 75.70404717396315,
  "EmberJS-TodoMVC/total": 399.0079386672427,
  "Flight-TodoMVC/Adding100Items/Async": 32.90900050863224,
  "Flight-TodoMVC/Adding100Items/Sync": 76.73271460570858,
  "Flight-TodoMVC/Adding100Items/total": 109.65886894485271,
  "Flight-TodoMVC/CompletingAllItems/Async": 24.45470158597657,
  "Flight-TodoMVC/CompletingAllItems/Sync": 83.79276956492504,
  "Flight-TodoMVC/CompletingAllItems/total": 108.25091335104129,
  "Flight-TodoMVC/DeletingItems/Async": 3.4960170677395888,
  "Flight-TodoMVC/DeletingItems/Sync": 69.36634618337813,
  "Flight-TodoMVC/DeletingItems/total": 72.92133750720195,
  "Flight-TodoMVC/total": 290.84755780757484,
  "Inferno-TodoMVC/Adding100Items/Async": 37.633899329693214,
  "Inferno-TodoMVC/Adding100Items/Sync": 42.535263037305306,
  "Inferno-TodoMVC/Adding100Items/total": 80.26860175115888,
  "Inferno-TodoMVC/CompletingAllItems/Async": 6.2823278593361085,
  "Inferno-TodoMVC/CompletingAllItems/Sync": 83.9581122415436,
  "Inferno-TodoMVC/CompletingAllItems/total": 90.24744159293435,
  "Inferno-TodoMVC/DeletingItems/Async": 3.2318150814143474,
  "Inferno-TodoMVC/DeletingItems/Sync": 200.76690724627053,
  "Inferno-TodoMVC/DeletingItems/total": 204.02370632560803,
  "Inferno-TodoMVC/total": 374.6454744848713,
  "Preact-TodoMVC/Adding100Items/Async": 37.18573151317687,
  "Preact-TodoMVC/Adding100Items/Sync": 4.784290633249997,
  "Preact-TodoMVC/Adding100Items/total": 41.97536286475585,
  "Preact-TodoMVC/CompletingAllItems/Async": 16.05491853294217,
  "Preact-TodoMVC/CompletingAllItems/Sync": 2.9136169170094313,
  "Preact-TodoMVC/CompletingAllItems/total": 18.97326960863239,
  "Preact-TodoMVC/DeletingItems/Async": 4.317476673482534,
  "Preact-TodoMVC/DeletingItems/Sync": 1.5713226878067625,
  "Preact-TodoMVC/DeletingItems/total": 5.901811516831974,
  "Preact-TodoMVC/total": 66.86425105679393,
  "React-Redux-TodoMVC/Adding100Items/Async": 33.02179363008499,
  "React-Redux-TodoMVC/Adding100Items/Sync": 137.81563393081083,
  "React-Redux-TodoMVC/Adding100Items/total": 171.01741823825031,
  "React-Redux-TodoMVC/CompletingAllItems/Async": 27.108193392941008,
  "React-Redux-TodoMVC/CompletingAllItems/Sync": 143.36218978103096,
  "React-Redux-TodoMVC/CompletingAllItems/total": 170.738379969105,
  "React-Redux-TodoMVC/DeletingItems/Async": 3.6371925998625696,
  "React-Redux-TodoMVC/DeletingItems/Sync": 101.34808860518295,
  "React-Redux-TodoMVC/DeletingItems/total": 105.12286961118745,
  "React-Redux-TodoMVC/total": 448.55027660082357,
  "React-TodoMVC/Adding100Items/Async": 35.16302369650653,
  "React-TodoMVC/Adding100Items/Sync": 109.1073371827884,
  "React-TodoMVC/Adding100Items/total": 144.48677032114438,
  "React-TodoMVC/CompletingAllItems/Async": 27.55621958771085,
  "React-TodoMVC/CompletingAllItems/Sync": 63.45423395121722,
  "React-TodoMVC/CompletingAllItems/total": 91.02635877408598,
  "React-TodoMVC/DeletingAllItems/Async": 2.888211103032326,
  "React-TodoMVC/DeletingAllItems/Sync": 46.22712441727207,
  "React-TodoMVC/DeletingAllItems/total": 49.13898695267943,
  "React-TodoMVC/total": 284.8124214072299,
  "Vanilla-ES2015-Babel-Webpack-TodoMVC/Adding100Items/Async": 34.79240226644536,
  "Vanilla-ES2015-Babel-Webpack-TodoMVC/Adding100Items/Sync": 290.8694348142474,
  "Vanilla-ES2015-Babel-Webpack-TodoMVC/Adding100Items/total": 325.7343709396871,
  "Vanilla-ES2015-Babel-Webpack-TodoMVC/CompletingAllItems/Async": 26.245622188085473,
  "Vanilla-ES2015-Babel-Webpack-TodoMVC/CompletingAllItems/Sync": 64.09854845950339,
  "Vanilla-ES2015-Babel-Webpack-TodoMVC/CompletingAllItems/total": 90.3848801536223,
  "Vanilla-ES2015-Babel-Webpack-TodoMVC/DeletingItems/Async": 3.3798838601825363,
  "Vanilla-ES2015-Babel-Webpack-TodoMVC/DeletingItems/Sync": 40.309751006310435,
  "Vanilla-ES2015-Babel-Webpack-TodoMVC/DeletingItems/total": 43.728753580577184,
  "Vanilla-ES2015-Babel-Webpack-TodoMVC/total": 459.87002884817707,
  "Vanilla-ES2015-TodoMVC/Adding100Items/Async": 35.50086022920496,
  "Vanilla-ES2015-TodoMVC/Adding100Items/Sync": 296.91352217702075,
  "Vanilla-ES2015-TodoMVC/Adding100Items/total": 332.4910546462348,
  "Vanilla-ES2015-TodoMVC/CompletingAllItems/Async": 26.453630078145235,