{
  "browser-setup": 3.738085,
  "browser-tear_down": 0.276905,
  "probes-creation": 0.000219,
  "probes-setup": 0.00031,
  "probes-start": 8.3e-05,
  "run": 106.945572,
  "runner-cooldown": 2.002442
}