{
  "Angular2-TypeScript-TodoMVC/Adding100Items/Async": 31.582990077834076,
  "Angular2-TypeScript-TodoMVC/Adding100Items/Sync": 42.29931548180047,
  "Angular2-TypeScript-TodoMVC/Adding100Items/total": 73.91839557694779,
  "Angular2-TypeScript-TodoMVC/CompletingAllItems/Async": 12.714113270109165,
  "Angular2-TypeScript-TodoMVC/CompletingAllItems/Sync": 8.513886560957301,
  "Angular2-TypeScript-TodoMVC/CompletingAllItems/total": 21.230598358001455,
  "Angular2-TypeScript-TodoMVC/DeletingItems/Async": 2.7366569269201424,
  "Angular2-TypeScript-TodoMVC/DeletingItems/Sync": 16.321689341778235,
  "Angular2-TypeScript-TodoMVC/DeletingItems/total": 19.070099266760135,
  "Angular2-TypeScript-TodoMVC/total": 114.22898635012017,
  "AngularJS-TodoMVC/Adding100Items/Async": 40.92911988740149,
  "AngularJS-TodoMVC/Adding100Items/Sync": 150.31227404308257,
  "AngularJS-TodoMVC/Adding100Items/total": 191.25188173784662,
  "AngularJS-TodoMVC/CompletingAllItems/Async": 23.95043162353959,
  "AngularJS-TodoMVC/CompletingAllItems/Sync": 53.733562421646134,
  "AngularJS-TodoMVC/CompletingAllItems/total": 77.8389458210713,
  "AngularJS-TodoMVC/DeletingAllItems/Async": 15.606092122341941,
  "AngularJS-TodoMVC/DeletingAllItems/Sync": 175.9249830803037,
  "AngularJS-TodoMVC/DeletingAllItems/total": 191.58028904306968,
  "AngularJS-TodoMVC/total": 463.3138169216648,
  "BackboneJS-TodoMVC/Adding100Items/Async": 36.91090207205085,
  "BackboneJS-TodoMVC/Adding100Items/Sync": 55.33589949933044,
  "BackboneJS-TodoMVC/Adding100Items/total": 92.28467480196728,
  "BackboneJS-TodoMVC/CompletingAllItems/Async": 27.535112219560332,
  "BackboneJS-TodoMVC/CompletingAllItems/Sync": 37.353878577087436,
  "BackboneJS-TodoMVC/CompletingAllItems/total": 64.89091999352269,
  "BackboneJS-TodoMVC/DeletingAllItems/Async": 3.3884931703623256,
  "BackboneJS-TodoMVC/DeletingAllItems/Sync": 25.50994551881495,
  "BackboneJS-TodoMVC/DeletingAllItems/total": 28.913110670671557,
  "BackboneJS-TodoMVC/total": 186.12296011595782,
  "Elm-TodoMVC/Adding100Items/Async": 46.51910223413289,
  "Elm-TodoMVC/Adding100Items/Sync": 92.65459028023096,
  "Elm-TodoMVC/Adding100Items/total": 139.9205398325373,
  "Elm-TodoMVC/CompletingAllItems/Async": 30.8798987664761,
  "Elm-TodoMVC/CompletingAllItems/Sync": 99.93577961421646,
  "Elm-TodoMVC/CompletingAllItems/total": 131.76314048667703,
  "Elm-TodoMVC/DeletingItems/Async": 9.068709856344624,
  "Elm-TodoMVC/DeletingItems/Sync": 98.48092038469161,
  "Elm-TodoMVC/DeletingItems/total": 107.81002052738802,
  "Elm-TodoMVC/total": 385.73344465884344,
  "EmberJS-Debug-TodoMVC/Adding100Items/Async": 39.4222688368886,
  "EmberJS-Debug-TodoMVC/Adding100Items/Sync": 416.03649379848645,
  "EmberJS-Debug-TodoMVC/Adding100Items/total": 455.49955018993603,
  "EmberJS-Debug-TodoMVC/CompletingAllItems/Async": 27.715451423081653,
  "EmberJS-Debug-TodoMVC/CompletingAllItems/Sync": 276.0338152369869,
  "EmberJS-Debug-TodoMVC/CompletingAllItems/total": 304.3067417027309,
  "EmberJS-Debug-TodoMVC/DeletingItems/Async": 5.993097025060094,
  "EmberJS-Debug-TodoMVC/DeletingItems/Sync": 294.57512964783007,
  "EmberJS-Debug-TodoMVC/DeletingItems/total": 301.5981910182363,
  "EmberJS-Debug-TodoMVC/total": 1066.0628949370814,
  "EmberJS-TodoMVC/Adding100Items/Async": 34.01206997038029,
  "EmberJS-TodoMVC/Adding100Items/Sync": 139.71130533893594,
  "EmberJS-TodoMVC/Adding100Items/total": 173.74246494989643,
  "EmberJS-TodoMVC/CompletingAllItems/Async": 25.56724068934944,
  "EmberJS-TodoMVC/CompletingAllItems/Sync": 93.43577679871213,
  "EmberJS-TodoMVC/CompletingAllItems/total": 119.00973812421742,
  "EmberJS-TodoMVC/DeletingItems/Async": 2.8474539638088214,
  "EmberJS-TodoMVC/DeletingItems/Sync": 62.15571907727849,
  "EmberJS-TodoMVC/DeletingItems/total": 65.0066032344916,
  "EmberJS-TodoMVC/total": 357.88605658359364,
  "Flight-TodoMVC/Adding100Items/Async": 32.57595338825524,
  "Flight-TodoMVC/Adding100Items/Sync": 77.86150882674764,
  "Flight-TodoMVC/Adding100Items/total": 110.44324753360192,
  "Flight-TodoMVC/CompletingAllItems/Async": 24.78239972220426,
  "Flight-TodoMVC/CompletingAllItems/Sync": 85.34229348013436,
  "Flight-TodoMVC/CompletingAllItems/total": 110.12575103113541,
  "Flight-TodoMVC/DeletingItems/Async": 2.7484663411347405,
  "Flight-TodoMVC/DeletingItems/Sync": 69.19316452095937,
  "Flight-TodoMVC/DeletingItems/total": 71.94272493112761,
  "Flight-TodoMVC/total": 292.51499536282597,
  "Inferno-TodoMVC/Adding100Items/Async": 38.33174841625523,
  "Inferno-TodoMVC/Adding100Items/Sync": 42.37653729022011,
  "Inferno-TodoMVC/Adding100Items/total": 80.80029853055342,
  "Inferno-TodoMVC/CompletingAllItems/Async": 6.95129822752539,
  "Inferno-TodoMVC/CompletingAllItems/Sync": 85.1550982868669,
  "Inferno-TodoMVC/CompletingAllItems/total": 92.50811269047544,
  "Inferno-TodoMVC/DeletingItems/Async": 2.7870825506330545,
  "Inferno-TodoMVC/DeletingItems/Sync": 204.7387043503227,
  "Inferno-TodoMVC/DeletingItems/total": 207.52828567169254,
  "Inferno-TodoMVC/total": 380.9524860063532,
  "Preact-TodoMVC/Adding100Items/Async": 36.83211224236162,
  "Preact-TodoMVC/Adding100Items/Sync": 4.9228833761163076,
  "Preact-TodoMVC/Adding100Items/total": 41.76463010724522,
  "Preact-TodoMVC/CompletingAllItems/Async": 16.107307496055633,
  "Preact-TodoMVC/CompletingAllItems/Sync": 2.9503851441712112,
  "Preact-TodoMVC/CompletingAllItems/total": 19.064028074011432,
  "Preact-TodoMVC/DeletingItems/Async": 4.202790334132372,
  "Preact-TodoMVC/DeletingItems/Sync": 1.5948971462555817,
  "Preact-TodoMVC/DeletingItems/total": 5.802141032109895,
  "Preact-TodoMVC/total": 66.6393945603551,
  "React-Redux-TodoMVC/Adding100Items/Async": 34.48450131448684,
  "React-Redux-TodoMVC/Adding100Items/Sync": 127.95448390461468,
  "React-Redux-TodoMVC/Adding100Items/total": 162.57788907068488,
  "React-Redux-TodoMVC/CompletingAllItems/Async": 26.69315409852524,
  "React-Redux-TodoMVC/CompletingAllItems/Sync": 150.2100391536876,
  "React-Redux-TodoMVC/CompletingAllItems/total": 177.26590258978297,
  "React-Redux-TodoMVC/DeletingItems/Async": 4.647004090689295,
  "React-Redux-TodoMVC/DeletingItems/Sync": 89.53753926099795,
  "React-Redux-TodoMVC/DeletingItems/total": 95.1338455890981,
  "React-Redux-TodoMVC/total": 438.0480573432371,
  "React-TodoMVC/Adding100Items/Async": 34.876220611883504,
  "React-TodoMVC/Adding100Items/Sync": 105.15332290013762,
  "React-TodoMVC/Adding100Items/total": 140.04205288590424,
  "React-TodoMVC/CompletingAllItems/Async": 26.49816719952701,
  "React-TodoMVC/CompletingAllItems/Sync": 70.52408336822224,
  "React-TodoMVC/CompletingAllItems/total": 97.58021540619339,
  "React-TodoMVC/DeletingAllItems/Async": 3.0931387991720958,
  "React-TodoMVC/DeletingAllItems/Sync": 45.548150135473996,
  "React-TodoMVC/DeletingAllItems/total": 48.84092407109501,
  "React-TodoMVC/total": 289.13975002023705,
  "Vanilla-ES2015-Babel-Webpack-TodoMVC/Adding100Items/Async": 35.19119000209613,
  "Vanilla-ES2015-Babel-Webpack-TodoMVC/Adding100Items/Sync": 303.1906247268404,
  "Vanilla-ES2015-Babel-Webpack-TodoMVC/Adding100Items/total": 338.50291097877334,
  "Vanilla-ES2015-Babel-Webpack-TodoMVC/CompletingAllItems/Async": 26.668537698331836,
  "Vanilla-ES2015-Babel-Webpack-TodoMVC/CompletingAllItems/Sync": 63.86809786950197,
  "Vanilla-ES2015-Babel-Webpack-TodoMVC/CompletingAllItems/total": 90.8718829197082,
  "Vanilla-ES2015-Babel-Webpack-TodoMVC/DeletingItems/Async": 3.1325241478961336,
  "Vanilla-ES2015-Babel-Webpack-TodoMVC/DeletingItems/Sync": 40.42691285417578,
  "Vanilla-ES2015-Babel-Webpack-TodoMVC/DeletingItems/total": 43.73947250937545,
  "Vanilla-ES2015-Babel-Webpack-TodoMVC/total": 473.49836971760084,
  "Vanilla-ES2015-TodoMVC/Adding100Items/Async": 34.823864026755714,
  "Vanilla-ES2015-TodoMVC/Adding100Items/Sync": 307.31241953645065,
  "Vanilla-ES2015-TodoMVC/Adding100Items/total": 342.1922418314007,
  "Vanilla-ES2015-TodoMVC/CompletingAllItems/Async": 26.634111315037767,