{
  "browser-setup": 4.008712,
  "browser-tear_down": 0.232501,
  "probes-creation": 0.00012,
  "probes-setup": 9.9e-05,
  "probes-start": 5.3e-05,
  "run": 126.669136,
  "runner-cooldown": 2.002048
}