{
  "browser-setup": 3.959835,
  "browser-tear_down": 0.2423,
  "probes-creation": 0.000135,
  "probes-setup": 0.0001,
  "probes-start": 5.6e-05,
  "run": 137.842312,
  "runner-cooldown": 2.00205
}