{
  "Angular2-TypeScript-TodoMVC/Adding100Items/Async": 37.9538010777399,
  "Angular2-TypeScript-TodoMVC/Adding100Items/Sync": 60.068344204471565,
  "Angular2-TypeScript-TodoMVC/Adding100Items/total": 98.069384493136,
  "Angular2-TypeScript-TodoMVC/CompletingAllItems/Async": 17.702862900581792,
  "Angular2-TypeScript-TodoMVC/CompletingAllItems/Sync": 10.197538566112096,
  "Angular2-TypeScript-TodoMVC/CompletingAllItems/total": 27.92071930725076,
  "Angular2-TypeScript-TodoMVC/DeletingItems/Async": 3.961387326993192,
  "Angular2-TypeScript-TodoMVC/DeletingItems/Sync": 19.445511408042062,
  "Angular2-TypeScript-TodoMVC/DeletingItems/total": 23.417217335470554,
  "Angular2-TypeScript-TodoMVC/total": 149.5908227187491,
  "AngularJS-TodoMVC/Adding100Items/Async": 53.68631053151461,
  "AngularJS-TodoMVC/Adding100Items/Sync": 282.8554227547137,
  "AngularJS-TodoMVC/Adding100Items/total": 337.1104066962804,
  "AngularJS-TodoMVC/CompletingAllItems/Async": 35.58870182468437,
  "AngularJS-TodoMVC/CompletingAllItems/Sync": 86.61627931024975,
  "AngularJS-TodoMVC/CompletingAllItems/total": 122.38950116650088,
  "AngularJS-TodoMVC/DeletingAllItems/Async": 17.559656926490106,
  "AngularJS-TodoMVC/DeletingAllItems/Sync": 245.46119683564143,
  "AngularJS-TodoMVC/DeletingAllItems/total": 263.26342377398043,
  "AngularJS-TodoMVC/total": 723.5376092675392,
  "BackboneJS-TodoMVC/Adding100Items/Async": 45.53769939136141,
  "BackboneJS-TodoMVC/Adding100Items/Sync": 109.48338782708612,
  "BackboneJS-TodoMVC/Adding100Items/total": 155.59973593325256,
  "BackboneJS-TodoMVC/CompletingAllItems/Async": 34.05628172725091,
  "BackboneJS-TodoMVC/CompletingAllItems/Sync": 59.33577630826015,
  "BackboneJS-TodoMVC/CompletingAllItems/total": 93.56541986037155,
  "BackboneJS-TodoMVC/DeletingAllItems/Async": 4.954526421416696,
  "BackboneJS-TodoMVC/DeletingAllItems/Sync": 31.000123849693118,
  "BackboneJS-TodoMVC/DeletingAllItems/total": 35.97926562008245,
  "BackboneJS-TodoMVC/total": 285.46899378545646,
  "Elm-TodoMVC/Adding100Items/Async": 51.98493625388883,
  "Elm-TodoMVC/Adding100Items/Sync": 146.66140780557646,
  "Elm-TodoMVC/Adding100Items/total": 198.72615947265848,
  "Elm-TodoMVC/CompletingAllItems/Async": 39.57809903018638,
  "Elm-TodoMVC/CompletingAllItems/Sync": 173.78167069196317,
  "Elm-TodoMVC/CompletingAllItems/total": 220.71929662928457,
  "Elm-TodoMVC/DeletingItems/Async": 11.114536593728273,
  "Elm-TodoMVC/DeletingItems/Sync": 312.870059538012,
  "Elm-TodoMVC/DeletingItems/total": 326.12684297782465,
  "Elm-TodoMVC/total": 838.9885315390427,
  "EmberJS-Debug-TodoMVC/Adding100Items/Async": 45.59089884751048,
  "EmberJS-Debug-TodoMVC/Adding100Items/Sync": 594.1496413698636,
  "EmberJS-Debug-TodoMVC/Adding100Items/total": 639.8303299439829,
  "EmberJS-Debug-TodoMVC/CompletingAllItems/Async": 32.180863390718955,
  "EmberJS-Debug-TodoMVC/CompletingAllItems/Sync": 361.1991073262354,
  "EmberJS-Debug-TodoMVC/CompletingAllItems/total": 393.4040105618897,
  "EmberJS-Debug-TodoMVC/DeletingItems/Async": 5.396959592905388,
  "EmberJS-Debug-TodoMVC/DeletingItems/Sync": 382.2825795752209,
  "EmberJS-Debug-TodoMVC/DeletingItems/total": 388.2054168857993,
  "EmberJS-Debug-TodoMVC/total": 1421.8040926396036,
  "EmberJS-TodoMVC/Adding100Items/Async": 42.875261722527256,
  "EmberJS-TodoMVC/Adding100Items/Sync": 223.65553031471956,
  "EmberJS-TodoMVC/Adding100Items/total": 266.71391136146394,
  "EmberJS-TodoMVC/CompletingAllItems/Async": 36.05213358880168,
  "EmberJS-TodoMVC/CompletingAllItems/Sync": 122.32447904822844,
  "EmberJS-TodoMVC/CompletingAllItems/total": 158.56772010915665,
  "EmberJS-TodoMVC/DeletingItems/Async": 4.707912896416651,
  "EmberJS-TodoMVC/DeletingItems/Sync": 82.62928355885337,
  "EmberJS-TodoMVC/DeletingItems/total": 87.41200759938143,
  "EmberJS-TodoMVC/total": 512.9871810577339,
  "Flight-TodoMVC/Adding100Items/Async": 40.762391288245475,
  "Flight-TodoMVC/Adding100Items/Sync": 116.89016081657323,
  "Flight-TodoMVC/Adding100Items/total": 157.96579910245367,
  "Flight-TodoMVC/CompletingAllItems/Async": 32.59947836876011,
  "Flight-TodoMVC/CompletingAllItems/Sync": 124.04025325711545,
  "Flight-TodoMVC/CompletingAllItems/total": 156.82434835561347,
  "Flight-TodoMVC/DeletingItems/Async": 5.151883065078655,
  "Flight-TodoMVC/DeletingItems/Sync": 108.8949681339699,
  "Flight-TodoMVC/DeletingItems/total": 114.49922135775947,
  "Flight-TodoMVC/total": 429.41091085846585,
  "Inferno-TodoMVC/Adding100Items/Async": 42.966419917813724,
  "Inferno-TodoMVC/Adding100Items/Sync": 54.77974117851187,
  "Inferno-TodoMVC/Adding100Items/total": 97.8809836684418,
  "Inferno-TodoMVC/CompletingAllItems/Async": 11.295048269265662,
  "Inferno-TodoMVC/CompletingAllItems/Sync": 115.10551704356608,
  "Inferno-TodoMVC/CompletingAllItems/total": 126.9224334679075,
  "Inferno-TodoMVC/DeletingItems/Async": 3.9092057673566325,
  "Inferno-TodoMVC/DeletingItems/Sync": 249.08018208101018,
  "Inferno-TodoMVC/DeletingItems/total": 253.00501407801684,
  "Inferno-TodoMVC/total": 477.9561580936476,
  "Preact-TodoMVC/Adding100Items/Async": 61.25013934373454,
  "Preact-TodoMVC/Adding100Items/Sync": 10.662474827937938,
  "Preact-TodoMVC/Adding100Items/total": 71.92812142754777,
  "Preact-TodoMVC/CompletingAllItems/Async": 26.313528451840195,
  "Preact-TodoMVC/CompletingAllItems/Sync": 3.923378993550279,
  "Preact-TodoMVC/CompletingAllItems/total": 30.30961524939147,
  "Preact-TodoMVC/DeletingItems/Async": 7.875882082495661,
  "Preact-TodoMVC/DeletingItems/Sync": 2.1648403326467287,
  "Preact-TodoMVC/DeletingItems/total": 10.043428685118228,
  "Preact-TodoMVC/total": 113.9140207179756,
  "React-Redux-TodoMVC/Adding100Items/Async": 41.792179380832614,
  "React-Redux-TodoMVC/Adding100Items/Sync": 206.51876526280938,
  "React-Redux-TodoMVC/Adding100Items/total": 248.47175493191617,
  "React-Redux-TodoMVC/CompletingAllItems/Async": 31.523361979353673,
  "React-Redux-TodoMVC/CompletingAllItems/Sync": 172.80353077727878,
  "React-Redux-TodoMVC/CompletingAllItems/total": 204.34629692457582,
  "React-Redux-TodoMVC/DeletingItems/Async": 4.3843280302659995,
  "React-Redux-TodoMVC/DeletingItems/Sync": 114.06964040587586,
  "React-Redux-TodoMVC/DeletingItems/total": 118.49369131725874,
  "React-Redux-TodoMVC/total": 571.5493143546763,
  "React-TodoMVC/Adding100Items/Async": 43.674135881143464,
  "React-TodoMVC/Adding100Items/Sync": 145.75433703314033,
  "React-TodoMVC/Adding100Items/total": 189.51655477979628,
  "React-TodoMVC/CompletingAllItems/Async": 32.6857678216873,
  "React-TodoMVC/CompletingAllItems/Sync": 84.6981375845289,
  "React-TodoMVC/CompletingAllItems/total": 117.41029573517899,
  "React-TodoMVC/DeletingAllItems/Async": 4.1875972403614306,
  "React-TodoMVC/DeletingAllItems/Sync": 56.00730092876049,
  "React-TodoMVC/DeletingAllItems/total": 60.249467199862465,
  "React-TodoMVC/total": 367.29797771412785,
  "Vanilla-ES2015-Babel-Webpack-TodoMVC/Adding100Items/Async": 38.828085072287955,
  "Vanilla-ES2015-Babel-Webpack-TodoMVC/Adding100Items/Sync": 344.5199412901774,
  "Vanilla-ES2015-Babel-Webpack-TodoMVC/Adding100Items/total": 383.4039393367231,
  "Vanilla-ES2015-Babel-Webpack-TodoMVC/CompletingAllItems/Async": 31.12291852711201,
  "Vanilla-ES2015-Babel-Webpack-TodoMVC/CompletingAllItems/Sync": 78.47497034933173,
  "Vanilla-ES2015-Babel-Webpack-TodoMVC/CompletingAllItems/total": 109.61729045077088,
  "Vanilla-ES2015-Babel-Webpack-TodoMVC/DeletingItems/Async": 4.3459937668395625,
  "Vanilla-ES2015-Babel-Webpack-TodoMVC/DeletingItems/Sync": 52.7697157229704,
  "Vanilla-ES2015-Babel-Webpack-TodoMVC/DeletingItems/total": 57.14746666242659,
  "Vanilla-ES2015-Babel-Webpack-TodoMVC/total": 550.375879867501,
  "Vanilla-ES2015-TodoMVC/Adding100Items/Async": 38.23131768330061,
  "Vanilla-ES2015-TodoMVC/Adding100Items/Sync": 355.1551167841898,
  "Vanilla-ES2015-TodoMVC/Adding100Items/total": 393.41013088994765,
  "Vanilla-ES2015-TodoMVC/CompletingAllItems/Async": 32.04807336076458,