{
  "browser-setup": 3.293842,
  "browser-tear_down": 0.278835,
  "probes-creation": 0.00019,
  "probes-setup": 0.000171,
  "probes-start": 7e-05,
  "run": 113.511625,
  "runner-cooldown": 2.002068
}