{
  "Angular2-TypeScript-TodoMVC/Adding100Items/Async": 32.65769149618824,
  "Angular2-TypeScript-TodoMVC/Adding100Items/Sync": 43.2757385637596,
  "Angular2-TypeScript-TodoMVC/Adding100Items/total": 75.9717251146185,
  "Angular2-TypeScript-TodoMVC/CompletingAllItems/Async": 13.624409583366615,
  "Angular2-TypeScript-TodoMVC/CompletingAllItems/Sync": 8.468577578426123,
  "Angular2-TypeScript-TodoMVC/CompletingAllItems/total": 22.16541072515678,
  "Angular2-TypeScript-TodoMVC/DeletingItems/Async": 2.7374379345068456,
  "Angular2-TypeScript-TodoMVC/DeletingItems/Sync": 16.594227334860015,
  "Angular2-TypeScript-TodoMVC/DeletingItems/total": 19.33754142444272,
  "Angular2-TypeScript-TodoMVC/total": 117.60635774222825,
  "AngularJS-TodoMVC/Adding100Items/Async": 42.34540335348488,
  "AngularJS-TodoMVC/Adding100Items/Sync": 158.09787133895924,
  "AngularJS-TodoMVC/Adding100Items/total": 200.48660222524856,
  "AngularJS-TodoMVC/CompletingAllItems/Async": 26.259821961566313,
  "AngularJS-TodoMVC/CompletingAllItems/Sync": 55.471098322511764,
  "AngularJS-TodoMVC/CompletingAllItems/total": 81.83903734888959,
  "AngularJS-TodoMVC/DeletingAllItems/Async": 15.897374969293729,
  "AngularJS-TodoMVC/DeletingAllItems/Sync": 160.41292189819018,
  "AngularJS-TodoMVC/DeletingAllItems/total": 176.41316263780922,
  "AngularJS-TodoMVC/total": 458.8203421663049,
  "BackboneJS-TodoMVC/Adding100Items/Async": 42.26180694830675,
  "BackboneJS-TodoMVC/Adding100Items/Sync": 55.785610144686956,
  "BackboneJS-TodoMVC/Adding100Items/total": 98.19103955211584,
  "BackboneJS-TodoMVC/CompletingAllItems/Async": 32.17395900172458,
  "BackboneJS-TodoMVC/CompletingAllItems/Sync": 37.92917031398518,
  "BackboneJS-TodoMVC/CompletingAllItems/total": 70.21176162214486,
  "BackboneJS-TodoMVC/DeletingAllItems/Async": 5.5404553952009685,
  "BackboneJS-TodoMVC/DeletingAllItems/Sync": 26.376159253500536,
  "BackboneJS-TodoMVC/DeletingAllItems/total": 32.37158367288858,
  "BackboneJS-TodoMVC/total": 200.86496159665407,
  "Elm-TodoMVC/Adding100Items/Async": 49.15557384956878,
  "Elm-TodoMVC/Adding100Items/Sync": 90.44991302647827,
  "Elm-TodoMVC/Adding100Items/total": 139.74139429756923,
  "Elm-TodoMVC/CompletingAllItems/Async": 30.472666071674546,
  "Elm-TodoMVC/CompletingAllItems/Sync": 83.32486509988604,
  "Elm-TodoMVC/CompletingAllItems/total": 113.84026661115603,
  "Elm-TodoMVC/DeletingItems/Async": 9.63540501401863,
  "Elm-TodoMVC/DeletingItems/Sync": 105.7441765948861,
  "Elm-TodoMVC/DeletingItems/total": 115.49772599014744,
  "Elm-TodoMVC/total": 369.7549618108472,
  "EmberJS-Debug-TodoMVC/Adding100Items/Async": 45.57015930462626,
  "EmberJS-Debug-TodoMVC/Adding100Items/Sync": 720.9264120435072,
  "EmberJS-Debug-TodoMVC/Adding100Items/total": 767.5234746704975,
  "EmberJS-Debug-TodoMVC/CompletingAllItems/Async": 35.83578474336528,
  "EmberJS-Debug-TodoMVC/CompletingAllItems/Sync": 315.1980227358404,
  "EmberJS-Debug-TodoMVC/CompletingAllItems/total": 351.7559776192736,
  "EmberJS-Debug-TodoMVC/DeletingItems/Async": 9.977940272850043,
  "EmberJS-Debug-TodoMVC/DeletingItems/Sync": 286.85883669966154,
  "EmberJS-Debug-TodoMVC/DeletingItems/total": 297.34043872529145,
  "EmberJS-Debug-TodoMVC/total": 1435.057828048002,
  "EmberJS-TodoMVC/Adding100Items/Async": 34.40172220061047,
  "EmberJS-TodoMVC/Adding100Items/Sync": 149.56442871774652,
  "EmberJS-TodoMVC/Adding100Items/total": 184.07184037881493,
  "EmberJS-TodoMVC/CompletingAllItems/Async": 28.495564369133326,
  "EmberJS-TodoMVC/CompletingAllItems/Sync": 102.61511923096982,
  "EmberJS-TodoMVC/CompletingAllItems/total": 131.17787006674152,
  "EmberJS-TodoMVC/DeletingItems/Async": 3.759542718257984,
  "EmberJS-TodoMVC/DeletingItems/Sync": 73.8277654159013,
  "EmberJS-TodoMVC/DeletingItems/total": 77.63771032633015,
  "EmberJS-TodoMVC/total": 393.39545689857516,
  "Flight-TodoMVC/Adding100Items/Async": 34.073464639140845,
  "Flight-TodoMVC/Adding100Items/Sync": 79.13238053796822,
  "Flight-TodoMVC/Adding100Items/total": 113.21937559116601,
  "Flight-TodoMVC/CompletingAllItems/Async": 26.140800370546987,
  "Flight-TodoMVC/CompletingAllItems/Sync": 85.62904936353583,
  "Flight-TodoMVC/CompletingAllItems/total": 111.87980025834645,
  "Flight-TodoMVC/DeletingItems/Async": 4.591826226768641,
  "Flight-TodoMVC/DeletingItems/Sync": 70.49732563501183,
  "Flight-TodoMVC/DeletingItems/total": 77.83810238338846,
  "Flight-TodoMVC/total": 303.6639323565618,
  "Inferno-TodoMVC/Adding100Items/Async": 39.30868418457782,
  "Inferno-TodoMVC/Adding100Items/Sync": 44.867761804898514,
  "Inferno-TodoMVC/Adding100Items/total": 84.33965235876535,
  "Inferno-TodoMVC/CompletingAllItems/Async": 7.29641787708092,
  "Inferno-TodoMVC/CompletingAllItems/Sync": 87.59721925409653,
  "Inferno-TodoMVC/CompletingAllItems/total": 95.10230697577826,
  "Inferno-TodoMVC/DeletingItems/Async": 3.3766186547825394,
  "Inferno-TodoMVC/DeletingItems/Sync": 203.76048696177068,
  "Inferno-TodoMVC/DeletingItems/total": 207.17102600596883,
  "Inferno-TodoMVC/total": 386.72611792106414,
  "Preact-TodoMVC/Adding100Items/Async": 38.56193401417708,
  "Preact-TodoMVC/Adding100Items/Sync": 5.064722075277743,
  "Preact-TodoMVC/Adding100Items/total": 43.631026492950944,
  "Preact-TodoMVC/CompletingAllItems/Async": 17.272648656057367,
  "Preact-TodoMVC/CompletingAllItems/Sync": 2.984216557512222,
  "Preact-TodoMVC/CompletingAllItems/total": 20.26687399994178,
  "Preact-TodoMVC/DeletingItems/Async": 5.355633573200564,
  "Preact-TodoMVC/DeletingItems/Sync": 1.7737844024702263,
  "Preact-TodoMVC/DeletingItems/total": 7.1389818939663074,
  "Preact-TodoMVC/total": 71.2448906422639,
  "React-Redux-TodoMVC/Adding100Items/Async": 34.26138973803849,
  "React-Redux-TodoMVC/Adding100Items/Sync": 134.6065614107201,
  "React-Redux-TodoMVC/Adding100Items/total": 169.03649903725702,
  "React-Redux-TodoMVC/CompletingAllItems/Async": 28.92119160770016,
  "React-Redux-TodoMVC/CompletingAllItems/Sync": 147.68295418114693,
  "React-Redux-TodoMVC/CompletingAllItems/total": 177.0770251845246,
  "React-Redux-TodoMVC/DeletingItems/Async": 4.612768950965725,
  "React-Redux-TodoMVC/DeletingItems/Sync": 101.27066279960432,
  "React-Redux-TodoMVC/DeletingItems/total": 106.6664380995165,
  "React-Redux-TodoMVC/total": 454.30309832979174,
  "React-TodoMVC/Adding100Items/Async": 35.86546897207049,
  "React-TodoMVC/Adding100Items/Sync": 106.1100645760955,
  "React-TodoMVC/Adding100Items/total": 141.9925111912999,
  "React-TodoMVC/CompletingAllItems/Async": 27.85915756718032,
  "React-TodoMVC/CompletingAllItems/Sync": 63.59158836481325,
  "React-TodoMVC/CompletingAllItems/total": 91.46723293614882,
  "React-TodoMVC/DeletingAllItems/Async": 3.1509517732339116,
  "React-TodoMVC/DeletingAllItems/Sync": 48.034937704177366,
  "React-TodoMVC/DeletingAllItems/total": 51.25138390681123,
  "React-TodoMVC/total": 285.1207546827828,
  "Vanilla-ES2015-Babel-Webpack-TodoMVC/Adding100Items/Async": 37.45573567256539,
  "Vanilla-ES2015-Babel-Webpack-TodoMVC/Adding100Items/Sync": 299.26129700121317,
  "Vanilla-ES2015-Babel-Webpack-TodoMVC/Adding100Items/total": 337.0744205088248,
  "Vanilla-ES2015-Babel-Webpack-TodoMVC/CompletingAllItems/Async": 26.951209113489558,
  "Vanilla-ES2015-Babel-Webpack-TodoMVC/CompletingAllItems/Sync": 64.45120586309416,
  "Vanilla-ES2015-Babel-Webpack-TodoMVC/CompletingAllItems/total": 91.41939519651471,
  "Vanilla-ES2015-Babel-Webpack-TodoMVC/DeletingItems/Async": 3.342701868377289,
  "Vanilla-ES2015-Babel-Webpack-TodoMVC/DeletingItems/Sync": 40.64349346199507,
  "Vanilla-ES2015-Babel-Webpack-TodoMVC/DeletingItems/total": 44.05427509937699,
  "Vanilla-ES2015-Babel-Webpack-TodoMVC/total": 472.57208862996777,
  "Vanilla-ES2015-TodoMVC/Adding100Items/Async": 35.37113810782733,
  "Vanilla-ES2015-TodoMVC/Adding100Items/Sync": 303.8576640458631,
  "Vanilla-ES2015-TodoMVC/Adding100Items/total": 339.2783832769997,
  "Vanilla-ES2015-TodoMVC/CompletingAllItems/Async": 26.04182734891786,