{
  "browser-setup": 3.358012,
  "browser-tear_down": 0.23204,
  "probes-creation": 0.000202,
  "probes-setup": 0.000175,
  "probes-start": 8.1e-05,
  "run": 110.71236,
  "runner-cooldown": 2.002648
}