{
  "Angular2-TypeScript-TodoMVC/Adding100Items/Async": 32.58874286723222,
  "Angular2-TypeScript-TodoMVC/Adding100Items/Sync": 43.480595095590154,
  "Angular2-TypeScript-TodoMVC/Adding100Items/total": 76.09979793478875,
  "Angular2-TypeScript-TodoMVC/CompletingAllItems/Async": 12.942253056462219,
  "Angular2-TypeScript-TodoMVC/CompletingAllItems/Sync": 8.980070630984324,
  "Angular2-TypeScript-TodoMVC/CompletingAllItems/total": 21.9240190473889,
  "Angular2-TypeScript-TodoMVC/DeletingItems/Async": 3.867793047208567,
  "Angular2-TypeScript-TodoMVC/DeletingItems/Sync": 16.91169342479697,
  "Angular2-TypeScript-TodoMVC/DeletingItems/total": 22.4572585486311,
  "Angular2-TypeScript-TodoMVC/total": 122.14384742107445,
  "AngularJS-TodoMVC/Adding100Items/Async": 41.6339265603611,
  "AngularJS-TodoMVC/Adding100Items/Sync": 160.26474743766119,
  "AngularJS-TodoMVC/Adding100Items/total": 201.90927776583638,
  "AngularJS-TodoMVC/CompletingAllItems/Async": 27.432035190439322,
  "AngularJS-TodoMVC/CompletingAllItems/Sync": 55.400176266973354,
  "AngularJS-TodoMVC/CompletingAllItems/total": 82.90260497153726,
  "AngularJS-TodoMVC/DeletingAllItems/Async": 15.990939537462427,
  "AngularJS-TodoMVC/DeletingAllItems/Sync": 161.5436709424967,
  "AngularJS-TodoMVC/DeletingAllItems/total": 177.67330041786056,
  "AngularJS-TodoMVC/total": 462.621815001464,
  "BackboneJS-TodoMVC/Adding100Items/Async": 41.89878443613907,
  "BackboneJS-TodoMVC/Adding100Items/Sync": 55.23659331523427,
  "BackboneJS-TodoMVC/Adding100Items/total": 97.24642602022351,
  "BackboneJS-TodoMVC/CompletingAllItems/Async": 35.02250517443601,
  "BackboneJS-TodoMVC/CompletingAllItems/Sync": 37.94316182834707,
  "BackboneJS-TodoMVC/CompletingAllItems/total": 74.00203332008152,
  "BackboneJS-TodoMVC/DeletingAllItems/Async": 5.130316506184356,
  "BackboneJS-TodoMVC/DeletingAllItems/Sync": 26.10860709268565,
  "BackboneJS-TodoMVC/DeletingAllItems/total": 31.836537730878486,
  "BackboneJS-TodoMVC/total": 203.79368853671315,
  "Elm-TodoMVC/Adding100Items/Async": 48.52660406301094,
  "Elm-TodoMVC/Adding100Items/Sync": 85.86887916151773,
  "Elm-TodoMVC/Adding100Items/total": 134.44997304774748,
  "Elm-TodoMVC/CompletingAllItems/Async": 29.91158122785916,
  "Elm-TodoMVC/CompletingAllItems/Sync": 84.21291738704323,
  "Elm-TodoMVC/CompletingAllItems/total": 114.16326390034736,
  "Elm-TodoMVC/DeletingItems/Async": 9.002829986629033,
  "Elm-TodoMVC/DeletingItems/Sync": 102.487110638743,
  "Elm-TodoMVC/DeletingItems/total": 111.5852528899952,
  "Elm-TodoMVC/total": 360.22975528146156,
  "EmberJS-Debug-TodoMVC/Adding100Items/Async": 46.20736843064089,
  "EmberJS-Debug-TodoMVC/Adding100Items/Sync": 729.7286329573445,
  "EmberJS-Debug-TodoMVC/Adding100Items/total": 776.6369763092824,
  "EmberJS-Debug-TodoMVC/CompletingAllItems/Async": 35.20245204247107,
  "EmberJS-Debug-TodoMVC/CompletingAllItems/Sync": 301.3030545224267,
  "EmberJS-Debug-TodoMVC/CompletingAllItems/total": 336.8122025672016,
  "EmberJS-Debug-TodoMVC/DeletingItems/Async": 12.58135155449151,
  "EmberJS-Debug-TodoMVC/DeletingItems/Sync": 282.67518207305733,
  "EmberJS-Debug-TodoMVC/DeletingItems/total": 298.61506474660075,
  "EmberJS-Debug-TodoMVC/total": 1420.38779207885,
  "EmberJS-TodoMVC/Adding100Items/Async": 33.70316409358138,
  "EmberJS-TodoMVC/Adding100Items/Sync": 151.307746482355,
  "EmberJS-TodoMVC/Adding100Items/total": 185.1322691117059,
  "EmberJS-TodoMVC/CompletingAllItems/Async": 28.922876075906903,
  "EmberJS-TodoMVC/CompletingAllItems/Sync": 105.5935006680498,
  "EmberJS-TodoMVC/CompletingAllItems/total": 134.78681457718756,
  "EmberJS-TodoMVC/DeletingItems/Async": 3.6677907112353347,
  "EmberJS-TodoMVC/DeletingItems/Sync": 70.95839971031396,
  "EmberJS-TodoMVC/DeletingItems/total": 74.65540232897234,
  "EmberJS-TodoMVC/total": 395.49957547590816,
  "Flight-TodoMVC/Adding100Items/Async": 33.43913399898876,
  "Flight-TodoMVC/Adding100Items/Sync": 78.4768080551534,
  "Flight-TodoMVC/Adding100Items/total": 111.93755728355828,
  "Flight-TodoMVC/CompletingAllItems/Async": 24.8081999122951,
  "Flight-TodoMVC/CompletingAllItems/Sync": 84.89437309061779,
  "Flight-TodoMVC/CompletingAllItems/total": 109.7046153293333,
  "Flight-TodoMVC/DeletingItems/Async": 3.5243707677949225,
  "Flight-TodoMVC/DeletingItems/Sync": 69.90790662983838,
  "Flight-TodoMVC/DeletingItems/total": 73.50408252554287,
  "Flight-TodoMVC/total": 295.15894252883027,
  "Inferno-TodoMVC/Adding100Items/Async": 39.156221849461765,
  "Inferno-TodoMVC/Adding100Items/Sync": 43.53322487513698,
  "Inferno-TodoMVC/Adding100Items/total": 82.79817427142613,
  "Inferno-TodoMVC/CompletingAllItems/Async": 6.342858813156872,
  "Inferno-TodoMVC/CompletingAllItems/Sync": 84.97386197128465,
  "Inferno-TodoMVC/CompletingAllItems/total": 91.32273693813127,
  "Inferno-TodoMVC/DeletingItems/Async": 3.36834872055243,
  "Inferno-TodoMVC/DeletingItems/Sync": 204.82055066763346,
  "Inferno-TodoMVC/DeletingItems/total": 208.23963596583494,
  "Inferno-TodoMVC/total": 382.40583966069886,
  "Preact-TodoMVC/Adding100Items/Async": 37.92443644072202,
  "Preact-TodoMVC/Adding100Items/Sync": 5.1174215051917145,
  "Preact-TodoMVC/Adding100Items/total": 43.04891788423222,
  "Preact-TodoMVC/CompletingAllItems/Async": 16.40595443591733,
  "Preact-TodoMVC/CompletingAllItems/Sync": 3.006118019881892,
  "Preact-TodoMVC/CompletingAllItems/total": 19.41994303675967,
  "Preact-TodoMVC/DeletingItems/Async": 4.950867431946591,
  "Preact-TodoMVC/DeletingItems/Sync": 1.6663836002498535,
  "Preact-TodoMVC/DeletingItems/total": 6.632629210298263,
  "Preact-TodoMVC/total": 69.14779680170106,
  "React-Redux-TodoMVC/Adding100Items/Async": 33.5628283647024,
  "React-Redux-TodoMVC/Adding100Items/Sync": 136.72658068081373,
  "React-Redux-TodoMVC/Adding100Items/total": 170.4635327412591,
  "React-Redux-TodoMVC/CompletingAllItems/Async": 27.75204442787014,
  "React-Redux-TodoMVC/CompletingAllItems/Sync": 146.96287084571944,
  "React-Redux-TodoMVC/CompletingAllItems/total": 175.06254414380794,
  "React-Redux-TodoMVC/DeletingItems/Async": 3.6743697799938544,
  "React-Redux-TodoMVC/DeletingItems/Sync": 108.018291470278,
  "React-Redux-TodoMVC/DeletingItems/total": 111.87168419680751,
  "React-Redux-TodoMVC/total": 459.69023100166567,
  "React-TodoMVC/Adding100Items/Async": 35.03457517070466,
  "React-TodoMVC/Adding100Items/Sync": 110.76660414973077,
  "React-TodoMVC/Adding100Items/total": 146.0424505307249,
  "React-TodoMVC/CompletingAllItems/Async": 27.703776433975115,
  "React-TodoMVC/CompletingAllItems/Sync": 63.55615672787822,
  "React-TodoMVC/CompletingAllItems/total": 91.27691640093286,
  "React-TodoMVC/DeletingAllItems/Async": 2.998987118232542,
  "React-TodoMVC/DeletingAllItems/Sync": 47.85165115679505,
  "React-TodoMVC/DeletingAllItems/total": 50.88778823189249,
  "React-TodoMVC/total": 288.54082383315995,
  "Vanilla-ES2015-Babel-Webpack-TodoMVC/Adding100Items/Async": 35.279396185218644,
  "Vanilla-ES2015-Babel-Webpack-TodoMVC/Adding100Items/Sync": 296.56193837552803,
  "Vanilla-ES2015-Babel-Webpack-TodoMVC/Adding100Items/total": 331.8969800351505,
  "Vanilla-ES2015-Babel-Webpack-TodoMVC/CompletingAllItems/Async": 26.96827956850379,
  "Vanilla-ES2015-Babel-Webpack-TodoMVC/CompletingAllItems/Sync": 64.3886196658066,
  "Vanilla-ES2015-Babel-Webpack-TodoMVC/CompletingAllItems/total": 91.38272779145436,
  "Vanilla-ES2015-Babel-Webpack-TodoMVC/DeletingItems/Async": 5.41244187569026,
  "Vanilla-ES2015-Babel-Webpack-TodoMVC/DeletingItems/Sync": 40.205916511940806,
  "Vanilla-ES2015-Babel-Webpack-TodoMVC/DeletingItems/total": 50.09928790325192,
  "Vanilla-ES2015-Babel-Webpack-TodoMVC/total": 475.51741460010425,
  "Vanilla-ES2015-TodoMVC/Adding100Items/Async": 34.97757386297616,
  "Vanilla-ES2015-TodoMVC/Adding100Items/Sync": 305.16872227831476,
  "Vanilla-ES2015-TodoMVC/Adding100Items/total": 340.2020409311337,
  "Vanilla-ES2015-TodoMVC/CompletingAllItems/Async": 26.329688619221894,