{
  "browser-setup": 4.081874,
  "browser-tear_down": 0.299174,
  "probes-creation": 0.00013,
  "probes-setup": 9.9e-05,
  "probes-start": 5.9e-05,
  "run": 131.05974,
  "runner-cooldown": 2.001606
}