{
  "browser-setup": 3.30397,
  "browser-tear_down": 0.281601,
  "probes-creation": 0.000195,
  "probes-setup": 0.000185,
  "probes-start": 7.9e-05,
  "run": 109.713727,
  "runner-cooldown": 2.002065
}