{
  "Angular2-TypeScript-TodoMVC/Adding100Items/Async": 32.01445982739877,
  "Angular2-TypeScript-TodoMVC/Adding100Items/Sync": 42.19136955802383,
  "Angular2-TypeScript-TodoMVC/Adding100Items/total": 74.30900090195063,
  "Angular2-TypeScript-TodoMVC/CompletingAllItems/Async": 13.233099363800996,
  "Angular2-TypeScript-TodoMVC/CompletingAllItems/Sync": 8.703292423078272,
  "Angular2-TypeScript-TodoMVC/CompletingAllItems/total": 21.93910690097942,
  "Angular2-TypeScript-TodoMVC/DeletingItems/Async": 2.6551132825953094,
  "Angular2-TypeScript-TodoMVC/DeletingItems/Sync": 16.56309822066014,
  "Angular2-TypeScript-TodoMVC/DeletingItems/total": 19.220272256015576,
  "Angular2-TypeScript-TodoMVC/total": 115.51792205667975,
  "AngularJS-TodoMVC/Adding100Items/Async": 41.51678961388239,
  "AngularJS-TodoMVC/Adding100Items/Sync": 160.8194165904429,
  "AngularJS-TodoMVC/Adding100Items/total": 202.465820963274,
  "AngularJS-TodoMVC/CompletingAllItems/Async": 24.429780407490238,
  "AngularJS-TodoMVC/CompletingAllItems/Sync": 58.952600306700354,
  "AngularJS-TodoMVC/CompletingAllItems/total": 83.65523486827625,
  "AngularJS-TodoMVC/DeletingAllItems/Async": 14.899436143159763,
  "AngularJS-TodoMVC/DeletingAllItems/Sync": 165.51198208726416,
  "AngularJS-TodoMVC/DeletingAllItems/total": 180.6536289586423,
  "AngularJS-TodoMVC/total": 470.0732300668149,
  "BackboneJS-TodoMVC/Adding100Items/Async": 36.32531744124909,
  "BackboneJS-TodoMVC/Adding100Items/Sync": 54.357074694823794,
  "BackboneJS-TodoMVC/Adding100Items/total": 90.69909216343142,
  "BackboneJS-TodoMVC/CompletingAllItems/Async": 28.314784813848178,
  "BackboneJS-TodoMVC/CompletingAllItems/Sync": 41.771150051501444,
  "BackboneJS-TodoMVC/CompletingAllItems/total": 70.58286768187884,
  "BackboneJS-TodoMVC/DeletingAllItems/Async": 3.546616353141675,
  "BackboneJS-TodoMVC/DeletingAllItems/Sync": 25.39834894515747,
  "BackboneJS-TodoMVC/DeletingAllItems/total": 28.977540097754805,
  "BackboneJS-TodoMVC/total": 192.02484173632973,
  "Elm-TodoMVC/Adding100Items/Async": 47.88095197719698,
  "Elm-TodoMVC/Adding100Items/Sync": 105.9199456669815,
  "Elm-TodoMVC/Adding100Items/total": 154.90886124006153,
  "Elm-TodoMVC/CompletingAllItems/Async": 30.30069206987533,
  "Elm-TodoMVC/CompletingAllItems/Sync": 91.81588057903153,
  "Elm-TodoMVC/CompletingAllItems/total": 122.57711371957086,
  "Elm-TodoMVC/DeletingItems/Async": 10.481026303677568,
  "Elm-TodoMVC/DeletingItems/Sync": 100.15264691922543,
  "Elm-TodoMVC/DeletingItems/total": 111.83156136969797,
  "Elm-TodoMVC/total": 395.499782269567,
  "EmberJS-Debug-TodoMVC/Adding100Items/Async": 40.18232991918238,
  "EmberJS-Debug-TodoMVC/Adding100Items/Sync": 416.5182464964137,
  "EmberJS-Debug-TodoMVC/Adding100Items/total": 456.7329363173027,
  "EmberJS-Debug-TodoMVC/CompletingAllItems/Async": 29.65131254854177,
  "EmberJS-Debug-TodoMVC/CompletingAllItems/Sync": 305.35404401226765,
  "EmberJS-Debug-TodoMVC/CompletingAllItems/total": 335.5020503291372,
  "EmberJS-Debug-TodoMVC/DeletingItems/Async": 6.959614890782993,
  "EmberJS-Debug-TodoMVC/DeletingItems/Sync": 281.347120705212,
  "EmberJS-Debug-TodoMVC/DeletingItems/total": 290.2715632186022,
  "EmberJS-Debug-TodoMVC/total": 1088.3674874891303,
  "EmberJS-TodoMVC/Adding100Items/Async": 33.21386401833385,
  "EmberJS-TodoMVC/Adding100Items/Sync": 137.66655559262895,
  "EmberJS-TodoMVC/Adding100Items/total": 170.93281611139957,
  "EmberJS-TodoMVC/CompletingAllItems/Async": 26.32867832086524,
  "EmberJS-TodoMVC/CompletingAllItems/Sync": 98.88957637048638,
  "EmberJS-TodoMVC/CompletingAllItems/total": 125.49687121829878,
  "EmberJS-TodoMVC/DeletingItems/Async": 3.3522782047941484,
  "EmberJS-TodoMVC/DeletingItems/Sync": 68.6555573732274,
  "EmberJS-TodoMVC/DeletingItems/total": 72.25258433980987,
  "EmberJS-TodoMVC/total": 373.09696169768927,
  "Flight-TodoMVC/Adding100Items/Async": 33.28655491197584,
  "Flight-TodoMVC/Adding100Items/Sync": 83.83938891611324,
  "Flight-TodoMVC/Adding100Items/total": 117.33436379584028,
  "Flight-TodoMVC/CompletingAllItems/Async": 25.14315103788933,
  "Flight-TodoMVC/CompletingAllItems/Sync": 85.62438672568634,
  "Flight-TodoMVC/CompletingAllItems/total": 110.79121243896965,
  "Flight-TodoMVC/DeletingItems/Async": 3.111413581480448,
  "Flight-TodoMVC/DeletingItems/Sync": 69.08148088278713,
  "Flight-TodoMVC/DeletingItems/total": 72.37870120826742,
  "Flight-TodoMVC/total": 301.54422368549046,
  "Inferno-TodoMVC/Adding100Items/Async": 37.88675415109515,
  "Inferno-TodoMVC/Adding100Items/Sync": 44.640963158505876,
  "Inferno-TodoMVC/Adding100Items/total": 82.63558448512441,
  "Inferno-TodoMVC/CompletingAllItems/Async": 6.0570511348549605,
  "Inferno-TodoMVC/CompletingAllItems/Sync": 88.83484958636662,
  "Inferno-TodoMVC/CompletingAllItems/total": 94.89996705935815,
  "Inferno-TodoMVC/DeletingItems/Async": 3.836702606549773,
  "Inferno-TodoMVC/DeletingItems/Sync": 230.13003862271492,
  "Inferno-TodoMVC/DeletingItems/total": 234.30625366738767,
  "Inferno-TodoMVC/total": 413.4970837352056,
  "Preact-TodoMVC/Adding100Items/Async": 37.349369742799226,
  "Preact-TodoMVC/Adding100Items/Sync": 4.961363260940819,
  "Preact-TodoMVC/Adding100Items/total": 42.325268714531475,
  "Preact-TodoMVC/CompletingAllItems/Async": 16.288263434075564,
  "Preact-TodoMVC/CompletingAllItems/Sync": 3.164901834909923,
  "Preact-TodoMVC/CompletingAllItems/total": 19.46388006575422,
  "Preact-TodoMVC/DeletingItems/Async": 4.546660776083958,
  "Preact-TodoMVC/DeletingItems/Sync": 1.7315191251710456,
  "Preact-TodoMVC/DeletingItems/total": 6.281983472550641,
  "Preact-TodoMVC/total": 68.10786874177037,
  "React-Redux-TodoMVC/Adding100Items/Async": 33.199584580288445,
  "React-Redux-TodoMVC/Adding100Items/Sync": 130.1422778309983,
  "React-Redux-TodoMVC/Adding100Items/total": 163.40373796246848,
  "React-Redux-TodoMVC/CompletingAllItems/Async": 24.73635943029024,
  "React-Redux-TodoMVC/CompletingAllItems/Sync": 132.92858800885958,
  "React-Redux-TodoMVC/CompletingAllItems/total": 157.70683397694404,
  "React-Redux-TodoMVC/DeletingItems/Async": 4.04493712947182,
  "React-Redux-TodoMVC/DeletingItems/Sync": 87.8778051549961,
  "React-Redux-TodoMVC/DeletingItems/total": 92.74371276264291,
  "React-Redux-TodoMVC/total": 413.8981621139637,
  "React-TodoMVC/Adding100Items/Async": 35.2885170482999,
  "React-TodoMVC/Adding100Items/Sync": 117.01981822052393,
  "React-TodoMVC/Adding100Items/total": 152.70627919393598,
  "React-TodoMVC/CompletingAllItems/Async": 27.454908566783658,
  "React-TodoMVC/CompletingAllItems/Sync": 79.37762065842139,
  "React-TodoMVC/CompletingAllItems/total": 107.82082028116768,
  "React-TodoMVC/DeletingAllItems/Async": 4.015945022732356,
  "React-TodoMVC/DeletingAllItems/Sync": 47.589054892449084,
  "React-TodoMVC/DeletingAllItems/total": 52.61547929682093,
  "React-TodoMVC/total": 319.54665182967653,
  "Vanilla-ES2015-Babel-Webpack-TodoMVC/Adding100Items/Async": 35.79409333766576,
  "Vanilla-ES2015-Babel-Webpack-TodoMVC/Adding100Items/Sync": 305.2358679612882,
  "Vanilla-ES2015-Babel-Webpack-TodoMVC/Adding100Items/total": 341.0337871660355,
  "Vanilla-ES2015-Babel-Webpack-TodoMVC/CompletingAllItems/Async": 25.75028832049913,
  "Vanilla-ES2015-Babel-Webpack-TodoMVC/CompletingAllItems/Sync": 71.35732974303001,
  "Vanilla-ES2015-Babel-Webpack-TodoMVC/CompletingAllItems/total": 97.65388415030156,
  "Vanilla-ES2015-Babel-Webpack-TodoMVC/DeletingItems/Async": 3.445978458922056,
  "Vanilla-ES2015-Babel-Webpack-TodoMVC/DeletingItems/Sync": 40.35993213195584,
  "Vanilla-ES2015-Babel-Webpack-TodoMVC/DeletingItems/total": 44.178765462319866,
  "Vanilla-ES2015-Babel-Webpack-TodoMVC/total": 486.0788461945145,
  "Vanilla-ES2015-TodoMVC/Adding100Items/Async": 34.38725355572886,
  "Vanilla-ES2015-TodoMVC/Adding100Items/Sync": 308.2563629191808,
  "Vanilla-ES2015-TodoMVC/Adding100Items/total": 342.6724331804833,
  "Vanilla-ES2015-TodoMVC/CompletingAllItems/Async": 27.566899978138952,